Artist ID,Name,Nationality,Gender,Birth Year,Death Year
18,Artko,,,,
22,Isidora Aschheim,Israeli,Female,,
26,Göran Åslin,Swedish,,1940.0,
32,Atelier Eggers,French,,,
33,A.A.P.,American,,,
55,Norman Ackroyd,British,Male,,
78,Aftograf,Russian,,,
98,Beatrice Albert,American,Female,,
101,Album-miscellaneous,Various,,,
105,A. Alcorn,American,,,
111,Carlo Alfano,Italian,Male,,
113,Leopoldo and Guiseppe Alinari,Italian,,,
139,Kunihiro Amano,Japanese,Male,,
142,M. Ameen,Nationality unknown,,,
152,Ralph Ammirati,American,Male,,
176,A. Andreas,French,,,
185,Bruce Angrave,British,Male,,
201,Aoki Toshio,,,,
204,Leon Appelbaum,American,Male,,
215,Tamotsu Arikawa,Japanese,Male,,
218,Alda Maria Armagni,Argentine,Female,,
222,F. Armbruster,Nationality unknown,,,
228,Arndt,German,,1898.0,1976.0
242,Keith James Aulik,Nationality unknown,Male,,
245,Irving Austin,American,Male,,
251,David Avison,American,Male,,
252,Mordechai Avniel,Israeli,Male,,
266,Bacard Fils,French,Male,,
293,E. Bakalowitz Söhne,Austrian,,1845.0,
294,Carl Baker,American,Male,,
299,Gerhard H. Bakker,American,Male,,
337,Cyril H. Barnes,American,Male,,
347,Steve Barraclough,British,Male,,
373,Giampiero Bassi,Italian,,1926.0,
382,"Harry W. Batz, Jr.",American,Male,,
387,Bauhaus,German,,,
396,Glen Baxter,British,Male,,
415,Beath,British,,1913.0,1991.0
418,Leslie Beaton,American,Female,,
426,A. Becker,German,,,
437,"Beggarstaffs (James Pryde, Scottish 1866-1941 & William Nicholson, British 1872-1949)",British,,1866.0,1949.0
461,David Ben Shaul,Israeli,Male,,
466,C. Whitney Bender,American,,1929.0,
474,Anthony Benjamin,British,Male,,
491,Berger (?),British,,1938.0,
498,Paul Bergtold,Nationality unknown,Male,,
509,Thoni Bern,Swiss,,,
523,Bertall & Cie.,French,,,
524,M. Berthaud,French,,,
525,Palme Berthold,,,,
532,Emilio Bertonati,Italian,Male,,
535,Ruth Bessoudo Courvoisier,Brazilian,Female,,
537,William Betsch,American,Male,,
541,Art Bevacqua,Nationality unknown,Male,,
548,Carl Bianga,German,Male,,
583,Roman Black,Nationality unknown,Male,,
601,Blessum,Nationality unknown,,,
606,Clarence Lincoln Block,Nationality unknown,Male,,
627,Peter Bodner,Nationality unknown,Male,,
634,Jóhanna Boga,Icelandic,Female,,
642,Charles Boily,French,Male,,
643,Boissonas,Swiss,,,
653,Giorgio Bompadre,Italian,Male,,
656,Emile Bondonneau,French,Male,,
666,William Bonnell,American,Male,,
669,Robert Bononno,American,Male,,
677,Wendela Boreel,British,Female,,
684,Arnold von Borsig,German,Male,,
690,Michael P. Bosniak,American,Male,,
700,Jean Boucher,French,Male,,
702,Bouillon,French,,,
704,Bart Boumans,Dutch,Male,,
709,Jouineau Bourduge,French,,,
714,J. Bouski,Polish,,,
717,Boutrou,French,,,
730,Martin Bradley,British,Male,,
739,Hans Brand,German,Male,,
750,Braun et Compagnie,French,Male,,
763,Bjorn G. Breitholtz,Swedish,Male,,
772,Charles D. Briddell,American,Male,,
775,G. Stanislaus Brien,British,,,
782,L. N. Britton,American,,1858.0,1934.0
789,Alexander Brodsky,Russian,Male,,
809,Margaret DeM Brown,American,Female,,
812,William Brown,American,Male,,
827,Brumhoff,Nationality unknown,,,
831,Albin Brunovsky,Slovak,Male,,
846,Peer Bücking,German,,1906.0,1940.0
849,Stephen Buckley,British,Male,,
852,Budry,Greek,,,
875,Burkhard,Swiss,,,
904,C.N. and Company,British,,,
905,Roland Cabot,Brazilian,Male,,
907,Cadavre Exquis,French,,,
927,Edwin Calligan,British,Male,,
931,"P. E. Camerer, St. Paul, MN",American,,,
937,Nickie Campbell,American,,1962.0,
954,Federico Cantú,Mexican,Male,,
964,Aida Carballo,Argentine,Female,,
973,C. Carleton,American,,,
975,Charles W. Carlson,American,Male,,
978,Natacha Carlu,Nationality unknown,Female,,
983,Carol,Cuban,,,
984,Paolo Carosone,Italian,Male,,
985,Carpenter,British,,,
989,Clara Carrié,Argentine,Female,,
1011,Casio Computer Co. Ltd.,Japanese,,1957.0,
1013,Felice Casorati,Italian,Female,,
1021,Rodolfo V Castagna,Argentine,Male,,
1024,Pedro Castelar Báez,Mexican,Male,,
1033,Vita Castro,Mexican,Female,,
1035,P. H. Caswell,American,,,
1040,Cause,French,,,
1046,Stojan Celic,Nationality unknown,Male,,
1047,Perez Celis,Argentine,Male,,
1049,Centrokappa Design and Communication,Italian,,1972.0,
1051,Emilio Cerri,Italian,Male,,1947.0
1056,Roger Chailloux,Dutch,Male,,
1062,Chambers,American,,,
1069,André Chapon,French,Male,,
1086,Bernard Cheese,British,Male,,
1088,Cheng Sha Ping,Chinese,,,
1098,Miriam Chiaverini,Nationality unknown,Female,,
1100,John Chick,American,Male,,
1102,Chikuchi Toshio,,,,
1111,Gilles-Louis Chrétien,French,Male,,
1119,Caldecot Chubb,American,Male,,
1120,John W. Church,American,Male,,
1143,Gisela Clemens,German,Female,,
1144,Mildred Leo Clemens,Nationality unknown,Female,,
1150,Henry Cliffe,British,Male,,
1158,Emile Clouet,French,Male,,
1159,Prunella Clough,British,Female,,
1160,Stanley T. Clough,American,Male,,
1167,Sam Cocomise,Nationality unknown,Male,,
1171,Haskell Coffin,American,Male,,
1181,Isaac I. Cole,American,Male,,
1189,Leo Collins,American,Male,,
1204,Franklin Colvin,American,Male,,
1207,Edward Condak,American,Male,,
1218,Robert Conover,American,Male,,
1219,Conrad,American,,,
1220,Conran Associates,British,,1955.0,
1223,Denis Constanduros,Nationality unknown,Male,,
1226,D. Constantin,Greek,Male,,
1249,Corning Glass Works,American,,1851.0,
1256,Erasto Cortes Juarez,Mexican,Male,,
1264,Flavio Costantini,Italian,Male,,
1272,Coulon,French,,1907.0,
1282,Clement Cowles,British,Male,,
1290,Martin Crampton,Nationality unknown,Male,,
1304,L. Crenuere & Cie.,French,,,
1324,Cudsen,British,,,
1331,José Alfonso Cuni,Nationality unknown,Male,,
1340,Rolf Curt,German,Male,,
1347,Jerzy Czerniawski,Polish,,1947.0,
1355,Dagron & Cie.,French,,,
1360,Wolfgang Dahnke,Nationality unknown,Male,,
1362,Hajime Daito,Japanese,Female,,
1371,Charles Damiano,British,Male,,
1372,Elisabeth van Damme,Nationality unknown,Female,,
1386,Pan Daqiang,Chinese,,1937.0,
1390,Alfred Dargis,American,Male,,
1399,Hal Davidson,American,Male,,
1413,Laurence Daws,Australian,Male,,
1426,Francis De Erdely,Hungarian,Male,,
1430,R. S. De Lamater,American,,,
1437,Victor De Palma,Nationality unknown,Male,,
1442,J. De Praetre,German,,1879.0,1947.0
1452,Erwin De Vries,Dutch,Male,,
1457,David Deahl,American,Male,,
1483,Victor Delhez,Belgian,Male,,
1488,Nélida Demichelis,Argentine,Female,,
1494,Reynolds G. Dennis,American,Male,,
1499,J. Deplanque,French,,,
1501,Co Derr,Swedish,,,
1502,André Des Gachons,French,Male,,
1522,Umberto di Lazzaro,Italian,Male,,
1527,Barbaralee Diamonstein,American,Female,,
1534,Ronald Dickens,British,Male,,
1535,Jane Dickerman,American,Female,,
1540,Julio de Diego,Nationality unknown,Male,,
1542,Geurt van Dijk,Dutch,Male,,
1543,Daniel den Dikkenbboer,Dutch,Male,,
1550,Harry Disberg,Dutch,Male,,
1554,Disney Studios,American,,,
1586,Seena Donneson,Nationality unknown,Female,,
1599,James H. Dougherty,Nationality unknown,Male,,
1607,W. & D. Downey,British,,,
1618,Lynne Drexler,American,Female,,
1621,L. Jean Droit,French,Male,,
1640,Bernd Duerr,German,,1953.0,
1644,Francis Dufrêne,Nationality unknown,Male,,
1655,E. Durand,French,,,
1656,Sylvain Durand,French,Male,,
1662,Hansi Durlach,American,Female,,
1679,Karl Edelman,American,Male,,
1687,Benni Efrat,Israeli,Male,,
1689,Eberhard Eggers,German,Male,,
1700,Hans Eijkelboom,Dutch,Male,,
1711,Harold Elberg,American,Male,,
1712,Valdemar H. Elenbaas,Dutch,Male,,
1714,Etiènne Elias,Belgian,Male,,
1715,Eliot Noyes Industrial Design,American,,,
1719,Clifford and Rosemary Ellis,British,,,
1721,Rita Eloul,Nationality unknown,Female,,
1740,Edward Enlin,American,Male,,
1746,Erling Ericsson,Swedish,Male,,
1749,Vera Ermolaeva,Russian,Female,,
1755,Erwin,French,,,
1758,Castro Escobedo,Nationality unknown,Male,,
1776,Merlyn Evans,British,Male,,
1786,Agenore Fabbri,Italian,Male,,
1796,C. B. Falls,American,,,
1806,Walker Farynk,Nationality unknown,Male,,
1807,Roberto Fasola,Italian,Male,,
1808,Franz Fassler,Swiss,Male,,
1823,Federico,American,,,
1837,Nathan I. Felde,American,Male,,
1848,William Fenton,British,Male,,
1849,George J. Fenwick,British,Male,,
1862,Ronaldo Ferri,Nationality unknown,Male,,
1864,Gianfranco Ferroni,Italian,Male,,
1865,Ferry's Art Gallery,American,,,
1888,Hella Fischer-Thorer,Nationality unknown,Female,,
1898,Stephen R. Fitch,American,Male,,
1900,Victor Fitzgerald,British,Male,,
1901,Edward Fitzgerald,Nationality unknown,Male,,
1902,Floyd Fitzpatrick,American,Male,,
1903,James Fitzsimmons,American,Male,,
1909,Flannery,Nationality unknown,,,
1910,Henry G. Flannery,American,Male,,
1928,A. Foncelle,French,,,
1934,Fritz Foord,American,Male,,
1938,B. F. Ford,American,,,
1947,Gerhard Forster,Italian,Male,,
1953,Foster Associates,British,,1967.0,
1967,Franck,French,,,
1985,Barnett Freedman,British,Male,,
1987,Martin Freeman,American,Male,,
2001,G. John Friedlander,American,Male,,
2010,Christian (Johann Christianadolf) Friedrich,German,Male,,
2037,Hideji Furukawa,Japanese,Male,,
2041,Fussli,Swiss,,,
2050,Robert Gair Company,American,,,
2054,Gale,American,,,
2069,A. F. Gangkofner,German,,1921.0,
2072,Izika Gaon,Israeli,,1938.0,
2085,Robert S. Gargiuli,American,Male,,
2113,Udo M. Geissler,German,,1932.0,
2117,Nancy Genn,American,Female,,
2120,Franco Gentilini,Italian,Male,,
2126,Léon Gérard,French,Male,,
2129,Jules Germain,French,Male,,
2131,Bert Gerresheim,German,Male,,
2132,Ad Gerritsen,Dutch,Male,,
2133,Gershen-Newark,American,,,
2139,Richart Gheym,Nationality unknown,Male,,
2151,Wim Gijzen,Dutch,,1941.0,
2154,Q. O. Gilbert,Nationality unknown,,,
2168,Roy Ginstrom,American,Male,,
2170,Fiorenzo Giorgi,Italian,Male,,
2173,Girard,Nationality unknown,,,
2174,Fritz Girardin,Swiss,,,
2179,A. Gisiger,Swiss,,,
2181,Gits Molding Corp.,American,,,
2185,Glanzman-Parker,American,,1952.0,1970.0
2195,Hermann Glockner,German,Male,,
2197,Nathan Gluck,Nationality unknown,Male,,
2219,Morton Goldsholl,Nationality unknown,Male,,
2235,T. F. Goodall,British,,,
2243,Walter Lippincott Goodwin,American,Male,,
2248,Harry Gordon,,Male,,
2261,W. T. Gossard,American,,,
2285,Lanier Graham,American,,1940.0,
2296,Graphicteam BDG,German,,,
2297,Grapus,French,,1970.0,1991.0
2300,Günter Grass,German,Male,,
2305,Hein Gravenhorst,German,Male,,
2306,A. Graves & Cie.,French,,,
2318,Green,American,,,
2329,Farrell Grehan,American,Male,,
2332,Georg Gresko,German,Male,,
2336,Ezio Gribaudo,Italian,Male,,
2339,John Griffiths,British,Male,,
2367,J. L. Grosse,American,,,
2369,Grosset & Trembley,Swiss,,,
2370,André Grossman,German,Male,,
2377,Gruppo N,,,1959.0,1964.0
2378,Beatrice Grover,American,,1901.0,1994.0
2379,Ronald L. Grow,Nationality unknown,Male,,
2382,Gruppo Architetti Urbanisti Città Nuova,Italian,,1961.0,1991.0
2383,Gryte,Nationality unknown,,,
2387,Klaas Gubbels,Dutch,Male,,
2389,Piero Guccione,Italian,Male,,
2392,Hermano José Guedes,Brazilian,Male,,
2414,Jules Guran,Nationality unknown,Male,,
2415,Melissa Gurdus,American,Female,,
2426,Luke Gwilliam,American,Male,,
2428,H.V.,Spanish,,,
2434,Volkmar Haase,German,Male,,
2440,R. L. Haeberle,Nationality unknown,,1941.0,
2443,M. Hafelmaier,Swiss,,,
2454,C. Haimovitz,American,,,
2460,George H. Hake,American,Male,,
2464,Marshall Hall,American,Male,,
2487,Harry Handler,American,Male,,
2489,Wolfgang Hanns,German,Male,,
2499,Elizabeth Harding,Nationality unknown,Female,,
2512,Kate Harris,British,Female,,
2513,L. Harris,,,,
2514,Margaret Harris,American,Female,,
2516,Anthony Harrison,British,Male,,
2527,J.D.H. Harvey,British,,,
2536,Peter Hatch,British,Male,,
2537,Hatsuo Ikeuchi,Japanese,Male,,
2540,Declan Haun,American,Male,,
2550,E. Hawthorne,British,,,
2562,Jack Heaney,American,Male,,
2568,Josef Hecht,Polish,Male,,
2576,Michael Heindorff,German,Male,,
2589,"J.A. Henckels, Solingen, Germany",,,1731.0,
2597,Bill Henry,American,Male,,
2598,"Henry Disston & Sons, Inc.",American,,1840.0,
2603,Arsène Herbinier,French,,,
2607,Albin J. Herek,American,Male,,
2608,Hanns Herkendell,German,Male,,
2617,Patrick Heron,British,Male,,
2624,Robert Joseph Hettel,American,Male,,
2626,Wout van Heusden,Dutch,Male,,
2630,Hibner,Polish,,,
2633,Hideshima Yukio,Japanese,Male,,
2643,Susumu Higuchi,Japanese,Male,,
2650,Hille,Nationality unknown,,,
2660,K. Hinterberger,German,,,
2682,Gerhard Hoehme,German,Male,,
2683,Fred J. Hoertz,Nationality unknown,Male,,
2691,Lilly E. Hoffman,American,Female,,
2693,Wolf Hoffman,German,Male,,
2706,Roger Hollenbeck,American,Male,,
2708,Torben Holmback,Danish,,1933.0,
2710,William Henry Holmes,American,Male,,
2733,Koyo Hosoi,Japanese,Male,,
2734,Hosoda Masayoshi,Japanese,Male,,
2736,Takeichi Hotta,Japanese,Male,,
2737,Gordon House,British,Male,,
2738,Keith Hovis,American,Male,,
2748,Richard Hudson,American,Male,,
2751,Patrick Hughes,British,Male,,
2759,Sipke Huismans,Dutch,Male,,
2760,Huller,Swiss,,,
2771,Max Hunziker,Nationality unknown,Male,,
2778,Sidney Jack Hurwitz,American,Male,,
2792,Arinori Ichihara,Japanese,Male,,
2799,Kyo Ikebe,Japanese,Male,,
2814,Robert Ingram,Nationality unknown,Male,,
2830,Hortense B. Isenberg,American,Female,,
2833,Shuji Ishii,Japanese,Male,,
2851,Yoshiyuki Iwase,Japanese,Male,,
2860,Jean Jackson,Nationality unknown,,,
2871,Alexandra Nikolaevna Jacobson,Russian,Female,,
2872,James J. Jacobson,American,Male,,
2873,J. Jacquelin,French,,,
2877,Bernhard Jaeger,German,Male,,
2884,Alain Jans,French,Male,,
2890,Théophile Jaquen,French,Male,,
2892,Evandro Carlos Jardim,Brazilian,Male,,
2905,Payne Jennings,British,,,
2918,Carl H. Johansen III,American,,,
2938,Charles Jongejans,Dutch,Male,,
2955,J. P. Junot,French,,,
2962,Kafemann,Nationality unknown,,,
2980,Eizi Kanbayashi,Japanese,Male,,
2985,Sam Kaner,American,Male,,
2990,Herbert W. Kapitzki,Nationality unknown,Male,,
3002,"Karhula-Iitala, company design",Finnish,,,
3005,G. Karquel,French,,,
3007,Kasai,Nationality unknown,,,
3014,Eiichiro Katayama,Nationality unknown,,,
3015,Koji Kato,Japanese,Male,,
3017,Joel Katz,Nationality unknown,Male,,
3024,Pettus Kaufman,Nationality unknown,,,
3029,Kawanishi Hide,Japanese,Male,,
3032,J. P. Kayser Sohn,German,,1814.0,
3033,Kayserzinn Workshop,German,,,
3037,Pat Keely,British,Male,,
3039,Kein,American,,,
3056,Roland Kempe,Swedish,Male,,
3100,Shigeru Kimura,Japanese,Male,,
3105,W. B. King,American,,1880.0,1927.0
3126,Konrad Klapheck,German,Male,,
3127,Klara,British,,,
3141,Vera Klement,American,Female,,
3156,Berndt Klyvare,Swedish,Male,,
3168,Justin Knowles,British,Male,,
3175,Kobayashi Riichiro,Japanese,Male,,
3181,Reina Kochashian,Nationality unknown,Female,,
3185,Ottokar Koeppen,German,Male,,
3188,Jinkichi Koga,Japanese,Male,,
3196,Valto Kokko,Finnish,,1933.0,
3206,Komar and Melamid,American,Male,,
3208,Vladimir Michailovich Konashevich,Russian,Male,,
3211,Akira Kono,Japanese,Male,,
3253,Les Krims,American,,,
3257,William Kriz,American,Male,,
3260,Krohl/Offenberg,Nationality unknown,,,
3264,Christian Kruck,German,Male,,
3275,Allen Kubach,American,Male,,
3280,Rainer Kuchenmeister,,Male,1926.0,
3289,"O. J. Kuker, Seattle, WA",American,,,
3291,Mikhail Kuprianov,Russian,Male,,
3294,Sugeru Kume,Japanese,Male,,
3295,Kipton Kumler,American,,,
3298,Peter Kunz,Swiss,Male,,
3309,Kuron - Gogol,German,,,
3312,Ant Kurvers,Dutch,Male,,
3318,Waldemar Kutner,Brazilian,,1934.0,
3319,Pavel Kuznetsov,Russian,Male,,
3321,K2 Design Studio,Japanese,,1993.0,
3337,George Ladas,American,Male,,
3343,Eleanore Laine,American,Female,,
3372,Ed E. Langbein,American,Male,,
3376,Ernst Langloh,German,Male,,
3382,Charles Lapierre,French,,,
3383,Tadeusz Lapinski,Polish,Male,,
3386,Magali Lara,Mexican,Female,,
3388,Berto Lardera,Nationality unknown,Male,,
3398,Siegfried Laske,Nationality unknown,Male,,
3410,John Laurent,American,Male,,
3420,Ernest Lawton (?),British,Male,,
3425,A. Le Blondel,French,,,
3430,Le Jeune,French,,,
3433,Guillaume Le Roy,Dutch,Male,,
3442,Lebegue,French,,,
3454,Dudley Lee,American,Male,,
3460,Lege & Bergeron,French,,,
3461,G. M. Lege,French,,,
3465,Lehner & Mader,,,,
3469,José Costa Leite,Brazilian,Male,,
3471,Philip V. Leivo,American,Male,,
3475,Dietmar Lemke,German,Male,,
3478,Luis Lemus,American,Male,,
3486,Eugen Lenz,Swiss,,1916.0,
3496,Janusz Lesniak,Polish,,1947.0,
3499,Rudi Lesser,American,Male,,
3501,Anna Letycia Quadros,Brazilian,Female,,
3512,Arthur Levine,American,Male,,
3540,Riccardo Licata,Italian,Male,,
3543,John H. Lickert,American,Male,,
3544,Jonas Lie,American,Male,,
3550,Liebowitz,American,,,
3565,Carol Lipper,American,Female,,
3571,Betty Clark Little,American,Female,,
3577,Lobel,French,,,
3582,Loescher & Petsch,German,,,
3583,"Compagnie de L'Esthétique Industrielle (CEI) - Raymond Loewy, Paris",,,1952.0,
3589,Eckersley Lombers,British,,,
3599,Luis (López Loza) López,Mexican,Male,,
3602,Antonio Lorenzo,Spanish,Male,,
3605,Lortz,German,,,
3614,Jesús Lozano,Spanish,Male,,
3618,Lu Chu Chuan,Chinese,,,
3620,Caroline Lucas,American,Female,,
3623,Tekening Lucerbert,Dutch,,,
3629,Amador Lugo,Mexican,Male,,
3632,Luktak,Canadian,,1928.0,
3633,Ernest S. Lumsden,British,Male,,
3635,Jorge Guillermo Luna Ercilla,Argentine,Male,,
3645,Max Lutzbacher,Swiss,Male,,
3647,Lynch,American,,,
3655,M. H,Nationality unknown,,,
3657,Zell Mabee,Nationality unknown,,,
3659,Joaquín  Macías,Nicaraguan,Male,,
3665,Greg MacGregor,American,Male,,
3674,W. E. Macnaughtan,American,,,
3685,Romeo Maestri,Italian,Male,,
3689,F. Maglin,French,,,
3696,Leo Maillet,Nationality unknown,Male,,
3705,Shoichi Makino,Japanese,Male,,
3709,Alberto Garcia Maldonado,Mexican,Male,,
3715,Maurice Man,British,Male,,
3728,Mann,Polish,,,
3729,C. Mann,British,,,
3736,Paul Mansard,French,Male,,
3747,Adriana Maraz-Bernik,Yugoslav,Female,,
3754,Tony Marciante,American,Male,,
3761,Ludovico Mares,Italian,Male,,
3776,Jyrki Markkanen,Finnish,,1956.0,
3777,Dorothy F. Markle,American,Female,,
3778,Harry C. Markle,American,Male,,
3781,Walter Marques,Brazilian,Male,,
3789,D. S. Martin,American,,1916.0,
3809,L. Marval,French,,,
3812,Robert E. Marx,American,Male,,
3818,Kristen Corinne Masri,American,Female,,
3820,G. Massiot,Nationality unknown,,,
3835,Fujio Matsugi,Japanese,Male,,
3836,Keizo Matsui,Japanese,Male,,
3841,Matsushita Electric Corp.,Japanese,,1918.0,
3846,Claudio Mattioli,Nationality unknown,Male,,
3847,Charles Mattox,Nationality unknown,Male,,
3850,Maull and Polyblank,British,,,
3851,E. Maunoury,French,,,
3857,Achille Mauzan,Italian,,,
3863,Fernando Maza,Argentine,Male,,
3865,Luis Mazzey,,Male,1895.0,1983.0
3874,B. B. Mccormick,Nationality unknown,,,
3877,Charles H. McCrea,American,Male,,
3891,Elizabeth McLennan,Canadian,Female,,
3893,J. W. McManigal,American,,,
3898,John McVicker,American,Male,,
3904,Friedrich Meckseper,German,Male,,
3905,Sol Mednick,Nationality unknown,Male,,
3906,Raul Meel,Estonian,Male,,
3916,Melendreras,Spanish,,,
3928,Leopoldo Menegatti,Italian,Male,,
3934,Mercer,British,,,
3944,Bogdan-Kiar Mesko,Yugoslav,Male,,
3949,Erno Metzner,German,Male,,
3953,Tommy Mew,American,Male,,
3961,Lucjan Mianowski,Polish,Male,,
3967,Herbert Migdoll,American,Male,,
3968,Miguel,Spanish,,,
3971,Fumiko Miki,Japanese,Female,,
3978,M. A. Miles,Nationality unknown,,,
3988,P. A. Miller,American,,,
3989,"William H. Miller, Jr.",American,Male,,
4002,Vera Bocayuva Mindlin,Brazilian,Female,,
4015,Mirko,Italian,,,
4024,Misztrik De Monda,Russian,Male,,
4027,Allan Mitelman,Australian,Male,,
4029,Mitsubishi Electric Corp.,Japanese,,1921.0,
4030,Petr Miturich,Russian,Male,,
4034,Jerry Moberg,American,Male,,
4040,Alfred Keane Moe,American,Male,,
4041,Siegfried Moeller,German,Male,,
4042,Rudolf Moethe,German,Male,,
4046,Jean Mohler,French,Male,,
4051,Moline,Nationality unknown,,,
4056,Ana Maria Moncalvo,Argentine,Female,,
4077,Jesus Morales,Mexican,Male,,
4084,Alberico Morena,Italian,Male,,
4093,Morillon,French,,,
4102,George Morris,British,Male,,
4104,G. R. Morris,British,,,
4107,Michael Morris,Canadian,Male,,
4115,Don Mortrude,American,Male,,
4128,Robert Mottar,American,Male,,
4141,Robert Emmett Müller,American,Male,,
4147,C. O. Muller,German,,1893.0,
4151,Josef Felix Muller,Nationality unknown,Male,,
4161,Ferdinand Mulnier,French,Male,,
4168,Joe Munroe,American,Male,,
4173,Murai Masanari,Japanese,Male,,
4184,Colin Murray,British,Male,,
4186,Robert Murray,Nationality unknown,Male,,
4195,Donia Nachshen,British,Female,,
4199,Juichi Nagano,Japanese,Male,,
4200,Naganuma Koichi,Japanese,Male,,
4202,Takeo Nagasawa,Japanese,Male,,
4205,Fred Nagler,Nationality unknown,,1891.0,1983.0
4206,Nagwaraba,Australian,Male,,
4213,Yoshinobu Nakamura,Japanese,Male,,
4219,Ronald Nameth,American,Male,,
4226,Willard Nash,Nationality unknown,,1898.0,1942.0
4232,Giuseppe Nason,Italian,Male,,
4234,Ugo Nason,Italian,Male,,
4250,"NEC Design, Ltd.",Japanese,,1971.0,
4260,Gerda Mikhailova Nemenova,Russian,Female,,
4271,Netzler,Swedish,,,
4273,Neumann,Nationality unknown,,,
4275,Hannes Neuner,German,Male,,
4282,Newcombe,Nationality unknown,,,
4287,Billie Newmarch,American,,,
4292,Jim Nichols,Nationality unknown,Male,,
4300,Roberto Niederer,Swiss,Male,,
4321,Werner Nöfer,German,Male,,
4332,Wim Noordhoek,Nationality unknown,,,
4337,Noury,Czech,,,
4367,Obikawa Seijiro,,,,
4380,Haruzo Ohashi,Japanese,Male,,
4382,Hajime Ohigashi,Japanese,Female,,
4383,Ohmae Hiroshi,Japanese,Female,,
4404,Axel Olson,Swedish,Male,,
4408,Toni Onley,Canadian,Male,,
4423,Alex Oris,Nationality unknown,,,
4425,Alicia Orlandi,Argentine,Female,,
4432,Orrby,Swedish,,,
4433,Emilio Ortiz,Mexican,Male,,
4449,Otto & Fiere,French,,,
4453,Marion Overby,American,,1909.0,
4456,Owo,German,,,
4457,Tetsoro Oya,Japanese,Male,,
4495,Jean-Luc Parant,Tunisian,Male,,
4512,Roi Partridge,American,Male,,
4516,Leonid Pasternak,Russian,Male,,
4518,Angelo Patin,Italian,Male,,
4522,Peter Paul,German,Male,,
4523,Tony Paul,American,Male,,
4536,Pedrero,Spanish,,,
4542,Pellegrini,Swiss,,,
4555,David Peretz,Nationality unknown,Male,,
4557,Rossini Perez,Brazilian,Male,,
4563,Oliva Perotes,Spanish,Female,,
4573,P. Petersen,Swedish,,,
4582,Wolfgang Petrik,German,Male,,
4583,Petronio,Nationality unknown,,,
4585,Mischa Petrow,Nationality unknown,Male,,
4595,Georg-Karl Pfahler,German,Male,,
4604,Photographie Modèle,French,,,
4619,L. Pierson,French,,,
4624,Mick Pilcher,British,Male,,
4628,I. G. Pinlats,Spanish,,1901.0,
4630,Jacob Pins,German,Male,,
4639,Woody Pirtle,American,Male,,
4644,Arthur Luis Piza,Brazilian,Male,,
4651,Philip Platt,American,Male,,
4652,Henri Plaut,French,Male,,
4656,William Lansing Plumb and Associates,American,,1963.0,
4658,Michael Podulke,American,Male,,
4678,Gaetano Pompa,Italian,Male,,
4686,Isabel Pons,Brazilian,Female,,
4695,Popp-Kircheim,Nationality unknown,,,
4697,V. Lorenzo Porcelli,American,,1933.0,
4698,Porsche Design Group,German,,1948.0,
4733,Zlatko Prica,,,,
4747,Boris Prusakov,Russian,Male,,
4750,H. B. Puchingen,Austrian,,,
4768,Edme Quenedey,French,Male,,
4772,Achille Quinet,French,Male,,1900.0
4778,Fanny Rabel,Mexican,Female,,
4780,Michael Rabinowitz,British,Male,,
4789,J. V. Raffaelli,French,,,
4798,Natacha Rambova,American,Female,,
4815,Rapier,British,,,
4816,Umberto Raponi,Nationality unknown,Male,,
4820,Marc Ratliff,American,Male,,
4825,Peter Ray,British,Male,,
4833,George Reavey,Nationality unknown,Male,,
4834,Jean Reavey,Nationality unknown,Male,,
4844,Helge Refn,Danish,Female,,
4855,Winfried Reinbacher,German,Male,,
4860,Reiss,British,,,
4861,Nancy Reitkopf,Nationality unknown,Female,,
4864,F. A. Renard,French,,,
4887,John Reynolds,British,Male,,
4898,Burton Rice,American,Male,,
4920,S. H. Riesenberg,American,,1885.0,1962.0
4923,P. Riffaut,French,,,
4927,Rigobaldi,Italian,,,
4935,Jozsef Rippl-Rónai,Hungarian,Male,,
4944,Jacinto H. Rivero Castilla,Peruvian,Male,,
4958,Henry B. Robertson,American,Male,,
4970,Rocher,French,,,
4973,Rockwood and Company,American,,1832.0,1911.0
4979,Mary Rodney,American,Female,,
4982,Juan Carlos Rodriguez,Nationality unknown,Male,,
4985,Jenny Roed,German,Female,,
4986,Herman Roeg,American,Male,,
4992,John C. Rogers,Nationality unknown,Male,,
5002,Benedikt Rohner,Swiss,Male,,
5005,K.O.S. (Kids of Survival),American,,1982.0,
5008,Romolo Romani,Italian,Male,,
5011,Gust Romijn,Dutch,Male,,
5013,Nelson Ronsheim,American,Male,,
5014,Leonardo Rosa,Nationality unknown,Male,,
5024,"Rosenthal Porzellan A.g., company design",German,,1879.0,
5025,Stephan Rosenthal,American,Male,,
5026,Lauri Rosenwald,American,Female,,
5027,Henry Rosling,British,Male,,
5035,Rossmann,Nationality unknown,,,
5045,Michael Rothenstein,British,Male,,
5054,Kosti Ruohomaa,American,,,
5060,Riba Rovira,Spanish,Female,,
5061,Rowe,British,,,
5064,L. Roy,French,,,
5074,A. Ruckstuhl,Nationality unknown,,,
5077,Anton Rüegg,Swiss,Male,,
5079,Gregory Rukavina,American,Male,,
5088,Henry Rushburg,British,Male,,
5092,Deane Russell,Canadian,Male,,
5107,Deli Sacilotto,Canadian,Male,,
5108,Rolf Sackenheim,German,Male,,
5114,Saint-Edme,French,,,
5123,Charles Salisbury,British,Male,,
5138,Ralph Samuels,American,Male,,
5147,Benita Sanders,Canadian,Female,,
5150,Armin Sandig,German,Male,,
5153,Rolf Sandquist,Nationality unknown,Male,,
5157,Tomas Santa Rosa Junior,Brazilian,Male,,
5158,Jerry Santbergen,Nationality unknown,Male,,
5177,Saul,American,,,
5187,Robert Savoie,Nationality unknown,Male,,
5190,Dietrich Sayler,Romanian,Male,,
5210,Roman Scheidl,German,Male,,
5217,M. Schimmel,Nationality unknown,,,
5224,Eberhard Schlotter,German,Male,,
5233,Charlotte Schmidt,German,Female,,
5237,Marianna Schmidt,Canadian,Female,,
5243,José Manuel Schmill,Mexican,Male,,
5246,Schneck,American,,,
5263,Rudolf Schoofs,German,Male,,
5264,Chicago School of Design,,,,
5278,Esti Schur,Israeli,Female,,
5279,Elfi Schuselka,Austrian,Female,,
5289,Reiner Schwarz,German,,,
5294,Peter Sciascin,American,Male,,
5301,S. Scott,French,,,
5306,Mary L. Seaman,Nationality unknown,Female,,
5326,Seikino Junichiro,Japanese,Male,,
5327,Alfred Seiland,Austrian,Male,,
5330,Kenjiro Sekiguchi,Japanese,Male,,
5351,Elena Serrano,Cuban,Female,,
5356,W. G. Sesser,American,,,
5359,Mark Severin,Nationality unknown,Male,,
5363,Lynn Sexton,American,Female,,
5384,Musya Sheeler,American,Female,,
5388,Alexander Semenovitch Shenderov,Russian,Male,,
5389,John E. Sheridan,American,Male,,
5391,A. F. Sherman,American,Male,,
5399,Kinsuke Shimada,Japanese,Male,,
5404,Akiko Shirai,Japanese,Female,,
5418,Siegriest,American,,,
5424,Michael Sigrin (formerly Michael Emanuel Cohen),American,Male,,
5432,Stanley Silver,American,Male,,
5434,Silverman,American,,,
5440,V. Simon,Russian,,,
5448,Gustave Singier,Nationality unknown,Male,,
5457,SITE (Sculpture in the Environment),American,,1970.0,
5461,W.H.L. Skeen and Company,British,,,
5466,Hella Skowronski,American,Female,,
5468,Slechinsky,German,,,
5477,Noemi Smilansky,Nationality unknown,Female,,
5492,Patricia Smith,American,Female,,
5499,Orville Logan Snider,Nationality unknown,Male,,
5506,Giacomo Soffiantino,Italian,Male,,
5510,Jaume SOLÁ Terrades,Spanish,Male,,
5512,Luis A. Solari,Nationality unknown,Male,,
5513,Ronni G. Solbert,American,Male,,
5515,Carlos Soler,Argentine,Male,,
5516,Arthur Soll,American,Male,,
5518,Skidmore Owings & Merrill,American,,1936.0,
5527,Sumi Sonobe,Japanese,Male,,
5541,Southworth and Hawes,American,,,
5550,Luigi Spacal,Italian,Male,,
5558,Gil Spear,American,Male,,
5572,Ferdinand Springer,German,Male,,
5576,Stephen Spurrier,Australian,Male,,
5579,St. Armand,American,,,
5587,A. H. Staf,American,,,
5598,Percy Stamp,British,Male,,
5612,Nicos Stavroulakis,Greek,Male,,
5614,Inge Steckert,German,Female,,
5615,W. J. Steegles,British,,,
5616,Kim Steele,American,Female,,
5617,Vernon P. Steele,American,Male,,
5619,Hans Hermann Steffens,German,Male,,
5628,Steiner,Swiss,,,
5630,Paul Steiner,American,Male,,
5638,Heinrich Steiuer,,Male,,
5645,Stephany,French,,,
5648,David Sterenberg,American,Male,,
5659,Stevens,Nationality unknown,,,
5660,Norman Stevens,British,Male,,
5661,Rex A. Stevens,American,Male,,
5670,Stockmarr,Finnish,,,
5686,Frank D. Stratton,American,Male,,
5691,Max Arthur Stremel,German,Male,,
5694,Gerda Strömberg,Swedish,Female,,1960.0
5696,Jonathan W. Strong,American,Male,,
5697,F. Strothmann,American,,,
5698,Hermann Struck,German,Male,,
5703,A. Stuart-Hill,British,,,
5706,Studio,British,,,
5707,Studio Opi,Italian,,1955.0,
5708,Studio Tg,Italian,,,
5731,H. Y. Sümmons,American,,,
5733,Superstudio,Italian,,1966.0,1982.0
5741,William B. Suttle,American,Male,,
5746,Yoshio Suzuki,Japanese,Male,,
5748,Peter Svannäs,Swedish,Male,,
5764,István Szony,Hungarian,,,
5772,Yudio Tabuchi,Japanese,Male,,
5779,Tägtström,Swedish,,,
5796,Olli Aninbaum,Finnish,,,
5798,Shisui Tanahashi,Japanese,Male,,
5812,Taupin,French,,,
5822,J. A. Boiffard Tchimoukow,French,,,
5831,Georgiy Teptsov,Russian,Male,,
5833,Teratani Keijiro,Japanese,Male,,
5837,Peter Teubner,American,Male,,
5850,E. Thiebault,French,Male,,
5851,Monsieur Thiebault,French,Male,,
5857,Thompson,British,,,
5865,"Gebrüder Thonet, company design",Austrian,,1853.0,
5871,Øistein Thurman,Norwegian,Male,,
5875,Rolf Tietgens,Nationality unknown,Male,,
5878,William Tillyer,British,Male,,
5886,Zdravko Tisljar,Yugoslav,,1938.0,
5899,Tontsere,Spanish,,,
5915,Townsend,Nationality unknown,,,
5918,Karl Trabert,German,Male,,1968.0
5920,Trace And Warner,American,,,
5923,Michael Train,American,Male,,
5924,Walter G. Treadwell,American,Male,,
5930,Julien Trevelyan,British,Male,,
5935,Heinz Trökes,German,Male,,
5936,Henri Tronquoy,French,Male,,
5941,Knut Troysaa,Norwegian,Male,,
5949,Donna Tryon,Nationality unknown,Female,,
5957,Hajime Tsuchisaki,Japanese,Male,,
5977,Turner,Nationality unknown,,,
5986,Vilhelm Tveteraas,Norwegian,Male,,
5992,Richard Tyler,American,Male,,
5993,Nikolai Andreevich Tyrsa,Russian,Male,,
6008,Underwood and Underwood,American,,1880.0,1934.0
6009,G. F. Underwood,American,,,
6011,Unknown Designer,Nationality unknown,,,
6013,Unknown Designer,French,,,
6014,Unknown Designer,German,,,
6015,Unknown Designer,Dutch,,,
6016,Unknown Designer,Italian,,,
6017,Unknown Designer,Mexican,,,
6018,Unknown Designer,Swedish,,,
6019,Unknown Designer,Swiss,,,
6020,Unknown Designer,British,,,
6021,Unknown Designer,American,,,
6024,Unkn Graph Art/des - British,British,,,
6025,Unkn Graph Art/des - Russian,Russian,,,
6026,Unknown Artist,Nationality unknown,,,
6030,Unknown Artist,American,,,
6031,Unknown sculptor,,,,
6032,Unknown Graphic Artist,American,,1895.0,1946.0
6044,Kaworu Usui,Japanese,Male,,
6045,Ilya Utkin,Russian,Male,,
6052,Aida Vaisman,Argentine,Female,,1940.0
6054,Boris Vako,Russian,Male,,
6060,James Valkus,American,Male,,
6061,Vallauris,French,,,
6071,Piet van der Have,Dutch,Male,,
6073,Frans van der Steen,Dutch,Male,,
6086,J. E. van Lint,Dutch,,,
6094,Luis Vargas,Nationality unknown,Male,,
6098,Various Artists,Danish,,,
6099,Various Artists,French,,,
6101,Various Artists,Haitian,,,
6102,Various Artists,Italian,,,
6103,Various Artists,Mexican,,,
6104,Various Artists,Nationality unknown,,,
6105,Various Artists,American,,,
6106,Various Artists,Russian,,,
6107,Various Artists,Various,,,
6110,Sigurd Vasegaard,Danish,Male,,
6111,Yuri V. (Mon) Vasiliev,Russian,,1925.0,1990.0
6114,Keith Vaughan,British,Male,,
6118,Alexander Semenovitch Vedernikov,Russian,Male,,
6121,Harriet M. Veissi,Nationality unknown,Female,,
6130,Venna,Italian,,,
6131,Anita Ventura,American,Female,,
6158,Miguel Vilá,Spanish,Male,,
6160,Javier Vilato,Spanish,Male,,
6166,Victor Semenovich Vilner,Russian,Male,,
6172,Carmel E. Vitullo,American,Female,,
6195,Lazar Vujaklija,Yugoslav,Male,,
6197,Jean Vylen,Nationality unknown,Male,,
6202,M. Waddell,American,,,
6204,Douglas Wadden,American,Male,,
6206,Len Waernberg,Swedish,,1926.0,
6212,Wagula,Yugoslav,,,
6213,Marcelle Wahl,Nationality unknown,Female,,
6214,Diane Wakaski,Nationality unknown,Female,,
6216,Robert Walch,American,Male,,
6226,John Wallace,Canadian,Male,,
6238,Gene Walther,Swiss,Male,,
6241,Jim Ward,American,Male,,
6252,Wasserman,Swiss,,,
6253,Yukichi Watabe,Japanese,Male,,
6257,Neil S. Waterman,American,Male,,
6258,E. K. Waters,American,,,
6265,F. Marriott Watson,British,,,
6266,S. Watson,British,,,
6268,Henning Watterston,American,Male,,
6273,Franklin Webber,American,Male,,
6283,Weigl-Waltl,German,,,
6293,Weisgerber,Austrian,,,
6297,Weissauer,Nationality unknown,,,
6298,Ernest Weissman,Nationality unknown,Male,,
6299,Susan Weitzman,American,Female,,
6312,Wilhelm Wenk,German,Male,,
6313,F. H. Wenzel,Nationality unknown,,,
6326,Terence Westmacott,Nationality unknown,Male,,
6331,Bengt Westrell,Swedish,,1927.0,
6355,Hannah Weiner,Nationality unknown,Female,,
6356,Metall-Arbeit Wiener Werkstätte,Austrian,,,
6357,Anne Wienholt,Austrian,Female,,
6364,David Wilcox,American,Male,,
6365,Gerald Wilde,British,Male,,
6395,Princess Winifred,Nationality unknown,Female,,
6420,Johann Loetz,Austrian,Male,,
6424,Stanislav Wojtowicz,Polish,Male,,
6429,Grete Wolf-Krakauer,Nationality unknown,Female,,
6430,Wolfsberg,German,,,
6443,D. B. Woodbury,American,Male,,1866.0
6466,Mary Wykeham,British,Female,,
6469,Milton Wynne,American,Male,,
6474,Desiderio Hernández Xochitiozín,Mexican,Male,,
6475,Xomob(?),Russian,,,
6489,Hiroshi Yamazaki,Japanese,Male,,
6492,Ken Yanome,Japanese,Male,,
6493,Chuji Yao,Japanese,Male,,
6494,Chuji Yasui,Japanese,Male,,
6503,Yoo Kang Yl,Korean,,,
6504,Yoshi,Japanese,Male,,
6505,Chizuko Yoshida,Japanese,Female,,
6506,Hodaka Yoshida,Japanese,Female,,
6507,Katsuro Yoshida,Japanese,Male,,
6509,Toshi Yoshida,Japanese,Male,,
6510,Yoshio Yoshida,Japanese,Male,,
6515,Senzo Yoshioka,Japanese,Male,,
6517,Alfred Young,Nationality unknown,Male,,
6519,Ellsworth Young,American,Male,,
6550,Georges de Zayas,Mexican,Male,,
6557,Daniel Zelaya,Argentine,Male,,
6562,Morris Zerner,Austrian,Male,,
6567,Lolita Zikmane,Russian,Female,,
6584,Anders Zorn,Swedish,Male,,
6594,Werner Zyrd,German,,,
6608,Robin Chu,British,,1951.0,
6653,Liberia Pini,Italian,,1929.0,
6666,Maurice Eliot,Nationality unknown,Male,,
6669,P. Jouve,Nationality unknown,,,
6673,L. Simon,Nationality unknown,,,
6674,Camille Bellanger,Nationality unknown,Female,,
6675,A. Laurens,Nationality unknown,,,
6677,A. Lepère,Nationality unknown,,,
6678,E. A. Artigue,Nationality unknown,,,
6680,Hans Christiansen,Nationality unknown,Male,,
6681,Robert Engels,Nationality unknown,Male,,
6682,Jeanne Jacquemin,Nationality unknown,Female,,
6683,Ernest Laurent,Nationality unknown,Male,,
6685,Gaston Bussière,Nationality unknown,Male,,
6687,Roedel,Nationality unknown,,,
6689,A. Giraldon,Nationality unknown,,,
6690,Henri Le Sidaner,Nationality unknown,Male,,
6691,Maximilienne Guyon,Nationality unknown,Male,,
6692,Henri Martin,French,Male,,
6693,Fernand Piet,Nationality unknown,Male,,
6695,A. Ibels,Nationality unknown,,,
6696,Paul Leroy,Nationality unknown,Male,,
6698,Ch Huard,Nationality unknown,,,
6700,Paul Renouard,Nationality unknown,Male,,
6701,Louise Breslau,Nationality unknown,Female,,
6702,Maurice Desvallières,Nationality unknown,Male,,
6704,A. Muller,Nationality unknown,,,
6707,R. A. Vlmann,Nationality unknown,,,
6708,A Yank,Nationality unknown,,,
6714,Henri Guinier,Nationality unknown,Male,,
6716,Raphael Collin,Nationality unknown,Male,,
6717,L. W. Hawkins,Nationality unknown,,,
6718,F. Luigini,Nationality unknown,,,
6720,Jeanne Granès,Nationality unknown,Female,,
6721,L. H. Monod,Nationality unknown,,,
6724,L. O. Merson,Nationality unknown,,,
6730,Arthur N. Christie,American,,1891.0,1980.0
6734,M. Kennedy,American,,,
6746,Robert Beaven,American,Male,,
6747,David Black,Nationality unknown,Male,,
6748,Ned Griner,Nationality unknown,Male,,
6749,Charles Huffman,Nationality unknown,Male,,
6750,Rachel Kemper,Nationality unknown,Female,,
6751,Jerrold Maddox,Nationality unknown,Male,,
6752,Jean Margolin,Nationality unknown,Male,,
6753,Dale Rogers,American,Male,,
6754,Sidney Shapiro,American,Male,,
6755,Dennis Burton,Nationality unknown,Male,,
6757,Gerald Gladstone,Nationality unknown,Male,,
6758,Richard Gorman,Nationality unknown,Male,,
6759,Robert Hedrick,Nationality unknown,Male,,
6760,Robert Markle,Nationality unknown,Male,,
6761,Waltrud Markgraf,Nationality unknown,Male,,
6762,John Meredith,Nationality unknown,Male,,
6763,Gordon Rayner,Nationality unknown,Male,,
6765,Maschel Teitelbaum,Nationality unknown,Male,,
6767,Oswald Michel,German,Male,,
6768,Wolfgang Schlick,German,Male,,
6769,Hans J. Zeidler,German,Male,,
6770,Walter Zimbrich,German,Male,,
6771,Vladimir Akulinin,Nationality unknown,Male,,
6772,Galja Bitt,Nationality Unknown,,,
6773,Anatolij Krivtschikov,Nationality unknown,,,
6774,Lev Nusberg,Nationality unknown,Male,,
6775,Victor Stjepanov,Nationality unknown,Male,,
6776,Rimma Zanjevskaja,Nationality unknown,Female,,
6777,Pedro Alcantara,Nationality unknown,Male,,
6782,Roberto Donis,Nationality unknown,Male,,
6786,Luis Guevara Morena,Nationality unknown,Male,,
6789,Daniel Argimon,Nationality unknown,Male,,
6790,Penélope Bennett,Nationality unknown,Female,,
6791,Ramon Ferran Pages,Nationality unknown,Male,,
6792,Jordi Secall Roure,Nationality unknown,Male,,
6793,Fernando Grillon,Nationality unknown,Male,,
6797,Ned Truss,Nationality unknown,Male,,
6799,Alfredo Guerrero,Nationality unknown,Male,,
6801,William Stone Reveron,Nationality unknown,Male,,
6803,Hugo Arape,Nationality unknown,Male,,
6805,Raúl Cattelani,Nationality unknown,Male,,
6808,Jr. Arnold,American,,1915.0,1991.0
6834,Soul Artists,American,,,
6836,Futura 2000,American,,1955.0,
6837,Ali,American,,1956.0,
6838,Fred,American,,1956.0,
6841,Zephyr,American,,1960.0,
6842,Haze,American,,1961.0,
6865,Jerome Schueger,American,Male,,
6866,Antoinette Araco,American,Female,,
6867,Leonard Dryansky,American,Male,,
6868,Kenneth Fritch,American,Male,,
6869,Richard Lazzaro,American,Male,,
6870,Daniel Rohn,American,Male,,
6876,Egill Jacobsen,Danish,Male,,1998.0
6880,Charles Schenk,American,Male,,
6881,IMEC,American,,,
6929,Trix Wetter,Swiss,,,
6933,G. B. Gething,British,,,
6946,Marcel Kunz,Swiss,Male,,
6947,Peter Moser,,Male,,
6955,OMA (Office for Metropolitan Architecture),Dutch,,1975.0,
6959,Les Broersma,American,Male,,
6960,John R. Morgan,American,Male,,
6981,H. Scott Orr,British,Male,,
6994,Gaston Darbour,Nationality unknown,Male,,
6997,C. Léandre,Nationality unknown,,,
6998,E. A. Wéry,Nationality unknown,,,
6999,Armand Point,Nationality unknown,Male,,
7010,Sergei Gitman,Russian,Male,,
7013,Tofik Shakhverdiev,Russian,Male,,
7020,Unknown Mexican Artist,Mexican,,,
7032,U.S. Army Signal Corps,American,,,
7048,B. Tillmann,Swiss,,1947.0,
7056,Bernard Tschumi,,Male,1944.0,
7063,J. & J. Kohn,Austrian,,1867.0,
7072,John Cline,American,Male,,
7073,Dahlgren,American,,,
7074,Jima,American,,,
7075,Mortimer,American,,1941.0,
7076,Mike Salisbury,American,Male,,
7090,Emily Carter,American,Female,,
7095,Miguel Piñero,American,Male,,
7101,James Romberger,,Male,,
7102,Neighborhood News,American,,,
7104,Lady Pink,American,Female,,
7106,Missing Foundation,American,,,
7111,Vincent Gagliostro,,Male,,
7112,Marguerite van Cook,American,Female,,
7113,Eduardo Galeano,American,Male,,
7114,Chinn Yuen-Yuei,Chinese,,1923.0,
7132,Dieter Wackerlin,Swiss,Male,,
7134,Joseph Schlinger,American,Male,,
7140,"The Custanite Corp., Brooklyn, NY",,,1952.0,
7144,Louis J. Zerbee,American,Male,,
7145,Ulm Hochschule für Gestaltung,German,,1953.0,
7148,Eric Randmark,Swedish,Male,,
7156,Charles J. Mauro,American,Male,,
7161,"Pulos Design Associates, Inc.",American,,,
7162,Richard Lowrie,American,Male,,
7169,Ambrogio Tresoldi,Italian,Male,,
7183,Olivier,French,,,
7187,Gugelot Institute,German,,,
7189,Roberto Lucci,Italian,Male,,
7191,Kurt Steisslinger,German,Male,,
7196,M & Co,American,,,
7199,Kent Macintosh,American,Male,,
7206,"Bell Laboratories, company design",American,,1974.0,
7211,Jan Matthias,Austrian,,,
7227,"Unknown Designer, Chinese",Chinese,,,
7232,Giuseppe Cappelli,Italian,Male,,
7233,William de Vries,Dutch,Male,,
7235,"Robert Kahn Architects, New York",,,,
7236,"Nageli & Vallebuona Architekten, Berlin",German,,,
7241,Panasonic,Japanese,,1918.0,
7246,Gruppo G14,Italian,,,
7252,Unknown Designer,Japanese,,,
7264,Unknown Designer,Austrian,,,
7276,FM Designs,British,,1988.0,
7295,Unknown Designer,Czech,,,
7308,Jürgen Greubel,German,Male,,
7327,Lynn Alexander,American,Female,,
7330,Yvonne Dellatre,Swiss,Female,,
7340,Klearflax Linen Looms,American,,,
7341,Martin,Nationality unknown,Male,,
7348,Joel Robinson,American,Male,,
7360,Ellen Siegel,American,Female,,
7387,Willa Percival,American,Female,,
7395,The Stanley Works,American,,1843.0,
7402,Jerry Manock,American,Male,,
7411,Atelier de Creation Graphique,French,,,
7412,Tsuguya Inone,Japanese,Female,,
7413,Toshifumi Kawahara,Japanese,Male,,
7414,Akio Okumura,Japanese,Male,,
7415,Shinro Otake,Japanese,Male,,
7417,Otto Struck,German,Male,,
7426,Martin Diethelm,Swiss,Male,,
7432,Walter Pfeiffer,,Male,,
7433,J. Van Der Wal,Nationality unknown,,,
7434,Bureau,American,,,
7452,Arribas,Spanish,,,
7454,Boni,Spanish,,,
7455,J. Briones,Spanish,,,
7457,Jose Espert,Spanish,Male,,
7459,Juan Parrilla,Spanish,Male,,
7474,General Idea,Canadian,Male,,
7496,Gilbert & George,British,Male,,
7497,Karen Kunc,American,Female,,
7506,Yamazaki Vellodo Co. Ltd.,Japanese,,,
7517,Cyan,German,,1992.0,
7560,Gwathmey Siegel & Associates Architects,American,,1967.0,
7563,Kazuyo Sejima & Associates,Japanese,,1987.0,
7567,"Herzog & de Meuron, Basel",Swiss,,1978.0,
7574,Ortner & Ortner,Austrian,,1987.0,
7590,Studio Tetrarc,Italian,,1969.0,
7603,Opera,Dutch,,1985.0,
7609,Steven Holl Architects,American,,1976.0,
7611,Pier Copat,American,Male,,
7612,Bryan Bell,American,Male,,
7613,Peter Lynch,American,Male,,
7620,Studio Boot,Dutch,,1992.0,
7621,Edwin Vollebergh,,Male,,
7622,Pietra Jansen,,Female,,
7623,Una,Dutch,,1992.0,
7632,Wild Plakken,Dutch,,1977.0,
7634,Frank Beekers,Dutch,Male,,
7636,IBM Corporation,American,,1911.0,
7681,Paulina Wallenberg-Olsson,,Female,,
7682,Group Material,American,,1979.0,1996.0
7683,Helga von Eicken-Kopperl,Canadian,Female,,
7699,Paul Jeuffrain,French,Male,,1916.0
7708,"U.S. Geological Survey and NASA, Surveyor III",American,,,
7720,Knud Jans,Danish,Male,,
7721,Niels Jensen,Danish,Male,,
7722,Bago Nielsen,Danish,,,
7723,Axel Wilmar,Danish,Male,,
7724,Johs Jensen,Danish,Male,,
7736,Arnold Lafontant,Haitian,Male,,
7738,Lusimond Merelus,Haitian,Male,,
7739,Denis Vergin,Haitian,Male,,
7753,Jack Garver,American,Male,,
7756,John Wood,American,Male,,
7813,Clements,American,Male,,
7815,Tommaso Cuccioni,Italian,Male,,1864.0
7821,R.J. Waters & Co.,American,,,
7836,David Swedlow,American,Male,,
7839,George Demeny,,Male,,
7843,Frank K. Bacher,Nationality unknown,Male,,
7857,The Group,Finnish,,,
7858,Juha Kaakko,Finnish,,1964.0,
7859,Kimmo Liimatainen,Finnish,,1965.0,
7860,Jari Tirkkonen,Finnish,,1965.0,
7862,Heikkinen Komonen Architects,Finnish,,1974.0,
7868,Judith Rothschild,American,Female,,
7872,Kenneth Bushnell,,Male,1933.0,
7873,Jean Cohen,American,Female,,
7875,Gabriele Evertz,American,Female,,
7876,Helen Gilbert,American,Female,,
7877,James Gross,American,Male,,
7878,Paul Heald,American,Male,,
7880,James Juszczyk,American,Male,,
7881,Martha Keller,American,Female,,
7883,Katinka Mann,American,Female,,
7884,Nancy Manter,American,Female,,
7886,Mary Obering,American,Female,,
7887,Joan Webster Price,American,Female,,
7888,Raquel Rabinovich,American,Female,,
7891,Irene Rousseau,American,Female,,
7892,Wilfred Graf Schwerin Von Krosigk,American,Male,,
7894,Peter Stroud,American,Male,,
7895,Mac Wells,American,Male,,
7896,Stephen Westfall,American,Male,,
7906,Ming Smith,American,Female,,
7983,"Sony Corporation, company design",Japanese,,1946.0,
7995,Michel Bufet,French,Male,,
8001,Jhoon Rhee,American,,1932.0,
8013,Figla Research Center,Japanese,,,
8016,Howatt Archery,Nationality unknown,,,
8021,Per Jari,Swedish,,1951.0,
8022,Jan Ohrn,Swedish,,1943.0,
8024,Lawrence Livermore National Laboratory,American,,1952.0,
8035,Emros Team,Japanese,Male,,
8053,"Dominique Perrault Architecture, Paris",French,,1981.0,
8055,Taniguchi & Associates,Japanese,,,
8057,Bernard Tschumi Architects,Swiss,,,
8063,Ghislain Uhry,French,,1932.0,
8072,"Prefecture of Police, Paris",,,,
8104,Charles Zimmerman,,Male,1942.0,
8134,Robert Cole,,Male,,
8158,Mario Romano,Italian,Male,,
8169,Langlands & Bell,British,,1978.0,
8173,Götz Keller,German,,1958.0,
8180,M. Bosshard,Italian,Male,,
8181,Jacques-Philippe Potteau,French,,1807.0,1876.0
8199,Lynne Yamamoto,Nationality unknown,Female,,
8201,Bruce Pearson,American,Male,,
8204,Willi Baum,Swiss,Male,,
8205,John M. Dillon,American,Male,,
8209,Beryl Marton,American,Female,,
8210,John Ross,American,Male,,
8213,Venturi and Rauch,American,,1964.0,1979.0
8215,"Venturi, Rauch and Scott Brown",American,,1980.0,
8225,Alison Sky,American,Female,,
8228,Alessandro Poli,Italian,Male,,
8229,Peter Wollbrandt,,Male,,
8230,Wilhelm Heuschen,,Male,,
8231,Henny Cahn,Dutch,Male,,
8232,Toni Del Renzio,Nationality unknown,,,
8234,Robert M. Jones,Nationality unknown,Male,,
8235,R. Schwarzkopf,Nationality unknown,,,
8236,Walter Seifert,German,Male,,
8246,Z. Robaszek,Nationality unknown,,,
8248,Thomas Kinslow,,Male,,
8249,J. da Nobrega,Italian,,1945.0,
8250,J. Charters,Italian,,1945.0,
8256,Leonid A. Voronov,Russian,Male,,
8264,Nikolai Kuleshov,Russian,Male,,
8283,Todd Piper-Hauswirth,,Male,,
8296,Judy Stern,,Female,,
8304,Los Carpinteros,Cuban,,,
8310,Roswitha Marhold,German,Female,,
8326,Rudolf Bircher,Swiss,Male,,
8337,Wilhelm Langloh,German,Male,,
8338,Eva Schoeler,,Female,,
8348,Heini Fischer-Corso,Swiss,,1921.0,1990.0
8372,I. Stepanov,Russian,,,
8396,John H. Myers,American,Male,,
8401,Marfurt,Nationality unknown,,,
8403,Marguerite Delorme,Nationality unknown,,,
8404,Jöran Lindvall,Swedish,,,
8405,Sture Balgård,,Male,,
8406,Eva Björklund,,Female,,
8410,A. Wagner,German,,,
8412,Haus-Rucker-Co,Austrian,,1967.0,1992.0
8421,Osamu Mita,Japanese,Male,,
8431,Gruppo DAM (Designer Associati Milano),Italian,,,
8434,Pentagram,American,,1972.0,
8441,Benjamin Chia,,Male,,
8448,John D. Thomas,American,Male,,1947.0
8466,Leslie Evans,British,,1945.0,
8475,Nikolai Lavrent'ev,Russian,Male,,
8484,P. Suvorov,Nationality unknown,,,
8487,Jerome Olivet,,Male,,
8501,Associated Press,,,,
8503,Alex Anderson/The New York Times,Nationality unknown,Male,,
8504,Acme News Pictures,,,,
8506,"Abraham Zapruder / Life Magazine, Time Inc.",American,Male,,
8507,William H. Gallagher/Associated Press,Nationality unknown,Male,,
8508,Automatic Camera/Photomaton,,,,
8509,Bangs Studio,,,,
8511,Bettmann/United Press International,,,,
8513,"Blackstar Publishing Co., Inc.",Nationality unknown,,,
8515,British Official Radiophoto/The New York Times,,,,
8520,Camera Arts Studios,,,,
8522,Pat Candido/The New York Daily News,Nationality unknown,,,
8523,Peter Carroll/Associated Press,Nationality unknown,Male,,
8525,Alan Chin,Nationality unknown,Male,,
8528,Committee on Public Information,,,,
8529,London Daily Mirror,,,,
8530,Suzanne De Chillo/The New York Times,Nationality unknown,Female,,
8533,Doty/Times Wide World Press,Nationality unknown,,,
8535,"Fairchild Aerial Surveys, Inc.",,,,
8539,Berlin Foto Senneke,,,,
8540,Fotograms,,,,
8541,Fox News,,,,
8542,French Pictorial Service,,,,
8544,Eddie McGovern,Nationality unknown,Male,,
8550,Harris & Ewing/Times World Wide Photos,American,,,
8552,Albert Hilsher/Times Wide World,Nationality unknown,Male,,
8555,Hoffman/International Press Studio,,,,
8558,Auguste Adolphe Bertsch,French,Male,,1871.0
8560,International News Photo,,,,
8562,International Newsreel,,,,
8567,Keystone View Company,American,,1892.0,1972.0
8570,Lechner/The New York Times,Nationality unknown,,,
8574,Franz Lowy/Times Wide World,Austrian,Male,,
8576,Arturo Mari/L'Osservatore Romano,Italian,Male,,
8579,Medem Photo Service,Nationality unknown,,,
8580,Ministere De La Guerre,Nationality unknown,,,
8582,Yasuki Nagao/United Press International,Japanese,Male,,
8583,NASA,American,,,
8586,Fred Hansen/Pacific and Atlantic Photos,Nationality unknown,Male,,
8587,The New York Daily News,,,,
8591,The New York Times Studio,,,,
8592,Cal Osbon,American,Male,,
8593,Pacific & Atlantic Photos,,,1921.0,1932.0
8595,Unknown photographer,,,,
8596,Bill Parsons / Nancy Palmer Agency,Nationality unknown,Male,,
8599,The Pictoral News Company,,,,
8603,Press Illustrating Company,,,,
8604,Presse Bild Zentrale,,,,
8605,Moscow Presse Cliche,,,,
8606,Red Cross Institute for Crippled and Disabled Men,,,,
8608,Rollins/Associated Press,Nationality unknown,,,
8613,Alex J. Rota/The New York Times,Nationality unknown,Male,,
8615,Henry Ruschin,Nationality unknown,Male,,
8621,J.C.P. Skottowe/Times Wide World Photos,American,Male,,
8622,Dana Stone/United Press International,Nationality unknown,Female,,
8623,Stork Club News Service,,,,
8625,Stroop Report,Nationality unknown,Male,,
8630,Paul Thompson,American,Male,,
8631,Times Photo Service,,,,
8632,Times Wide World Photos,American,,1919.0,1941.0
8636,Bob Beerman,American,Male,,
8637,Topical Press Agency,,,,
8638,United Press International,,,,
8639,U.S. Army Air Force,American,,,
8640,U.S. Coast Guard,American,,,
8643,Yerkes Observatory,,,,
8647,Tzarskoe Selo C.E. de Hahn & Co.,,,,
8648,International Film Service Company/Hearst,,,,
8649,Radio Corporation of America,American,,,
8657,Dan Grossi/Associated Press,Nationality unknown,Male,,
8675,"L.M. Ericsson Telephone Company, company design",Swedish,,1876.0,
8680,"Architetti Montagni, Berizzi, Butte",Italian,,1950.0,
8685,A. L. Pugh,American,,,
8686,S. J. Stein,,,,
8692,IDEO,,,1991.0,
8696,Michael Cohen,American,Male,,
8697,Ergonomi Design Gruppen (now Veryday),Swedish,,1969.0,
8699,Gianfranco Masi,Italian,Male,,
8702,Paolo Orlandini,Italian,Male,,
8707,Diller + Scofidio,American,,1979.0,
8709,Julius Barnes,,Male,,
8716,"Atelier d'Architecture Christian de Portzamparc, Paris",,,,
8722,United Nations Headquarters Board of Design,,,,
8805,Rafael Viñoly Architects,American,,,
8811,Taller de Arquitectura,,,,
8822,Gregory Baird,,Male,,
8823,Rogelio Jimenez,,Male,,
8838,"Abalos&Herreros, Madrid",Spanish,,1984.0,
8841,Hugo Herdeg,Nationality unknown,Male,,
8855,Tod Williams Billie Tsien and Associates,,,,
8879,"Massachusetts Institute of Technology, Cambridge, MA",American,,1861.0,
8885,G. Geist,,,,
8886,J. Sawade,,,,
8928,Coop Himmelb(l)au,Austrian,,1968.0,
8944,Dave Stewart,,Male,1952.0,
8987,"Toyo Ito & Associates, Architects",Japanese,,1971.0,
8998,"Asymptote Architecture, New York",,,1989.0,
8999,"Tiffany Studios, New York, NY",,,,
9000,"Nuutajärvi Glass Works, Wärtsilä, Finland",,,,
9002,"Danese S.r.l., Italy",Italian,,1955.0,
9004,"Cassina, S.p.A., Milan",,,,
9005,"Corning Glass Works, Corning, NY",American,,1851.0,
9007,"Bonniers, Inc., New York",,,,
9009,"Slazengers Ltd., England",British,,1881.0,
9010,"Necchi, S.p.A., Pavia, Italy",,,,
9011,"Werkstätte Carl Auböck, Vienna",,,,
9015,"Poltronova, Italy",,,,
9016,"Focus Belysning, Denmark",,,1975.0,
9018,"Tupper Corporation, Farnumsville, MA",,,,
9019,"Robinson, Lewis and Rubin, Inc., Brooklyn, NY",,,,
9020,"AMAC Plastic Products Corp., Sausalito, California",,,,
9021,"Thomas Der Rosenthal A.G., Selb, West Germany (now Germany)",,,,
9022,"Stirex Innovation AB, Spanga, Sweden",,,,
9024,"Hedwin Corp., Baltimore, MD",,,,
9025,"Oy Fiskars Ab, Helsinki",,,,
9026,"Georg Jensen Sølvsmedie, Copenhagen, Denmark",,,,
9029,"Fuso Gomu Ind. Co., Ltd., Tokyo",,,,
9031,"Plastic Productions Co., Redwood City, CA",,,,
9032,"Plastic Production Co., Redwood City, CA",,,,
9033,"Helit, Ulm, Germany",,,,
9034,"Mepalservice b.v. Lochem (gld), The Netherlands",,,,
9035,"Fratelli Guzzini, Italy",,,,
9036,"Rosenthal Porzellan A.G., Selb, Germany",,,,
9037,"Libbey Glass Company Division, Owens-Illinois Co., Toledo, OH, established 1818",American,,,
9038,"Cristalleria Nason e Moretti, Venezia-Murano, Italy",,,,
9040,"Venini & Co., Murano, Italy",,,1921.0,
9042,"Aoshima Shoten Co., Ltd., Japan",,,,
9058,"Bauhaus, Dessau",,,,
9062,"Westinghouse Electric & Mfg. Co., NY",American,,,
9066,"Neselco, Copenhagen",,,,
9072,"Alias SpA, Bergamo, Italy",Italian,,1979.0,
9078,"C & B Italia, Como, Italy",,,,
9081,"AB Gustavsberg Fabriker, Sweden",Swedish,,,
9083,"Brionvega S.p.A., Italy",,,,
9084,"Treitel-Gratz Co., Inc., New York, NY",,,,
9088,"Folmer Christensen, Vanlose, Denmark",,,,
9097,"J.P. Kayser Sohn, Cologne",,,1814.0,
9100,"Gavina, Italy",,,,
9101,"Sculpture House, New York, NY",,,,
9102,"Benedikt von Poschinger Kristallwarenfabric, Oberzwieslau, Germany",,,,
9103,"Peter Hamburger Designs, New York, NY",,,,
9104,"Zanotta S.p.A., Italy",,,,
9110,"GNT Automatic A/S, Soeborg, Denmark",,,,
9112,"Braun AG, Frankfurt, Germany, est. 1921",,,,
9113,"Moss Tent Works, Camden, ME",,,,
9114,"Kimura Glass Co. Ltd., Tokyo",,,,
9115,"Louis Poulsen & Co., Copenhagen, Denmark",,,,
9118,"Cini & Nils, Milan",,,,
9128,"Heath Ceramics, Sausalito, CA",,,,
9130,"Bruno Danese, Milan, Italy",,,,
9139,"R.E.M. di Rossetti Enrico, Italy",,,,
9140,"Terraillon S.L.R., Italy",,,,
9143,"Gufram S.R.L., Italy",,,,
9150,Unknown Japanese Manufacturer,Japanese,,,
9154,"George Kovacs, Lighting Inc., New York, NY",,,,
9156,"Vereinigte Lausitzer Glaswerke A.G., Weisswasser, Germany",,,,
9160,Unknown American Manufacturer,American,,,
9163,"Aurora S.p.A., Torino, Italy",,,,
9175,"Sitterle Ceramics, Croton Falls, NY",,,,
9177,"Flexform, Italy",,,,
9178,"Habitat, Inc., New York, NY",,,,
9179,"American Optical Corp., Southbridge, MA",American,,1850.0,
9184,"Cleto Munari, Venice",,Male,,
9188,"Wiener Werkstätte, Vienna",,,,
9191,"C. Hugo Pott, Solingen, Germany",,Male,,
9194,"Herman Miller Furniture Co., Zeeland, MI",,,,
9197,"Vortice Elettrosociali, S.p.A., Italy",,,,
9199,"Bang & Olufsen, Struer, Denmark",,,1925.0,
9202,"Iittala Glassworks, Iittala, Finland",,,,
9206,S.M. Hexter Company,,,,
9210,"Ceramic Japan Co. Ltd., Aichi-ken, Japan",,,,
9213,"Lucie Rie Pottery, London",,,,
9216,"Akzo Nobel Geosynthetics Company, Asheville, NC",American,,,
9219,"Kartell S.p.A., Milan, Italy",,,,
9220,"Beylerian Ltd., New York, NY",,,,
9221,Flos S.p.A.,Italian,,1962.0,
9222,"Konwiser Inc., New York, NY",American,,,
9224,"Nikon (Nippon Kogaku K.K.), Tokyo",Japanese,,1917.0,
9228,"Elberel Italiana, Italy",,,,
9230,"Revere Copper and Brass, Inc., Rome, NY",American,,1929.0,
9231,"Campeggi, Milan",,,,
9237,"Matsushita Electrical Industrial Company, Osaka",,,,
9238,"Nemo S.r.L., Rovallesca, Italy",,,,
9239,"Eimer & Amend, New York, NY",American,,,
9240,"IBM, East Fishkill, NY",,,,
9241,"International Business Machines Corp., Armonk, NY",American,,1914.0,
9242,"Bracciodiferro S.r.L., Genoa, Italy",,,,
9244,"L. Anton Maix Fabrics, New York, NY",,,,
9246,"Württembergische Metallwarenfabrik, Geislingen, Germany",,,,
9255,"Staatliche Porzellan-Manufaktur, Berlin (now Konigliche Porzellan-Manufaktur)",,,,
9257,"Gerhardi & Co., Ludenscheid, Germany",,,,
9259,"Ekco Products Co., Chicago, IL",American,,1888.0,
9262,"Elco Bellato, Venice",,,,
9263,"Two's Company, Mount Vernon, NY",,,,
9264,"Silkar Studios, New York, NY",,,,
9266,"Lomonosov Porcelain Factory, Leningrad (now St. Petersburg)",,,,
9269,"SIG Workshop Co. Ltd., Ishikawa, Japan",,,,
9272,"Ruppelwerk GmbH, Gotha, Germany",,,,
9276,"Italjet S.p.A., Bologna",,,,
9277,"J.P. Kayser-Sohn Krefeld-Brockman, Germany",,,,
9279,"Glass Com Production, Kimura Glass Co. Ltd.,Tokyo",,,,
9280,"Gebrüder Thonet A.G., Germany",,,,
9281,"Poggi, Italy",,,,
9284,"Laverne Originals, New York, NY",,,,
9286,"Anoishi Saw Manufacturing Co., Japan",,,,
9289,"Cappellini S.p.A., Milan, Italy",,,,
9292,"Alessi S.p.A., Italy",Italian,,,
9294,"Artemide S.p.A., Milan, Italy",,,,
9300,"Iittala, New York, NY",,,,
9304,"Synthetic Industries, Chattanooga, TN",American,,1969.0,
9305,Seneca Glass Co.,American,,,
9307,"Bauhaus Metal Workshop, Germany",,,,
9308,"Knoll Associates, New York, NY",,,,
9310,"Metallwerkstätte, Staatliches Bauhaus, Germany",,,,
9311,"Svenska Artek, Hedemora, Sweden",,,,
9312,"Isabel Scott Fabrics, New York, NY",,,,
9316,Baralan International S.p.a. Containers for the Cosmetic Industry,,,,
9318,"Estler-Regale G.m.b.H., Berlin",,,,
9325,"Japan Victor Corporation (JVC), Japan",,,,
9331,"Arabia, Wärtsilä Ab, Helsinki, Finland",Finnish,,1874.0,
9337,"Torben Örskov & Co. A/S, Copenhagen",,,,
9339,"Coors Porcelain Co., Golden, CO",American,,1910.0,
9341,"The Knoll Group, New York, NY",,,,
9342,Hoechst Trevira GmbH,German,,1946.0,
9345,"Allgemeine Elektricitäts Gesellschaft (A.E.G.), Germany",German,,,
9347,"J. & L. Lobmeyr, Vienna",,,,
9348,"Evans Products Co., Molded Plywood Div., Venice, CA",,,,
9354,Fritz Hansen,,,,
9356,"Hats Incredible, Inc., Braintree, MA",,,,
9358,"Knoll Textiles, New York, NY",,,1947.0,
9361,"Knoll International, Inc., New York, NY",,,,
9362,"Dovoplast, Vienna",,,,
9367,"Printex Corporation of America, Ossining, NY",,,,
9381,"Gebrüder Thonet, Vienna, Austria",,,,
9384,"Laverne Inc., New York, NY",,,,
9386,Bent Nobert MDD Industrial Design APS,,,,
9389,"Kandya, England",,,,
9391,"Svenskt Tenn, Stockholm",,,,
9392,"The Watertown Manufacturing Co., Watertown, CT",American,,,
9393,"Angelo Testa Co., Chicago",,,,
9396,Mobles 114,,,,
9397,"Design House Stockholm AB, Stockholm",,,,
9399,"Zenith Radio Corporation, Chicago, IL",,,1923.0,
9400,Easy Edges Inc.,,,,
9401,"Luceplan, S.p.A., Italy",,,1978.0,
9403,"Fasem International srl, Vicopisano, Italy",,,1976.0,
9405,"Chemex Corp., New York, NY",,,,
9407,San Lorenzo SRL,,,,
9409,"Danese S.r.l., Italy",,,,
9418,"Stendig, Inc., New York, NY",,,,
9419,"Alberto Bazzini, Milan, Italy",,Male,,
9423,"Driade S.p.A., Italy",,,,
9424,"Firma Karl Mathsson, Varnamo, Sweden",,,,
9427,"FlosUSA, Huntington Station, NY",,,,
9431,"OWO (now XO), Brie-Comte-Robert, France",,,,
9433,"Aram Designs Ltd., London",,,,
9436,"Officina Alessi, Italy",,,,
9439,"OWO, Montfort-l'Amaury, France",,,,
9441,"Ritz-Italora, Milan, Italy",,,,
9442,"Agfa-Gevaert AG, Munich",German,,,
9444,"B & B Italia, S.p.A., Como, Italy",,,,
9447,"Ing C. Olivetti & C., S.p.A., Ivrea, Italy",,,,
9448,"Ing. C. Olivetti & C. S.p.A., Ivrea, Italy",,,,
9454,"Unknown British Manufacturer, England",British,,,
9456,"Haagsche Plateelbakkerig Rozenburg, The Hague",,,,
9457,"Dorothy Liebes Textiles Inc., New York, NY",,,,
9460,Unknown Czechoslovakian Manufacturer,Czechoslovakian,,,
9461,"Heller, New York, NY",,,,
9465,"Alfi, Wertheim, Germany",German,,,
9467,"Thomson Consumer Electronics, France for Saba, France",,,,
9471,"Braquette, Inc., New York, NY",,,,
9475,"Berthold Palme, Czech Republic",,,,
9478,"Ficks Reed Co., Cincinnati, OH",,,,
9481,"Brunschwig & Fils, New York, NY",,,,
9483,Unknown German Manufacturer,German,,,
9484,"Vitra AG, Switzerland",,,,
9491,"Joaquin Pottery Co., Stockton, CA",American,,,
9495,"Kosta Glasbruk, Sweden",,,,
9502,"Artek-Pascoe, Inc., New York, NY",,,,
9506,"Blenko Glass Co., Inc., Milton, WV",American,,1893.0,
9508,"Stadler Werkstätten, Nonnenhorn, Germany",,,,
9511,"The Isokon Furniture Company, London",,,,
9512,"Superior Toy and Mfg., Co., Chicago, IL",,,,
9519,"Shoe Form Co., Inc., Utility Box Div., Auburn, NY",American,,,
9522,"Alessi, Crusinallo, Italy",Italian,,1921.0,
9527,"Klise Manufacturing Co., Grand Rapids, MI",,,,
9529,"Chas. D. Briddell, Inc., Crisfield, MD",,,,
9548,Flos USA,,,,
9550,"W.R. Case & Sons Cutlery Co., Bradford, PA",American,,1889.0,
9552,"Nessen Studio, Inc. (now Nessen Lamps, Inc.), New York",,,,
9554,"Crayonne Ltd., Sudbury-on-Thames, England",,,,
9555,"Technics, Secaucus, NJ",,,,
9556,France Fluocaril,,,,
9557,"Mardigian Corp., Detroit, MI",,,,
9561,"W. Rosenlew and Co., Finland",,,,
9562,"Imperial Glass Corp., Bellaire, OH",American,,,
9567,"Johannes Hansen, Denmark",,Male,1940.0,
9569,"Kensington, Inc., New Kensington, PA",American,,,
9571,"Kaneko Orimono Co., Ltd., Gumma, Japan",Japanese,,,
9572,"Kimura Senko Co., Ltd., Shinga, Japan",,,,
9573,"Mitasho Co., Ltd., Gunma, Japan",,,,
9575,"Landers, Frary & Clark, New Britain, CT",American,,,
9576,"NUNO Corporation, Tokyo, Japan",,,,
9577,"Umentani Craft, Kyoto",,,,
9578,"Lenox, Inc., Trenton, NJ",American,,1889.0,
9580,"Seguso S.R.L., Murano, Italy",Italian,,1933.0,
9581,"Sakase Adtech Co., Fukui, Japan",Japanese,,,
9584,Klearflax Linen Looms Inc.,,,,
9585,"Urase Co., Ltd., Fukui, Japan",Japanese,,,
9586,"Yamazaki Vellodo Co., Ltd.",,,,
9589,"Tsuguo Co., Ltd., Yamanashi, Japan",,,,
9592,"S. Yoshimura Co., Ltd., Fukui City, Japan",,,,
9594,"Marrell Studios, San Francisco, CA",,,,
9595,"Seiren Co., Ltd., Fukui, Japan",,,,
9600,"Tiffany Glass & Decorating Co., New York, NY",,,,
9602,"Lenore Tawney, New York, NY",,,,
9604,"The Gorham Co., Providence, RI",,,,
9607,"Werkstätten Karl Hagenauer, Vienna",,,,
9608,"General Lighting Co., Brooklyn, NY",,,,
9609,"Harvill Corp., Los Angeles, CA",American,,,
9611,R.A. Frederick Co.,,,,
9616,"The Hobart Manufacturing Company, Troy, Ohio, established 1897",,,,
9618,Unknown Russian manufacturer,Russian,,,
9620,"BP Solar (British Petroleum Solar), Aylesbury, England",,,,
9626,"Metal-Lite Products, Inc., Bay City, MI",,,,
9627,"Sony Corporation of America, Park Ridge, NJ",,,,
9629,"G.M. Thurnauer Co., Czechoslovakia",Czech,,,
9632,"Neuzeughammer Ambosswerk, Austria",,,,
9633,"Yamaha Corporation, Hamamatsu, Japan",,,1887.0,
9641,Vitra International AG,,,,
9646,"Embru-Werke Mantel & Cie., Rüti, Switzerland",,,,
9647,NEC Corporation,Japanese,,,
9650,"Tiroler Glashütte, Claus Joseph Riedel K.G., Kufstein/Tirol, Austria",,,,
9656,Gaudí's Workshop,,,,
9661,"Emor Radio Company, Ltd., England",,,,
9663,"Karhula Glassworks, Finland",,,,
9674,"Rookwood Pottery, Cincinnati, OH",,,,
9677,"Lohmann GmbH and Co., Neuwield, Germany",German,,,
9678,"Liberty & Co., Ltd., London",,,1875.0,
9679,"Vereinigte Werkstätten für Kunst im Handwerk, Munich",,,,
9682,"Daum Frères, Nancy, France",French,,1875.0,
9686,"Jaguar Ltd., Coventry, England",,,,
9688,"Jenaer Glaswerk, Schott & Genossen, Jena, Germany",,,,
9691,"Nakayamafuku Company, Ltd., Osaka",,,,
9692,"Miyashin Co., Ltd., Tokyo",,,,
9693,"Karlsson & Nilsson, Sweden",Swedish,,,
9696,"Popeet Container Corp., Verona, NJ",,,,
9698,"Whitefriars Glassworks, England",,,,
9700,"Kenco Products Corp., New Kensington, PA",,,,
9702,"Heuer-Leonidas S.A., Bienne, Switzerland",,,,
9703,U.S. Armor Corporation,American,,,
9705,"Woodnotes Oy, Helsinki",,,,
9711,"Bell Sports, Inc., California",,,,
9712,"N.V. Schlegel S.A., Gistel, Belgium",Belgian,,,
9716,"Craftsman Workshops, Eastwood, New York",,,,
9719,"Mindset Corporation, Sunnyvale, CA",,,,
9721,"A. Michelsen Silversmith, Denmark",,,,
9723,"I.P. Lunds, Denmark",,,,
9724,"Lalance & Grosjean Mfg. Co., Woodhaven, NY",American,,,
9725,"Sears Roebuck Co., USA",,,,
9726,"Robert Barber, Inc., New York, NY",,,,
9735,"Dunbar Furniture Manufacturing Corp., Berne, IN",,,,
9739,"Langbein, Giftwares Div., Brooklyn, NY",,,,
9740,"Maison B. Bottet Père, Lyon",,,,
9747,"Bell Helicopter Inc., Buffalo, NY",,,,
9751,"Race Furniture Ltd., Sheerness, England",,,,
9752,"INAX Corporation, Tokoname, Japan",,,,
9753,"Widdicomb Furniture Co., New York, NY",,,,
9754,"Wärtsilä-Koncernen AB, Notsjö Glasbruk, Finland",,,,
9755,"Toray Industries, Inc., Tokyo",Japanese,,1926.0,
9757,"Joseph Franken Decorative Accessories, New York, NY",,,,
9759,"Dansk Aluminum Industri N/S, Copenhagen, Denmark",,,,
9760,"N.V. Koninklijke Nederlandse Glasfabriek, Leerdam, The Netherlands",,,,
9762,Lemurian Crafts,,,,
9765,"André Giraud & Brousseau, Limoges, France",French,,,
9766,"Stede, Inc., Chicago",,,,
9770,"The Hallicrafters Co., Chicago, IL",,,,
9772,"Fabry Associates, Inc., New York, NY",,,,
9774,"A. Bianchi srl/Bilumen, Milan",,,,
9775,"McDonnell Aircraft Corp., St. Louis, MO",American,,1939.0,
9777,"Amefa Alpeldoornse, Apeldoorne, The Netherlands",,,1931.0,
9779,"Kromex Sales Co., Cleveland, OH",,,,
9780,"Porzellanfabrik, Arzberg, Germany",,,,
9782,"ETAC, Sweden",,,,
9784,"Alsterfors, Sweden",Swedish,,,
9788,"Tendo Co., Ltd., Tokyo",,,,
9789,"Herman Miller, Inc., Zeeland, MI",,,,
9791,"Bieffeplast S.p.A., Padua, Italy",,,,
9796,"Haussmann & Haussmann, Zurich",,,,
9798,"The Gillette Company, Boston, MA",,,,
9800,"Carrollton Metal Products Company, Carrollton, OH",,,,
9821,"Bruno Ninaber Van Eyben Design & Production, Boxtel, Holland",,,,
9822,"Almo, New York",American,,,
9830,Collins Tools,American,,1826.0,
9832,"Swift & Anderson, Inc., Boston, MA",American,,,
9833,"RFSU Rehab, Stockholm, Sweden",Swedish,,,
9835,"Sylvania Electric Products, Inc., New York, NY",American,,,
9837,"Bridges Musical Instruments, Canada",,,,
9842,"Thonet Frères, Paris, France",,,,
9845,"Canon, Inc., Japan",Japanese,,1947.0,
9846,"Swedese Mobler AB, Sweden",,,,
9861,"Jacob & Josef Kohn, Vienna",,,,
9863,"E. Bakalowitz Söhne, Vienna",,,,
9865,"SIGG, Switzerland",,,,
9872,"Stelton A/S, Copenhagen, Denmark",,,,
9875,"Bang & Olufsen of America, Mount Prospect, IL",,,,
9878,Gerard van de Groenekan,,Male,,
9880,"Cravell, Inc., Long Island, NY",American,,,
9882,"G. Soderstrom, Helsinki",,,,
9883,"Creative Playthings, Princeton, New Jersey",,,1949.0,
9885,"Kurt Versen Co., Englewood, NJ",,,,
9886,"Gerber Legendary Blades, Portland, OR",,,,
9887,"A.L. Hirsch & Co., New York, NY",American,,,
9889,"Viking Glass Co., New Martinsville, WV",,,,
9891,"Menlo Textiles, Menlo Park, CA",,,,
9897,Maurice Rheims,,Male,,
9901,"William Hutton & Sons, Sheffield, England",,,,
9903,"Konrad König, Munich",,Male,,
9905,"Frantz Hingelberg, Aarhus, Denmark",,Male,,
9911,"Dresdner Werkstätten für Handwerkskunst, Dresden",,,,
9917,"Louisville Tackle Co., Louisville, KY",American,,,
9919,"The Silex Company Boston, MA (now Silex & Equipment Div., Bloomfield Industries, New York, NY)",,,,
9923,"Markle Featherlite Products Corp., Rochester (later in Oak Park), MI",,,,
9931,"The Van Dorn Iron Works Co., Cleveland, OH",,,,
9932,"Deutsche Werkstaetten GmbH, Hellerau, Germany",,,,
9933,"Deutsche Werkstätten für Handwerkskunst, Germany",,,,
9941,"Nybro, Sweden",Swedish,,,
9948,"Iroquois China Co., Syracuse, NY",,,,
9951,"The Yale & Towne Mfg. Co., Stamford, CT",American,,,
9952,"Schwintzer & Gräff, Berlin",,,,
9953,"American Steel & Wire Co., Worcester, MA",American,,1898.0,
9954,Telex Electro Acoustic Division,,,,
9958,"Aluminum Company of America, Pittsburgh, Pennsylvania",American,,1888.0,
9961,"Riverside China, Riverside, CA",,,,
9962,"Körtig & Matthiesen, Leipzig, Germany",,,,
9968,"Bauhaus Weaving Workshops, Weimar",,,,
9970,"Karhula-Iittala, Iittala, Finland",,,,
9971,"Warehouse Point Co., Warehouse Point, CT",American,,,
9972,"Hemco Plastics Div. of Bryant Electrical Co., Bridgeport, CT",American,,,
9973,Eliot Noyes and Associates,American,,,
9979,"Asko, Lahti, Finland",,,,
9980,"Authentics artipresent GmbH, Germany",,,1981.0,
9983,"Unifor S.p.A., Turate, Italy",,,,
9984,"The Hartford Products Corp., Chicago, IL",,,,
9985,"Ansa Bottle Company, Inc., Muskogee, OK",,,,
9988,"Porzellanfabrik, Schoenwald, Germany",,,,
9989,"E. Kold Christensen, Copenhagen, Denmark",,,,
9995,"Alessi Fratelli S.p.A., Crusinallo, Italy",Italian,,,
9998,"Hospitalsartikler A/S, Solberg, Denmark",,,,
10001,"Tecno S.p.A., Milan",,,,
10004,"Carl Hansen and Son, Odense, Denmark",,,,
10009,"New City Editions, Venice, CA",,,,
10010,"Hudson Fixtures, USA",,,,
10012,"Hall's Wheels, Cambridge, MA",,,,
10013,"Hall China Co., East Liverpool, OH",,,,
10014,"Mutual Sunset Lamp Mfg. Co., New York, NY",,,,
10016,"Intel Corporation, Santa Clara, CA",American,,1968.0,
10022,Stanley-Bostitch,American,,,
10024,"Wohnbedarf AG, Zürich",,,,
10026,"Rudolf Held, Schelklingen, Germany",,Male,,
10027,"The Aluminum Cooking Utensil Co., New York, NY",American,,1901.0,
10029,"Küschall of America, Camarillo, CA",,,,
10030,"Antiference Ltd., Aylesbury, England",,,,
10031,"Prophylactic Brush Co., Prolon Div., Florence, MA",,,,
10032,"Olivetti Underwood Corporation, New York, NY",,,,
10033,"Design M Ingo Maurer GmbH, Munich",,,,
10034,Sargent & Co.,American,,,
10038,"Mitsuboshi Company, Seki-city, Gifu, Japan",,,1873.0,
10039,"Raymar Industries, Inc., New York, NY",,,,
10042,"Tyke Corporation, Chicago, IL",,,,
10044,"Brown & Sharpe Mfg. Co., Providence, RI",American,,1833.0,
10045,"West Bend Aluminum Co., Wisconsin",,,1911.0,
10050,"G. B. Plast, Bologna, Italy",,,,
10061,"Rossi & Arcandi, Vicenza, Italy",,,,
10065,"International Silver Co., Meriden, CT",,,1808.0,
10066,"Allan Adler Handwrought Silver, Hollywood, California",American,,,
10068,"Sinclair Radionics Ltd., Huntingdon, England",,,,
10069,"J.W. Hukin & J.T. Heath, London",,,,
10078,"Elkington & Co., England",,,,
10079,Alfred E. Knobler & Co.,,,,
10080,"Fopais Franchini, Milan",,,,
10081,"Godley-Schwan, PA",,Male,,
10082,"Anchor Tool Co., USA",American,,,
10085,Fortuny,,,,
10086,"Ishimaru Co., Japan",,,,
10090,"Escofet y Ca, Barcelona",,,,
10092,"Eugene Dietzgen Company, New York, NY",American,,,
10093,Victor Tool Co.,American,,,
10098,"Castleton China Co., New Castle, PA",,,,
10105,Hutzler Manufacturing Co.,American,,1938.0,
10106,"Wecolite Co., New York, NY",American,,,
10108,"Franz Schneider Brakel GmbH & Co., Germany",,,,
10109,"S.A. des Cabléries et Tréfileries Cossonay, Switzerland",,,,
10111,"Northampton Cutlery Company, Northampton, MA",,,,
10113,"S.K.F. Industries, Inc., Hartford, CT",American,,,
10115,"Emilio Lagostina, S.p.A., Italy",,,,
10116,"Chase Brass & Copper Co., Waterbury, CT",American,,1876.0,
10117,"Jernbolaget, Eskilstuna, Sweden",,,1868.0,
10118,"Federal Tool Co., Inc., Springfield, MA",American,,,
10119,"Rheemax, Inc., USA",,,,
10121,"Scovill Mfg. Co., Plumbers Brass Goods Div., Waterbury, CT",American,,1802.0,
10122,"Niels Vodder, Allerod, Denmark",,Male,,
10126,"Designum, The Netherlands",,,,
10129,"Neils Vodder, Cabinetmaker, Copenhagen",,,,
10130,"Manhattan Wire Goods Co., Inc., USA",,,,
10131,"Ciciban Shoe & Children's Ware Factory, Yugoslavia",,,,
10132,"Harry Allen and Associates, USA",American,,,
10133,"Goodell Co., Antrim, NH",American,,,
10134,"Baker Furniture, Inc., Grand Rapids, MI",,,,
10137,"Sandvikens Jernverks A.B., Sweden",,,,
10138,"Akari Associates, Long Island City, New York",American,,,
10143,"Artek Oy, Helsinki",,,,
10144,"Thyco Electrical Products, Inc., Los Angeles",,,,
10148,"Compagnie des Cristalleries de Baccarat, Paris",French,,1765.0,
10149,"The L.S. Starrett Co., Athol, MA",American,,1880.0,
10152,"Western Electric, New York, NY",,,,
10153,"Radius GmbH, Germany",,,,
10154,"Corning Glass Works--Steuben Division, Corning, NY",,,,
10157,"BioMechanical Composites, CA",American,,,
10160,"Gedy S.p.A., Milan",,,,
10161,"N.S. Gustin Co., New York",,,,
10162,"Middletown Mfg. Co., Middletown, NY",,,,
10164,"Josiah Wedgwood & Sons Ltd., Stoke-on-Trent, England",,,,
10165,Bell Laboratories,,,,
10166,"Cesar Color, Inc., USA",,,,
10168,"Künstlerwerkstätten Verein, Vienna",,,,
10169,Karl Krehan,,Male,,
10170,"Keramik Manufaktur Kupfermuehle, Germany",,,,
10171,"Jenaer Glaswerk Schott & Gen., Mainz, Germany",,,,
10176,"The Lancaster Lens Co., Lancaster, OH",,,,
10179,"BMI, Germany",German,,,
10190,"The Dow Chemical Company, USA",American,,1897.0,
10196,"Bob Evans Designs, Inc., USA",,,,
10198,"Vittorio Necchi, Pavia, Italy",,Male,,
10201,"Grasoli-Werk Gebr. Grah, Solingen, Germany",German,,,
10202,"Riihimäen Lasi Oy, Riihimäki, Finland",,,,
10206,"Designs for Vision, Inc., USA",,,,
10208,"Studio Fris, Edam, The Netherlands",,,,
10210,"Lecson Audio Limited, Cambridge, England",British,,,
10211,"Style, Milan",,,,
10215,"Figla Co., Ltd., Japan",,,,
10219,"Amcor, Ltd., Tel Aviv",,,,
10220,"Foscarini Murano S.p.A., Italy",,,1981.0,
10222,"Club Aluminum Products Co., Chicago, IL",,,,
10224,"Peill & Putzler, Düren, Germany",,,,
10226,"Eric Goetz Custom Sailboats, USA",,,,
10234,"P. Rigatti, Empoli, Italy",Italian,,,
10235,"Richard Süssmuth Glashütte, Immenhausen, Germany",,,,
10237,"Martin Archery, USA",,,,
10238,Unknown Italian Manufacturer,Italian,,,
10239,M. Katsuyoshi,,,,
10241,"Platinum Pen Company, Ltd., Tokyo",,,,
10242,"IBM Corporation, New York, NY",,,,
10243,"AB Strömbergshyttan, Hovmantorp, Sweden",Swedish,,,
10245,"Logitech, Inc.",American,,1981.0,
10246,"Gallowhur Chemical Corp., Windsor, VT",,,,
10247,"Vollrath Co., Sheboygan, WI",American,,1874.0,
10249,"Karhula-Iittala Glassworks, Iittala, Finland",,,,
10250,"Panasonic Company, Secaucus, NJ",,,,
10251,"Gilardi & Barzaghi, Italy",,,,
10253,Waltham Screw Co.,American,,,
10256,"Tobe Pascher Workshop, The Jewish Museum, New York, NY",,,,
10257,"Kodak A/G, Stuttgart",,,,
10258,"Mitsubishi Electric Corp., Tokyo",,,,
10261,"Yale Security Products, Ltd., England",,,,
10262,"Pacesetter AB, Sweden",,,,
10263,"Polar Ware Company, Sheboygan, WI",American,,,
10265,"Arteluce S.A., Milan",,,1936.0,
10266,"Ideal Toy Corporation, New York",,,,
10267,"MSA, Pittsburgh, PA",,,,
10269,"Sarvis, Finland",,,,
10270,"Innovations in Composites, Inc., CA",,,,
10273,"Poiret, Paris",,,,
10274,"Sasaki, Japan",,,,
10275,"Grand Bleu, Inc., Japan",,,,
10276,"Salviati & C., Venice, Italy",,,,
10277,"Beamo Corporation, Cambridge, MA",,,,
10278,"Casio Computer Co., Ltd., Tokyo",,,,
10279,"Fuso Gum Industry Co., Ltd., Japan",,,,
10281,"Ermenegildo Collini S.p.A., Milan, Italy",,,,
10286,"Mares Sport, Rapallo, Italy",,,,
10287,"AB Rörstrands Porslinsfabriker, Lidköping, Sweden",Swedish,,,
10289,"Tiffany Furnaces, Corona, NY",,,,
10290,"Zelco Industries, Inc.",American,,1976.0,
10291,"Peter Danko and Associates Inc., Clinton, MD",,,,
10292,Knoll In-house Design Team,,,,
10293,"Olivetti, Milan",,,,
10294,"Metal Office Furniture Co. (presently Steelcase, Inc.), New York, NY",,,,
10295,"Apple, Inc.",,,1976.0,
10296,"MAP (Merchants of Australian Products Pty., Ltd.)",,,1989.0,
10298,"Wenger, Switzerland",Swiss,,1893.0,
10299,"James Dixon & Sons, England",,,,
10301,"H.H. de Boer and Son, Bergum, The Netherlands",,,,
10302,"Owens-Illinois Glass Co., Toledo, OH",American,,1903.0,
10303,"St. Regis Paper Co., Panelyte Div., New York, NY",American,,,
10304,"J.A. Henckels Zwillingswerk AG, Solingen, West Germany (now Germany)",,,,
10305,"Rubycliff Ltd., England",,,,
10306,"Mazda Motor Corporation, California",American,,1920.0,
10308,"Askon Tehtaat OY, Lahti, Finland",,,,
10311,"Aizawa, Japan",Japanese,,,
10314,"Alias S.r.l., Italy",Italian,,,
10316,"The Steubenville Pottery Company, Steubenville, OH",,,,
10322,"Okamura Corporation, Japan",,,,
10325,George H. Hake Corp.,,,,
10326,"Diamond Plastic Box, Inc., Roanoke, VA",,,,
10329,"Workshop of Gunta Stölzl, Zürich",,,,
10331,"H.P. Designs, The Netherlands",,,,
10336,"Skools, Inc., USA",,,,
10338,"E. Bakalowitz & Söhne, Vienna",,,,
10343,"Seiko Epson Corporation, Japan",,,,
10345,"The General Fireproofing Co., Youngstown, OH",,,,
10347,"WRS Sportsmed, Texas",,,,
10348,"Syn S.r.l., Italy",,,,
10350,"O'Neill, Inc.",American,,,
10351,"Wagner Mfg. Co., Sidney, OH",,,,
10352,"Orrefors, Sweden",,,,
10353,"Oy Airam Ab, Helsinki",,,,
10357,"Gross Wood & Co., San Francisco, CA",,,,
10358,"Azucena S.r.L., Milan",,,,
10360,"Charles Horner Ltd., Halifax",,,,
10361,"Cheney Greef & Co., New York, NY",American,,,
10363,"Design Frame Inc., New York, NY",,,,
10364,"Stockmann-Orno, Finland",,,,
10365,"Bear Archery Company, Grayling, MI",,,,
10370,"Edison Price, New York, NY",,,,
10371,"Bell-Toptex, Inc., Bell, CA",,,,
10372,"Paulson Manufacturing Corp., Fallbrook, CA",,,,
10374,Fratelli Grivel (now Grivel S.r.l.),Italian,,1818.0,
10378,"OY Tampella AB, Finland",,,,
10379,"Grohmann Knives, Ltd., Pictou, Canada",,,,
10381,"Blyde & Co. Ltd., England",,,,
10383,"Hämmerli, Ltd., Lenzburg, Switzerland",Swiss,,,
10385,"Head Ski Co., Timonium, MD",,,,
10386,"Hobie Surfboards, Dana Point, CA",,,,
10390,"Huonekalutehdas Korhonen Oy, Littoinen, Finland",,,,
10391,"Carl Zeiss, Inc.",German,,1846.0,
10398,"Shop of Samuel Gragg, Furniture Warehouse, Boston, MA",,,,
10399,"Swid Powell, New York",,,,
10401,"Kundalini srl. - Corpi di Illuminazione, Milan",,,,
10404,"Strategi/Holmback ApS, Copenhagen",,,,
10406,"Boda Nova, Sweden",,,1970.0,
10415,"Morris & Co., London",,,1862.0,1940.0
10416,"Campana Objetos, São Paulo, Brazil",,,,
10418,"FRZ-Metallwarenfabrik, Zuzenhausen, Germany",,,,
10419,"Edra Mazzei, Pisa, Italy",,Female,,
10420,"LEGO Group, Billund, Denmark",,,,
10421,"Gittler Guitar Inc., New York, NY",,,,
10422,"Riedel Crystal, Kufstein, Austria",,,,
10423,"Segno srl, Milan",,,,
10428,"Bamberg Metallwerkstätten, Berlin",,,,
10434,"Inoue Pleats Co., Ltd., Fukui, Japan",Japanese,,,
10435,"Porcelli Assoc., Inc., USA",,,,
10438,"Ingo Maurer GmbH, Germany",,,,
10440,"Van Keppel-Green, USA",,,,
10442,"Swatch AG, Switzerland",Swiss,,1983.0,
10449,"Guild of Handicraft Ltd., London",,,,
10450,"Design Research, New York",,,,
10453,"Kebe Møbler ApS, Copenhagen",,,,
10459,"Atelier Vitreon, North Haven, CT",,,,
10462,"La Société F.S.D., France",,,,
10465,"Studio Luce, Italy",,,,
10468,H. C. Craythorne,,,,
10473,"Giovannetti, Italy",,,,
10474,"Robeson Cutlery Co., Inc., Perry, NY",,,,
10477,"Interex Inc., New York, NY",,,,
10478,"Old Hall Works Tableware, Bloxwich, U.K.",,,,
10480,"Leif Wessman Associates, Inc., New York, NY",,,,
10481,"San Castings Corp., Brewster, NY",,,,
10482,"Longato Arredamenti S.p.A., Padua, Italy",,,,
10483,"Continental Can Co., USA",American,,,
10485,"Studio DA, Japan",,,,
10487,"Smith Metal Arts, Buffalo, NY",,,,
10489,"Metalcraft Studio, Konrad König, Munich",,,,
10490,"Loewe S.A., Madrid",,,,
10492,"Vacheron & Constantin-Le Coultre Watches, Inc., Switzerland",,,,
10495,"Heidi Weber, Zürich",,Female,,
10497,"Arflex, S.p.A., Italy",,,,
10501,"Vitra-Fehlbaum GmbH, Weil-am-Rhein, West Germany (now Germany)",,,,
10503,"Hermès, Paris",,,,
10505,"R. Kirsch, Germany",,,,
10507,"Transcriptors, Ltd., New York",,,,
10513,"Edelzinn E. Hueck, Lüdenscheid, Austria",,,,
10515,"Hammy Oy, Helsinki",,,,
10517,"Hackman & Co., Helsinki",,,,
10519,"Desny, Paris",French,,,
10522,"Anonima Castelli, Bologna, Italy",,,,
10523,"Gebrüder Junghans AG, Schramberg, Germany",,,,
10526,"Airborne, France",French,,,
10530,"Fontana Arte, Italy",,,1932.0,
10531,"Baldioli Eustasio & Figli, Omegna, Italy",Italian,,,
10538,"G. A. Van de Groenekan, Amsterdam, The Netherlands",,,,
10540,"Tensor Corporation, Brookyln, NY",,,,
10541,"Pirelli S.p.A., Milan",,,,
10543,"Randall Made Knives, Orlando, FL",,,,
10548,"Van Leer Vatenfabrieken N.V., Amstelveen, The Netherlands",Dutch,,,
10551,"F. M. Matsson, Sweden",,,,
10554,"Danese, Milan",,,,
10555,"Thonet, Germany",,,,
10559,"Dansk Forsolvnings Anstalt, Copenhagen",,,,
10561,"Arterior Textile GMBH, Wuppertal, Germany",,,,
10562,"Robert Murphy's Sons Co., Ayer, MA",,,,
10563,"Lightolier Inc., Jersey City, NJ",,,,
10565,"Kingsley Electronics, Taiwan",,,,
10567,"Progetti, Italy",,,,
10569,"Richard Perry, Son & Company, Wolverhampton, England",,,,
10582,"J. & J. Kohn, Vienna",,,,
10584,"OSRAM GmbH, Munich",,,,
10586,Microsoft Corporation,,,,
10588,Lehrwerkstatte fur Glasinstrumentmacher,,,,
10589,"Grossherzogliche Sächische Fachschule, Germany",,,,
10591,"Sointu Incorporated, New York, NY",,,,
10594,"Diehl Manufacturing Co., Elizabeth, NJ",,,,
10596,"Metz & Co., The Netherlands",,,,
10599,"Eschenbach Optik Nürnberg, Germany",,,,
10602,"Carrera International GmbH, Traun, Austria",,,,
10605,"Grid Systems Corp., Mountain View, CA",,,,
10607,"National Semiconductor Corporation, USA",American,,1959.0,
10609,"Barcalo Manufacturing Co., New York, NY",,,,
10610,"Drain-Dri Co., San Francisco, CA",American,,,
10612,"G.A. Van de Groenekan, De Bilt, The Netherlands",,,,
10613,"The Winsted Hardware Manufacturing Co., Winsted, CT",American,,,
10616,"Bayerische Massindustrie, Hersbruck, West Germany (now Germany)",,,,
10618,"Rietveld's Workshop, Utrecht",,,,
10619,"Red Wing Pottery, MN",,,,
10620,"Bernini, Italy",,,,
10622,Unknown Mexican Manufacturer,Mexican,,,
10628,"NY Form, Italy",,,,
10630,"S.p.A. Carrozzeria Pininfarina, Torino, Italy",,,,
10632,"Gruppo Industriale Busnelli S.p.A., Milan",,,,
10633,"Berliner Metallgewerbe Joseph Müller, Germany",,,,
10636,"Boffi S.p.A., Cesano Maderno, Italy",,,,
10637,"Scientific Optics Ltd., England",,,,
10638,"Vistosi, Italy",,,,
10639,"GAF Corporation, New York, NY",,,,
10642,"Dictaphone AG, Killwangen, Switzerland",,,,
10643,"Sambonet S.p.A., Vercelli, Italy",,,,
10645,"Snaidero, Italy",Italian,,1946.0,
10648,"Uncle Sam's Umbrella Shop, New York, NY",American,,,
10650,"Guzzini, Italy",,,,
10651,"Droog Design, the Netherlands",,,,
10652,"Sanka Oy Loviisa, Finland",,,,
10653,"Oak, Product Design and Consultancy, Rotterdam",,,,
10655,"Form GmbH, Germany",German,,,
10656,"Goods, Amsterdam, The Netherlands",,,,
10658,"Ideal Standard S.p.A., Milan",,,,
10661,"Howard Miller Clock Co., Zeeland, MI",,,,
10662,"Royal Crest Venetian Blind Co., Rossford, OH",,,,
10664,"ATH Design International, The Netherlands",,,,
10666,"Mallory Industries, Inc., Farmington, CT",American,,1956.0,
10667,"Industrie Formenti Italia, Milan",,,,
10671,Kristian Schneider,,Male,,
10672,"Bell Helmets, Inc., Norwalk, CA",,,,
10685,"Newton Plastics, Newton Upper Falls, MA",,,,
10688,"Fasttrack Enterprises, Ltd., Calgary",,,,
10696,"Belgian International Carpet, Belgium",,,,
10701,"Kelly & Thompson, USA",,,,
10702,"Theodore Müller, Belgium/Germany",,,,
10704,"Rosenthal Einrichtung, Munich",,,,
10705,"Shinseo Kogyo Co., Tokyo",,,,
10706,"Compagnia Italiana Lumi, Rome",,,,
10708,"Ferrari S.p.A., Maranello, Italy",,,1929.0,
10718,"frogdesign, Sunnydale, CA",American,,1969.0,
10724,"Metall-Arbeit Wiener Werkstätte, Vienna, Austria",,,,
10725,"Smart Design, New York",American,,1979.0,
10726,"OXO International, New York, NY",,,,
10727,Anonymous,,,,
10728,"Argentor, Vienna",,,,
10734,"Avard Inc., New York, NY",,,,
10735,"Stilnovo, Italy",,,,
10741,"Minerva, Milan, Italy",,,,
10742,"Casigliani S.p.A., Pisa",,,,
10745,"ICI Design Institute Inc., Osaka",,,,
10746,"Associated Spring Raymond Barnes Group, Inc., Dallas, TX",American,,,
10747,"Paul Mayen Designs, New York, NY",,,,
10749,"Bauhaus Ceramic Workshops, Weimar, Germany",,,,
10755,"Novelectric A.G., Zürich, Switzerland",,,,
10759,"Northern Plastics, Syracuse, NY",,,,
10761,CSS/Winfield,,,,
10762,"Siemens & Halske A.G., Munich",German,,1847.0,
10765,"Fratelli Fantini, S.p.A., Pella, Italy",,,,
10766,"Enorme, Italy",,,,
10769,"Fabbriche Elettrotecniche Riunite, S.p.A. (now Zerowatt, S.p.A.), Italy",,,,
10771,"Glasfabrik Johann Loetz Witwe, Klöstermühle, Austria",,,,
10772,Fratelli Chiminella,,,,
10776,"Oluce, Milan, Italy",,,,
10780,"Yamakawa Rattan Co., Ltd., Japan",,,,
10782,"Kotobuki Corporation, Japan",,,,
10783,"Heifetz Mfg. Co., New York, NY",,,,
10789,"Simpson Sports, Torrance, CA",,,,
10790,Ldesign SARL,French,,,
10792,"Velca, Milan",,,,
10793,"Elektroakusticni Laboratorij, Ljubljana, Yugoslavia",,,,
10794,"Wings over the World Corporation, New York, NY",,,,
10796,"L'Atelier de Serge Mouille, France",,,,
10797,"Hudson Studios, Madison, NJ",,,,
10798,Karhulalittala,,,,
10800,"Ateliers Jean Prouvé, Nancy, France",,,,
10801,"J.G. Furniture Co., Brooklyn, NY",,,,
10804,"Sony Corporation, Creative Center",Japanese,,1961.0,
10806,"Raichle Boot Co. Ltd., Switzerland",,,,
10809,Rathcon Inc.,,,,
10810,"Simon International, San Lazzaro, Italy",,,,
10813,"Andrew Maclaren Ltd., England",,,,
10815,"Fibre Metal Products Company, Concordville, PA",,,,
10817,"Klem Systems, Vienna",,,,
10819,"Lamson & Goodnow, Shellberg Falls, MA",American,,1837.0,
10829,"Friedrich Herder A.G., Solingen, Germany",,,,
10831,Unknown Swiss Manufacturer,,,,
10833,"Holt Howard Associates, Stamford, CT",,,,
10834,"Plastic Dispensers Inc., Newark, NJ",,,,
10836,"AKG Akustische und Kino-Geräte, Vienna",Austrian,,,
10840,"Baccarat, France",,,,
10842,"Mastermotive, Inc., Savage, MN",,,,
10857,"J.A. Henckels, Solingen, Germany",,,,
10858,"Ehrhard & Söhne, Germany",,,,
10873,"Victoria-Werke, Baar, Switzerland",,,,
10876,"Tavaro S.A., Geneva",,,,
10877,"Giro Sport Design, Inc., a division of Bell Sports, Inc.",American,,1985.0,
10878,"Rome Manufacturing Co., Div. of Revere Copper and Brass, Inc., Rome, NY",,,,
10880,"Supreme Cutlery, Japan",,,,
10898,"Hudson Photographic Industries, Inc., New York",,,,
10900,"Fratelli Borletti, S.p.A., Milan",,,,
10901,"Koch Creations, Lynbrook, NY",,,,
10904,"Mort N. Marton Designs, NY",,,,
10909,"Kaplan/Aronson, New York, NY",,,,
10911,"TECTA Möbel, Lauenförde, Germany",,,,
10912,"O.C. Sedie Internazionale, Inc., Paramount, CA",,,,
10913,"G. Schanzenbach, Germany",,,,
10914,"Ditta Spoggi, Milan",,,,
10915,Lakota Corporation,,,,
10916,"Kanematsu Ind. Co. Ltd., Gifu Ken, Japan",,,,
10920,"DESTA (Deutsche Stahlmöbel), Berlin",,,,
10921,"Carlo Moretti, s.n.c., Venice",,,,
10922,"Minolta Camera Co., Ltd., Osaka",,,,
10923,"Gense, Sweden",,,,
10924,"United States Glass Co., Tiffin, OH",,,,
10927,"Rhythm Tech, Inc., Mamaroneck, NY",,,,
10928,"L. Hjorth's Terracotta-Fabrik, Ronne, Denmark",,,,
10931,"Ralph O. Smith Co., Los Angeles, CA",,,,
10933,"Gits Molding Corp., Chicago, IL",,,,
10935,"Sonic Sports, Inc., Los Angeles, CA",,,,
10939,"Nixalite of America, East Moline, IL",,,,
10943,"Meisterschule für das Kunsthandwerk, Berlin",,,,
10945,"Piquot-Meridian (International) SA, Switzerland",,,,
10946,"Baum-Mercier, Switzerland",Swiss,,,
10947,"Griswold Manufacturing Co., Erie, PA",American,,1884.0,
10948,"Gottlieb Hammes Fahr, Solingen-Foche, Germany",,,,
10949,"Roll Dippers Inc., (formerly the Zeroll Co.) Maumee, OH",,,,
10951,"Cocco, Italy",,,,
10952,"Metropolitan Wire Goods Corp, Brooklyn, NY",,,,
10953,"Foley Mfg. Co., Minneapolis, MN",,,,
10954,"Denominator Company, Inc., New York, NY",American,,1914.0,
10956,Unknown French Manufacturer,French,,,
10957,"Alcorn & Co., Boston, Massachusetts",American,,,
10960,"AT&T Bell Laboratories, Murray Hill, NJ",American,,1925.0,
10961,Westfield Manufacturing Corp.,,,,
10962,"Hammond Research Corp., Gloucester, MA",,,,
10965,"Hewlett-Packard Company, Santa Clara, CA",American,,1939.0,
10966,"Toronto Plastic Co., Toronto",,,,
10968,"University of Pennsylvania, USA",,,,
10969,"IMEC, USA",,,,
10972,"P. & W. Blattmann Metallwaren-Fabrik, Switzerland",,,,
10973,"LSI Logic Corporation, Milpitas, CA",American,,1981.0,
10979,"Motorola, Inc.",American,,1928.0,
10980,"Synaptics Incorporated, San Jose, CA",American,,,
10981,"Texas Instruments, Inc., Dallas, TX",American,,1930.0,
10982,"VLSI Technology, Inc., San Jose, CA",American,,,
10983,"Xerox Palo Alto Research Center, Palo Alto, CA",American,,1906.0,
10998,"Hukin & Heath, Birmingham, England",,,,
10999,"Tri-State Plastic Molding Co., Henderson, KY",American,,,
11003,Victorinox,Swiss,,1884.0,
11006,"Theodore Fahrner, Pforzheim, Germany",,,,
11010,Unknown Netherlandish Manufacturer,,,,
11012,"Plas-tex Corporation, Los Angeles, CA",American,,,
11016,"Ittala Glassworks, Ittala, Finland",,,,
11017,"Stanley Home Products, Easthampton, MA",American,,,
11019,"Pace Products, Chicago, IL",,,,
11021,Kenner Products Co.,,,,
11022,"Geomet Inc., New York, NY",,,1954.0,
11027,Bryce Brothers Co. for the Four Seasons,,,,
11033,"Rudolph de Harak Industrial Design, Inc., New York, NY",,,,
11034,"Oy Huonekalu-ja Rakennustyötehdas Ab, Turku, Finland",,,1910.0,
11039,"Best & Lloyd, Ltd., Birmingham, UK",,,1840.0,
11041,"August Sommer Co., Wurttemburg, Germany",,,,
11046,"Dansk Polyether Industri, Denmark",,,,
11047,"Korhonen OY, Finland",,,,
11048,"Eggers, WI",,,,
11049,"Brian Davis & Co., Pty Ltd., Victoria, Australia",,,,
11050,"Southern Highlanders, Inc., North Carolina",,,,
11052,"International Mobile Machines, USA",,,,
11053,"Ernest C. Higgins Co. (Allan Follet), Norwood, MA",,,,
11055,"AB Bahco Verktyg, Enkoping, Sweden",Swedish,,,
11056,"Sturm, Vienna",,,,
11058,"J.A. Henckels, USA",,,,
11060,"Cooper Canada Ltd., Toronto",,,,
11064,"The Richter & Phillips Co., Cincinatti, OH",American,,,
11066,"Sabattini Argenteria S.p.A., Como, Italy",,,,
11068,"Griscer Industries, Fort Wayne, IN",,,,
11070,"Mylec, Inc., Winchedon Springs, MA",,,,
11072,"KBL Corporation, Boston, MA",,,,
11073,"Valsts Electro-Techniska Fabrika, Riga, Latvia",,,,
11077,Swedlow Aeroplastics Corp.,,,,
11079,"M & M Mfg. Co., Chicago, IL",,,,
11085,"Heywood-Wakefield Co., Gardner, MA",,,,
11086,"Haskelite Manufacturing Corporation, Chicago, IL",,,,
11090,Red Lion Table Co.,,,,
11092,"Moss Rose Manufacturing Co., Philadelphia, PA",,,,
11093,"J.H. Thorp & Co., Inc., New York, NY",,,,
11094,"Cyrus Clark Co., Inc., New York, NY",,,,
11095,"Articoli Plastici Elettrici, Italy",,,,
11098,Guilford Art Company,,,,
11100,"Abstracta Structures Inc., New York, NY",American,,,
11108,"Welch Allyn Inc., Skaneateles Falls, NY",,,,
11109,"Robert Smith, Kentfield, CA",,Male,,
11111,"Concept Inc., St. Petersburg, FL",American,,,
11112,"The Subsidiary Co.(division of Artmongers and Manufactory Inc.), New York, NY",,,,
11116,"Italora S.p.A., Milan, Italy",,,,
11117,"A.V. Mazzega Vetri d'Arte, Murano, Italy",Italian,,,
11118,"Rochelt Design, Ulm, Germany",,,,
11119,"Columbian Bronze Corp., Freeport, NY",,,,
11124,"John Mascheroni Furniture Co., New York, NY",,,,
11125,"Neal Small Designs Inc., New York, NY",,,1965.0,1973.0
11128,"France and Son A/S, Denmark",,,,
11130,"Artifort, The Netherlands",,,,
11131,"Raumtechnik Staeger & Co. KG, Stuttgart",,,,
11134,"Paper Welder, Inc., Medina, NY",,,,
11135,"Società Italiana Telecomunicazioni Siemens, Milan, Italy",,,,
11136,"Bonniers International, Japan",Japanese,,,
11137,"Plastics, Inc., St. Paul, MN",American,,,
11138,Made in Japan for Fitz & Floyd,,,,
11139,"Frimu Company, Switzerland",Swiss,,,
11140,"G.P.M. Company, Germany",German,,,
11154,"Vitreria Vistosi, Murano, Italy",,,,
11156,"Schott & Gen. Jenaer Glaswerke, Mainz, Germany",,,,
11157,"Acordis Industrial Fibers, The Netherlands",Dutch,,1999.0,
11158,"Ekco Housewares, Franklin Park, IL",,,,
11159,"Lexon, France",,,1990.0,
11162,"Rosenthal, Germany",,,,
11164,"Modernariato-Gruppo Industriale Busnelli, Italy",,,,
11166,"Poul Jeppesen, Denmark",,Male,,
11168,"Think Outside, Inc., Carlsbad, CA",,,,
11176,"Richard Schultz Design, Palm, PA",,,,
11177,"Emeco, Hanover, Pennsylvania",,,,
11179,"Makers of Simple Furniture, Ltd., London",,,,
11180,"The Ironrite Ironer Co., Detroit, MI",American,,1911.0,
11181,"Lorraine Metal Mfg. Co., NY",American,,,
11183,"Cadoro Jewels, New York, NY",,,,
11189,"Fahr-Leuchten, Stuttgart",,,,
11190,"Tropi-Cal Company, Los Angeles, CA (now Fong Brothers Company, Los Angeles, CA)",,,,
11191,"The Afternoon Company, Omaha, Nebraska",American,,,
11192,"Rothschild Plastics Corp., Philadelphia, PA",,,,
11194,"Tendo Mokko, Inc., Yamagata-Ken, Japan",,,,
11195,"J. Merivaara Oy, Helsinki",,,,
11196,"Hessische Metallwerke (now Seibel Designpartner GmbH), Germany",,,,
11197,"Figli di Amedeo Cassina, Meda, Italy",,,,
11198,"Satisfaction, New York, NY",,,,
11199,"Ampex Corporation, Elk Grove Village, IL",,,,
11200,"Baltensweilder, Ebikon, Switzerland",,,,
11201,"Archent Limited, Sheffield, England",,,,
11223,"Mourlot, Paris",,,,
11340,"The Baynard Press, London",,,,
11341,C. Tereshkovitch,,,,
11350,British War Office,,,,
11361,Imprimerie Champenois,,,,
11381,Royal Society for the Prevention of Accidents,,,,
11419,Ward and Saks Co.,,,,
11422,Patrick Cunningham,,Male,,
11589,Hans Bockting,,Male,,
11596,R. Szayoo,,,,
11631,"Otto Beyer, Leipzig/Berlin",,,,
11799,Orell Füssli,Swiss,,,
11811,"A. Molling & Comp., Hannover, Germany",,,,
11860,Various Authors,,,,
12001,Vladimir Burliuk,,Male,1886.0,1917.0
12025,Elena Guro,,Female,,
12074,"Maria Siniakova, Russian, 1898-1989",,Female,1898.0,1989.0
12124,Pavel Filonov,,Male,1883.0,1941.0
12225,Nikolai Rogovin,,Male,,
12310,Lev Shekhtel [Lev Zhegin],,Male,,
12312,Vasilii Chekrygin,,Male,1897.0,1922.0
12315,Sergei Podgaevskii,,Male,,
12318,Sergei Bobrov,,Male,,
12402,Joseph Blumenthal,,Male,,
12409,Aleksandr Shevchenko,,Male,,
12410,Illarion Skuie,,,,
12452,Nikolai Aseev,,Male,,
12472,Calvin Sumsion,,Male,,
12556,John Moore,American,Male,,
12639,Iliazd (Il'ia Zdanevich),,Male,,
12704,Natan Vengrov,,Male,,
12868,Anonymous Authors,,,,
12924,Henri Floury,,Male,,
12996,Mikhail Plaksin,,Male,,
12997,Natal'ia Nagorskaia,,Female,,
13003,Khabias [pseudonym Of Nina Komarova],,Female,,
13012,Aleksei Gan,,Male,,
13056,Antonina Sofronova,,Female,,
13076,Boris Zemenkov,,Male,,
13088,Il'ia Erenburg,,Male,,
13108,Josef Eberg,,Male,,
13113,Grigorii Bershadskii,,Male,,
13206,Graeme Murray,,,,
13315,Nikolai Sedel'nikov,,Male,,
13325,N. Nekrasov,,,,
13422,Columbia Records,,,1888.0,
13434,Moisei Levin,,Male,,
13482,Nikolai Troshin,,Male,,
13483,Sergei Sen'kin,,Male,,
13488,"Tamarind Lithography Workshop, Inc., Los Angeles",,,,
13677,Nikolai Kupreianov,Russian,Male,,
13678,Aleksei Chicherin,,Male,,
13705,Boris Naumov,,Male,,
13807,Kornelii Zelinskii,,Male,,
13811,Anton Lavinskii,,Male,,
13816,Olga Deneiko,,Female,,
13880,"Éditions Surréalistes, Paris",,,,
13977,Michael Cardenza,,Male,,
14107,"Dwan Gallery, New York",,,,
14161,Iurii Degen,,Male,,
14185,Aleksei Remizov,,Male,1877.0,1957.0
14187,W. Baxter,,,,
14195,Eugène Delâtre,French,Male,,
14200,Aleksei Ganin,,Male,,
14286,Maria Lagorio,,Female,,
14384,Nikolai Tikhonov,,Male,,
14426,Allan Kapprow,,Male,,
14450,"Librairie de France, Paris",,,,
14467,Félix Del-Marle,,Male,,
14520,"Propyläen-Verlag, Berlin",,,,
14561,A. Anatolev,,,,
14602,Sergei Chekhonin,,Male,,
14632,Boris Grigor'ev,,Male,,
14744,Hr. Dubyns'kii,,,,
14976,Mikhail Tarkhanov,,Male,,
15005,Josaku Maeda,,,,
15146,Issacher Ber Ryback,,Male,,
15382,W. Mehl,,,,
15634,Mariano Andre,,Male,,
15685,Chas Laborde,,Male,,
15688,Pierre Falké,,Male,,
16753,Museum Folkwang,,,,
16943,Valentine Dudensing,,Male,,
17332,Bernhard Leitner,,Male,,
17469,Adrian Siegel,American,Male,,
17509,Pywell,,,,
17943,Krissy Clegg,,Female,,
17955,(Siegfried Klein) Khasaq,,,,
18094,Robert Storr,,Male,,
18375,Herbert E. Grier,,Male,,
18376,Kenneth J. Germeshausen,,Male,,
18552,Unknown,,,,
18660,The New York Times,American,,1851.0,
18667,Reuters,,,,
18709,3M,American,,1902.0,
18838,Karl Nierendorf,,Male,,
19039,Davi Det Hompson,,Male,,
19040,Ann Fessler,,Female,,
19041,Charles Brohawn,,Male,,
19042,Chris Mason,,Male,,
19043,Cliff Baldwin,,Male,,
19194,Hans Danuser,,Male,,
19235,Oskar Bangemann,,,,
19529,Felix Harlan,,Male,,
19545,Doris Simmelink,,Female,,
19561,Sheri Martinelli,,Female,,
19663,Nelson Savinon,,Male,,
19676,Island Records,,,1959.0,
20416,Jack Carver,,Male,,
20503,Émile-René Ménard,French,,1862.0,1930.0
20722,Royal College of Art,British,,1837.0,
20731,"Hope (Sufferance) Press, London",,,,
20769,René Block,,Male,,
20807,Roland Renrose,,Male,,
20811,Congo (a Chimpanzee),Nationality unknown,,1954.0,1965.0
20813,Adrian Nutbeam,,Male,,
20904,"Profil Magazine, Vienna",,,,
21088,"Salvatore Silkscreen Co., Inc.",,,,
21116,Benton,,,,
21121,Biddle,,,,
21255,"Fabric Frontline, Zürich",,,,
21759,"Atelier d'Arts Appliqués, Cannes, France",,,,
22498,"Fratelli Brambilla, Milan",Italian,,,
22501,"Krystallglasmanufaktur Theresienthal Gmbh, Zweisel, Germany",,,,
22504,"Design Unit New York, New York, NY",,,,
22512,"G. Byrn Company, Copenhagen",Danish,,,
22522,"Veglia Borletti, Milan",,,,
22527,"L.M. Ericsson, Stockholm",,,,
22528,"ERCO Leuchten KG, Germany",,,,
22529,"Phonola, Milan",,,,
22530,"Rosenthal AG, Germany",,,,
22532,"Kooperative Förbundet (KF), Stockholm",,,,
22533,"International Resistance Co., Philadelphia, PA",,,,
22534,"John Hull Cutlers Corporation, New York, NY",,,,
22535,"Dansk International Designs, Ltd., Denmark",,,,
22538,"Arai Helmet Ltd., Japan",,,,
22542,Mathieu,,,,
22546,Bell Telephone Laboratories,American,,,
22548,Raymond Loewy Associates,American,,1944.0,
22556,SHoP Architects PC,American,,1996.0,
22558,"Haworth Inc., USA",,,,
22559,Apple Industrial Design Group,American,,,
22563,Harman Kardon Co.,American,,1953.0,
22565,"Snowcrash AB, Sweden",,,,
22567,Baleri Italia S.p.A.,,,,
22572,"Sas/OO, France",,,,
22573,Décolletage Plastique Design Team,French,,1945.0,
22575,"Société Bic, France",,,,
22578,"Teknion Inc., USA",,,,
22581,"USM U. Schaerer Sons Inc., USA",,,,
22585,"Electrotextiles Co. (now ElekSen Ltd.), England",,,,
22586,Vesa Hinkola,Finnish,,1970.0,
22587,Rane Vaskivuori,Finnish,,1967.0,
22589,Torchco Ltd.,British,,,
22590,"Radice Snc, Italy",,,,
22593,"Motorola, England",,,,
22597,"TM, Belgium",,,,
22599,"Mahakit Rubber Co. Ltd., Thailand",,,,
22614,Annelies De Leede,Nationality unknown,,,
22627,J. S. Anderson,British,,,
22631,Koji Yamada,Japanese,Male,,
22660,Ugo Mulas,,Male,,
22663,Carel Blazer,,Female,,
22667,"Nitto Seimo Co. Ltd., company design",Japanese,,1910.0,
22668,Toyo Tire Cord Co. Ltd.,Japanese,,,
22677,Taylor Green,American,,1914.0,
22703,Friederike Gross-Pietsche,,Male,,
22704,Thomas Gardner,,Male,,
22705,Mark Janson,,Male,,
22709,Joseph Fenton,,Male,,
22710,Suzanne Powadiuk,,Female,,
22713,James Rosen,,Male,,
22731,Timothy Wood,,Male,,
22732,Peter Waldman,,Male,,
22733,Peter Carl,,Male,,
22734,Robert White,,Male,,
22735,Christopher Chimera,,Male,,
22753,"Richard Meier & Partners, Architects",,,1963.0,
22754,"Richard Meier & Associates, Architects",,,1963.0,
22762,Romain Ruther,,Male,,
22769,Guenther,,,,
22780,"World Pictures, Copenhagen",,,,
22782,Kolatan / Mac Donald Studio,,,1988.0,
22783,Ayse Sulan Kolatan,American,,1958.0,
22785,Minsuk Cho,,,,
22786,Ferda Kolatan,,,,
22787,Chiakai Yang,,,,
22788,Anke Scheren,,,,
22789,Michael Kennedy,,Male,,
22790,George Grenier III,,Male,,
22791,Joseph Bula,,Male,,
22792,Baine Gaiser,,Male,,
22793,Patrick Kane,,Male,,
22794,Antonio Palladino,,Male,,
22795,Teresa Chang,,Female,,
22796,Gayle Tsern,,Female,,
22797,Long Hair George Krausas,,Male,,
22799,Development and Resource Corp.,,,,
22801,Charles Forberg,American,Male,,
22810,Fred Taylor,,Male,,
22816,Kahn & Jacobs,,,,
22843,Peter Rice (Ove Arup and Partners),,Male,,
22844,Nikken Sekkei Ltd.,,,,
22845,Renzo Piano Building Workshop,Italian,,1980.0,
22846,"Eisenman Architects, New York",,,1988.0,
22847,Richard Rosson,,Male,,
22849,Gregory Merryweather,,Male,,
22850,Nazli Gononsay,,Male,,
22866,Mrs. Truus Schröder-Schräder,,Female,,
22874,"Joel Sanders, Architect",,,,
22875,Ernest Guenzburger,,Male,,
22876,Sean Keller,,Male,,
22877,Dillon Kyle,,Male,,
22878,Cary Siress,,,,
22892,Carlos Leão,,Male,,
22895,Ernani Vasconcelos,,Male,,
22900,Winston Elting,,Male,,
22921,Franz Schulze,,Male,,
22956,"Martec Engineering Corp., Long Beach, CA",,,,
22959,Nason & Moretti Studio,Italian,,,
22960,"Symanka Karbaum/Scharf Hagelbergerstr, Berlin",German,,,
22961,"H.E. Lauffer Co., Inc., West Germany (now Germany)",German,,,
22974,Mendell & Oberer,German,,1961.0,
23001,Pravosudovich,,,,
23026,"Glasatelier Steinschoenau, Austria",Austrian,,,
23029,M & Co Labs,,,,
23035,"Iittala Lasitehdas, Finland",,,,
23036,"XO, France",,,,
23039,"Senken Co. Ltd., Fukui, Japan",,,,
23044,Studio Gruppo 14,Italian,,,
23047,"Fisher-Price Toys Inc., East Aurora, NY",American,,,
23048,"Rosendahl A/S, Lyngby, Denmark",,,,
23053,"Mag Instrument, Inc., Ontario, CA",American,,1955.0,
23054,"Ranton & Co., United Kingdom",,,,
23056,W. D. Slater,British,,1923.0,
23057,"Nottingham Rehab Ltd., England",,,,
23089,"Pizzi & Pizio, Milan-Rome",Italian,,,
23207,Erich Ludwig Stahl,German,Male,,
23208,Eugene Gise,,Male,,
23215,Kunsthandlung Würthle & Sohn,,,,
23216,"Bauhaus, Weimar",,,,
23259,UN Studio Van Berkel & Bos,Dutch,,1988.0,
23265,"not tom dick & harry, The Netherlands",,,,
23268,"Daito Pleats Co., Gumma, Japan",,,,
23271,"Stallinga BV, The Netherlands",,,,
23279,"Lindner GmbH, Bamberg, Germany",,,,
23294,"Cutco Division, The Aluminum Cooking Utensil Co., New Kensington, PA",,,,
23300,Aleksandr Andreev,,Male,,
23302,A. A. Nikolaev,,,,
23303,N. M. Siniagin,,,,
23304,Liudmila Shmit-Ryzhova,,Female,,
23305,Evgenii Vashchenko,,Male,,
23308,Unknown Artists,,,,
23313,Boris Anisfeld,,Male,,
23314,Vladimir Chembers,,Male,,
23315,Mstislav Dobuzhinskii,,Male,1875.0,1952.0
23316,Aleksandr Iakovlev,,Male,,
23317,Sergei Sudeikin,,Male,,
23323,Russian Book Collection,,,,
23327,Iosif Shkol'nik,,Male,,
23330,"Daum, France",,,,
23340,"Standard Möbel, Germany",,,,
23344,"Silicon Systems, Inc.",American,,,
23348,Pehr-Olof Nystrom,Finnish,Male,,
23349,Unknown Designer,Finnish,,,
23350,"AB Gustavsberg, Sweden",Swedish,,,
23353,Georgii Iakulov,,Male,,
23355,Vasyl' Krychevs'kyi,,Male,,
23361,Weber,Nationality unknown,,,
23367,Viktor Bart,,Male,1887.0,1954.0
23368,Anonymous Child,,,,
23370,Nadezhda Burliuk,,Female,,
23371,A. Gribatnikov,,,,
23372,Nikolai Grigoriev,,Male,,
23373,I. Mikhel'son,,,,
23374,N. Semenov,,,,
23383,G. Robz,Russian,,,
23384,Marianna Erlikh,,Female,,
23386,Nadezhda Liubavina,,Female,,
23390,Unknown Artist,Nationality Unknown,,,
23397,P. Bakharev,Russian,,,
23398,Nina Kul'bina,,Female,,
23399,V. Ul'ianishchev,,,,
23404,Sandro Fazini,,Male,,
23430,Laguiole,,,,
23443,Fedor Platov,,Male,,
23446,Georgii Zolotukhin,,Male,,
23448,Aleksandr Lopukhin,,Male,,
23451,Georgii Narbut,,Male,,
23457,Gushchin Nikolai,,,,
23461,Aleksei Den'shin,,Male,,
23468,Ivan Padalka,,Male,,
23471,Aleksei Grishchenko,,Male,,
23473,David Shterenberg,,Male,,
23480,Leonid Golubev-Bagriaporobnii,,Male,,
23485,Vera Mukhina,,Female,,
23495,Ekaterina Turova,,Female,,
23503,Kseniia Boguslavskaia,,Female,1892.0,1972.0
23504,Vladimir Kozlinskii,,Male,1891.0,1967.0
23505,Sergei Makletsov,,Male,,
23506,E. Ravdel,,,,
23507,A. Slavin,,,,
23508,N. Tsitskovskii,,,,
23509,Vitalii Usenko,,Male,,
23516,Volodymyr Bobryts'kyi,,Male,,
23518,Volodymyr Diakov,,Male,,
23519,Vasyl' Iermilov,,Male,1894.0,1968.0
23520,Aleksandr Gladkov,,Male,,
23521,Borys Kosariev,,Male,,
23523,Miankal',,,,
23524,Mykola Myshchenko,,,,
23526,Boeslav Tsybys,,Male,,
23529,Vasilii Katanian,,Male,,
23530,Sigizmund Valishevskii,,Male,,
23540,Vadim Falileev,,Male,,
23546,Norsaki Yokosuka,Japanese,Male,,
23568,Valentina Khodasevich,,Female,,
23588,N. K.,,,,
23592,Atelier Müller-Brockmann,,,,
23599,Petr Konchalovskii,,Male,,
23600,Aleksei Morgunov,,Male,,
23601,N. Rozenfel'd,,,,
23602,Svetlov,,,,
23604,Viacheslav Ivanov,,,,
23608,Mykola Kalmykov,,,,
23609,Vasyl' Picheta,,Male,,
23613,Aleksandr Bazhbeuk-Melikov,,Male,1891.0,1966.0
23614,Mikhail Kalashnikov,,Male,,
23615,Il'ia Rogovin,,Female,,
23616,T. Balaginaia,,,,
23618,Liverii Bazankur,,,,
23628,Hryhorii Bondarenko,,Male,,
23630,Nikolai Chernyshev,,Male,1885.0,1973.0
23631,Sergei Gerasimov,,Male,1885.0,1964.0
23633,Georgii Echeistov,,Male,,
23635,Boris Erdman,,Male,,
23647,Howard York,,Male,,
23649,Art Goodman,,Male,,
23655,D. P. Gordeev,,,,
23665,Solomon Iudovin,,Male,1892.0,1954.0
23667,Vasilii Komardenkov,,Male,,
23668,Mikhail Gerasimov,,Male,,
23672,Weider,,,,
23699,N. Bugoslavskaia,,,,
23700,D. El'kina,,,,
23701,A. Kurskaia,,,,
23703,Aleksandr Volkov,,Male,,
23704,Vera Aleksandrova,,Female,,
23712,Aleksandr Labas,,Male,,
23713,Marko Kyrnars'kyi,,Male,,
23718,Ben-Zion Tsukherman,,Male,,
23720,Grigorii Miller,,Male,,
23723,Viktor Pal'mov,,Male,1888.0,1929.0
23725,Illarion Pleshchinskii,,Male,,
23736,Adol'f Strakhov,,Male,,
23737,Unknown Author,,,,
23744,A. Vabbe,,,,
23746,M. Andreevskaia,,,,
23747,D. Fedorov,,,,
23749,Vera Vil'koviskaia,,Female,,
23750,N. S. Shikalov,,,,
23753,Ivan Bilibin,,Male,,
23754,Leonid Brailovskii,,Male,,
23755,L. E. Chirikov,,,,
23756,Boris Kustodiev,,Male,,
23757,Georgi Shlikht,,Male,,
23760,Boris Zenkevich,,Male,,
23764,Mikhail Babenchikov,,Male,,
23766,Aleksandr Arnshtam,,Male,,
23770,Aleksei Baev,,Male,,
23772,Elena Bedumovaia,,Female,,
23778,Iosef Chaikov,,Male,1888.0,1979.0
23779,Iurii Cherkesov,,Male,,
23797,N. Istselennov,,,,
23810,"Vserossiiskii soiuz poetov, Moscow",,,,
23819,David Bergelson,,Male,,
23820,Dvorye Chorol,,,,
23831,Vasilii Masiutin,,Male,,
23836,Iukhym Mykhailiv,,Male,,
23837,Viacheslav Pakulin,,Male,,
23839,Sergei Poliakov,,Male,,
23842,Mykhailo Semenko,,Male,,
23843,Oleh Shymkov,,,,
23845,Mikhail Sokolov,,Male,,
23851,N. Borovkov,,,,
23852,A. Nikitin,,,,
23853,V. Zhmurov,,,,
23857,Vera Pestel,,Female,,
23858,Sergei Romanovich,,Male,,
23865,Marko Epshtein,,Male,,
23866,Grigorii Roze,,Male,,
23876,Liubov' Kozintseva,,Male,,
23887,"Quaintance Fabrics, New York, NY",,,,
23888,Henke Meller,,Male,,
23891,Vadym Meller,,Male,,
23894,Carlo Gozzi,,Male,,
23895,Georgii Noskov,,Male,,
23897,A. Paramonov,,,,
23918,P. S. Chichkanov,,,,
23919,E. S. Samorodov,,,,
23920,V. I. Ter-Pogosov,,,,
23925,Serhii Borovyi,,,,
23932,Boris Ender,,Male,,
23933,Beno Gordeziani,,Male,,
23944,Anna Ostroumova-Lebedeva,,Female,,
23947,Sergei Pozharskii,,Male,,
23948,V. I. Pozharskii,,,,
23951,L. Ridiger,,,,
23980,Galina Chichagova,,Female,,
23981,Olga Chichagova,,Female,,
23983,Grigorii Zimin,,Male,,
23988,K.E.B.,,,,
23994,Vladimir Egorov,,Male,,
23995,P.A.F.,,,,
23996,Vladimir Favorskii,,Male,,
23998,Petr Galadzhev,,Male,,
24000,L. Horokh,,,,
24001,Vladimir Izenberg,,Male,,
24004,Valentina Kulagina-Klutsis,,Female,,
24008,D. M.,,,,
24010,Ivan Manatiev,,Male,,
24014,V. Gruental,,,,
24015,V. Kovrigin,,,,
24016,V. M. Elin,,,,
24018,Aleksandr Liubimov,,Male,,
24024,F.P.K.,,,,
24026,Ser-Gei [Sergei Skripitsyn],,Male,,
24029,Il'ia Mashkov,,Female,,
24045,Boris Titov,,Male,,
24048,Iurii Sadylenko,,Male,,
24049,O. Ruban,,,,
24063,B. Timov,,,,
24072,G. Riftin,,,,
24073,Aleksei Levin,,Male,,
24076,Leonid Khyzhins'kyi,,Male,,
24080,Gennadii Epifanov,,Male,,
24082,Valerian Dvorakovskii,,Male,,
24085,E. A. Brylov,,,,
24086,Aleksandr Tyshler,,Male,,
24089,Sophie Lissitsky,,Female,,
24090,Evgenii Goliakhovskii,,Male,,
24094,Nikolai Denisovskii,,Male,,
24098,A. Smolianskii,,,,
24100,A. Radishchev,,,,
24101,Sofiia Nalepins'ka,,Female,,
24103,Vasyl' Kasiian,,Male,,
24106,L. Epple,,,,
24107,B. Zhukov,,,,
24109,M. A. Zelikson,,,,
24117,Ivan Rerberg,,Male,,
24125,Grigorii Gidoni,,Male,,
24126,Moisei Fradkin,,Male,,
24130,Ir Shtemberg,,,,
24131,Vasyl' Sedliar,,Male,,
24142,K. A. Aivazovskii,Russian,,,
24144,Boris Voronetskii,,Male,,
24145,Leonid Akishin,,Male,,
24146,David Buryshkin,,Male,,
24147,The Decorative Arts Institute,,,,
24148,Duplitskii,,,,
24149,Izoram,,,,
24150,Sarra Lebedeva,,Female,,
24151,The October Brigade,,,,
24153,N. A. Trotskii,,,,
24162,Nisson Shifrin,Russian,Male,,
24163,Ia Rudens'kyi,,,,
24164,G. Roslov,,,,
24173,V. A. Horovyts,,,,
24174,H. S. Hural'nik,,,,
24178,Boris Fridkin,,Male,,
24180,Georgii Fisher,,Male,,
24181,Leonid Zusman,,Male,,
24183,K. Zotov,,,,
24184,Various Unknown Artists,,,,
24186,El'brus Gutnov,,,,
24187,N. Spirov,,,,
24189,I. Roginskii,,,,
24204,Aleksandr Surikov,,Male,,
24210,Bor. R.,,,,
24211,Anatol' Petryts'kyi,,Male,,
24214,Tat'iana Mavrina,,Female,,
24215,Evgen Mei,,Male,,
24216,G. Krastashevskii,,,,
24223,P. Kharybin,,,,
24227,A. Karra,,,,
24230,Nikolai Il'in,,Male,,
24231,E. Shol'te,,,,
24237,Mecheslav Dobrokovskii,,,,
24246,V. Vorus'kii,,,,
24247,Aleksandr Deneika,,Male,,
24255,Oleksii Usachov,,Male,,
24257,Evgeniia Evenbakh,,Female,,
24260,Andronova,,,,
24261,Raspopina,,,,
24262,Sigina,,,,
24265,Mikhail Maslianenko,,Male,,
24268,M. Litvak,,,,
24276,Konstantin Rotov,,Male,,
24280,Valentin Kataev,,Male,,
24285,Georgii Tsapok,,Male,,
24286,I. Shlepianov,,,,
24295,G. I. Geronskii,,,,
24300,I. Sunderland,,,,
24331,Dmitrii Sobolev,,Male,,
24332,Mykhailo Shcheglov,,Male,,
24342,Zinovii Gorbovets,,,,
24343,Evgenii Lansere,,,,
24344,A. Rozanova,,,,
24346,B. K.,,,,
24350,Iu Kri'd'n,,,,
24365,Oleksii Marenkov,,Male,,
24369,P. Moskalenko,,,,
24370,Otakar Mrkvicki,,Male,,
24378,"Proletkult, Leningrad",,,,
24385,Aleksandr Deineka,,Male,,
24386,Elizaveta Dorfman,,Female,,
24387,B. Tatarinov,,,,
24388,Mykola Kriukov,,,,
24389,R. Kh.,,,,
24391,M. Kraian,,,,
24393,Vera Ivanova,,Female,,
24395,Andrei Gippius,,Male,,
24401,Georges Blanc,French,Male,,
24409,Various Artists,,,,
24417,Vasyl' Atamaniuk,,Male,,
24426,K. Turganov,,,,
24440,M. E.,,,,
24441,E. S. Minin,,,,
24452,Sigurd Lewerentz,Swedish,Male,,
24453,Vladimir Roskin,,Male,,
24456,E. Rozhdestvenskaia,,,,
24458,Reinhard & Hofmeister,American,,,
24459,Olga Deineko,,Female,,
24467,A. Gromov,,,,
24469,L. Shteiner,,,,
24471,K. Kuznetsov,,,,
24472,Pavel Sil'vanskii,,Male,,
24478,Evgeniia Spas'ka,,Female,,
24486,Aleksei Radakov,,Male,,
24487,B. Popov,,,,
24488,Ilya Repin,,Male,,
24489,V. Zamiralio,,,,
24503,Oleksandr Dovgal',,Male,,
24504,Mariia Kotliarevs'ka,,Female,,
24506,I. I. Brodskii,,,,
24507,A. Fedorski,,,,
24513,Vs. Filippov,,,,
24514,N. Shebuev,,,,
24522,Meer (Mark) Aksel'rod,,Male,,
24524,N. Golubchikov,,,,
24532,Adolf Navara,Czech,Male,,
24542,Vladimir Roberg,,Male,,
24547,Lev Kaplan,,,,
24554,Vitalii Lavrov,,Male,,
24557,Evgenii Nekrasov,,,,
24558,Mykola Pavliuk,,,,
24568,Nikolai Alekseev,,Male,,
24583,Vasili Elkin,,Male,,
24594,J. Jay Hirz,American,,,
24598,Paul Parker,American,Male,,
24619,Flex Development B.V.,Dutch,,1988.0,
24620,"Cleverline, the Netherlands",,,,
24636,Elena Bortsova,,Female,,
24637,Tat’iana Glebova,,Female,,
24638,Nina Ivanova,,Female,,
24639,Efraim Lesov,,Male,,
24640,Mikhail Makarov,,Male,,
24641,Vladimir Meshkov,,Male,,
24642,Alisa Poret,,Female,,
24643,Nina Soboleva,,Female,,
24644,Liubov’ Tagrina,,,,
24645,Mikhail’ Tsybasov,,Male,,
24646,Konstantin Vakhremeev,,Male,,
24647,Sofia Zaklikovskaia,,Female,,
24648,Pavel Zal’tsman,,Male,,
24649,Collective of Masters of Analytical Art-Pavel Filonov’s School,,,,
24658,"S.A. Loevy, Berlin, Germany",,,,
24704,Pandora Design,Italian,,1998.0,
24707,J. T. Snyder,,,,
24714,Gustave Falconnier,Swiss,Male,,
24729,"Toscano Manetti, Florence",,,,
24761,Atelier VNC,,,,
24775,M. Brodskii,,,,
24860,"Willys-Overland Motors, Inc., Toledo, Ohio",American,,1909.0,
24863,"Micro Compact Car Smart GmbH, Renningen, Germany, and Hambach, France",,,1994.0,
24866,"Volkswagenwerk, Germany",German,,1938.0,
24881,George Mejat / Movietone News / Twentieth Century Fox,,,,
24893,"Volkswagenwerk AG, Wolfsburg, West Germany",,,,
24938,"La Civiplast S.n.c. di Vittorio e Ciro Boschetti, Malgesso, Italy",,,,
25074,N. Danylov,,,,
25098,"Futuristy ""Gileia"", Moscow-Kherson",,,,
25104,"Wiener Porzellanmanufaktur Josef Böck (Josef Böck Porcelain Factory, Vienna)",,,,
25167,"J. Powell & Sons, London",,,,
25254,Mei-mei Berssenbrugge,,Female,1947.0,
25444,G. L. Kuz'min,,,,
25817,Walter Hopps,,Male,,
25826,"Pyghtle Works, Bedford, England",,,,
25842,"Eileen Gray Workshop, Paris, France",,,,
25997,Myron Goldsmith,American,,1918.0,1996.0
26098,GrandTec USA,,,,
26101,"Freitag, Zurich, Switzerland",Swiss,,,
26109,unpublished,,,,
26125,G. Schleicher,,,,
26132,Wetzel,,,,
26133,Schuhmacher,,,,
26153,"Dyson Ltd., England",,,1993.0,
26156,npk industrial design b.v.,Dutch,,1979.0,
26160,Janwillem Bouwknegt,Dutch,,1973.0,
26163,Dremefa b.v.,Dutch,,,
26171,George Dodson,,Male,,
26194,"Bauhaus Furniture Workshop, Dessau, Germany",,,,
26263,"Duracell International Inc., Bethel, Connecticut",American,,1944.0,
26271,Vladimir Borissovitch Yankilevsky,Russian,,1938.0,
26276,"W. H. Gispen & Company, Denmark",Dutch,,1916.0,
26279,Björn Roth,,Male,,
26287,Oswald Wiener,,,,
26362,Nanako Umemoto,American,Female,,
26363,Reiser + Umemoto RUR Architecture PC,American,,1986.0,
26378,"Vincent-HRD Company Ltd., Stevenage, Herts, England",British,,1928.0,1955.0
26398,United Architects,American,,2002.0,
26399,"Foreign Office Architects (FOA), London",,,1992.0,2011.0
26402,Imaginary Forces,American,,1996.0,
26464,Eija-Liisa Attilah,,,,
26482,"Alex Moulton Bicycles, England",British,,1958.0,
26492,"Edra S.p.A., Italy",Italian,,1987.0,
26508,Philip Johnson / Alan Ritchie Architects,American,,,
26520,Denier Studio,,,,
26523,Evelene Wechsler,American,Female,,
26529,John L. Dunmore,American,Male,,
26540,Martin Roberts,British,,1943.0,
26557,Robert P. Tennant,American,,1948.0,
26601,Gerhard Behrend,,Male,,
26616,Leandro Katz,Argentine,,1938.0,
26653,Leo McCarey,American,,1898.0,1969.0
26678,Grace Note Windchimes,,,,
26679,Jeff Kile,,Male,,
26680,"Jakob Schläpfer AG, St.Gallen",,,,
26738,"The HeadBlade Company, LLC, Los Angeles, CA",American,,2000.0,
26772,Warner Bros. Records,,,1958.0,
26808,Giorgio DeCurso,Italian,,1927.0,
26812,Archizoom Associati,Italian,,1966.0,1974.0
26816,"Idée (Kurosaki Trading Company), Japan",,,,
26820,"Piaggio S.p.A., Pontedera, Italy",Italian,,1884.0,
26838,Hugo Dreyfuss,,Male,,
26841,Poul Christiansen,Danish,,1947.0,
26842,Komplot Design,Danish,,1987.0,
26850,"Weiss/Manfredi Architects, New York, NY",,,,
26860,"James Corner, Field Operations, New York",,,,
26883,"Unimark International Corporation, New York",American,,1964.0,
26901,"Ro RC, Belgium",,,,
26933,Clear Blue Hawaii,,,2001.0,
26954,Bayer Research Laboratories,German,,1863.0,
26959,"Johnson & Johnson Consumer Companies, Inc.",American,,1886.0,
26960,Coloplast A/S,Danish,,1957.0,
26965,Hermann Steiner,Swiss,,1913.0,
26966,"Steiner Lamello AG, Switzerland",,,,
26971,"Sealed Air Corporation, USA",,,,
26973,"Alcoa, Inc., USA",American,,,
26978,"Chupa Chups S.A., Spain",,,,
26981,Jack Clements,American,Male,,
26982,"Solo Cup Company, USA",,,,
26984,"Bausch & Lomb, USA",,,1853.0,
26985,Philips Research Laboratories,Dutch,,1891.0,
26987,"Sony Research Laboratories, company design",Japanese,,1946.0,
26988,"Philips & Co., Eindhoven, the Netherlands",,,1891.0,
26997,"Wham-O, Inc., USA",,,,
27006,"Herman Goelitz Candy Company; now Jelly Belly Candy Company, USA",,,,
27008,"Kikkoman Corporation, Japan",,,,
27009,GK Design Group,Japanese,,1953.0,
27011,"Kokuyo Co., Japan",,,,
27019,"Mars, Inc., USA",,,,
27020,Charles B. Stilwell,American,Male,,
27023,GEM Manufacturing Ltd.,British,,,
27024,William Middlebrook,American,,,
27025,"ACCO Brands, Inc., USA",American,,,
27026,Hugh Moore,American,Male,,
27027,Lawrence Luellen,American,Male,,
27028,"Dixie Paper Cup Company; now Georgia-Pacific Corporation, USA",,,,
27031,"Faber-Castell, Germany",,,,
27033,"Moore Push-Pin Company, USA",,,,
27034,Leo Gerstenzang,American,Male,,
27035,"Leo Gerstenzang Infant Novelty Company; now Q-tips, Inc., USA",,,,
27038,"A. Meyers & Sons Corp., USA",American,,,
27042,"James Spring & Wire Company; later James Industries; now a brand of Poof-Slinky, Inc., USA",,,,
27051,"Tetra Pak, Sweden",,,,
27052,Tetra Pak Research Laboratories,,,1951.0,
27057,Hymen Lipman,American,,,
27059,"Yaktrax, Inc.",American,,,
27060,"Ziploc, USA",,,,
27150,"S.C. Johnson, company design",,,,
27189,Crown Beverage Packaging,American,,,
27190,Duro Bag Manufacturing Company,American,,1953.0,
27191,Flaminaire,French,,1939.0,
27198,Teepack Spezialmaschinen GmbH & Co. KG,German,,1948.0,
27208,Bayer HealthCare AG,German,,,
27210,Mr. Malcolm Daniel,,Male,,
27261,Visual AIDS Artists Caucus,American,,1988.0,
27262,Thomas E. Noy,American,,1948.0,
27267,MTA New York City Transit Team,American,,1953.0,
27345,Dainese S.p.A.,Italian,,1972.0,
27457,"GUBI, Copenhagen, Denmark",,,1976.0,
27463,"Vitsœ, London, England",,,1959.0,
27467,Milgo/Bufkin,American,,1916.0,
27468,Josef Klima,Austrian,Male,,
27470,Unknown Designer,Romanian,,,
27482,"Solari di Udine, Italy",Italian,,1948.0,
27491,James F. Gibson,American,Male,,
27506,Mac Gramlich,,,,
27531,Jeffrey Ingram Stone,,Male,,
27544,"Bauhaus Metal Workshop, Weimar, Germany",German,,,
27556,"Alsop Ltd., London, England",British,,,
27624,Eve Sussman | Rufus Corporation,American,Female,,
27627,"Collinson & Lock, London",,,,
27641,GE Aircraft Engines,American,,1942.0,
27642,CFAN,American,,1974.0,
27660,Glenn A. Davis,,Male,,
27662,Vitra GmbH,,,,
27671,"Clear Blue Hawaii, Honolulu",,,,
27680,Bruce Gitlin,American,,1942.0,
27683,Alex Kveton,American,,1948.0,
27684,Neil Katz,American,,1962.0,
27724,fuseproject,,,1999.0,
27725,Biomega,Danish,,1998.0,
27731,"A-net, Inc.",Japanese,,,
27733,Hareide Designmill,Norwegian,,2000.0,
27734,Bård Løtveit,Norwegian,,1959.0,
27735,AutoSock AS,Norwegian,,,
27736,Startloop AS,Norwegian,,,
27741,"Gad Shaanan Design, Inc.",American,,1981.0,
27743,"Med-Eng Systems, Inc.",Canadian,,1981.0,
27754,PUMA,German,,,
27755,"Sony Electronics, Inc.",,,1946.0,
27756,"…XYZ Dot Dot Dot Ex Why Zed Design, Ltd.",South African,,2000.0,
27763,"Vessel, Inc.",American,,2001.0,
27768,Schiebel Elektronische Geräte GmbH,Austrian,,1951.0,
27776,Jackie Piper,American,,1968.0,
27778,"Design Against Crime Research Initiative, Central Saint Martins College of Art and Design",British,,2000.0,
27783,Vlieger & Vandam,Dutch,,2004.0,
27788,Dunne & Raby,British,,1994.0,
27801,Humanscale,American,,1982.0,
27802,Freeplay Energy Plc.,South African,,1996.0,
27807,Médecins Sans Frontières (Doctors Without Borders),,,1971.0,
27808,Ouzak Design Formation,Japanese,,1996.0,
27809,Takefu Knife Village,Japanese,,,
27854,Pallucco Italia S.p.A.,Italian,,1980.0,
27856,Artecnica,American,,1986.0,
27863,"MAK, Vienna",,,,
27905,"Ryohin Keikaku Co., Ltd., Tokyo, Japan",,,,
27926,"Adachi Shiki Kogyo Co., Ltd.",Japanese,,1942.0,
27934,Antenna Design,American,,1997.0,
27946,Clean Call,American,,1995.0,
27951,"McLaren Performance Technologies, Inc.",American,,,
27952,"Carlson Technology, Inc.",American,,1982.0,
27953,Jan Marcussen,Danish,,1957.0,
27958,Prestige Products,American,,,
27963,"RedStart Design, LLC",American,,2004.0,
27968,Safety 1st,American,,1984.0,
27980,"EMBT Miralles Tagliabue Arquitectes Associats, Barcelona",,,1992.0,
27983,West 8 Urban Design & Landscape Architecture BV,Dutch,,1987.0,
27990,"Leatherman Tool Group, Inc.",American,,1983.0,
27993,"Sam Medical Products, a division of The Seaberg Company, Inc.",American,,1985.0,
28003,Organ Recovery Systems,American,,1998.0,
28011,"Frabill, Inc.",American,,1944.0,
28015,Schoeller Textil AG,Swiss,,1868.0,
28058,Avery Dennison,American,,,
28063,"e2v Technologies, Ltd.",British,,1947.0,
28064,Alloy Ltd. Total Product Design,British,,1999.0,
28066,"Blizzard Protection Systems, Ltd.",,,,
28073,"Brookdale International Systems, Inc., a DuPont Canada Company",Canadian,,,
28074,"Skystreme UK, Ltd.",British,,,
28075,Bernard William Hanning,British,,1942.0,
28078,NOAQ Flood Protection AB,Swedish,,2001.0,
28081,Dräger Safety AG & Co.,German,,,
28084,Brunton,American,,1894.0,
28093,UNICEF United Nations Children's Fund,,,1946.0,
28107,"Westminster Industries, a division of Zelco Industries, Inc.",American,,,
28110,"Porzellan-Manufaktur Nymphenburg, Germany",German,,,
28113,Maharam,,,,
28128,Paris Observatory,,,,
28148,"molo design, ltd., vancouver, canada",,,2004.0,
28211,"Plus Minus Zero Co., Ltd.",Japanese,,2003.0,
28215,"S. A. Weller Pottery, Zanesville, Ohio",,,1872.0,1948.0
28219,Capsters,Dutch,,,
28249,"Design Continuum, Inc.",American,,1983.0,
28250,Master Lock Company,American,,1921.0,
28265,"Java Jacket, Inc.",American,,,
28272,"Hondatsuhin Kogyo Co., Ltd.",Japanese,,1974.0,
28274,Designskolen Kolding,Danish,,1967.0,
28279,Ronald J. French,American,,1938.0,
28319,"Umbra, Buffalo, New York",,,1979.0,
28322,Laerdal Medical Corporation,American,,1967.0,
28325,Crye Associates,American,,2000.0,
28330,Karen Chen,Taiwanese,,1977.0,
28335,"Kokuyo S&T Co., Ltd.",Japanese,,,
28351,"Con Edison, Consolidated Edison Company of New York, Inc.",American,,1823.0,
28352,Neo Human Toys,Dutch,,2003.0,
28379,"Global Village Shelters, LLC",American,,,
28380,Weyerhaeuser,American,,,
28381,Daniel Ferrara,American,,1941.0,
28382,Mia Ferrara,American,,1977.0,
28383,"Ferrara Design, Inc.",American,,1968.0,
28387,Architecture and Vision,German,,2003.0,
28394,Viking Life-Saving Equipment A/S,Danish,,1960.0,
28395,Nikhil Garde,Danish,,1972.0,
28397,Aldo DiBelardino,American,,1969.0,
28398,Ezio DiBelardino,Italian,,1944.0,
28401,Grundfos Management A/S,Danish,,,
28459,E. Hoole,British,,,
28476,Adam Thorpe,British,,1969.0,
28477,Joe Hunter,British,,1967.0,
28479,Anders Hansen,Norwegian,,1971.0,
28498,The Pennsylvania State University,American,,1882.0,
28512,DuCast,Emirati,,,
28513,Shanxi Yuansheng Industrial Co.,Chinese,,,
28514,ECCLES,Chinese,,,
28515,Gin L. Eng,American,,1950.0,
28516,Marco Meza,American,,1947.0,
28519,Bezalel Academy of Art and Design,Israeli,,1906.0,
28527,"Bezalel Labs Research & Development, Bezalel Academy of Art and Design",Israeli,,1906.0,
28550,assume vivid astro focus,,,,
28726,Jean-Francois Moriceau,French,,1974.0,
28871,Muntean/Rosenblum,,,,
28881,Anonymouse,,Male,,
28890,"Siemens Transportation Systems, Inc.",American,,,
28915,"Setco, Inc., a division of Kerr Group, Inc.",American,,,
28927,Paul Treible,American,,1968.0,
28928,Jon Leyfert,American,,1963.0,
28930,Marc Plawner,American,,1974.0,
28931,Erika Gerzsenyi,American,,1972.0,
28932,Pollen Design,American,,1997.0,
28933,"Computer Design, Inc.",American,,1988.0,
28934,John Swann,British,,,
28935,Ernest Kortschak,Canadian,,,
28936,Desmond Mayne,Canadian,,,
28937,Marcus Carius,Canadian,,,
28938,Vicki Theriault,Canadian,,,
28939,EVAC+ Design/Engineering Team,Canadian,,2001.0,
28940,De Wisselstroom,Dutch,,,
28941,IDSland,French,,2000.0,
28944,"SQUINT/OPERA, London, England",,,2002.0,
28977,Edward G. Sutt Jr.,American,,1968.0,
28988,Marbek,British,,,
28998,William J. Mac Donald,American,,1956.0,
29002,Laerdal Medical Corporation Design and Development Team,American,,1967.0,
29003,Jim Traut,American,,1956.0,
29005,James Lamb,British,,1971.0,
29021,Dennis Carlson,American,,1946.0,
29032,Byron Qually,South African,,1973.0,
29033,Richard Perez,South African,,1970.0,
29034,Etienne Rijkheer,South African,,1949.0,
29036,John Hutchinson,South African,,1952.0,
29062,Crye Precision,American,,,
29068,North Safety Products Development and Manufacturing Team,American,,1973.0,
29069,North Safety Products,American,,1973.0,
29180,Emissive Energy Corp.,American,,,
29209,Trapinex Sérigraphie-Offset,French,,,
29216,Multiple manufacturers,,,,
29218,Bård Eker Industrial Design,Norwegian,,1994.0,
29219,K8 Industridesign,Norwegian,,1998.0,
29220,Bjørn Refsum,Norwegian,,,
29221,Hilde Angelfoss Øxseth,Norwegian,,,
29230,Derek Ryden,British,,1956.0,
29235,Anders Mohss,Swedish,,1958.0,
29240,Sam Scheinberg,American,,1941.0,
29241,Wisser Verpackungen GmbH,German,,,
29242,Greg Marting,American,,1960.0,
29245,Dr. Howard Wright,American,,1956.0,
29246,"Koller-Craft Manufacturing, Inc.",American,,,
29254,SenTechBioMed Corporation,American,,,
29354,MIT Media Laboratory,American,,1985.0,
29410,Dean Chapman,British,,1965.0,
29415,"Howard Leight Industries, LLC, a division of Bacou-Dalloz Hearing Safety Group",American,,1971.0,
29416,"Westone Laboratories, Inc.",American,,1959.0,
29423,Evermore Company,Chinese,,,
29425,Stokke AS,Norwegian,,,
29442,"Art & Project, Amsterdam",,,1968.0,1989.0
29506,John Hunter,American,,1965.0,
29528,Kevin & Jennifer McCoy,American,,,
29533,Thomas W. Fleming,American,,1944.0,
29534,Howard S. Leight,American,,1940.0,
29535,Colin Williams,American,,1948.0,
29536,"John A. Jenkins, Jr.",American,,1966.0,
29538,Nautic & Art,Canadian,,,
29541,Robert D. Galli,American,,1956.0,
29551,Frans Verdonck,Dutch,,,
29552,"Aero Sekur, Italy",Italian,,,
29563,Creswell Manufacturing,Indian,,,
29566,OFFECCT,Swedish,,1990.0,
29568,Mike Thomas,American,,1963.0,
29590,Emily Feather,,Male,,
29630,Yamagiwa Corporation,,,1994.0,
29631,Steven K. Levine,American,,1946.0,
29632,"Brandir International, Inc., New York",,,1979.0,
29661,"Arnolfo di Cambio, Italy",,,,
29681,"grupo aranea, Alicante",,,1998.0,
29705,"Mansilla+Tuñón, Arquitectos, Madrid",,,1992.0,
29711,"Morphosis, Santa Monica, CA",,,1972.0,
29714,Benedetta Tagliabue,,,,
29717,"MTM arquitectos, Madrid",,,1993.0,
29718,Javier Peña,,,,
29719,Javier Fresneda,,,,
29720,Javier Sanjuan,,,,
29721,"Cloud 9, Barcelona",Spanish,,1997.0,
29725,SANAA,,,1995.0,
29741,"Issey Miyake, Inc., Tokyo, Japan",,,1970.0,
29742,Lee Jong-Ok,Korean,,1971.0,
29744,"Ulji, Inc., Korea",,,1994.0,
29774,Gianni Gamberini,Italian,,,
29775,"Sormani Nucleo, Italy",,,,
29850,"RCR Arquitectes, Olot",,,1988.0,
29875,Anon,,Male,,
29877,"Atelier Martine, Paris, France",,,1911.0,1930.0
29945,Ellen van Loon,,,,
29979,IRWIN,Slovenian,,1983.0,
29983,Gorgona artists group,Croatian,,1959.0,1966.0
30060,Moroso S.p.A.,,,,
30071,Petra Mrzyk,German,,1973.0,
30072,Moriceau + Mrzyk,,,,
30109,Nic Hess,Swiss,,1968.0,
30133,"Niels Borch Jensen Værksted for Koppertryk, Copenhagen",,,,
30189,Emigre Inc.,American,,1987.0,
30203,"XPIRAL, Murcia",,,1997.0,
30204,"Acconci Studio, New York",American,,1988.0,
30469,"Griffelkunst-Vereinigung, Hamburg",,,,
30583,"The Vanity Press, London",,,,
30602,"Stafford-Johnson Seating Corporation, Ionia, Michigan",,,,
30604,Carl Fischer,American,,1924.0,
30654,Gary Hincks,,,1949.0,
30665,"Kvadrat, Ebeltoft, Denmark",,,1965.0,
30695,Materialise NV,Belgian,,1995.0,
30726,Plank Collezioni Srl,Italian,,1983.0,
30755,Gottlieb Soland,Swiss,,1928.0,
30850,Maria Thereza Alves,,Female,,
30865,Fritz Bergler,,Male,1955.0,
30871,Christine Boyer,,Female,,
30873,Kathy McArdie,,Female,,
30878,Anne Burdick,,Female,,
30885,David Crow,Scottish,Male,,
30889,Die Damen,,Female,,
30890,demonstate,,,,
30891,The Designers Republic,,,,
30894,Dezentrale Medien,,,,
30895,Mirjana Djordjevic,,Female,,
30901,Mehmet Emir,Turkish,Male,,
30903,Annika Eriksson,,Female,,
30906,Marina Faust,,Female,,
30907,Richard Fenwick,British,Male,,
30909,Fork Unstable Media,,,,
30911,Pia Gazzola,Italian,Female,,
30918,Richard Gordon,American,Male,,
30924,Elisabeth Plank,,Female,,
30929,Gruppe Or-Om,,,,
30934,Susan Hapgood,American,Female,,
30943,Horßkovß and Maurer,,,,
30944,Stephan von Huene,,Male,1932.0,2000.0
30948,Ann Veronica Janssens,,Female,,
30950,Daniel Jewesbury,British,Male,,
30951,Adrian Jones,,Male,,
30957,Udo Kittelmann,,Male,,
30958,Klub 2,,,,
30962,Mads Ranch Kornum,Danish,Male,,
30963,Anna Kowalska,,Female,,
30964,Marek Kozera,,Male,1957.0,
30966,Gregor Kristof,,,,
30970,Kurt & Plasto,,,,
30972,Cornelia Lauf,,Female,,
30975,Hans Peter Litscher,,Male,,
30977,Logicaland,,,,
30978,Martin Löw-Beer,,,,
30981,Juan Maidagan,Argentine,Male,,
30985,Alexander and Susan Maris,,,,
30992,Cornelia Mittendorfer,,Female,,
30994,Martin Mrazik,,,,
30995,Eva Mrazikova,,,,
31004,Aleksandr Petljura,,Male,,
31005,Cathrin Pichler,,Female,,
31007,Lisl Ponger,Austrian,Female,,
31008,Tim Sharp,,Male,1974.0,
31011,Rob Pruitt,,Male,,
31017,Reala,,,,
31021,"2x4, Inc.",American,,1994.0,
31025,Bella Ban,,Female,,
31036,Rudolf Schmitz,German,,,
31038,Wolfgang Schneider,German,,1950.0,
31039,Rainald Schumacher,German,Male,,
31041,Bruno Serralongue,,Male,,
31047,Spin,,,,
31048,Wolfgang Staehle,German,Male,,
31049,Isa Stech,,,,
31053,Helmut Stockhammer,,,,
31055,Andrea van der Straeten,,Female,,
31057,Ernst Strouhal,,Male,,
31058,Beatrix Sunkovsky,,Female,,
31059,Violet Suk,,Female,,
31060,Martin Koch,,Male,,
31062,Christoph Tannert,,Male,1955.0,
31063,Tomato,,,,
31064,Alexei Tylevich,,Male,,
31065,Vectorama.org,,,,
31066,Marek Kvetan,,,,
31067,Wahlpartie,,,,
31070,Lois Weinberger,,Female,,
31071,Barbara Westman,,Female,,
31076,Lansheng Zhang,Chinese,Male,,
31151,Wendy Furman,,,,
31152,Roy Lichtenstein Foundation,,,,
31253,Kathleen Lindsley,,,,
31260,Ross McElwee,,Male,,
31261,Stan Philips,,Male,,
31265,Charlotte Zwerin,,Female,,
31278,Wolf Gremm,,Male,,
31283,Shirley Cheechoo,,Female,,
31284,Nicole Kassell,,Female,,
31297,Dee Dee Halleck,,Female,,
31299,Edward Herman,,Male,,
31300,Vincent Mosco,,Male,,
31303,Bruno Latour,,Male,,
31304,Martine Aballea,,Female,1950.0,
31305,Peter Fend,,Male,,
31306,Robert McChesney,,Male,,
31310,monochrom,,,,
31311,get to attack,,,,
31318,Emmerich Talos,,Male,,
31319,Theo Steiner,,Male,,
31320,Martin Adel,,Male,,
31322,Klaus Ottomeyer,,Male,,
31323,Slavoj Žižek,,Male,,
31328,Horit Herman Peled,Israeli,Female,,
31329,Deborah Kelly,Australian,Female,,
31330,Ellen Moffat,,Female,,
31331,Trebor Scholz,,Male,,
31332,Jill Dawsey,,Female,,
31333,Mary Jo Walters,,Female,,
31336,Martin Polak,Czech,,,
31337,Lukas Jasansky,Czech,,,
31338,Little Warsaw,,,,
31339,Katerina Seda,,Female,,
31345,Kirsten Pieroth,German,Female,,
31347,Silvie Vondrejcova,,Female,,
31348,Julie Ryan,,Female,,
31349,Alexandra Domanovic,,Female,,
31351,Markus Leixner,,,,
31352,Sarah Schneider,,Female,,
31353,Chen Xi,Austrian,,1966.0,
31355,Christoph Priglinger,,Male,,
31358,Marianne Kampel,,Female,,
31359,Caroline E. Heider,,Female,,
31361,Natasa Berk,,Female,,
31363,Miriam Kathrein,,Female,,
31365,Andrea Starl,,Female,,
31366,Vedra Pilipovic,,,,
31368,Irma Tulek,,Female,,
31369,Julia Seyr,,Female,,
31370,Sofia Goscinski,,Female,,
31371,Katharina Hager,,Female,,
31374,Lucas Zallmann,,,,
31376,Maria Crista,,Female,,
31378,Roberto Ohrt,,Male,1954.0,
31381,Franz Kaltenbeck,Austrian,Male,,
31382,Yann Aussant,French,,,
31408,Roberto Rossellini,Italian,,1906.0,1977.0
31430,Demakersvan,,,2004.0,
31447,KDDI Corporation,Japanese,,1953.0,
31589,unknown,,,,
31610,"Airstream, Inc.",American,,1931.0,
31612,"RIMA, Padua, Italy",Italian,,1916.0,
31614,Established & Sons,British,,2005.0,
31615,Claudio Salocchi,Italian,,1934.0,
31652,John Reekie,American,,,
31699,Papo Colo,,Male,,
31706,Anthony Tennant,,,,
31737,Kayrock and Wolfy,American,Male,,
31879,Frank Powell,,Male,,
31891,Unknown Director,,,,
31897,Pathé Frères,French,,1896.0,
31898,Travers Vale,,Male,1865.0,1927.0
31909,Stuart Kinder,,Male,,
31912,Harry Lambert,,Male,1876.0,1949.0
32008,"HAY, Denmark",,,2002.0,
32051,Øivind Resch,Norwegian,,1961.0,
32064,Martin Boykan,,,,
32067,"Given Imaging Ltd., Israel",Israeli,,1998.0,
32099,Edouard Hoffmann,Swiss,,,
32101,Lacloche Gallery,,,,
32104,Riccardo Rosso,Italian,Male,,
32113,Charles Decroix,,Male,,
32116,George Lessey,,Male,,
32121,James Young,,Male,,
32125,Harry Bedos,French,Male,,
32147,Marchatti,,,,
32176,Ant Farm,American,,,
32181,Laurence Attali,,,,
32193,Lino Brocka,,Male,,
32234,"Colli, Turin",,,,
32283,Paul Leni,German,,1885.0,1929.0
32324,Wallace McCutcheon,,Male,1858.0,1910.0
32327,Orlando Mesquita,,,,
32338,Paper Tiger Television,American,,1981.0,
32424,Stan VanDerBeek,American,,1927.0,1984.0
32443,David Williams,,,,
32472,Experimental Jetset,Dutch,,1997.0,
32473,Sonic Youth,American,,1981.0,
32523,Reena Spaulings,,Female,,
32537,Hans Georg Schiebel,,,,
32624,David Leidig,,,,
32657,Design Collaborative Montreal Ltd.,,,1965.0,1977.0
32658,Rolf Harder & Associates Inc.,,,1978.0,
32672,Bernard Bohn,,,,
32706,KPN,,,,
32717,El Ultimo Grito,Spanish,,1997.0,
32719,"Kidrobot, New York",,,2002.0,
32726,"Montis b.v., the Netherlands",,,1975.0,
32736,Tilt,French,,,
32737,"DOMA, Argentina",,,,
32738,Cycle,American,,,
32739,David Flores,American,,,
32742,Thomas Han,Chinese,,1979.0,
32840,Luc Derycke,,,,
32879,Martin Glanzman,American,,,
32882,Carlo Naya,,,,
32904,Pere Viladecans,,Male,,
32905,Daria Esteva,,Female,,
32932,Rizoto,,,,
32933,Tekin,,,,
32944,Nice Style The World's First Pose Band,,,1971.0,1975.0
32945,Bruce McClain,Scottish,,1944.0,
32947,Nelson Ricardo Savinon,American,,1971.0,
32968,Design Interactions Department,British,,1989.0,
32989,Tisch School of the Arts,American,,1965.0,
32990,Interactive Telecommunications Program,American,,1979.0,
32996,"NTT DOCOMO, Inc.",Japanese,,1991.0,
32998,nendo,Japanese,,2002.0,
33002,Beta Tank,British,,2007.0,
33005,Crisform,Portuguese,,,
33006,Vilabo,Portuguese,,,
33026,AEDS Ammar Eloueini Digit-all Studio,French,,1997.0,
33035,Joris Laarman Studio,,,2006.0,
33050,Jayden D. Harman,Australian,,1949.0,
33051,"PAX Scientific, Inc.",American,,1997.0,
33052,"PAX Water Technologies, Inc.",American,,,
33070,Bertjan Pot,Dutch,,1975.0,
33071,Moooi,,,,
33073,"SMIT Sustainably Minded Interactive Technology, LLC",American,,2005.0,
33080,Aranda/Lasch,American,,2003.0,
33082,International Electrotechnical Commission (IEC),Swiss,,1906.0,
33113,Studio Libertiny,,,2006.0,
33117,"Loop, pH",British,,2003.0,
33130,The Opte Project,American,,2003.0,
33149,One Laptop per Child,American,,2005.0,
33152,"Red Hat, Inc.",American,,1993.0,
33171,Aesthetics + Computation Group,American,,1996.0,
33198,Jacques Gagné,Canadian,,1959.0,
33199,Gecko Design,American,,1996.0,
33200,Bret Recor,American,,1974.0,
33201,Colin Bulthaup,American,,1976.0,
33202,Squid Labs,American,,2004.0,
33203,Quanta,Taiwanese,,1988.0,
33207,Jan Edler,German,,1970.0,
33208,realities:united,German,,2000.0,
33215,Ines Lombardi,,Female,,
33216,G.R.A.M.,,,,
33219,Jack Hauser,,Male,,
33220,Barbara Kraus,,Female,,
33246,Hulger,British,,2004.0,
33293,Spatial Information Design Lab,American,,2004.0,
33294,"Graduate School of Architecture, Planning and Preservation, Columbia University",American,,1881.0,
33301,Michael Watling,New Zealander,,1941.0,
33302,Opdo Limited,New Zealander,,2003.0,
33342,Google Inc.,American,,1998.0,
33354,the artist's studio,,,,
33357,Kazuhiro Ueno,Japanese,,,
33362,"IDEA International Co., Ltd.",,,,
33370,Christopher Blizzard,American,,1973.0,
33371,Mark Foster,American,,1960.0,
33444,Decca Records,,,1929.0,
33449,Capitol Records,,,1942.0,
33474,Richard Davis,,Male,,
33739,Jean Chetaille,,,,
33801,Internotredici Associati,Italian,,1970.0,1983.0
33802,Gianni Ferrara,Italian,,1928.0,
33803,Nilo Giocchini,Italian,,1946.0,
34027,Guyton\Walker,American,Male,,
34067,David Strohmaier,,Male,,
34070,Michael Mann,,Male,,
34071,Bill Condon,,Male,,
34073,Brad Silberling,,Male,,
34074,Mark Waters,,Male,,
34075,Richard Linklater,,Male,,
34076,Anthony Minghella,,Male,,
34077,Trey Parker,,Male,,
34113,Robert Pasut,,,,
34153,Estudio Teddy Cruz + Forman,American,,2000.0,
34168,Kengo Kuma & Associates,,,1990.0,
34184,John Lloyd Wright,American,,1892.0,1972.0
34210,"Porzellan Fabrik Gebrüder Bauscher, Weiden, Germany",,,,
34211,"Königliche Porzellanmanufaktur, Meissen, Germany",,,,
34217,Peter Haythornthwaite,New Zealander,,1944.0,
34296,Haythornthwaite//Creativelab,New Zealander,,2000.0,
34307,Andrew Haythornthwaite,New Zealander,,1980.0,
34308,David Haythornthwaite,New Zealander,,1978.0,
34310,William J. Russell,American,Male,,
34333,Z Corporation,American,,,
34407,"Gravure, New York",,,,
34411,George Lois,American,,1931.0,
34413,Katarzyna Kobro,,Female,,
34415,BBPR,,,1932.0,
34431,Eurocarbon BV,,,,
34465,Barney Kulok,American,,1981.0,
34536,von Foerster,,Male,1911.0,2002.0
34539,iGuzzini illuminazione S.p.A.,,,1958.0,
34543,einLab,American,,,
34549,Shini Pararajasingham,,,,
34551,Haim Steinbach,American,,1944.0,
34557,Gilberto Corretti,Italian,,1941.0,
34623,Robin Fletcher,,,,
34624,Gary Chitty,,,,
34625,Paul Richards,,,,
34638,Eric Convents,,Male,,
34639,Roger Steylaerts,,Male,,
34650,Slavs and Tatars,,,2005.0,
34660,"Gebrüder Thonet, Koritschan, Moravia (Czech Republic)",,,,
34671,The Beatles,,,1960.0,
34673,Residents,American,,1972.0,
34674,Devo,American,,1973.0,
34725,Pierre Missey,French,,,
34740,Philip Glass,American,,1937.0,
34790,Cabaret Voltaire,,,,
34791,Downtown Community TV Center,,,1972.0,
34792,Fishbone,,,,
34793,Raindance Corporation,,,,
34794,Test Dept.,British,,1981.0,
34795,The Coil,British,,1982.0,
34796,TVTV,American,,1972.0,
34798,University Community Video,,,,
34799,Video Free America,,,,
34802,John Evan Hughes,,Male,,
34806,Doris Cross,American,,1906.0,
34807,Pierre Binggeli,,,,
34808,Jill Godmilow,,,,
34810,Adam Friedman,,Male,,
34814,Annabel Jankel,British,Female,,
34825,Bruce Gowers,British,Male,,
34826,Charlie Levi,,Male,,
34827,Chen Jue,,,,
34828,Chuck Statler,,Male,,
34833,David Hogan,,Male,,
34834,David Mallet,,Male,,
34836,Dean Winkler,,Male,,
34840,Don Munroe,,Male,,
34845,Gary Glassman,,Male,,
34854,Jean-Bernard Menoud,,Male,,
34855,Jeff Stein,,Male,,
34856,Jim Mulligan,,Male,,
34858,Joe Dea,American,Male,,
34859,John DeGraaf,,Male,,
34874,Mary McFerran,American,Female,,
34880,Mindy Faber,,Female,,
34891,Philippe Gautier,,Male,,
34900,Robert Withers,,Male,,
34904,Sandy McLeod,,Female,,
34906,Sherry Miller,,Female,,
34918,Susan Milano,,Female,,
34934,Stanley Dorfman,,Male,,
34935,Jim Yukich,,Male,,
34939,Steve Barron,,Male,,
34943,Jean Baptises-Mondino,,Male,,
34948,Matthew Rolston,American,Male,,
34949,Sam Bayer,American,Male,,
34950,Floria Sigismondi,Italian,Female,,
34951,Dom + Nic,,,,
34952,Walter Stern,,Male,,
34953,Marcus Viner,,Male,,
34990,Arista Records,,,1974.0,
35002,Epic Records,,,1953.0,
35022,Virgin Records,,,1972.0,
35059,Typosophic Society,,,,
35060,Typosophes sans frontieres,,,,
35063,Filippo di Giovani,Italian,Male,,
35064,Fernando Palma de Rodriguez,Mexican,Male,,
35115,Karl Elsener,Swiss,,1860.0,1918.0
35129,"Bialetti Industrie Sp.A., Italy",,,1919.0,
35135,Meubles TV,French,,,
35143,Diller Scofidio + Renfro,,,1979.0,
35165,Brüder Rasch,German,,,
35207,FXFOWLE,American,,1978.0,
35225,Art Workers' Coalition,,,,
35343,Atelier,British,,,
35401,Magis SpA,,,1976.0,
35420,Bonnie Camplin,British,,1970.0,
35422,Alasdair Gray,Scottish,,1934.0,
35425,Yeondoo Jung,,Male,,
35434,Robert Shaye,,Male,,
35436,Gavin Hood,,Male,,
35437,Roger Michell,,Male,,
35438,Ronald Bronstein,,Male,,
35455,Bob Snyder,American,Male,,
35462,Ou Ning,,,,
35469,CADA (Colectivo Acciones de Arte),Chilean,,1979.0,1985.0
35476,David Blair,,Male,,
35479,Deanna Kamiel,Canadian,Female,,
35483,Disarmament Video Survey Collection,,,,
35496,Yoko Maruyama,,Female,,
35497,Karen Ranucci,,Female,,
35498,Victor Sanchez,,Male,,
35512,R.E.M.,,,,
35541,Kit Galloway,American,Male,,
35542,Sherrie Rabinowitz,American,Female,,
35558,Luc Bourdon,Canadian,Male,,
35562,Carole Klonarides,,Female,,
35565,Makoto Shinkai,,,,
35569,Margaret Moores,Canadian,Female,,
35573,Melodie McDaniel,,Female,,
35576,Olivier Gondry,French,Male,,
35577,Michelle Parkerson,American,Female,,
35580,Naoko Karotsuka,Japanese,Female,,
35584,New Orleans Video Access Center,,,,
35585,Andy Kolker,,Male,,
35586,Louis Alvarez,,Male,,
35591,Optic Nerve,,,,
35592,Lynn Adler,,Female,,
35593,Bill Bradbury,,Male,,
35602,Philip G. Atwell,American,Male,,
35615,Sachiko Hamada,,Female,,
35616,Scott Sinkler,,Male,,
35625,Ween,,,,
35628,Takahiko Imura,,,,
35630,Tim Hope,,Male,,
35631,King Biscuit Time,,,,
35636,Victor Huey,,Male,,
35637,Victor Lopes,Brazilian,Male,,
35646,Chi Jian,,Male,,
35647,Zhou Xiaohu,,Male,,
35660,Vega Films,,,,
35672,Bick Productions,,,,
35717,Anita Thacher,,Female,,
35734,Video Information Center,,,,
35744,deepdesign,,,1995.0,
35745,"Tecnodelta S.p.A., Italy",,,,
35746,Ivy Rutzky,,,,
35850,Elias Hjörleifsson,Icelandic,,1945.0,2001.0
35858,Patrick Blackwell,,,,
35865,ACT UP (AIDS Coalition to Unleash Power),American,,,
35890,Joseph Charles Parker,,,1924.0,
35910,Alex Poruchnyk,,Male,,
35911,Diane Poitras,,Female,,
35913,Margarita D'Amico,,Female,,
35914,Manuel Manzano,,Male,,
35916,Marc Paradis,,Male,,
35934,"bv Koninklijke van Kempen & Begeer, The Netherlands",,,,
35938,Diamond Match Company,,,,
35954,One Off Ltd.,,,,
35969,Barkow Leibinger Architects,,,1993.0,
35983,Metalarte,,,1932.0,
35990,The Collective Actions Group,,,,
36070,Dean Lubensky,American,,1966.0,
36091,Kram/Weisshaar,,,2002.0,
36157,Henry Selick,American,,1952.0,
36203,Edizioni Brogi,Italian,,1860.0,1929.0
36206,H. William Tupper,American,,,
36218,Pach Brothers,American,,1867.0,1947.0
36444,New York Architects,,,1984.0,1994.0
36597,Unknown Artist,British,,,
36649,Fluxus Collective,,,,
36651,BBB Bonacina,,,,
36686,Ron Costley,British,,,
36687,Peter Lyle,,,,
36688,John Andrew,,,,
36690,Carl Heideken,,,,
36779,Irwin Gershen,,Male,,
36808,Osiah Masekoameng,South African,Male,,
36828,Charlemagne Palestine,,,,
36834,Anna Halprin,,,,
36882,F. Schumacher & Co,,,1889.0,
36946,Hi Red Center,,,1963.0,1964.0
36962,Unknown Designer,Polish,,,
36978,"Kavalier, Sázava",,,,
36986,Rasch Brothers & Co.,,,,
36990,Renatus Kuno,,,,
36995,"Springer & Co, Loket, for Družstevní práce (Cooperative Work), Prague",,,,
36997,Jun Homma,Japanese,,1975.0,
36998,Leading Edge Design Corp.,Japanese,,1991.0,
37000,Jeff Berner,,Male,,
37001,Jack Coke’s Farmer’s Co-op,,,,
37003,Jane Knížák,,Female,,
37011,Herman Seidl,,,,
37013,Robinson Devor,,Male,,
37038,Jennifer Grausman,,Female,,
37039,Todd McCarthy,,Male,,
37040,Carles Asensio Monrabà,,Male,,
37063,The Hallicrafters Company Design and Research Team,,,,
37088,Talking Heads,,,,
37092,Blondie,,,1975.0,
37166,Black Flag,,,,
37205,Policeband,,,,
37251,David Johnson,,,,
37256,Glenn Branca,American,,1948.0,
37258,Lydia Lunch,,,,
37260,Marquis de Villeneuve-Bargemont,French,Male,,
37280,Paul Wegener,German,,1874.0,1948.0
37300,Sauerbruch Hutton,,,1989.0,
37336,Desalto,,,1991.0,
37354,Vipp,Danish,,1939.0,
37372,Iroje Architects & Planners,Korean,,1989.0,
37375,yo2 Architects Ltd.,,,1998.0,
37394,Keenen Riley Architects,,,1984.0,
37484,Phu-Nam Thuc Ha,Vietnamese,,1974.0,
37497,Bob Grimes,American,Male,,
37499,Dave Thompson,,Male,,
37536,B. D. Fox Independent,,,,
37545,Gianni-Emilio Simonetti,Italian,,1940.0,
37558,"Nordiska Kompaniet Textilkammare, Stockholm",,,,
37586,Lacaton & Vassal Architectes,French,,1987.0,
37596,Leo Wollner,Austrian,,1925.0,1995.0
37601,Bo Welch,,,,
37602,Robert Dawson,,,,
37603,Tom Duffield,,Male,,
37604,Sam Winston,,Male,,
37653,Manufacturer: BLT and Associates,,,,
37662,Bemis Balkind,,,,
37667,COMA Amsterdam / New York,,,1996.0,
37699,Harold Krieger,,,,
37708,"Infinitoy, San Mateo, CA",,,,
37709,"Manfrotto Feltre Production Facilities, Feltre, Italy",,,1972.0,
37719,Destroy All Monsters,,,,
37755,Jane Crawford,,,,
37785,"Venesta, Estonia",Estonian,,,
37813,Blutch,,Male,,
37815,Marie Caillou,,Female,,
37816,Pierre Di Sciullo,,Male,,
37822,Ted Braun,American,Male,,
37829,Stewart Bird,,Male,,
37830,Deborah Shaffer,,Female,,
37850,"LTL Architects, PLLC",,,,
37855,Kukryniksy (collective),Russian,,1924.0,
37858,V. Pshenichnikov,Russian,,,
37869,Sonia Švecová,,Female,1946.0,
37888,Werkplaats Martin van Oel,Dutch,,1990.0,
37922,Hermann Misler,German,Male,,
37923,F. Rubes,nationality unknown,,,
37925,H. Pinparra,nationality unknown,,,
37941,Geir Eide,Norwegian,,1963.0,
37942,Lina Aker,Norwegian,,1979.0,
37943,Fredrik Brodtkorb,Norwegian,,1971.0,
37944,"Krabat AS, Norway",,,2006.0,
37949,Richard Schadewell,German,Male,,
37950,"H. Fuld & Co. Telefon und Telegraphenwerke AG, Frankfurt",,,,
37967,"VEB Ernst-Thälmann-Werke, Suhl, DDR East Germany",,,,
37992,Klaus Groh,Polish,,1936.0,
37999,Brian Buczak,,,,
38018,"Kotobuki, Japan",,,,
38019,"Teraoka Seiko Co., Ltd., Japan",,,,
38037,Enrico Imoda,Italian,Male,,1910.0
38042,Spike Jones,,,,
38045,Brooks Williams,American,,1958.0,
38046,Nancy McElroy,,,,
38080,Jeffrey Schier,,Male,,
38100,Bradford Smith,,Male,,
38127,Jill Richards,,Female,,
38170,"United Democratic Front (UDF), South Africa",,,1983.0,1991.0
38174,"Congress of South African Trade Unions (COSATU), South Africa",,,1985.0,
38189,Tinus Boshoff,South African,Male,,
38190,Chris Diedericks,,Male,,
38192,Alex Flett,Scottish,Male,,
38193,Vukile Teyise,South African,Male,,
38196,Penny George,South African,Female,,
38198,Nyaniso Christopher Lindi,South African,Male,,
38199,Joseph Madisia,Namibian,Male,,
38208,Dominic Thorburn,South African,Male,,
38210,Amira Wasfy,Egyptian,Female,,
38214,BIG-Bjarke Ingels Group,,,2005.0,
38224,Studio AR.DI.TI,Italian,,1969.0,
38227,Judy Seidman,American,Female,,
38229,Le Van Danh,Vietnamese,,1965.0,
38237,Don Lauffer,,,,
38245,Marcel Alocco,French,,1937.0,
38251,RCM di Bianco,,,,
38258,David Thompson,,,,
38263,Virgilio Forchiassin,Italian,,,
38270,Philip Krumm,American,,1941.0,
38294,"Union Paper Bag Machine Company, Philadelphia, PA",,,1869.0,1999.0
38298,Thomas Hamilton,,,,
38395,Peter R. Meyer,,,,
38410,Moorhead & Moorhead,,,2000.0,
38423,Save The Press Campaign,,,1988.0,1990.0
38425,"Gardens Media Group, Cape Town",,,,
38427,"Medu Art Ensemble, Gaborone, Botswana",,,,
38456,"Brown Manufacturing Company, Decatur, GA",,,,
38466,"Iskra, Ljubljana, Yugoslavia (now Slovenia)",,,,
38469,"Lerival, New York",,,2008.0,
38524,Tomasz Sarnecki,Polish,Male,,
38552,Olivier Debroise,,Male,,
38557,Paul Garrin,,Male,,
38563,American Type Founders,,,1892.0,
38608,Hans Werckmeister,,,,
38611,Ewald André Dupont,,,,
38612,Richard Eichberg,,,,
38613,Kurt Gerron,,,,
38614,Nicholas Kaufmann,,,,
38615,Wilhelm Prager,,,,
38623,Rudolf Eickemeyer Jr.,American,Male,,
38627,Emilie V. Clarkson,American,,,
38629,Rose Clark,American,Female,,
38631,Elizabeth Flint Wade,American,,,
38635,John E. Dumont,,Male,,
38636,William B. Dyer,,Male,,
38638,William A. Fraser,,Male,,
38639,William D. Murphy,,Male,,
38660,Emma Justine Farnsworth,American,Female,,
38699,UN Studio,,,1998.0,
38713,Beastie Boys,,,1979.0,
38741,Alex Dodge,American,,1977.0,
38786,Weezer,,,,
38787,Public Enemy,,,1982.0,
38788,Fatboy Slim,,,,
38854,Louis Emerman,American,Male,,
38880,PH Stalmobler,Danish,,,
38886,SUPERFLEX,Danish,,,
38922,Pirwi,,,2007.0,
38942,Peter Hassmann,,,,
38945,Kirsten Everberg,American,,1965.0,
38949,Debnath Basu,Indian,,1961.0,
38950,Anandajit Ray,Indian,,1965.0,
38978,Ludwig Hoffenreich,Austrian,,1902.0,1975.0
39003,Frances Macdonald,British,,1873.0,1921.0
39007,Carl Becker,,,,
39008,Brett Murray,,,,
39013,Sophie Peters,,,,
39014,Grant Schreiber,,,,
39015,Jane Solomon,,,,
39032,Suirei Kubota,Japanese,,,
39034,J.L. Hammett Co.,,,,
39035,Colombini & Guzzetti,,,,
39036,"Milton Bradley Co., Springfield, MA",,,,
39037,E. Steiger and Co.,,,,
39039,Walter Kindler,,,,
39045,Franziska Krammel,,Female,,
39049,Michael Epp,,Male,,
39059,Top-System Burkhard Lübke,,,,
39061,Quasar (Nguyen Manh Khanh),Vietnamese,,1934.0,
39110,BERG,,,2005.0,
39151,Interaction Research Studio,,,,
39187,"PIKO, Sonneberg, Germany",,,,
39223,Ushahidi,,,,
39236,Bandai,Japanese,,1950.0,
39238,SWAMP,,,1999.0,
39258,Akira Ikeda Gallery,,,,
39262,Lettie A. Allen,,Female,,
39263,Elizabeth Hallenbeck,,Female,,
39264,Abbie Herrick,,Female,,
39265,Mary Ethel Thompson,,Female,,
39266,Auguste Cohn,,Male,,
39268,Ella Steigelman,American,Female,,
39270,Rose A. Craigan,,Female,,
39271,Stella C. Salisbury,,Female,,
39272,Dorothy Sullivan,,Female,,
39273,Whitney Nolte,,,,
39274,Elva L. Brownson,,Female,,
39275,Grace A. Snyder,,Female,,
39276,M. A. Dillon,,Female,,
39277,Edith M. Barber,,Female,,
39278,Fannie E. Kachline,American,Female,,
39279,Margaret Heeps,,Female,,
39280,B. Ferrari,,,,
39281,Florence E. Piper,,Female,,
39282,Mahthilde Evans,,Female,,
39283,Betsy Connors,,,,
39325,Marc Bauer,Swiss,,1975.0,
39326,Philippe Decrauzat,Swiss,,1974.0,
39335,Grafton Architects,Irish,,1978.0,
39360,Marimekko,Finnish,,1951.0,
39361,Gloria Caranica,American,,1931.0,
39362,Mazzanti & Arquitectos,,,,
39380,Mr. Jones Design Ltd.,,,,
39398,littleBits,,,,
39466,Jonathan Shapiro,,,,
39467,End Conscription Campaign (ECC),,,1983.0,
39478,TEMPT1,American,,,
39496,New York University,,,1831.0,
39505,Studio B/C,French,,2009.0,
39585,Megahouse Corporation,Japanese,,1962.0,
39635,Art & Language,,,,
39639,Robert De Boeck,,Male,1944.0,1999.0
39640,Martin Maloney,,,,
39643,Ian Wilson,,Male,1940.0,
39655,"Saunders Corporation, Yonkers, New York",,,1858.0,
39659,Nadia Kaabi-Linke,Tunisian,,1978.0,
39762,T. R. Uthco,American,,,
39841,caraballo-farman,,,,
39855,"Ceramica Franco Pozzi, Gallarte, Italy",,,,
39925,A&E Design,Swedish,,1968.0,
39926,"Lectus Produktion AB, Mönsterås, Sweden",,,1987.0,
39951,Freddie Reeves,British,Male,,
39992,Paul Elliman,British,,1961.0,
40052,Prazsky,Czech,,,
40161,Goldsmiths,,,1891.0,
40162,University of London,,,1836.0,
40218,Fito Doring,,,,
40247,Mihajlo Arsovski,Croatian,Male,,
40257,Albert Lamorisse,French,,1922.0,1970.0
40294,Erwin Andra,German,,1921.0,
40304,Bob Sheff,American,,1945.0,
40336,Mimi Shevitz,,,,
40391,Grand Openings,,,,
40392,Jay Sanders,American,Male,,
40394,Eichinger oder Knechtl,,,,
40396,Bazon Brock,German,,1936.0,
40397,Hans Joachim Dietrich,German,,1938.0,
40400,Lambert Maria Wintersberger,German,,1941.0,
40424,Helen + Hard AS,Norwegian,,1996.0,
40428,Elliot Caplan,American,,,
40429,Les Rita Mitsouko,French,,1954.0,2007.0
40434,Elektrisk Bureau,,,,
40456,"Lamm S.p.A., Italy",,,1959.0,
40459,Snøhetta,,,1989.0,
40461,John Cavanaugh,,,,
40462,John Cale,Welsh,,1942.0,
40463,Pieter Vanderbeck,,,,
40470,Edo Jansen,,,,
40517,Anthony Cox,American,,,
40536,Jazz Lee Alston,,,,
40544,Margaret Rose,,Female,,
40561,F. Bacon,British,,,
40568,Simon Fujiwara,,Male,1982.0,
40572,MOS Architects,,,2003.0,
40704,Unknown designer,Hungarian,,,
40723,DAS INSTITUT,,,2007.0,
40743,Fabrice Mory,,,,
40744,Jean de Calduin,,,,
40781,Kjetil Trædal Thorsen,Norwegian,,1958.0,
40782,"Dresdener Werkstätten für Handwerkskunst, Dresden, Germany",,,,
40803,Bernard Bazile,,,1952.0,
40804,Gerwald Rockenschaub,,,,
40844,Herbert Spencer,,Male,,
40847,Justin Hoffmann,,,,
40848,Wally S.,,,,
40849,Ralf Hoedt,,,,
40850,Moira Zoitl,,,,
40851,Michael Zinganel,,,,
40872,William Graatsma,Belgian,,1925.0,
40873,Gruppe X,,,1966.0,
40879,Peter Struycken,Dutch,,1939.0,
40881,Gils Bakker,Dutch,,1942.0,
40882,Hideto Yamazaki,,,,
40883,Willem Breuker,,,,
40904,Daan van Golden,Dutch,,1936.0,2017.0
40905,Nicholas Pope,,,,
40906,Toon Verhoef,Dutch,,1946.0,
40907,Joris Geurts,Dutch,,1958.0,
40908,Emo Verkerk,,,,
40909,Narcisse Tordoir,Belgian,,1954.0,
40910,Adam Colton,,,,
40911,Jan Commandeur,,,,
40912,Zadok Ben-David,Israeli,,1949.0,
40913,Leo Vroegindeweij,,,,
40914,Han Schuil,,,,
40916,Ab van Hanegem,,,,
41034,"Royal Ahrend, Amsterdam",,,1896.0,
41153,A. Krapp,German,,,
41154,Wilhelm Schuler,German,,1875.0,
41158,Ottheinrich Strohmeyer,,,,
41164,Erich Goldbaum,German,,1899.0,1969.0
41165,Julius Kaufmann,German,,1885.0,
41168,Herbert Anger,German,,,
41182,Willy Szesztokat,,Male,,
41202,Wladislav Skotarek,Polish,,1894.0,1970.0
41211,Cesare Cavanna,,,,
41230,Waldemar Ohly,,,,
41265,Jakob Goldbaum,,,,
41285,X3 Studios,,,,
41292,Fluxus,,,,
41298,Brian Davis,,Male,,
41299,Philip Cushway,,Male,,
41300,John Holmstrom,American,Male,,
41303,Danny Fields,,Male,,
41305,Sophie Richmond,,,,
41306,John Varnom,,Male,,
41307,Julia Gorton,American,Female,,
41368,Stefan Szmai,,,1893.0,1974.0
41374,Lisa Pasedag,,,,
41375,E. Anger,,,,
41376,Eugen Hoffmann,,,,
41377,Willi Tegtmeier,,,,
41379,Oskar Birckenbach,,,,
41380,Lonni Ideler,,,,
41383,Roc Caivano,American,Male,,
41384,"Mihoya Glass Co. Ltd, Japan",,,,
41391,Georg Arndt,German,,,
41392,Rolf Tillmann,,,,
41393,Alfred Zacharias,German,,1901.0,
41399,Irving Rapper,,Male,1898.0,1999.0
41400,Ralph Thomas Ward (Corkie),,,,
41402,Donna Cameron,American,Female,,
41403,Bob Rogers,American,Male,,
41404,Jonathan Parker,,Male,,
41410,Bruno W. Reimann,,,,
41412,Eugen Maria Karpf,,,,
41413,Grete Rühle,,,,
41414,"LaboGroup, Paris",,,,
41421,Peter Sillen,American,Male,,
41427,Catriona Duffy,,Female,,
41428,Lucy McEachan,,Female,,
41430,Panel,,,,
41432,W. Doessler,,,,
41446,Josh MacPhee,American,Male,,
41447,Nobodycorp Internationale Unlimited,,,,
41448,Jesse Goldstein,American,Male,,
41451,Jesus Barraza,,Male,,
41470,Favianna Rodriguez,,,,
41478,William Deeke,,Male,,
41479,Jean Badovici,French,,1893.0,1956.0
41483,Maria Gilssen,,,,
41484,Gail Dianna Schlaifer,American,Female,,
41491,Larry Carty,,Male,,
41493,Mary Beams,,Female,,
41497,U.S. Navy,American,,,
41560,Jonathan Bloom,,Male,,
41568,Serge Vandercam,Danish,,1924.0,2005.0
41569,Jan Sanders,,,,
41593,Sara Petty,,Female,,
41650,Ringl + Pit,German,Female,,
41670,"unknown, commercially printed",,,,
41686,Hans Kappler,German,Male,,
41689,John Haugse,,,,
41718,raumlaborberlin,,,,
41742,Masaomi Unagami,,,,
41764,Augusto,Spanish,,,
41799,George Griffin,American,,,
41852,Barry Caillier,American,Male,,
41853,Rainer Geis,German,Male,,
41916,Jack King,American,,1895.0,1958.0
41919,Bob Carlson,,Male,,
41925,Dick Rickard,,Male,,
41944,Seymour Kneitel,,Male,1908.0,1964.0
41945,Frank Endres,,Male,,
41946,Tom Golden,,Male,,
41947,Graham Place,,Male,,
41954,Mick Haggerty,American,Male,,
41958,Peter Kodick (Peter Gravelle),British,Male,,
42011,Bernhard Höke,,,,
42064,Alfred Caldwell,American,Male,,
42107,Patricia Cardoso,Colombian,Female,,
42120,Rebecca Cammisa,American,Female,,
42121,Rob Fruchtman,,Male,,
42126,Birdhead,Chinese,,2004.0,
42150,Mike Johnson,American,Male,,
42156,Song Tao,Chinese,,1979.0,
42157,Ji Weiyu,Chinese,,1980.0,
42187,"NanaOn-Sha Co., Ltd.",,,1993.0,
42188,CCP Games,,,1997.0,
42189,Valve,American,,1996.0,
42208,Edwin Locke,American,Male,,
42218,Georg Greger,German,Male,,
42232,Helmut Kronberger,Austrian,Male,,
42242,Ernst Thormahlen,,Male,,
42279,Shane McGowan,,Male,,
42282,Mark Perry,,Male,,
42300,Roland Kayn,,,,
42301,Milko Kelemen,,,1924.0,
42310,Bureau Spectacular,,,2008.0,
42311,"Doshi Levien, UK",,,2000.0,
42341,Blanc et Demilly,French,,1924.0,1962.0
42363,Markus & Nocka Inc,,,1932.0,
42364,Frederick Markus,American,Male,,
42365,Paul Nocka,,Male,,
42407,Richard Lampert GmbH & Co.KG,,,,
42433,Kate Simon,,Female,,
42439,Gilles Gheerbrant,,Male,,
42443,Mark Becker,,Male,,
42460,Richard Seireeni,,Male,,
42462,M. Hirsch,,,,
42476,Fallout Productions,,,,
42477,Top O'Graphic,,,,
42478,Anna Persiani,,Female,,
42483,Winston Smith,,Male,,
42496,Junshi Nakamichi,,,,
42518,BIG-GAME,,,2004.0,
42522,"Moustache, Paris",,,,
42566,Michael Manfredi,American,Male,,
42567,Marion Weiss,American,Female,,
42569,Leigh Ledare,,Male,1976.0,
42625,Chris Welch,British,,,
42634,Frances Kuehn,,,,
42737,Ruapati,,,,
42738,Pere Catala Pic,Spanish,Male,,
42739,Anika,,,,
42740,Marcelo Martin,,,,
42741,Chi,,,,
42742,Misas,,,,
42743,Thompson,,,,
42744,Laura Diaz Milán,,,,
42745,Gustavo Gavilondo,,,,
42746,Melo,,,,
42747,Pablo Monterrey,,,,
42748,Adrian Berazain,,,,
42754,Alexander Dominguez,,,,
42755,Anabel Alfonso Suárez,,,,
42756,Marwin Sánchez,,,,
42757,Miguel Hidalgo,,,,
42758,Gabriela Gutiérrez,,,,
42759,Magdiel Collazo,,,,
42760,Idania del Rio,,,1981.0,
42761,"Maxis, Inc.",,,1987.0,
42821,Earl Brown,,,,
42822,Vladimir Ussachevsky,,,,
42823,Milton Babbitt,,,,
42824,Bülent Arel,,,,
42837,Donald Goddard,,Male,,
42839,LOT-EK,,,1993.0,
42880,Michael Harvey,,,,
42882,Jim Downie,,,,
42888,George L. Thomson,,,,
42889,Kate Greenaway,,,,
42921,Gordon Bruce,,Male,,
42923,Sarah Crowner,American,,1974.0,
42966,The Henry Moore Foundation,,,,
42980,Moggridge Associates,,,,
42982,Charles White III,American,Male,,
43065,"A.D. Meraz industries Ltd., Sderot, Israel",Israeli,,,
43068,Susana Blaustein Muñoz,Argentine,Female,,
43077,Aaron Kuriloff,,,,
43080,Paolo Lionni,,,,
43087,Katô Tarô,Japanese,,,
43088,Suihara Masami,Japanese,,,
43107,Gustav Metzger,,,,
43143,UNITED BROTHERS,,,,
43193,Christof  Kohlhöfer,,,,
43194,Gillow & Co.,,,,
43278,Adam Broomberg and Oliver Chanarin Studio,,,,
43288,Vagelis Tsakiridis,,,,
43289,Walter Marchetti,,,,
43295,Charlotte Moorman,American,,1933.0,1991.0
43300,Pandit Pran Nath,,Male,1918.0,1996.0
43301,Jon Hassell,,,1937.0,
43302,Frank Trowbridge,American,,1941.0,
43304,Larry Baldwin,,,,
43331,Spilling,German,,,
43334,Jean Dupuy,,,,
43428,Katherine Ball,,Female,,
43429,Rich Black,,,1974.0,
43430,Anthony Nomorosa,,Male,1988.0,
43431,Brad Kayal,,Male,1978.0,
43432,Roger Peet,,,,
43433,Art Hazelwood,,Male,1961.0,
43435,Colin Smith,,,1982.0,
43436,Lindsay Starbuck,,,,
43437,Ronnie Goodman,,,1960.0,
43438,Manya Kuzemchenko,,Female,1984.0,
43439,Mark Miller,,Male,,
43440,John Langdon,,Male,,
43442,Keith Lowe,,Male,,
43443,Marx Aviano,,,,
43444,Sebastian Marchal,,,,
43465,Sohei Hashimoto,,,,
43498,Alexandra Clotfelter,,,1989.0,
43499,David Loewenstein,American,Male,,
43509,Renan,Spanish,,,
43510,JoAnn Carney,,Female,,
43512,Wila,Spanish,,,
43525,"Vibram S.p.A., Albizzate, Italy",,,1937.0,
43526,NIKE,,,,
43532,Manoel de Oliveira,Portuguese,,1908.0,2015.0
43559,Thornton Dial,,Male,1928.0,2016.0
43607,Teresa Prata,Portuguese,Female,,
43613,Antonio Nuic,,Male,1977.0,
43691,Lyle Rains,British,Male,,
43693,Dave Theurer,American,Male,,
43705,Alain Huck,,Male,1957.0,
43751,Urbanski,,,,
43752,Hito Steyerl,,,,
43767,Ensamble Studio/MIT-POPlab,,,2000.0,
43906,M. Dabrokovski,,,,
43907,V. Liushin,,,,
44043,Friedrich Wolfram Heubach,,,,
44063,"Miguel Galas S.A., Mexico City",,,,
44066,Leonard Soned,,Male,,
44067,Bob Pellegrini,American,,1938.0,
44069,Francisco Uribe,,Male,,
44169,LIZZIE FITCH/RYAN TRECARTIN,,,,
44208,Hans Frei,Swiss,Male,,
44246,David Behrman,,,,
44247,Claus Bremer,German,Male,,
44248,David Degener,,,,
44249,Dennis Johnson,American,,,
44250,Ding Dong,,,,
44252,Christian Wolff,American,,1934.0,
44283,ATBAT,,,,
44370,Mario Rizzi,Italian,Male,,
44374,Ilisa Barbash,American,Female,,
44378,Katie Flesicher,American,Female,,
44445,"E. K. Cole Ltd, est. 1924",,,,
44464,Colectivo Cordyceps,,,,
44471,Joe Thompson,,,,
44472,John Emerson,,,1973.0,
44473,Chelsea Peil,,,,
44474,Gabby Miller,,,1985.0,
44475,Miriam Klein Stahl,,,1971.0,
44476,Occupy Design,,,,
44477,Lopi,,,,
44478,Cactus,,,,
44479,Fahmi Reza,,,,
44480,Santana,,,,
44495,Bloomfield/Travis,,,,
44517,ARO (Architecture Research Office),,,1993.0,
44527,Accessible Icon Project,American,,,
44593,Ricki Stern,American,,,
44594,Anne Sundberg,American,Female,,
44606,"Capcom, Osaka",Japanese,,1983.0,
44636,Cinthia Marcelle,Brazilian,,1974.0,
44659,dlandstudio,,,2005.0,
44660,Emily Roysdon,American,,,
44668,Unknown Designer - East German,,,,
44702,Jeremy Shaw,,,,
44733,Jed Curtis,American,,1942.0,
44736,Hermano Martin Corréa,Chilean,Male,,
44737,Hermano Gabriel Guarda,Chilean,Male,,
44754,Istvan Anhalt,,,,
44755,Reginald Daniel,,,,
44757,Max Neuhaus,American,,1939.0,2009.0
44764,Simone Morris,,,,
44769,R.C. Lummis,,,,
44771,M. M. Sondhi,,,,
44807,MSGSSV (Manteola Sánchez Gómez Santos Solsona Viñoly),Argentine,,,
44883,Camille Henrot,French,Female,,
44884,Sung Hwan Kim,,,,
44898,John Van Saun,,,,
44936,Antonio Puente,Venezuelan,Male,,
44939,Bryce Cooper Graña Nicolini Arquitectos,Peruvian,,1966.0,
44955,Pezo von Ellrichshausen,,,2002.0,
44960,Emilio Soyer,Peruvian,Male,,
45012,Alvin Lucier,,,,
45045,Luther Price,,,,
45061,Susannah C. Drake,American,Female,,
45069,Christina Kubisch,,,,
45070,Lisa Baumgardner,,,,
45093,"School of Architecture, Catholic University of Valparaiso",,,1952.0,
45099,Pietro Roccasalva,,,,
45123,Emanuel Rossetti,,Male,,
45203,Heidi Bucher,,Female,1926.0,1993.0
45221,Xian Yeagan,,,,
45229,Jacki Apple,,,,
45238,Lawrence Abu Hamdan,,Male,1985.0,
45268,Albrecht D.,,,,
45346,John R. Carroll,,,,
45416,Jorge Rigamonti,Venezuelan,,1940.0,2008.0
45442,Ann Demeulemeester,,,,
45444,Charlie Foos,,,,
45464,John McGreer,American,Male,,
45465,H. H. French Studios,American,,,
45467,Powell & Co.,American,,,
45518,SO – IL (Florian Idenburg + Jing Liu),American,,2008.0,
45521,M/M Paris,,,1992.0,
45531,OpenEnded Group,,,,
45587,"K. Thomsen, Copenhagen",,,,
45588,"Artěl, Prague",,,,
45664,Ulises Carrión,,Male,1941.0,1989.0
45672,U-J3RK5,,,,
45673,Kitty Byrne,,,,
45674,Colin Griffiths,,,,
45675,Danice McLeod,,,,
45676,Frank Ramirez,,,,
45677,David Wisdom,,,,
45686,Rodney Graham Band,,,,
45781,Derek Barnett,,,,
45790,Reginald Daniels,,Male,,
45792,John McDowell,,Male,,
45798,Gaspar Gasparian,Brazilian,,1899.0,1966.0
45929,Hendrik Nicolaas Werkman,Dutch,,,
45960,"Department of Publications and Urban Design, Organizing Committee of the XIX Olympiad",,,,
45961,Ken Okiishi,,,,
45969,Huberto Batis,Mexican,Male,,
45970,Miguel Cervantes,Mexican,Male,,
45971,Ricardo Verdoni,Mexican,Male,,
45973,The Living,,,,
45998,Relative Wave,,,2009.0,
45999,Kodama Studios,,,2011.0,
46000,"Touch Press, London",,,2010.0,
46078,Henry Bataille,,Male,1872.0,1922.0
46089,Judith Steedman,,,,
46149,Carlos Sallaberry,Argentine,Male,,
46150,Damián Vinson,Argentine,Male,,
46151,Felipe Tarsitano,Argentine,Male,,
46152,Ignacio Petchersky,Argentine,Male,,
46153,Carlos Libedinsky,,Male,,
46154,Antonio Diaz,Argentine,Male,,
46155,Rao,Argentine,,,
46176,Centrala Architects,Polish,,2000.0,
46287,A Band,,,,
46289,The Alma Band,,,,
46291,David Bellingham,,,,
46292,Jonathan Bepler,,,,
46294,Dike Blair,,Male,1952.0,
46296,Monte Cazazza,American,Male,,
46313,Technology Will Save Us,,,2012.0,
46314,"QUAD Electroacoustics, Huntingdon, England",,,,
46318,Toshiro Mayuzumi,,,1929.0,1997.0
46326,Jerome Kuhl,,Male,,
46345,Kenny Scharf,American,,1958.0,
46350,Edwin Middleton,,,,
46351,T. Hayes Hunter,,,,
46373,"Transnatural, Amsterdam",,,2009.0,
46382,Miguel Ángel Salgado,Mexican,Male,,
46386,James Shaw,British,Male,,
46422,Nervous System,,,2007.0,
46444,Chris Gabrin,British,Male,,
46459,The Otolith Group,,,,
46460,Charles E. Murphy,American,Male,,
46461,Donald Smith,American,Male,,
46464,Greg Porto,,Male,,
46470,Hipgnosis,British,,1968.0,
46473,Karl Klefisch,German,Male,,
46474,Günther Fröhling,German,Male,,
46477,Pet Shop Boys,British,,1981.0,
46478,Tony Lane,,Male,,
46481,Jimmy Garcia,,Male,,
46483,Ben Kelly,British,Male,,
46490,Bob Seidmann,American,Male,,
46491,Mick Milligan,,Male,,
46493,Michael Hodgson,British,Male,,
46494,Jeff Ayeroff,,Male,,
46506,E. Earl Curtis,American,Male,,
46526,Dentaku Ltd.,,,,
46537,Mediated Matter Group,,,2010.0,
46538,MIT Materials Science and Engineering,,,1974.0,
46539,The Mathworks,,,1984.0,
46569,Plastic Ono Band,,,,
46575,Arduino SA,,,,
46576,SmartProjects,,,,
46582,Julia Murdoch,British,Female,,
46697,Blue Note Records,,,1939.0,
46698,Prestige Records,,,1949.0,
46701,Sire Records,,,1966.0,
46702,Amazing Musical Instrument Company,Canadian,,1987.0,
46706,"Ove N. Arup Consulting Engineers, London",,,1946.0,
46709,Grupo Sordo Madaleno,,,,
46715,Command Records,,,1959.0,
46716,"Stiff Records, London",,,1976.0,
46717,F-Beat Records,,,1979.0,
46718,"Factory Records, Manchester",,,1978.0,
46720,"Folkways Records, New York",,,1948.0,
46773,Reaction Records,,,1966.0,
46774,Gavin Cochrane,British,Male,,
46776,Charisma Records,British,,1969.0,
46777,Pictorial Productions,,,,
46778,Tony Meeviwiffen,,Male,,
46779,Parlophone Records,,,1896.0,
46780,Harvest Records,,,1969.0,
46781,Atlantic Records,,,1947.0,
46784,ATCO Records,,,1955.0,
46785,Rolling Stones Records,,,1970.0,
46790,Richard Polak,,Male,,
46793,Steve McGarry,British,,1953.0,
46794,D.B. Glen,,,,
46835,"MSGSS (Manteola Sanchez Gomez Santos Solsona), Buenos Aires",Argentine,,,
46836,"MSGSSSV (Manteola Sanchez Gomez Santos Solsona Sallaberry Vinson), Buenos Aires",,,,
46844,The Command All-Stars,,,,
46847,Cook Laboratories Records,,,1952.0,
46862,Paul McMahon,,Male,,
46863,Nancy Radloff,,,,
46864,Wharton Tiers,,,,
46865,Joseph Gone,,,,
46866,David McMahon,,,,
46867,Art Critics Orchestra,,,,
46868,Byrd Hoffman School of Byrds,,,,
46869,Carl Byron,,,,
46870,Carole Caroompas,,Female,1946.0,
46872,Billy Childish,,Male,1959.0,
46875,Augusto Concato,Italian,Male,,
46876,Cranfield and Slade,,,,
46877,Brady Cranfield,,,,
46878,Kathy Slade,,,,
46879,The Dogz,,,,
46880,Lee Ranaldo,,Male,1956.0,
46881,Dave Dyment,,,,
46882,Bruce Fier,,,,
46883,Forcefield,,,,
46884,Bob George,,,,
46885,Gobbler,,,,
46886,Art Byington,,,,
46887,Henrik Håkansson,,,1968.0,
46888,The Haters,,,,
46889,Fat Les,,,,
46890,Keith Allen,,,,
46891,Alex James,,,,
46966,Vit Mach,Czech,,1945.0,
46967,Jan Mach,Czech,,1943.0,
46981,Jochen Krüger,,,,
46996,Formafantasma,,,2009.0,
47019,Joy Division,British,,1976.0,1980.0
47033,Reese Williams,,,,
47039,Aktuální umĕni,,,1964.0,
47048,Felix Partz,,,,
47049,Jorge Zontal,,,,
47064,G Ateliers Architecture,,,2006.0,
47069,Wyss Institute for Biologically Inspired Engineering at Harvard University,,,,
47089,Creative Commons,,,,
47091,Shure Incorporated,,,1925.0,
47098,Alma Woodsey Thomas,,Female,1891.0,1978.0
47102,The Propeller Group,American,,2006.0,
47114,Boston Children's Hospital,,,,
47150,Ruth Krauss,,,,
47166,Peter Corriston,,Male,,
47168,Hubert Kretzschmar,,Male,,
47171,Eloise Vega Smith,,Female,,
47173,Robert Fisher,American,Male,,
47174,Michael Lavine,,Male,,
47176,Mike Doud,,Male,,
47179,DIS,American,,2010.0,
47205,"MSGS (Manteola, Sanchez Gomez, Solsona) Buenos Aires",Argentine,,,
47218,Grey Organisation,British,,1983.0,1991.0
47235,Ecovative,,,,
47236,Michael Ross,,Male,,
47238,Keith Morris,,Male,,
47239,Static Kling,,,,
47241,J. Edith Wise,American,Female,,
47256,Charles Baldwin,American,Male,,
47258,"Lawrence Berkeley National Laboratory, University of California",,,,
47262,Alicja Szubert-Olszewska,Polish,Female,,
47263,W. Pawelec,Polish,Male,,
47267,Piotr Tofil,Polish,Male,,
47269,Alek Januszewski,Polish,Male,,
47271,Lisze Bechtold,American,Female,,
47272,Lesley Keene,,Female,,
47282,Janet Perr,,Female,,
47289,Free Art and Technology Lab,,,2007.0,
47291,Sy-Lab,,,2007.0,
47303,Tom Hingston,British,Male,,
47316,Chris D.,,Male,,
47317,Péter Nagy,Hungarian,Male,,
47326,Chris Mathan,,Male,,
47328,Simon Posthuma,Dutch,Male,,
47329,Marijke Koger-Dunham,Dutch,Female,,
47330,Kain May,Polish,,,
47361,Sam Suliman,,Male,,
47362,Andrea Klein,,Female,,
47364,Dezerter,Polish,,1981.0,
47366,Kirk Weddle,American,Male,,
47367,Sonja Hennersdorf,German,Female,,
47368,Jochen Wermann,,Male,,
47370,Artrouble,American,,1978.0,
47371,Will Bankhead,British,Male,,
47376,Dean Chalkley,British,Male,,
47377,Jim Houghton,,Male,,
47378,Gerard Huerta,American,Male,,
47465,Mizu,Japanese,,,
47468,Setsuko Asakura,Japanese,Male,,
47470,Ishoka,Japanese,,,
47473,Kenichi Kobori,Japanese,Male,,
47476,Shunichi Nakashima,Japanese,Male,,
47510,Eddie Ruscha,,,,
47511,Richie Lee,,,,
47513,Laura Graham,,,,
47514,Maija Beeton,,,,
47515,Martine Tomczyk,,,,
47528,DJ Sid,,,,
47530,Bill Fontana,,,,
47539,John Paul Endress,American,Male,,
47583,Gerald Jupitter-Larsen,,,1959.0,
47593,Minutemen,,,,
47594,Saccharine Trust,,,,
47595,Kindled Imagination,,,,
47596,Artless Entanglements,,,,
47597,Sharp Corners,,,,
47599,The Nig-Heist,,,,
47600,Redd Kross,,,,
47604,Gregg Wager,American,,1958.0,
47606,Crimony,,,,
47607,Anarchy 6,,,,
47610,Pay The Man,,,,
47615,Super Session,,,,
47618,Dim Stars,,,,
47620,DOS,,,,
47621,Lucky Sperms,,,,
47622,Just Say No,,,,
47627,Mike Watt,,,,
47629,Sür Drone,,,,
47632,Annihilation Time,,,,
47636,Foo Fighters,,,,
47640,Breakfast,,,,
47644,Charles Wilp,,,,
47645,Fabrizio Plessi,,,,
47648,"Richard ""Dickie"" Landry",,,,
47649,Languis,,,,
47650,Alejandro Cohen,,,,
47651,Marcos Chloca,,,,
47653,Lunk,,,,
47659,Ingram Marshall,,,,
47667,Nelson Tarpenny,,,,
47676,Pauline Oliveros,,Female,,
47678,Manuel Rocha,,,,
47679,Owada,,,,
47680,Keiko Owada,,,,
47685,Abby Normal,,,,
47686,Dave Markey,,,,
47687,Bidner / Martinek,,,,
47688,The Poetics,,,,
47689,Bill Wintersole,,,,
47690,Zoe Pettijohn,,,,
47691,Linda Post,,,,
47692,Cathy,,,,
47693,Princess,,,,
47694,Bad News,,,,
47719,Cheifs,,,,
47722,Descendents,,,,
47725,China White,,,,
47727,Throbbing Gristle,,,,
47732,The Stains,,,,
47741,Vox Pop,,,,
47742,Overkill,,,,
47744,Circle One,,,,
47747,Meat Puppets,,,,
47749,Hüsker Dü,,,,
47760,Toshio Sasaki,,,,
47761,The Sets,,,,
47764,Jake Tilson,,Male,1958.0,
47766,Nikolaus Urban,,,,
47774,Lejaren Hiller,,,,
47775,Ben Johnston,,,,
47778,Henri Pousseur,,,,
47780,Bags,,,,
47781,Anti,,,,
47782,Shattered Faith,,,,
47783,M.I.A.,,,,
47784,Ill Will,,,,
47785,Germs,,,,
47786,BPeople,,,,
47787,Mood of Defiance,,,,
47788,Invisible Chains,,,,
47789,Zurich 1916,,,,
47790,Powertrip,,,,
47791,Peer Group,,,,
47792,Ken Starkey,,,,
47793,Slivers,,,,
47794,Würm,,,,
47795,Modern Warfare,,,,
47796,Hari Kari,,,,
47797,Sin 34,,,,
47798,Artistic Decline,,,,
47799,Modern Torture,,,,
47800,Marshall Mellow,,,,
47801,Carl Stone,,,,
47802,Doo-Dooettes,,,,
47803,Tone Deaf,,,,
47804,Debt Of Nature,,,,
47805,David Peel & The Lower East Side,,,,
47806,Motorpsycho,,,,
47807,Meathead,,,,
47808,Jesus Fuck & Da Murderers,,,,
47809,Starfuckers,,,,
47810,Eugene Chadbourne,,,,
47811,Controlled Bleeding,,,,
47812,Skullflower,,,,
47813,Kicking Giant,,,,
47814,Faust,,,,
47815,Pavement,,,,
47816,Sun City Girls,,,,
47817,Television Personalities,,,,
47827,Blank,,,,
47838,Selten Gehörte Musik,,,,
47839,Tennessee Williams,,Male,1911.0,1983.0
47841,John Wallowitch,,Male,1926.0,2007.0
47843,Paul Anka,,,1941.0,
47844,Billy Squier,,,1950.0,
47845,Diana Ross,,Female,,
47846,Aretha Franklin,,Female,1942.0,
47849,Love of Life Orchestra,,,,
47850,Peter Gordon,,Male,,
47852,Ned Sublette,,Male,1951.0,
47853,The Persuasions,,,,
47854,Thomas Zipp,,,,
47903,Bob,,,,
47904,G. Darré,,,,
47905,Durvis,,,,
47906,John Kosh,British,Male,,
47913,Electroninks,,,,
47914,Clifton Roozeboom,,Male,,
47915,PocketLab,,,,
47925,György Soós,Hungarian,Male,,
47926,György Bp. Szabó,Hungarian,Male,,
47927,Tamás Soós,Hungarian,Male,,
47928,György Szász,Hungarian,Male,,
47930,László= Lugo,Hungarian,Male,,
47936,Henri Fille,,,,
47937,Heidbrinck,,,,
47940,"Mass Studies, Seoul, Korea",Korean,,2003.0,
47974,Manu Prakash,American,Male,,
47978,Autodesk Inc.,,,1982.0,
47980,V. Ber,,,,
48010,Francisco Blanco,Cuban,Male,,
48011,Mario Gallardo,Cuban,Male,,
48012,Rene De La Nuez,Cuban,Male,,
48013,Carmelo González,Cuban,Male,,
48017,Titus Kaphar,,Male,1976.0,
48032,Alberto Carol,Cuban,Male,,
48035,Dimas,Cuban,,,
48041,Unknown Designer,Cuban,,,
48051,"Memphis, Milan",,,1981.0,1985.0
48067,Daniele Scandola,Italian,Male,,
48068,Gloria della Vittoria,Italian,Female,,
48071,Roland Shakespear,Argentine,Male,,
48073,Castell,,,,
48081,Unknown Designer,Chilean,,,
48084,Unknown Designer,Puerto Rican,,,
48085,J. Rosado Velez,Puerto Rican,Male,,
48086,David Goitia,Puerto Rican,Male,,2004.0
48087,Velazquez Ribero,Puerto Rican,,,
48089,F. Palacios,Puerto Rican,,,
48094,Sou Fujimoto Architects,,,,
48095,Sou Fujimoto,Japanese,,1971.0,
48096,Akihisa Hirata Architecture Office,,,,
48097,Akihisa Hirata,Japanese,,1971.0,
48098,junya.ishigami+associates,Japanese,,2004.0,
48099,Junya Ishigami,Japanese,,1974.0,
48101,Hiroshi Kawatu,,,,
48102,Kiichi Kobayashi,,,,
48104,Alfred Le Petit,,,,
48106,Gravelle,,,,
48107,Martel,,,,
48108,Office of Ryue Nishizawa,,,,
48109,Unknown Designer,Uruguayan,,,
48110,Unknown Designer,Venezuelan,,,
48117,Tala Madani,Iranian,,1981.0,
48119,Ray Stevenson,,Male,,
48121,Eric Baudelaire,,Male,1973.0,
48122,Tania Bruguera,,Female,1968.0,
48124,Robert Wittmann,,Male,,
48128,JODI,American,,1995.0,
48177,Paolo Garretto,Italian,,1903.0,1989.0
48198,Philibert-Paul Charbonnier,French,,,
48201,Paul Gredinger,Swiss,,1927.0,2013.0
48208,Robert Defrin,American,,,
48209,Slobodan Tadić,,,,
48222,"Studio SLS, Zagreb, Croatia",,,,
48226,Željko Stojanović,Croatian,,,
48227,Marko Čolić,,Male,,
48228,Zvonimir Atletić,Croatian,Male,,
48229,V. Serafimov,,,,
48230,Luka Mjeda,Croatian,Male,,
48231,Dražen Kalenić,,,,
48234,Igor Kordej,,Male,,
48235,Geschäftsstelle des Bürger-Rates von Groß-Berlin,,,,
48274,Silk and Textile Printers Ltd,Australian,,1939.0,
48279,Betty Skowronski,,Female,,
48280,Hal Missingham,,Male,,
48285,Mary Curtis,,Female,,
48286,Bianchini-Ferier,French,,,
48315,Gordon Cheung,,Male,1975.0,
48316,Ian Davenport,,Male,1966.0,
48317,Marie Harnett,,Female,1983.0,
48320,Edmund de Waal,,Male,1964.0,
48321,Ian McKeever,British,Male,,
48322,Paul Winstanley,British,Male,,
48350,Unknown Designer,Brazilian,,,
48355,"Brigada Inti Peredo, Juventud Socialista",Chilean,,,
48356,"Brigadas Ramona Parra, Juventudes Comunistas de Chile",Chilean,,,
48358,Analisa Russo,American,Female,,
48359,S. Brett Walker,American,Male,,
48360,Jennifer A. Lewis,American,Female,,
48361,Michael Bell,American,Male,,
48387,Ina Barfuß,,,,
48388,Thomas Wachweger,German,,1943.0,2015.0
48389,Wilhelm Schürmann,German,,1946.0,
48390,Jiri Georg Dokoupil,Czech,,1954.0,
48391,Ilona Weber,,,,
48392,Wolfgang Weber,,,,
48421,Luis Claramunt,Catalan,,1951.0,2000.0
48422,Sven-Åke Johansson,Swedish,,1943.0,
48471,Cameron Rowland,American,,1988.0,
48488,John Ahearn,American,,1951.0,
48501,Grega Košak,Slovenian,Female,,
48525,Tom Finkelpearl,,Male,,
48527,Robert Atkins,,Male,,
48529,Perry Bard,,,,
48530,Jo Babcock,,,,
48531,Roger Boyce,,Male,,
48532,Lee Roy Champagne,,,,
48533,Nancy Evans,,,,
48534,Jeff Goodman,,,,
48536,C K Kuebel,,,,
48539,Tom Sarrantonio,,,,
48540,Lori Seid,,,,
48542,Janice Yudell,,Female,,
48543,John Zax,,Male,,
48547,Nelson Sullivan,American,,1948.0,1989.0
48556,Park McArthur,American,,1984.0,
48559,Hisao Suzuki,,Male,,
48589,CCMC,,,,
48590,Paul Dutton,,,,
48591,John Oswald,,,,
48593,Ishan Clemenco,,,,
48594,Coconut,,,,
48596,The Diodes,,,,
48598,Amerigo Marras,,,,
48599,Bruce Eves,,,,
48602,John Fekner City Squad,,,,
48603,F. V. Holi,,,,
48625,"Nokia Corporation, Finland",,,,
48629,Steven Hull,,,,
48656,Balam Garcia,,,,
48691,Unknown designer,Czechoslovakian,,,
48740,Colin Lowe,,,,
48742,Ralph Lundsten,,,1936.0,
48743,Leo Nilson,,,,
48744,Kim Schoenstadt,,,1973.0,
48745,Jean-Claude Moineau,,,,
48747,Jennifer Moon,,Female,1973.0,
48748,Julio César Morales,,Male,,
48751,OJO,,,,
48752,Kristin Oppenheim,,Female,,
48753,Fuller Fabrics,,,,
48754,The Nichemakers,,,,
48756,Poptastic,,,,
48757,Chris Fitzpatrick,,,,
48758,Thomas Dimuzio,,,,
48762,Jean-Jacques Palix,,,,
48763,Jeff Rian,,,,
48766,Stephanie Taylor,,Female,1971.0,
48767,Thomas Cristoffersen,,Male,,
48768,David Zahle,,Male,,
48769,"IDÉE Ltd., Japan",,,,
48778,Lita Albuquerque,,Female,,
48779,Robert Kramer,,Male,,
48780,Harold Budd,,,,
48789,John Lacey,British,Male,,
48792,Edinburgh Weavers,,,,
48793,David Whitehead Ltd.,,,,
48794,Heal Fabrics,,,,
48795,Hammer Prints Ltd.,,,,
48813,Željko Koprolčec,Croatian,,,
48847,Unika-vaev,,,,
48849,Printext,,,,
48850,Barbara Degerman,,,,
48851,Helga Nykopp,,,,
48852,A B Norna Hemslojd,,,,
48862,László Kistamás,,Male,,
48905,Franz Sievert,German,Male,,
48907,E. Trautvetter,German,,,
48908,Marcel Jancou,French,,,
48910,A. Strachov,Russian,,,
48911,"a.r. Group, Łódź",Polish,,,
48914,Sibylle Möllering-Kaldewey,German,Female,,
48917,Tamar Cohen,,Female,,
48918,Paul Shaw,American,Male,,
48926,Melchior,,,,
48928,Ian Murray,,,,
48932,Burt Payne 3,,,,
49055,Printex,Finnish,,,
49083,"MTA New York City Transit, Bergen Street Sign Shop",,,,
49100,FZ,Czechoslovakian,,,
49101,M. Palasek,Czechoslovakian,,,
49102,Tvar Schlosser,Czechoslovakian,,,
49104,Alberto Rodríguez Surribas,Cuban,Male,,
49116,Juan Andralis,,Male,,
49176,George Stone,,Male,,
49177,Matt Frewer,Canadian,Male,,
49180,Studio Boggeri,Italian,,1933.0,1981.0
49207,Ronald Beckman,American,Male,,
49209,George Nelson Associates,American,,,
49216,Neïl Beloufa,Algerian,,,
49220,Chto Delat (What is to be done?),Russian,,2003.0,
49237,"Better Shelter, Sweden",Swedish,,2010.0,
49245,Johnston Marklee,,,1998.0,
49255,John Svezia,,Male,,
49256,Ray Wilkes,,Male,,
49257,Thinking Machines Corporation,,,1983.0,1994.0
49259,Donald Wall,,Male,,
49260,W. Borek,,Male,,
49261,Robert Massin,,Male,,
49262,Unknown Designer,Argentine,,,
49271,"Deberny et Peignot, Paris",,,,
49280,Thomas Weir,,Male,,
49295,George Kastner,,,,
49296,Eugene Masselink,,,,
49348,Grainware,,,,
49354,Unknown Designer,Russian,,,
49390,Harry R. Barry,,Male,,
49417,Luigi Scrivo,Italian,Male,,
49434,J. Stuart Blackton,British,,1875.0,1941.0
49437,Marcelo Suzuki,Brazilian,Male,,
49453,Rael San Fratello,American,,2002.0,
49464,Manuel Herz Architects,Swiss,,1999.0,
49496,Joshua Light Show,American,,1967.0,1970.0
49541,Dargoljub Pavlov,Serbian,,1940.0,
49542,Bora Vitorac,Serbian,,1940.0,
49543,Arnold Hardy,American,,1922.0,2007.0
49544,"Lobmeyr, Kamenický Šenov, Czechoslovakia",,,,
49558,Ida O'Keeffe,British,Female,,
49568,GOLDIN + SENNEBY,Swedish,,2004.0,
49596,Lucílio Corrêa Leite Filho,Brazilian,Male,,
49601,Thon de Does,Dutch,Male,,
49602,Arata Endo,,,,
49622,Avery Singer,American,,1987.0,
49664,Jeffrey Ventrella,American,,1960.0,
49696,Roger Higgins,American,,,
49799,Mike Topp,,male,,
49816,Dale Henry,American,,1931.0,2011.0
49819,Christian Hasucha,German,,1955.0,
49820,Milan Kunc,Czech,,1944.0,
49821,Hervé Di Rosa,French,,1959.0,
49822,Louis Jammes,French,,1958.0,
49888,Ronald Rael,American,,1971.0,
49889,Virginia San Fratello,American,,1971.0,
49913,Robert Alexander,,,,
49915,Charles Brittin,,Male,,
49916,Cameron,,,,
49917,Marion Grogan,,Female,,
49919,David Meltzer,,Male,,
49956,Anders Grafstrom,Swedish,,1956.0,1980.0
49972,Elisabeth Hase,German,,1905.0,1991.0
49998,Omar Carreño,Venezuelan,,1927.0,2013.0
50001,Carlos González Bogen,Venezuelan,,1920.0,1992.0
50005,Rubén Núñez,Venezuelan,,1930.0,2012.0
50011,Antonieta Sosa,Venezuelan,,1940.0,
50020,Nat Fein,American,,1914.0,2000.0
50024,Hugo Maza,Chilean,,,
50069,Linens by Dewan,,,,
50083,Richard Learoyd,British,,1966.0,
50128,Jane Malaquias,Brazilian,Female,,
50155,Steve Brown,,,,
50159,Andy Rees,,,,
50161,The Velvet Underground,,,,
50186,Mickey Ortiz,,,,
61403,Yve Laris Cohen,American,,1985.0,
61404,Cécile B. Evans,American,,1983.0,
67012,Ka Markelius,,Female,,
67013,Ljungberg's Textile AB,,,1948.0,
67099,National Union of Sahrawi Women,Sahrawi,,1979.0,
67111,Vaclav Pozarek,Czech,,1940.0,
67112,Claudia Comte,Swiss,,1983.0,
67113,Nancy Linn,,,,
67114,Max Becher,German,,1964.0,
67115,Jon Buller,American,,1943.0,
67116,Antonio DiSpigna,Italian,,1943.0,
67127,John Sex,American,,1956.0,1990.0
67192,Bob & Bob,,,,
67195,Steve Lacy,,,,
67222,"Bossi, Mortara",Italian,,1827.0,
67236,Mastropaul Design,,,,
67237,Jim McWilliams,,,,
67262,Parallel Design Partnership,,,1993.0,
67270,Shelby Kennedy,,Male,,
67275,JR,French,,,
67283,Polit-Sheer-Form Office (PSFO),,,,
67285,Keiichi Tanaami,Japanese,,1939.0,
67308,Masao Adachi,Japanese,,1939.0,
67310,Adam Khalil,American,,1988.0,
67311,Zack Khalil,American,,1991.0,
67312,Cheryl Dunye,American,,1966.0,
67313,Lixin Fan,Chinese,,1977.0,
67315,Daniel Geller,American,,,
67316,Dayna Goldfine,American,,,
67318,Carl Deal,American,,,
67319,Tia Lessin,American,,,
67320,Stephane Aubier,French,,1964.0,
67321,Vincent Patar,French,,1961.0,
67322,Peter Delpeut,Dutch,,1956.0,
67323,Greta Schiller,American,,1954.0,
67325,Carlos Saura,Spanish,,1932.0,
67326,Tessie Chua,American,,1949.0,
67327,Alexa Hunter,American,,1957.0,
67328,Jonathan Quinn,American,,1956.0,
67329,Rudi Protrudi,American,,1952.0,
67330,Bill Harris,American,,1958.0,
67331,Anney Bonney,American,,,
67332,Glenn Andreiev,American,,1961.0,
67333,Manfred Blank,German,,1949.0,
67334,Kevin Asch,American,,1975.0,
67336,Cal Dalton,American,,1908.0,1974.0
67337,Cal Howard,American,,1911.0,1993.0
67340,M. Henry Jones,American,,1957.0,
67342,Mannie Davis,,,,
67345,George Haas,American,,1953.0,
67346,Jimmy Murray,,,,
67349,Julius Klein,American,,1951.0,
67350,Howard Guttenplan,American,,1934.0,2015.0
67352,Neelon Crawford,American,,1946.0,
67353,Michael Mideke,,,,
67420,Walter Burley Griffin,,,,
67652,Ellie Nagler,,,,
67694,Glenn Williams,,Male,,
67695,Ely Ramen,,,,
