Artist ID,Name,Nationality,Gender,Birth Year,Death Year,wikidata_id,enhanced_birth_year,match_status
1,Robert Arneson,American,Male,1930.0,1992.0,,,api_error
2,Doroteo Arnaiz,Spanish,Male,1936.0,,,,api_error
3,Bill Arnold,American,Male,1941.0,,,,api_error
4,Charles Arnoldi,American,Male,1946.0,,,,api_error
5,Per Arnoldi,Danish,Male,1941.0,,,,api_error
6,Danilo Aroldi,Italian,Male,1925.0,,,,api_error
7,Bill Aron,American,Male,1941.0,,,,api_error
9,David Aronson,American,Male,1923.0,,,,api_error
10,Irene Aronson,American,Female,1918.0,,,,api_error
11,Jean (Hans) Arp,French,Male,1886.0,1966.0,,,api_error
12,Jüri Arrak,Estonian,Male,1936.0,,,,api_error
13,J. Arrelano Fischer,Mexican,Male,1911.0,1995.0,,,api_error
15,Folke Arstrom,Swedish,Male,1907.0,1997.0,,,api_error
16,Cristobal Arteche,Spanish,Male,1900.0,1964.0,,,api_error
18,Artko,,,,,,,api_error
19,Richard Artschwager,American,Male,1923.0,2013.0,,,api_error
21,Ruth Asawa,American,Female,1926.0,2013.0,,,api_error
22,Isidora Aschheim,Israeli,Female,,,,,api_error
23,Charles Robert Ashbee,British,Male,1863.0,1942.0,,,api_error
24,Donald Ashcraft,American,Male,1927.0,,,,api_error
25,E. M. Ashe,American,Male,1867.0,1941.0,,,api_error
26,Göran Åslin,Swedish,,1940.0,,,,api_error
27,Erik Gunnar Asplund,Swedish,Male,1885.0,1940.0,,,api_error
28,Geneviève Asse,French,Female,1923.0,,,,api_error
30,Sergio Asti,Italian,Male,1926.0,,,,api_error
31,Dana Atchley,American,Female,1941.0,2000.0,,,api_error
32,Atelier Eggers,French,,,,,,api_error
33,A.A.P.,American,,,,,,api_error
34,Alvar Aalto,Finnish,Male,1898.0,1976.0,,,api_error
35,Aino Aalto,Finnish,Female,1894.0,1949.0,,,api_error
36,Eero Aarnio,Finnish,Male,1932.0,,,,api_error
37,Jules Aarons,American,Male,1921.0,2008.0,,,api_error
38,Magdalena Abakanowicz,Polish,Female,1930.0,,,,api_error
39,James Abbe,American,Male,1883.0,1973.0,,,api_error
40,Jussuff Abbo,British,Male,1888.0,1953.0,,,api_error
41,Berenice Abbott,American,Female,1898.0,1991.0,,,api_error
42,Nobuya Abe,Japanese,Male,1913.0,1971.0,,,api_error
43,Abe Shiro (pen Name: Suichiku),Japanese,Male,1900.0,,,,api_error
44,Robert Abel,American,Male,1937.0,,,,api_error
46,Sigmund Abeles,American,Male,1934.0,,,,api_error
47,Raimund Abraham,American,Male,1933.0,2010.0,,,api_error
49,Ivor Abrahams,British,Male,1935.0,,,,api_error
50,Gerald Abramovitz,British,Male,1928.0,2011.0,,,api_error
51,William Ross Abrams,American,Male,1920.0,2007.0,,,api_error
52,Rodolfo Abularach,Guatemalan,Male,1933.0,,,,api_error
53,Vito Acconci,American,Male,1940.0,,,,api_error
54,Milton Ackoff,American,Male,1915.0,,,,api_error
55,Norman Ackroyd,British,Male,,,,,api_error
56,Luis Alberto Acuña,Colombian,Male,1904.0,1994.0,,,api_error
57,Henri Georges Adam,French,Male,1904.0,1967.0,,,api_error
58,Antoine Samuel Adam-Salomon,French,Male,1818.0,1881.0,,,api_error
59,Valerio Adami,Italian,Male,1935.0,,,,api_error
60,Ansel Adams,American,Male,1902.0,1984.0,,,api_error
61,Alice Adams,American,Female,1930.0,,,,api_error
62,Clinton Adams,American,Male,1918.0,2002.0,,,api_error
63,Dacres Adams,British,Male,1864.0,1951.0,,,api_error
64,Dennis Adams,American,Male,1948.0,,,,api_error
65,Kenneth M. Adams,American,Male,1897.0,1966.0,,,api_error
66,Robert Adams,American,Male,1937.0,,,,api_error
67,Shelby Lee Adams,American,Female,1950.0,,,,api_error
68,Charles Addams,American,Male,1912.0,1988.0,,,api_error
69,Allan Adler,American,Male,1916.0,2002.0,,,api_error
70,Jankel Adler,Polish,Male,1895.0,1949.0,,,api_error
71,Virginia Admiral,American,Female,1915.0,2000.0,,,api_error
72,Pic Adrian,Romanian,Male,1910.0,,,,api_error
74,Roy Adzak,British,Male,1927.0,1987.0,,,api_error
76,Nicholas Africano,American,Male,1948.0,,,,api_error
77,Afro (Afro Basaldella),Italian,Male,1912.0,1976.0,,,api_error
78,Aftograf,Russian,,,,,,api_error
79,Agam (Yaacov Agam),Israeli,Male,1928.0,,,,api_error
80,Mehemed Fehmy Agha,American,Male,1896.0,1978.0,,,api_error
81,Kathleen Agnoli,American,Female,1945.0,,,,api_error
82,Peter Agostini,American,Male,1913.0,1993.0,,,api_error
83,Olympe Aguado de las Marismas,French,Male,1827.0,1894.0,,,api_error
84,Dongkuk S. Ahn,American,Male,1937.0,2013.0,,,api_error
85,Aarne Aho,Finnish,Male,1904.0,1978.0,,,api_error
86,Otl Aicher (also known as Otto Aicher),German,Male,1922.0,1991.0,,,api_error
87,Lucien Aigner,American,Male,1901.0,1999.0,,,api_error
88,Gregory Ain,American,Male,1908.0,1988.0,,,api_error
89,Edgar Ainsworth,British,Male,1906.0,1975.0,,,api_error
91,Roberto Aizenberg,Argentine,Male,1928.0,1996.0,,,api_error
92,Kinji Akagawa,Japanese,Male,1940.0,,,,api_error
93,Ryoji Akiyama,Japanese,Male,1942.0,,,,api_error
94,Munira Al-Kazi,Kuwaiti,Female,1939.0,,,,api_error
95,Alastair (Hans H. Voight),German,Male,1887.0,1969.0,,,api_error
96,Anni Albers,American,Female,1899.0,1994.0,,,api_error
97,Josef Albers,American,Male,1888.0,1976.0,,,api_error
98,Beatrice Albert,American,Female,,,,,api_error
99,Joan Albert,American,Female,1943.0,2012.0,,,api_error
100,Ivan Le Lorraine Albright,American,Male,1897.0,1983.0,,,api_error
101,Album-miscellaneous,Various,,,,,,api_error
103,Albert Alcalay,American,Male,1917.0,2008.0,,,api_error
104,L. (Alfred Lewin Copley) Alcopley,American,Male,1910.0,1992.0,,,api_error
105,A. Alcorn,American,,,,,,api_error
106,Alan Aldridge,British,Male,1943.0,,,,api_error
107,Pierre Alechinsky,Belgian,Male,1927.0,,,,api_error
108,Peter Alexander,American,Male,1939.0,,,,api_error
111,Carlo Alfano,Italian,Male,,,,,api_error
112,José R. Alicea,American,Male,1928.0,,,,api_error
113,Leopoldo and Guiseppe Alinari,Italian,,,,,,api_error
114,James Alinder,American,Male,1941.0,,,,api_error
115,Yves Alix,French,Male,1890.0,1969.0,,,api_error
116,Wobbe Alkema,Dutch,Male,1900.0,1984.0,,,api_error
117,William Allan,American,Male,1936.0,,,,api_error
118,Alexander Alland,American,Male,1902.0,1989.0,,,api_error
119,Harry Allen,American,Male,1964.0,,,,api_error
120,Terry Allen,American,Male,1943.0,,,,api_error
121,Adrian Allinson,British,Male,1890.0,1959.0,,,api_error
123,Carlos Alonso,Argentine,Male,1929.0,,,,api_error
124,Glen Alps,American,Male,1914.0,1996.0,,,api_error
126,Henry Altchek,American,Male,1943.0,,,,api_error
127,Gerhard Altenbourg,German,Male,1926.0,1989.0,,,api_error
128,Hobie Alter,American,Male,1933.0,,,,api_error
129,Harold Altman,American,Male,1924.0,2003.0,,,api_error
131,Giacchino Altobelli,Italian,Male,1814.0,,,,api_error
132,John Altoon,American,Male,1925.0,1969.0,,,api_error
135,Manuel Álvarez Bravo,Mexican,Male,1902.0,2002.0,,,api_error
136,Dag Alveng,Norwegian,Male,1953.0,,,,api_error
137,Getulio Alviani,Italian,Male,1939.0,,,,api_error
138,Edmond-François Aman Jean,French,Male,1858.0,1936.0,,,api_error
139,Kunihiro Amano,Japanese,Male,,,,,api_error
140,Jim Amaral,American,Male,1933.0,,,,api_error
141,Emilio Ambasz,Argentine,Male,1943.0,,,,api_error
142,M. Ameen,Nationality unknown,,,,,,api_error
143,Irving Amen,American,Male,1918.0,2011.0,,,api_error
144,Woody van Amen,Dutch,Male,1936.0,,,,api_error
145,Gregory Amenoff,American,Male,1948.0,,,,api_error
148,Florencia de Amesti,Chilean,Female,1925.0,2006.0,,,api_error
149,Cuno Amiet,Swiss,Male,1868.0,1961.0,,,api_error
150,Francisco Amighetti Ruiz,Costa Rican,Male,1907.0,1998.0,,,api_error
152,Ralph Ammirati,American,Male,,,,,api_error
153,Emma Amos,American,Female,1938.0,,,,api_error
154,Mauricio Amster Cats,Chilean,Male,1907.0,1980.0,,,api_error
155,William Anastasi,American,Male,1933.0,,,,api_error
157,Stephen Ancona,American,Male,1932.0,,,,api_error
158,Jiþi Anderle,Czech,Male,1936.0,,,,api_error
159,Gunnar Aagaard Andersen,Danish,Male,1919.0,1982.0,,,api_error
160,Karin Schou Andersen,Danish,Female,1953.0,,,,api_error
161,Clarence William Anderson,American,Male,1891.0,1971.0,,,api_error
162,Carl Anderson,American,Male,1903.0,1989.0,,,api_error
163,Dennis Anderson,American,Male,1948.0,,,,api_error
164,Jeremy Anderson,American,Male,1921.0,1982.0,,,api_error
165,James Anderson,British,Male,1813.0,1877.0,,,api_error
166,Jerry Anderson,American,Male,1938.0,,,,api_error
167,John Anderson,British,Male,1928.0,,,,api_error
168,Neil Anderson,American,Male,1933.0,,,,api_error
169,Paul L. Anderson,American,Male,1880.0,1956.0,,,api_error
170,Monika Andersson,Swedish,Female,1957.0,,,,api_error
172,Joe Andoe,American,Male,1955.0,,,,api_error
173,Farnese de Andrade-Neto,Brazilian,Male,1926.0,1996.0,,,api_error
174,Carl Andre,American,Male,1935.0,,,,api_error
175,Pat Andrea,Dutch,Male,1942.0,,,,api_error
176,A. Andreas,French,,,,,,api_error
177,Henning Andreasen,Danish,Male,1923.0,,,,api_error
178,Laura Andreson,American,Female,1902.0,1999.0,,,api_error
179,Mariano Andreù,Spanish,Male,1901.0,,,,api_error
180,Benny Andrews,American,Male,1930.0,2006.0,,,api_error
181,Emmy Andriesse,Dutch,Female,1914.0,1953.0,,,api_error
182,Claudia Andujar,American,Female,1931.0,,,,api_error
183,Manuel Angeles Ortiz,Spanish,Male,1895.0,1984.0,,,api_error
184,Ludwig Angerer,Austrian,Male,1827.0,1879.0,,,api_error
185,Bruce Angrave,British,Male,,,,,api_error
186,Raúl Anguiano,Mexican,Male,1915.0,2006.0,,,api_error
188,Sibyl Anikeef,American,Female,1896.0,1996.0,,,api_error
189,James Craig Annan,British,Male,1864.0,1946.0,,,api_error
190,Thomas Annan,British,Male,1829.0,1887.0,,,api_error
193,David Annesley,British,Male,1936.0,,,,api_error
194,Horst Antes,German,Male,1936.0,,,,api_error
195,William Anthony,American,Male,1934.0,,,,api_error
196,Stephen Antonakos,American,Male,1926.0,2013.0,,,api_error
198,Garo Antreasian,American,Male,1922.0,,,,api_error
199,Nemesio Antúnez,Chilean,Male,1918.0,1993.0,,,api_error
200,Richard Anuszkiewicz,American,Male,1930.0,,,,api_error
201,Aoki Toshio,,,,,,,api_error
202,Carl Apfelschnitt,American,Male,1948.0,,,,api_error
203,Karel Appel,Dutch,Male,1921.0,2006.0,,,api_error
204,Leon Appelbaum,American,Male,,,,,api_error
205,Ida Applebroog,American,Female,1929.0,,,,api_error
207,Shusaku Arakawa,American,Male,1936.0,2010.0,,,api_error
208,Diane Arbus,American,Female,1923.0,1971.0,,,api_error
209,Aleksandr Archipenko,American,Male,1887.0,1964.0,,,api_error
211,Mordecai Ardon,Israeli,Male,1896.0,1992.0,,,api_error
212,Luis Arenal,Mexican,Male,1909.0,1985.0,,,api_error
214,Egmont Arens,American,Male,1888.0,1966.0,,,api_error
215,Tamotsu Arikawa,Japanese,Male,,,,,api_error
216,Avigdor Arikha,Romanian,Male,1929.0,2010.0,,,api_error
217,Gonzalo Ariza,Colombian,Male,1912.0,1995.0,,,api_error
218,Alda Maria Armagni,Argentine,Female,,,,,api_error
219,Siah Armajani,American,Male,1939.0,,,,api_error
220,Arman,American,Male,1928.0,2005.0,,,api_error
221,Armando,Dutch,Male,1929.0,,,,api_error
222,F. Armbruster,Nationality unknown,,,,,,api_error
224,Kenneth Armitage,British,Male,1916.0,2002.0,,,api_error
225,John Taylor Arms,American,Male,1887.0,1953.0,,,api_error
226,John Armstrong,British,Male,1893.0,1973.0,,,api_error
227,François Arnal,French,Male,1924.0,2012.0,,,api_error
228,Arndt,German,,1898.0,1976.0,,,api_error
229,Eugène Atget,French,Male,1857.0,1927.0,,,api_error
230,John Atherton,American,Male,1900.0,1952.0,,,api_error
231,Anna Atkins,British,Female,1797.0,1871.0,,,api_error
232,Conrad Atkinson,British,Male,1940.0,,,,api_error
233,Lawrence Atkinson,British,Male,1873.0,1931.0,,,api_error
234,Terry Atkinson,British,Male,1939.0,,,,api_error
235,Jean-Michel Atlan,French,Male,1913.0,1960.0,,,api_error
236,Dotty Attie,American,Female,1938.0,,,,api_error
238,Carl Auböck,Austrian,Male,1924.0,1993.0,,,api_error
239,Charles Aubry,French,Male,1811.0,1877.0,,,api_error
240,Frank Auerbach,British,Male,1931.0,,,,api_error
241,Gae Aulenti,Italian,Female,1930.0,2012.0,,,api_error
242,Keith James Aulik,Nationality unknown,Male,,,,,api_error
243,George Ault,American,Male,1891.0,1948.0,,,api_error
244,Darrel Austin,American,Male,1907.0,1994.0,,,api_error
245,Irving Austin,American,Male,,,,,api_error
246,Mario Avati,Italian,Male,1921.0,2009.0,,,api_error
247,Edward Avedisian,American,Male,1936.0,2007.0,,,api_error
248,Richard Avedon,American,Male,1923.0,2004.0,,,api_error
249,Frances Avery,American,Female,1910.0,2006.0,,,api_error
250,Milton Avery,American,Male,1885.0,1965.0,,,api_error
251,David Avison,American,Male,,,,,api_error
252,Mordechai Avniel,Israeli,Male,,,,,api_error
254,Kiyoshi Awazu,Japanese,Male,1929.0,2009.0,,,api_error
255,Ay-O,Japanese,Male,1931.0,,,,api_error
256,Alice Aycock,American,Female,1946.0,,,,api_error
257,Pierre Ayot,Canadian,Male,1943.0,1995.0,,,api_error
258,Michael Ayrton,British,Male,1921.0,1975.0,,,api_error
259,Luis Cruz Azaceta,American,Male,1942.0,,,,api_error
260,Umetaro Azechi,Japanese,Male,1902.0,1999.0,,,api_error
261,Kengiro Azuma,Japanese,Male,1926.0,,,,api_error
262,Johannes Baader,German,Male,1875.0,1955.0,,,api_error
263,Johannes Theodor Baargeld (Alfred Emanuel Ferdinand Gruenwald),German,Male,1892.0,1927.0,,,api_error
264,Kurt W. Baasch,American,Male,1891.0,1964.0,,,api_error
265,Alice Baber,American,Female,1928.0,1982.0,,,api_error
266,Bacard Fils,French,Male,,,,,api_error
268,Edmondo Bacci,Italian,Male,1913.0,1978.0,,,api_error
269,Elvira Bach,German,Female,1951.0,,,,api_error
270,Olof Backman,Swedish,Male,1899.0,,,,api_error
271,Olof Backstrom,Finnish,Male,1922.0,,,,api_error
272,Francis Bacon,British,Male,1909.0,1992.0,,,api_error
273,Peggy Bacon,American,Female,1895.0,1987.0,,,api_error
275,Karl Baden,American,Male,1952.0,,,,api_error
276,Mowry Thatcher Baden,American,Male,1936.0,,,,api_error
277,Aquiles Badi,Argentine,Male,1894.0,1976.0,,,api_error
278,Libero Badii,Argentine,Male,1916.0,2001.0,,,api_error
279,Frank Badur,German,Male,1944.0,,,,api_error
280,Donald Baechler,American,Male,1956.0,,,,api_error
281,Jo Baer,American,Female,1929.0,,,,api_error
282,Martin Baer,American,Male,1894.0,1961.0,,,api_error
283,Olle Baertling,Swedish,Male,1911.0,1981.0,,,api_error
284,Myrna Báez,American,Female,1931.0,,,,api_error
285,John Bageris,American,Male,1924.0,2000.0,,,api_error
286,Heinz Bahr,German,Male,1934.0,,,,api_error
287,Malcolm Bailey,American,Male,1947.0,2011.0,,,api_error
288,Oscar Bailey,American,Male,1925.0,,,,api_error
289,William Bailey,American,Male,1930.0,,,,api_error
290,Larry Bair,American,Male,1952.0,1990.0,,,api_error
291,Eugenie Baizerman,American,Female,1899.0,1949.0,,,api_error
292,Enrico Baj,Italian,Male,1924.0,2003.0,,,api_error
293,E. Bakalowitz Söhne,Austrian,,1845.0,,,,api_error
294,Carl Baker,American,Male,,,,,api_error
296,Mikal Baker,American,Male,1946.0,,,,api_error
298,Vagrich Bakhchanyan,Russian,Male,1938.0,2009.0,,,api_error
299,Gerhard H. Bakker,American,Male,,,,,api_error
300,Léon Bakst,Russian,Male,1866.0,1924.0,,,api_error
301,Gerard Baksteen,Dutch,Male,1887.0,1976.0,,,api_error
302,Amèrico Balán,Argentine,Male,1915.0,1986.0,,,api_error
303,Jirí Balcar,Czech,Male,1929.0,1968.0,,,api_error
304,John Baldessari,American,Male,1931.0,,,,api_error
305,George Baldessin,Australian,Male,1939.0,1978.0,,,api_error
307,C. Leroy Baldridge,American,Male,1889.0,1975.0,,,api_error
308,Édouard-Denis Baldus,French,Male,1813.0,1882.0,,,api_error
309,Benjamin Baldwin,American,Male,1913.0,1993.0,,,api_error
310,Joost Baljeu,Dutch,Male,1925.0,1991.0,,,api_error
311,Giacomo Balla,Italian,Male,1871.0,1958.0,,,api_error
313,R. Maxil Ballinger,American,Male,1914.0,1958.0,,,api_error
314,Theo H. Ballmer,Swiss,Male,1902.0,1965.0,,,api_error
315,Alexander Bally,American,Male,1938.0,,,,api_error
316,John F. Balossi,American,Male,1931.0,2007.0,,,api_error
317,Balthus (Baltusz Klossowski de Rola),French,Male,1908.0,2001.0,,,api_error
318,Lewis Baltz,American,Male,1945.0,2014.0,,,api_error
319,Thomas Bamberger,American,Male,1948.0,,,,api_error
320,McDonald (Mackey Jeffries) Bane,American,Female,1928.0,,,,api_error
321,Colette Bangert,American,Female,1934.0,,,,api_error
322,Walter Darby Bannard,American,Male,1934.0,2016.0,,,api_error
323,John Banting,British,Male,1902.0,1972.0,,,api_error
324,Rudolf Baranik,American,Male,1920.0,1998.0,,,api_error
325,Vladimir Baranoff-Rossiné,Ukrainian,Male,1888.0,1944.0,,,api_error
327,Anthony Barboza,American,Male,1944.0,,,,api_error
329,Miquel Barcelo,Spanish,Male,1957.0,,,,api_error
330,Peter Bardazzi,American,Male,1943.0,,,,api_error
331,J. Baric,French,Male,1825.0,1905.0,,,api_error
332,Richard Baringer,American,Male,1921.0,1980.0,,,api_error
333,George Barker,Australian,Male,1942.0,,,,api_error
334,Walter William Barker,American,Male,1921.0,2004.0,,,api_error
335,Ernst Barlach,German,Male,1870.0,1938.0,,,api_error
336,George Barnard,American,Male,1819.0,1902.0,,,api_error
337,Cyril H. Barnes,American,Male,,,,,api_error
338,Matthew Rackham Barnes,American,Male,1880.0,1951.0,,,api_error
339,Robert Barnes,American,Male,1934.0,,,,api_error
342,Will Barnet,American,Male,1911.0,2012.0,,,api_error
343,Tina Barney,American,Female,1945.0,,,,api_error
344,Hannelore Baron,American,Female,1926.0,1987.0,,,api_error
345,Martin Barooshian,American,Male,1929.0,,,,api_error
347,Steve Barraclough,British,Male,,,,,api_error
348,Maurice Barraud,Swiss,Male,1889.0,1955.0,,,api_error
349,Susan Barron,American,Female,1947.0,,,,api_error
350,Thomas F. Barrow,American,Male,1938.0,,,,api_error
351,D. F. Barry,American,Male,1854.0,1934.0,,,api_error
352,Robert Barry,American,Male,1936.0,,,,api_error
353,Robert Bart,American,Male,1923.0,,,,api_error
354,Frances Barth,American,Female,1946.0,,,,api_error
355,Ruodi Barth,Swiss,Male,1921.0,1999.0,,,api_error
356,"Ralph Bartholomew, Jr.",American,Male,1907.0,1985.0,,,api_error
357,Jennifer Bartlett,American,Female,1941.0,,,,api_error
358,Robert Bartlett,British,Male,1922.0,1979.0,,,api_error
359,Carlo Bartoli,Italian,Male,1931.0,,,,api_error
360,Luigi Bartolini,Italian,Male,1892.0,1963.0,,,api_error
361,Joseph Bartscherer,American,Male,1954.0,,,,api_error
362,Gianfranco Baruchello,Italian,Male,1924.0,,,,api_error
363,Héctor Basaldua,Argentine,Male,1895.0,1976.0,,,api_error
364,Bernard Baschet,French,Male,1917.0,2015.0,,,api_error
365,François Baschet,French,Male,1920.0,2014.0,,,api_error
366,Georg Baselitz,German,Male,1938.0,,,,api_error
368,Mati Basis,Israeli,Male,1933.0,,,,api_error
369,Leonard Baskin,American,Male,1922.0,2000.0,,,api_error
370,Jean-Michel Basquiat,American,Male,1960.0,1988.0,,,api_error
371,Joel Bass,American,Male,1943.0,,,,api_error
372,Saul Bass,American,Male,1920.0,1996.0,,,api_error
373,Giampiero Bassi,Italian,,1926.0,,,,api_error
374,Miriam Bat-Yosef,German,Female,1931.0,,,,api_error
377,Josef Bato,Hungarian,Male,1888.0,1966.0,,,api_error
378,John Battan,American,Male,1943.0,1976.0,,,api_error
379,Wall Batterton,British,Male,1932.0,,,,api_error
380,Dora M. Batty,British,Female,1900.0,1966.0,,,api_error
381,Eugen Batz,German,Male,1905.0,1986.0,,,api_error
382,"Harry W. Batz, Jr.",American,Male,,,,,api_error
383,André Bauchant,French,Male,1873.0,1958.0,,,api_error
384,Karl Bauer,German,Male,1868.0,1942.0,,,api_error
385,Rudolph Bauer,American,Male,1889.0,1954.0,,,api_error
386,Mary Bauermeister,American,Female,1934.0,,,,api_error
387,Bauhaus,German,,,,,,api_error
388,Marilyn Baum,American,Female,1939.0,,,,api_error
390,Hans Theo Baumann,German,Male,1924.0,,,,api_error
391,Otto Baumberger,Swiss,Male,1889.0,1961.0,,,api_error
392,Willi Baumeister,German,Male,1889.0,1955.0,,,api_error
393,Lothar Baumgarten,German,Male,1944.0,,,,api_error
395,Edward Bawden,British,Male,1903.0,1989.0,,,api_error
396,Glen Baxter,British,Male,,,,,api_error
397,Iain Baxter&,Canadian,Male,1936.0,,,,api_error
398,Hippolyte Bayard,French,Male,1801.0,1887.0,,,api_error
399,Herbert Bayer,American,Male,1900.0,1985.0,,,api_error
401,Ed Baynard,American,Male,1940.0,,,,api_error
402,Thomas Bayrle,German,Male,1937.0,,,,api_error
403,Douglas Baz,American,Male,1943.0,,,,api_error
404,Jean Bazaine,French,Male,1904.0,2001.0,,,api_error
405,Castera Bazile,Haitian,Male,1923.0,1966.0,,,api_error
406,William Baziotes,American,Male,1912.0,1963.0,,,api_error
407,Gifford Beal,American,Male,1879.0,1956.0,,,api_error
408,Jack Beal,American,Male,1931.0,2013.0,,,api_error
409,Lester Beall,American,Male,1903.0,1969.0,,,api_error
411,Mark Beard,American,Male,1956.0,,,,api_error
412,Romare Bearden,American,Male,1911.0,1988.0,,,api_error
413,Aubrey Beardsley,British,Male,1872.0,1898.0,,,api_error
414,Bruce Beasley,American,Male,1939.0,,,,api_error
415,Beath,British,,1913.0,1991.0,,,api_error
416,Felice Beato,Italian,Male,1825.0,1903.0,,,api_error
417,Cecil Beaton,British,Male,1904.0,1980.0,,,api_error
418,Leslie Beaton,American,Female,,,,,api_error
419,Robert Beauchamp,American,Male,1923.0,1995.0,,,api_error
420,André Beaudin,French,Male,1895.0,1975.0,,,api_error
421,Alessandro Becchi,Italian,Male,1946.0,,,,api_error
422,Bernd Becher,German,Male,1931.0,2007.0,,,api_error
423,Thelma Becherer,American,Female,1916.0,2008.0,,,api_error
424,Robert Bechtle,American,Male,1932.0,,,,api_error
425,Gustav K. Beck,Austrian,Male,1902.0,1983.0,,,api_error
426,A. Becker,German,,,,,,api_error
427,Fred Becker,American,Male,1913.0,2004.0,,,api_error
428,Bill Beckley,American,Male,1946.0,,,,api_error
429,Max Beckmann,German,Male,1884.0,1950.0,,,api_error
430,Francis Bedford,British,Male,1816.0,1894.0,,,api_error
431,René Beeh,German,Male,1886.0,1922.0,,,api_error
432,Jan Bontjes van Beek,German,Male,1899.0,1969.0,,,api_error
433,Chris Hendrik Beekman,Dutch,Male,1887.0,1964.0,,,api_error
434,Max Beerbohm,British,Male,1872.0,1956.0,,,api_error
436,Hedda Beese,German,Female,1944.0,,,,api_error
437,"Beggarstaffs (James Pryde, Scottish 1866-1941 & William Nicholson, British 1872-1949)",British,,1866.0,1949.0,,,api_error
438,Peter Behrens,German,Male,1868.0,1940.0,,,api_error
439,Edith Behring,Brazilian,Female,1916.0,1996.0,,,api_error
440,John Behringer,American,Male,1939.0,,,,api_error
441,J. J. Beljon,Dutch,Male,1922.0,2002.0,,,api_error
442,Alistair Macready Bell,Canadian,Male,1913.0,1997.0,,,api_error
443,Charles M. Bell,American,Male,1848.0,1893.0,,,api_error
444,Larry Bell,American,Male,1939.0,,,,api_error
445,Vanessa Bell,British,Female,1879.0,1961.0,,,api_error
446,William H. Bell,American,Male,1830.0,1910.0,,,api_error
447,Ross Bellah,American,Male,1907.0,2004.0,,,api_error
448,Joseph Bellanca,American,Male,1930.0,,,,api_error
449,John Bellany,British,Male,1942.0,2013.0,,,api_error
450,Rudolf Belling,German,Male,1886.0,1972.0,,,api_error
451,Mario Bellini,Italian,Male,1935.0,,,,api_error
452,Hans Bellmer,German,Male,1902.0,1975.0,,,api_error
453,Ernest J. Bellocq,American,Male,1873.0,1949.0,,,api_error
455,George Bellows,American,Male,1882.0,1925.0,,,api_error
456,Rossella Bellusci,Italian,Female,1947.0,,,,api_error
457,Giandomenico Belotti,Italian,Male,1922.0,,,,api_error
458,Christian Belpaire,Congolese,Male,1949.0,,,,api_error
459,Antoli Pawlowitsch Belski,Russian,Male,1896.0,1971.0,,,api_error
461,David Ben Shaul,Israeli,Male,,,,,api_error
462,Ahron Ben-Shmuel,American,Male,1903.0,1984.0,,,api_error
463,Ben-Zion,American,Male,1897.0,1987.0,,,api_error
464,Adolf Benca,American,Male,1959.0,,,,api_error
465,W. T. Benda,American,Male,1873.0,1948.0,,,api_error
466,C. Whitney Bender,American,,1929.0,,,,api_error
467,Niels Sylvester Bendtsen,Danish,Male,1943.0,,,,api_error
468,Nair Benedicto,Brazilian,Female,1940.0,,,,api_error
469,Luis Fernando Benedit,Argentine,Male,1937.0,2011.0,,,api_error
470,G. A. Beneker,American,Male,1882.0,1934.0,,,api_error
471,Lynda Benglis,American,Female,1941.0,,,,api_error
472,Billy Al Bengston,American,Male,1934.0,,,,api_error
473,Jim Bengston,American,Male,1942.0,,,,api_error
474,Anthony Benjamin,British,Male,,,,,api_error
475,Gordon Bennett,American,Male,1933.0,2012.0,,,api_error
476,Henry Hamilton Bennett,American,Male,1843.0,1908.0,,,api_error
478,Ward Bennett,American,Male,1917.0,2003.0,,,api_error
479,Alexander Benois,Russian,Male,1870.0,1960.0,,,api_error
481,David Bentley,American,Male,1938.0,,,,api_error
482,Nicholas Bentley,British,Male,1907.0,1978.0,,,api_error
483,Thomas Hart Benton,American,Male,1889.0,1975.0,,,api_error
484,Roloff Beny,Canadian,Male,1924.0,1984.0,,,api_error
485,Etienne (Istvan) Béothy,Hungarian,Male,1897.0,1962.0,,,api_error
486,Christian Bérard,French,Male,1902.0,1949.0,,,api_error
487,Roberto Berdecio,Bolivian,Male,1913.0,1996.0,,,api_error
488,Vera Berdich,American,Female,1915.0,2003.0,,,api_error
489,Ed Bereal,American,Male,1937.0,,,,api_error
490,Stephen Lynn Berens,American,Male,1952.0,,,,api_error
491,Berger (?),British,,1938.0,,,,api_error
492,Charles Berger,American,Male,1943.0,,,,api_error
493,Jason Berger,American,Male,1924.0,2010.0,,,api_error
495,Hagbard Elis Bergh,Swedish,Male,1881.0,1954.0,,,api_error
496,Håkan Bergkvist,Swedish,Male,1946.0,,,,api_error
497,Ella Bergmann-Michel,German,Female,1896.0,1971.0,,,api_error
498,Paul Bergtold,Nationality unknown,Male,,,,,api_error
501,Henryk Berlewi,Polish,Male,1894.0,1967.0,,,api_error
502,Eugene Berman,American,Male,1899.0,1972.0,,,api_error
503,Mieczyslaw Berman,Polish,Male,1903.0,1975.0,,,api_error
504,Sarah Berman,American,Female,1895.0,1957.0,,,api_error
505,Wallace Berman,American,Male,1926.0,1976.0,,,api_error
506,Zeke Berman,American,Male,1951.0,,,,api_error
507,Cundo Bermúdez,Cuban,Male,1914.0,2008.0,,,api_error
508,José Ygnacio Bermudez,Cuban,Male,1922.0,1988.0,,,api_error
509,Thoni Bern,Swiss,,,,,,api_error
510,Camille Bernabé,French,Male,1808.0,1900.0,,,api_error
511,Émile Bernard,French,Male,1868.0,1941.0,,,api_error
512,Francis Bernard,French,Male,1900.0,1979.0,,,api_error
513,Valère Bernard,French,Male,1860.0,1936.0,,,api_error
514,Jerry Berndt,American,Male,1943.0,2013.0,,,api_error
515,Lucian Bernhard,American,Male,1883.0,1972.0,,,api_error
516,Ruth Bernhard,American,Female,1905.0,2006.0,,,api_error
517,Antonio Berni,Argentine,Male,1905.0,1981.0,,,api_error
518,Janez Bernik,Yugoslav,Male,1933.0,,,,api_error
519,Judith Bernstein,American,Female,1942.0,,,,api_error
520,Richard Bernstein,American,Male,1939.0,2002.0,,,api_error
521,Jean Berque,French,Male,1896.0,1954.0,,,api_error
522,Miguel Ortiz Berrocal,Spanish,Male,1933.0,2006.0,,,api_error
523,Bertall & Cie.,French,,,,,,api_error
524,M. Berthaud,French,,,,,,api_error
525,Palme Berthold,,,,,,,api_error
526,Berthold-Mahn (Charles Désiré),French,Male,1893.0,1975.0,,,api_error
527,René Bertholo,Portuguese,Male,1935.0,2005.0,,,api_error
528,Paul Berthon,French,Male,1872.0,1909.0,,,api_error
529,Jake Berthot,American,Male,1939.0,2014.0,,,api_error
530,Gianni Bertini,Italian,Male,1922.0,,,,api_error
531,Harry Bertoia,American,Male,1915.0,1978.0,,,api_error
532,Emilio Bertonati,Italian,Male,,,,,api_error
533,Albert Besnard,French,Male,1849.0,1934.0,,,api_error
534,Forrest Bess,American,Male,1911.0,1977.0,,,api_error
535,Ruth Bessoudo Courvoisier,Brazilian,Female,,,,,api_error
536,Alan Randall Best,Canadian,Male,1958.0,,,,api_error
537,William Betsch,American,Male,,,,,api_error
538,Pierre Betz,French,Male,1899.0,1969.0,,,api_error
539,Wim Beuning,Dutch,Male,1914.0,1986.0,,,api_error
540,Joseph Beuys,German,Male,1921.0,1986.0,,,api_error
541,Art Bevacqua,Nationality unknown,Male,,,,,api_error
542,Thomas Bewick,British,Male,1753.0,1828.0,,,api_error
544,Jyoti Bhatt,Indian,Male,1934.0,,,,api_error
545,Domenico Bianchi,Italian,Male,1955.0,,,,api_error
546,Pamela Bianco,American,Female,1906.0,1994.0,,,api_error
547,Fulvio Bianconi,Italian,Male,1915.0,1996.0,,,api_error
548,Carl Bianga,German,Male,,,,,api_error
549,Alberto Biasi,Italian,Male,1937.0,,,,api_error
550,Guido Biasi,Italian,Male,1933.0,,,,api_error
551,Ashley Bickerton,British,Male,1959.0,,,,api_error
553,George Biddle,American,Male,1885.0,1973.0,,,api_error
554,Charles Biederman,American,Male,1906.0,2004.0,,,api_error
555,James Biederman,American,Male,1947.0,,,,api_error
556,Aenne Biermann,German,Female,1898.0,1933.0,,,api_error
557,Wilson Bigaud,Haitian,Male,1931.0,2010.0,,,api_error
559,Max Bill,Swiss,Male,1908.0,1994.0,,,api_error
560,Joseph Binder,American,Male,1898.0,1972.0,,,api_error
561,Ilse Bing,American,Female,1899.0,1998.0,,,api_error
562,Robert J. Bingham,British,Male,1824.0,1870.0,,,api_error
563,Manfred Bingler,Swiss,Male,1928.0,,,,api_error
564,Peter Birkhauser,Swiss,Male,1911.0,1976.0,,,api_error
565,Robert Birmelin,American,Male,1933.0,,,,api_error
566,Werner Bischof,Swiss,Male,1916.0,1954.0,,,api_error
567,Elmer Bischoff,American,Male,1916.0,1991.0,,,api_error
568,Isabel Bishop,American,Female,1902.0,1988.0,,,api_error
569,James Bishop,American,Male,1927.0,,,,api_error
570,Michael Bishop,American,Male,1946.0,,,,api_error
571,Maureen Bisilliat,American,Female,1931.0,,,,api_error
572,Antonio Bisquert Pérez,Spanish,Male,1906.0,1990.0,,,api_error
573,Julius Bissier,German,Male,1893.0,1965.0,,,api_error
574,Roger Bissière,French,Male,1888.0,1964.0,,,api_error
575,George Bissill,British,Male,1896.0,1973.0,,,api_error
576,Auguste Rosalie Bisson,French,Male,1826.0,1900.0,,,api_error
577,Louis-Auguste Bisson,French,Male,1814.0,1876.0,,,api_error
578,Arnold Bittleman,American,Male,1933.0,1985.0,,,api_error
579,Dolores Dembus Bittleman,American,Female,1931.0,,,,api_error
580,Ion Bitzan,Romanian,Male,1924.0,1997.0,,,api_error
581,Judith Black,American,Female,1945.0,,,,api_error
582,James Wallace Black,American,Male,1825.0,1896.0,,,api_error
583,Roman Black,Nationality unknown,Male,,,,,api_error
584,Wendell Black,American,Male,1919.0,1972.0,,,api_error
585,Elizabeth Blackadder,British,Female,1931.0,,,,api_error
586,Morris Blackburn,American,Male,1902.0,1979.0,,,api_error
587,Tom Blackwell,American,Male,1938.0,,,,api_error
588,Ronald Bladen,American,Male,1918.0,1988.0,,,api_error
589,Nell Blaine,American,Female,1922.0,1996.0,,,api_error
590,Jean-Charles Blais,French,Male,1956.0,,,,api_error
591,Jeffrey Blake,American,Male,1954.0,,,,api_error
592,Peter Blake,British,Male,1932.0,,,,api_error
594,Werner Blaser,Swiss,Male,1924.0,,,,api_error
595,Edwin Howland Blashfield,American,Male,1848.0,1936.0,,,api_error
596,Arbit Blatas,American,Male,1908.0,1999.0,,,api_error
597,Ross Bleckner,American,Male,1949.0,,,,api_error
599,René Bleibtreu,French,Male,1920.0,,,,api_error
601,Blessum,Nationality unknown,,,,,,api_error
602,André Bloc,Nationality unknown,Male,1896.0,1966.0,,,api_error
603,Albert Bloch,American,Male,1882.0,1961.0,,,api_error
604,Julius Thiengen Bloch,American,Male,1888.0,1966.0,,,api_error
605,Pierrette Bloch,French,Female,1928.0,,,,api_error
606,Clarence Lincoln Block,Nationality unknown,Male,,,,,api_error
607,Gay Block,American,Female,1942.0,,,,api_error
608,Barbara Bloom,American,Female,1951.0,,,,api_error
609,Hyman Bloom,American,Male,1913.0,2009.0,,,api_error
610,Vern Blosum,American,Male,1936.0,,,,api_error
611,Sandra Blow,British,Female,1925.0,2006.0,,,api_error
612,Oscar Bluemner,American,Male,1867.0,1938.0,,,api_error
613,Norman Bluhm,American,Male,1920.0,1999.0,,,api_error
614,Donald Blumberg,American,Male,1935.0,,,,api_error
615,Anna Blume,German,Female,1937.0,,,,api_error
616,Bernhard Blume,German,Male,1937.0,2011.0,,,api_error
617,Peter Blume,American,Male,1906.0,1992.0,,,api_error
618,Erwin Blumenfeld,German,Male,1897.0,1969.0,,,api_error
622,Instituto Lina Bo e Pietro Maria Bardi,Brazilian,Female,1914.0,1992.0,,,api_error
623,Marcello Boccacci,Italian,Male,1914.0,1996.0,,,api_error
624,Umberto Boccioni,Italian,Male,1882.0,1916.0,,,api_error
625,Mel Bochner,American,Male,1940.0,,,,api_error
626,Bengt Böckman,Swedish,Male,1936.0,,,,api_error
627,Peter Bodner,Nationality unknown,Male,,,,,api_error
630,Alighiero Boetti,Italian,Male,1940.0,1994.0,,,api_error
631,Marinus Boezem,Dutch,Male,1934.0,,,,api_error
632,Ricardo Bofill,Spanish,Male,1939.0,,,,api_error
633,Arthur Emil Bofinger,Swiss,Male,1909.0,,,,api_error
634,Jóhanna Boga,Icelandic,Female,,,,,api_error
635,Varujan Boghosian,American,Male,1926.0,,,,api_error
636,Theodor Bogler,German,Male,1897.0,1968.0,,,api_error
637,Alexander Bogomazov,Russian,Male,1880.0,1930.0,,,api_error
638,Blythe Bohnen,American,Female,1940.0,,,,api_error
639,Olaf von Bohr,Austrian,Male,1927.0,,,,api_error
640,Karl Bohrmann,German,Male,1928.0,1998.0,,,api_error
641,Bruce Boice,American,Male,1941.0,,,,api_error
642,Charles Boily,French,Male,,,,,api_error
643,Boissonas,Swiss,,,,,,api_error
644,Richard Boix,Spanish,Male,1894.0,1949.0,,,api_error
645,Jakob (Jack) Friedrich Bollschweiler,German,Male,1888.0,1938.0,,,api_error
646,Roger Bolomey,American,Male,1918.0,,,,api_error
647,Jay Bolotin,American,Male,1949.0,,,,api_error
648,Ilya Bolotowsky,American,Male,1907.0,1981.0,,,api_error
649,Christian Boltanski,French,Male,1944.0,,,,api_error
650,Michael Bolus,British,Male,1934.0,2013.0,,,api_error
651,David Bomberg,British,Male,1890.0,1957.0,,,api_error
652,Camille Bombois,French,Male,1883.0,1970.0,,,api_error
653,Giorgio Bompadre,Italian,Male,,,,,api_error
654,Bona,Italian,Female,1926.0,,,,api_error
655,Claus Bonderup,Danish,Male,1943.0,,,,api_error
656,Emile Bondonneau,French,Male,,,,,api_error
657,Muirhead Bone,British,Male,1876.0,1953.0,,,api_error
658,Antonio Bonet,Spanish,Male,1913.0,1989.0,,,api_error
659,Rodolfo Bonetto,Italian,Male,1929.0,1991.0,,,api_error
660,Marcelo Bonevardi,Argentine,Male,1929.0,1994.0,,,api_error
661,Felix Bonfils,French,Male,1831.0,1885.0,,,api_error
662,Dusti Bongé,American,Female,1903.0,1993.0,,,api_error
664,Paolo Boni,Italian,Male,1926.0,,,,api_error
665,Pierre Bonnard,French,Male,1867.0,1947.0,,,api_error
666,William Bonnell,American,Male,,,,,api_error
668,Maria Bonomi,Brazilian,Female,1935.0,,,,api_error
669,Robert Bononno,American,Male,,,,,api_error
670,Lee Bontecou,American,Female,1931.0,,,,api_error
671,Fabio Bonzi,Italian,Male,1943.0,,,,api_error
673,Peter Booth,Australian,Male,1940.0,,,,api_error
674,Osvaldo Borda,Argentine,Male,1929.0,,,,api_error
675,Enrico Bordoni,Italian,Male,1904.0,1969.0,,,api_error
676,Paul-Émile Borduas,Canadian,Male,1905.0,1960.0,,,api_error
677,Wendela Boreel,British,Female,,,,,api_error
678,Francisco Borès,Spanish,Male,1898.0,1972.0,,,api_error
682,Jonathan Borofsky,American,Male,1942.0,,,,api_error
684,Arnold von Borsig,German,Male,,,,,api_error
685,Elena Borstein,American,Female,1946.0,,,,api_error
686,Sándor (Alexander) Bortnyik,Hungarian,Male,1893.0,1976.0,,,api_error
687,Fritz Boscovits,Swiss,Male,1871.0,1965.0,,,api_error
688,Derek Boshier,British,Male,1937.0,,,,api_error
689,Richard Bosman,Australian,Male,1944.0,,,,api_error
690,Michael P. Bosniak,American,Male,,,,,api_error
691,Rodolphe-Théophile Bosshard,Swiss,Male,1889.0,1960.0,,,api_error
692,Check  Boterf,American,Male,1934.0,,,,api_error
693,Fernando Botero,Colombian,Male,1932.0,,,,api_error
694,Dorr Bothwell,American,Female,1902.0,2000.0,,,api_error
696,Mario Botta,Swiss,Male,1943.0,,,,api_error
697,Kenneth J. Botto,American,Male,1937.0,,,,api_error
698,Édouard Boubat,French,Male,1923.0,1999.0,,,api_error
699,René Robert Bouché,American,Male,1905.0,1963.0,,,api_error
700,Jean Boucher,French,Male,,,,,api_error
701,Alice Boughton,American,Female,1865.0,1943.0,,,api_error
702,Bouillon,French,,,,,,api_error
703,Firmin Bouisset,French,Male,1859.0,1925.0,,,api_error
704,Bart Boumans,Dutch,Male,,,,,api_error
705,Christine Boumeester,Dutch,Female,1904.0,1971.0,,,api_error
706,Louis Bouquet,French,Male,1885.0,1952.0,,,api_error
707,Harry Bouras,American,Male,1931.0,1993.0,,,api_error
708,Émile-Antoine Bourdelle,French,Male,1861.0,1929.0,,,api_error
709,Jouineau Bourduge,French,,,,,,api_error
710,Louise Bourgeois,American,Female,1911.0,2010.0,,,api_error
711,Fergus Bourke,Irish,Male,1934.0,2004.0,,,api_error
712,Margaret Bourke-White,American,Female,1904.0,1971.0,,,api_error
713,Samuel Bourne,British,Male,1834.0,1912.0,,,api_error
714,J. Bouski,Polish,,,,,,api_error
715,Jean-Louis Boussingault,French,Male,1883.0,1943.0,,,api_error
716,Henri Boutet,French,Male,1851.0,1919.0,,,api_error
717,Boutrou,French,,,,,,api_error
718,Lynn Bowers,American,Male,1932.0,,,,api_error
719,Frank Bowling,Guyanese,Male,1936.0,,,,api_error
720,Stanley Boxer,American,Male,1926.0,2000.0,,,api_error
721,Fiske Boyd,American,Male,1895.0,1975.0,,,api_error
722,Fionnuala Boyd,British,Female,1944.0,,,,api_error
723,James Henderson Boyd,Canadian,Male,1928.0,2002.0,,,api_error
724,Mark Boyle,British,Male,1934.0,,,,api_error
725,James Boynton,American,Male,1928.0,2010.0,,,api_error
726,Paul Brach,American,Male,1924.0,2007.0,,,api_error
727,Angel Bracho,Mexican,Male,1911.0,2005.0,,,api_error
728,M. Leone Bracker,American,Male,1885.0,1937.0,,,api_error
729,Su Braden,British,Female,1940.0,,,,api_error
730,Martin Bradley,British,Male,,,,,api_error
731,Paul Bradley,American,Male,1960.0,,,,api_error
732,William Bradley,American,Male,1868.0,1962.0,,,api_error
733,Dove Bradshaw,American,Male,1949.0,,,,api_error
734,Mathew B. Brady (studio of),American,Male,1823.0,1896.0,,,api_error
736,Joe Brainard,American,Male,1942.0,1994.0,,,api_error
737,Emile Branchard,American,Male,1881.0,1938.0,,,api_error
738,Constantin Brancusi,French,Male,1876.0,1957.0,,,api_error
739,Hans Brand,German,Male,,,,,api_error
740,Bill Brandt,British,Male,1904.0,1983.0,,,api_error
741,Marianne Brandt,German,Female,1893.0,1983.0,,,api_error
742,Robert Brandwein,American,Male,1933.0,1972.0,,,api_error
743,Frank Brangwyn,British,Male,1867.0,1956.0,,,api_error
744,Georges Braque,French,Male,1882.0,1963.0,,,api_error
745,Brassaï (Gyula Halász),French,Male,1899.0,1984.0,,,api_error
746,John Randall Bratby,British,Male,1928.0,1992.0,,,api_error
747,Pieter Brattinga,Dutch,Male,1931.0,,,,api_error
749,Adolphe Braun,French,Male,1812.0,1877.0,,,api_error
750,Braun et Compagnie,French,Male,,,,,api_error
751,Victor Brauner,Romanian,Male,1903.0,1966.0,,,api_error
752,Troy Brauntuch,American,Male,1954.0,,,,api_error
753,Claudio Bravo,Chilean,Male,1936.0,2011.0,,,api_error
755,Stipe Brcic,Yugoslav,Male,1948.0,,,,api_error
756,George Brecht,American,Male,1926.0,2008.0,,,api_error
757,Charles H. Breed,American,Male,1876.0,1950.0,,,api_error
758,Robert Breer,American,Male,1926.0,2011.0,,,api_error
759,Carl-Arne Breger,Swedish,Male,1923.0,,,,api_error
760,KP Brehmer,German,Male,1938.0,1997.0,,,api_error
761,Raymond Breinin,American,Male,1910.0,2000.0,,,api_error
762,Joseph Breitenbach,American,Male,1896.0,1984.0,,,api_error
763,Bjorn G. Breitholtz,Swedish,Male,,,,,api_error
764,Uwe Bremer,German,Male,1940.0,,,,api_error
766,Miguel Bresciano,Uruguayan,Male,1937.0,1979.0,,,api_error
767,Rodolphe Bresdin,French,Male,1822.0,1885.0,,,api_error
768,André Breton,French,Male,1896.0,1966.0,,,api_error
769,Marcel Breuer,American,Male,1902.0,1981.0,,,api_error
771,William Brice,American,Male,1921.0,2008.0,,,api_error
772,Charles D. Briddell,American,Male,,,,,api_error
773,Marilyn Bridges,American,Female,1948.0,,,,api_error
774,Barry Bridgwood,American,Male,1957.0,,,,api_error
775,G. Stanislaus Brien,British,,,,,,api_error
776,Judson Briggs,American,Male,1906.0,,,,api_error
777,Anne W. Brigman,American,Female,1869.0,1950.0,,,api_error
778,Serge Brignoni,Swiss,Male,1903.0,2002.0,,,api_error
779,Denis Brihat,French,Male,1928.0,,,,api_error
780,Enrique Brinkmann,Spanish,Male,1938.0,,,,api_error
781,Horace Bristol,American,Male,1908.0,1997.0,,,api_error
782,L. N. Britton,American,,1858.0,1934.0,,,api_error
783,René Brô,French,Male,1930.0,1987.0,,,api_error
784,John Brockman,American,Male,1941.0,,,,api_error
785,Gottfried Brockmann,German,Male,1903.0,1983.0,,,api_error
787,Gandy Brodie,American,Male,1925.0,1975.0,,,api_error
788,Alexey Brodovitch,American,Male,1898.0,1971.0,,,api_error
789,Alexander Brodsky,Russian,Male,,,,,api_error
790,Jürgen Brodwolf,Swiss,Male,1932.0,,,,api_error
791,Stephen Brody,American,Male,1926.0,,,,api_error
792,Horace Brodzky,American,Male,1885.0,1969.0,,,api_error
793,Stig Brøgger,Danish,Male,1941.0,,,,api_error
794,Robert Broner,American,Male,1922.0,2010.0,,,api_error
795,Marcel Broodthaers,Belgian,Male,1924.0,1976.0,,,api_error
796,Alexander Brook,American,Male,1898.0,1980.0,,,api_error
797,John Brook,American,Male,1924.0,,,,api_error
798,James Brooks,American,Male,1906.0,1992.0,,,api_error
799,Milton Brooks,American,Male,1901.0,1956.0,,,api_error
800,Wendell Brooks,American,Male,1939.0,,,,api_error
801,Harry Brorby,American,Male,1927.0,2012.0,,,api_error
802,Joan Brossa,Spanish,Male,1919.0,1998.0,,,api_error
803,Gary Stephen Brotmeyer,American,Male,1946.0,,,,api_error
804,Arthur William Brown,American,Male,1881.0,1966.0,,,api_error
805,Gustav A. Brown,American,Male,1908.0,,,,api_error
806,James Brown,American,Male,1951.0,,,,api_error
807,Joan Brown,American,Female,1938.0,1990.0,,,api_error
808,Kathan Brown,American,Female,1935.0,,,,api_error
809,Margaret DeM Brown,American,Female,,,,,api_error
810,Ray Brown,American,Male,1933.0,,,,api_error
811,Roger Brown,American,Male,1941.0,1997.0,,,api_error
812,William Brown,American,Male,,,,,api_error
814,Byron Browne,American,Male,1907.0,1961.0,,,api_error
815,Colleen Browning,American,Female,1923.0,,,,api_error
816,Robert Brownjohn,American,Male,1925.0,1970.0,,,api_error
817,Kenneth Brozen,American,Male,1927.0,1989.0,,,api_error
818,Roser Llop Bru,Chilean,Female,1923.0,,,,api_error
819,Salvador Bru,Chilean,Male,1923.0,,,,api_error
820,Jon O. Brubaker,American,Male,1875.0,1953.0,,,api_error
821,Patrick Henry Bruce,American,Male,1881.0,1936.0,,,api_error
822,Anton Bruehl,American,Male,1900.0,1982.0,,,api_error
824,Francis Bruguière,American,Male,1879.0,1945.0,,,api_error
825,Paul Brühwiler,Swiss,Male,1939.0,,,,api_error
826,William Brui,Israeli,Male,1946.0,,,,api_error
827,Brumhoff,Nationality unknown,,,,,,api_error
828,Donald Brun,Swiss,Male,1909.0,1999.0,,,api_error
829,Peter Brüning,German,Male,1929.0,1970.0,,,api_error
830,Robert Brunner,American,Male,1958.0,,,,api_error
831,Albin Brunovsky,Slovak,Male,,,,,api_error
832,Norman Bruns,American,Male,1921.0,2005.0,,,api_error
833,Günter Brus,Austrian,Male,1938.0,,,,api_error
834,Grisha Bruskin,Russian,Male,1945.0,,,,api_error
835,Wim Brusse,Dutch,Male,1910.0,1978.0,,,api_error
836,William Bryant,American,Male,1946.0,,,,api_error
837,Camille Bryen,French,Female,1907.0,1976.0,,,api_error
838,Tadeusz Brzozowski,Polish,Male,1918.0,1987.0,,,api_error
839,Gernot Bubenik,German,Male,1942.0,,,,api_error
840,Boris Bućan,Croatian,Male,1947.0,,,,api_error
841,Erich Buchegger,Austrian,Male,1924.0,,,,api_error
842,Gustave Buchet,Swiss,Male,1888.0,1963.0,,,api_error
843,Carl Buchheister,German,Male,1890.0,1964.0,,,api_error
844,Erich Buchholz,German,Male,1891.0,1972.0,,,api_error
845,John Buck,American,Male,1946.0,,,,api_error
846,Peer Bücking,German,,1906.0,1940.0,,,api_error
847,John Buckland-Wright,British,Male,1897.0,1954.0,,,api_error
848,Peter H. Buckley,American,Male,1925.0,1991.0,,,api_error
849,Stephen Buckley,British,Male,,,,,api_error
850,David Budd,American,Male,1927.0,1991.0,,,api_error
851,Dan Budnik,American,Male,1933.0,,,,api_error
852,Budry,Greek,,,,,,api_error
853,Eugene Buechel,American,Male,1874.0,1954.0,,,api_error
854,Alice Standish Buell,American,Female,1892.0,1964.0,,,api_error
855,Bernard Buffet,French,Male,1928.0,1999.0,,,api_error
856,Fritz Bühler,Swiss,Male,1909.0,1963.0,,,api_error
857,Felix Buhot,French,Male,1847.0,1898.0,,,api_error
858,Adam Bujak,Polish,Male,1940.0,,,,api_error
860,John G. Bullock,American,Male,1854.0,1939.0,,,api_error
861,Wynn Bullock,American,Male,1902.0,1975.0,,,api_error
862,Torun Bülow-Hübe,Swedish,Female,1929.0,,,,api_error
863,Louis Bunce,American,Male,1907.0,1983.0,,,api_error
864,Willi Bunkowski,German,Male,1949.0,,,,api_error
865,Édouard-Wilfred Buquet,French,Male,1866.0,,,,api_error
866,Pierre Buraglio,French,Male,1939.0,,,,api_error
867,Pablo Burchard,Chilean,Male,1875.0,1964.0,,,api_error
869,Max Burchartz,German,Male,1887.0,1961.0,,,api_error
870,Charles Burchfield,American,Male,1893.0,1967.0,,,api_error
871,Chris Burden,American,Male,1946.0,2015.0,,,api_error
873,Daniel Buren,French,Male,1938.0,,,,api_error
874,Bill Burke,American,Male,1943.0,,,,api_error
875,Burkhard,Swiss,,,,,,api_error
876,Paul Burlin,American,Male,1886.0,1969.0,,,api_error
877,David Burliuk,Ukrainian,Male,1882.0,1967.0,,,api_error
878,Ian Burn,Australian,Male,1939.0,1993.0,,,api_error
879,Edward Burne-Jones,British,Male,1833.0,1898.0,,,api_error
880,Deirdre Burnett,British,Female,1939.0,,,,api_error
881,Joseph Burnett,American,Male,1923.0,,,,api_error
882,Marsha Burns,American,Female,1945.0,,,,api_error
883,Edward Burra,British,Male,1905.0,1976.0,,,api_error
884,Alberto Burri,Italian,Male,1915.0,1995.0,,,api_error
885,René Burri,Swiss,Male,1933.0,2014.0,,,api_error
886,Larry Burrows,British,Male,1926.0,1971.0,,,api_error
888,Richmond Burton,American,Male,1960.0,,,,api_error
889,Scott Burton,American,Male,1939.0,1989.0,,,api_error
890,Pol Bury,Belgian,Male,1922.0,2005.0,,,api_error
892,Andrew Foster Bush,American,Male,1956.0,,,,api_error
893,Jack Bush,Canadian,Male,1909.0,1977.0,,,api_error
894,Wolf von dem Bussche,American,Male,1934.0,2014.0,,,api_error
895,Solomon D. Butcher,American,Male,1856.0,1927.0,,,api_error
898,Frances Butler,American,Female,1940.0,,,,api_error
899,Horacio A. Butler,Argentine,Male,1897.0,1983.0,,,api_error
900,Reg Butler,British,Male,1913.0,1983.0,,,api_error
901,Elizabeth Butterworth,British,Female,1949.0,,,,api_error
902,James Lee Byars,American,Male,1932.0,1997.0,,,api_error
903,Michael Byron,American,Male,1954.0,,,,api_error
904,C.N. and Company,British,,,,,,api_error
905,Roland Cabot,Brazilian,Male,,,,,api_error
906,Luigi Caccia Dominioni,Italian,Male,1913.0,,,,api_error
907,Cadavre Exquis,French,,,,,,api_error
908,John Cadenhead,American,Male,1937.0,,,,api_error
909,Paul Cadmus,American,Male,1904.0,1999.0,,,api_error
910,Poul Cadovius,Danish,Male,1911.0,,,,api_error
911,Deborah Fleming Caffery,American,Female,1948.0,,,,api_error
912,John Cage,American,Male,1912.0,1992.0,,,api_error
913,Corrado Cagli,American,Male,1910.0,1976.0,,,api_error
914,Miriam Cahn,Swiss,Female,1949.0,,,,api_error
915,Marcelle Cahn,French,Female,1895.0,1981.0,,,api_error
916,Fred Cain,American,Male,1938.0,,,,api_error
917,José Milner Cajahuaringa,Peruvian,Male,1932.0,,,,api_error
918,Charles Cajori,American,Male,1921.0,,,,api_error
919,Letterio Calapai,American,Male,1902.0,1993.0,,,api_error
920,Nicolas Calas,American,Male,1907.0,,,,api_error
921,Lawrence Calcagno,American,Male,1916.0,1993.0,,,api_error
922,Alexander Calder,American,Male,1898.0,1976.0,,,api_error
923,Dale R. Caldwell,American,Male,1929.0,,,,api_error
924,Harry Callahan,American,Male,1912.0,1999.0,,,api_error
925,Kenneth Callahan,American,Male,1905.0,1986.0,,,api_error
926,Mary Callery,American,Female,1903.0,1977.0,,,api_error
927,Edwin Calligan,British,Male,,,,,api_error
928,Jo Ann Callis,American,Female,1940.0,,,,api_error
931,"P. E. Camerer, St. Paul, MN",American,,,,,,api_error
932,Julia Margaret Cameron,British,Female,1815.0,1879.0,,,api_error
933,Julio Camino Sanchez,Peruvian,Male,1919.0,2007.0,,,api_error
934,Luis Camnitzer,Uruguayan,Male,1937.0,,,,api_error
935,Charles Camoin,French,Male,1879.0,1965.0,,,api_error
937,Nickie Campbell,American,,1962.0,,,,api_error
938,Jewett Campbell,American,Male,1912.0,1999.0,,,api_error
939,Steven Campbell,British,Male,1954.0,,,,api_error
940,Heinrich Campendonk,German,Male,1889.0,1957.0,,,api_error
941,Antonia Campi,Italian,Female,1921.0,,,,api_error
942,Massimo Campigli,Italian,Male,1895.0,1971.0,,,api_error
944,Peter Campus,American,Male,1937.0,,,,api_error
945,Vincent Canadé,American,Male,1879.0,1961.0,,,api_error
946,Cañavate,Spanish,Male,1902.0,1987.0,,,api_error
947,John Candelario,American,Male,1916.0,,,,api_error
948,Louis Cane,French,Male,1943.0,,,,api_error
949,Giacomo Caneva,Italian,Male,1810.0,1890.0,,,api_error
950,Johannes Canis,German,Male,1895.0,1977.0,,,api_error
952,Rafael Canogar,Spanish,Male,1935.0,,,,api_error
953,Domenico Cantatore,Italian,Male,1906.0,1998.0,,,api_error
954,Federico Cantú,Mexican,Male,,,,,api_error
955,Cornell Capa,American,Male,1918.0,2008.0,,,api_error
956,Robert Capa,American,Male,1913.0,1954.0,,,api_error
957,Bruno Capacci,Italian,Male,1906.0,,,,api_error
958,Josef Capek,Czech,Male,1887.0,1945.0,,,api_error
959,Alfred Capel-Cure,British,Male,1826.0,1896.0,,,api_error
960,Giuseppe Capogrossi,Italian,Male,1900.0,1972.0,,,api_error
961,Paul Caponigro,American,Male,1932.0,,,,api_error
962,Leonetto Cappiello,French,Male,1875.0,1942.0,,,api_error
963,Luis B. Caputo Demarco,Argentine,Male,1899.0,1994.0,,,api_error
964,Aida Carballo,Argentine,Female,,,,,api_error
965,Miguel-Ángel Cárdenas,Dutch,Male,1934.0,2015.0,,,api_error
966,Augustin Càrdenas,Cuban,Male,1927.0,2001.0,,,api_error
967,Santiago Cárdenas,Colombian,Male,1937.0,,,,api_error
968,Emil Cardinaux,Swiss,Male,1877.0,1936.0,,,api_error
969,José Bernardo Cardoso Jr.,Brazilian,Male,1861.0,1947.0,,,api_error
970,Etienne Carjat,French,Male,1829.0,1906.0,,,api_error
972,Arthur B. Carles,American,Male,1882.0,1952.0,,,api_error
973,C. Carleton,American,,,,,,api_error
974,Marie Carlier,French,Female,1920.0,1986.0,,,api_error
975,Charles W. Carlson,American,Male,,,,,api_error
976,Richard Carlson,Australian,Male,1941.0,,,,api_error
977,Jean Carlu,French,Male,1900.0,1997.0,,,api_error
978,Natacha Carlu,Nationality unknown,Female,,,,,api_error
980,Eugenio Carmi,Italian,Male,1920.0,,,,api_error
981,John William Carnell,American,Male,1952.0,,,,api_error
982,Anthony Caro,British,Male,1924.0,2013.0,,,api_error
983,Carol,Cuban,,,,,,api_error
984,Paolo Carosone,Italian,Male,,,,,api_error
985,Carpenter,British,,,,,,api_error
986,William L. Carqueville,American,Male,1871.0,1946.0,,,api_error
987,Carlo Carrà,Italian,Male,1881.0,1966.0,,,api_error
988,Mario Carreño,Chilean,Male,1913.0,1999.0,,,api_error
989,Clara Carrié,Argentine,Female,,,,,api_error
990,Eugène Carrière,French,Male,1849.0,1906.0,,,api_error
991,Mario Carrieri,Italian,Male,1932.0,,,,api_error
993,Leonora Carrington,British,Female,1917.0,2011.0,,,api_error
994,John Carroll,American,Male,1892.0,1959.0,,,api_error
996,Patricia Jon Carroll,American,Female,1942.0,,,,api_error
998,Clarence H. Carter,American,Male,1904.0,2000.0,,,api_error
999,Paul Carter,American,Male,1903.0,1938.0,,,api_error
1000,Henri Cartier-Bresson,French,Male,1908.0,2004.0,,,api_error
1001,Flavio de R. Carvalho,Brazilian,Male,1899.0,1973.0,,,api_error
1003,Carybé (Hector Bernabó),Brazilian,Male,1911.0,1997.0,,,api_error
1004,John Casado,American,Male,1944.0,,,,api_error
1007,Andrea Cascella,Italian,Female,1920.0,1990.0,,,api_error
1008,Pietro Cascella,Italian,Male,1921.0,,,,api_error
1009,Jacqueline S. Casey,American,Female,1927.0,,,,api_error
1010,Sydney Cash,American,Male,1941.0,,,,api_error
1011,Casio Computer Co. Ltd.,Japanese,,1957.0,,,,api_error
1012,Tranquillo Casiraghi,Italian,Male,1923.0,2005.0,,,api_error
1013,Felice Casorati,Italian,Female,,,,,api_error
1014,Karl Caspar,German,Male,1879.0,1956.0,,,api_error
1015,A. M. Cassandre,French,Male,1901.0,1968.0,,,api_error
1016,Mary Cassatt,American,Female,1844.0,1926.0,,,api_error
1017,Axel Cassel,French,Male,1955.0,2015.0,,,api_error
1019,Herbert Carroll Cassill,American,Male,1928.0,,,,api_error
1021,Rodolfo V Castagna,Argentine,Male,,,,,api_error
1023,Moshe Elazar Castel,Israeli,Male,1909.0,1992.0,,,api_error
1024,Pedro Castelar Báez,Mexican,Male,,,,,api_error
1025,Enrico Castellani,Italian,Male,1930.0,,,,api_error
1026,Julio Castellanos,Mexican,Male,1905.0,1947.0,,,api_error
1027,Federico Castellon,American,Male,1914.0,1971.0,,,api_error
1028,Achille Castiglioni,Italian,Male,1918.0,2002.0,,,api_error
1029,Pier Giacomo Castiglioni,Italian,Male,1913.0,1968.0,,,api_error
1030,Fernando Castillo,Mexican,Male,1882.0,1940.0,,,api_error
1031,Rosemarie Castoro,American,Female,1939.0,2015.0,,,api_error
1033,Vita Castro,Mexican,Female,,,,,api_error
1034,Enrique Castro-Cid,Chilean,Male,1937.0,1992.0,,,api_error
1035,P. H. Caswell,American,,,,,,api_error
1036,Umberto Catalano,Italian,Male,1944.0,,,,api_error
1037,Elizabeth Catlett,American,Female,1915.0,2012.0,,,api_error
1038,Bob Cato,Nationality unknown,Male,1923.0,,,,api_error
1039,Patrick Caulfield,British,Male,1936.0,2005.0,,,api_error
1040,Cause,French,,,,,,api_error
1041,Alik Cavaliere,Italian,Male,1926.0,,,,api_error
1042,Giorgio Cavallon,American,Male,1904.0,1989.0,,,api_error
1043,Cazals,French,Male,1865.0,1941.0,,,api_error
1044,Bruno Ceccobelli,Italian,Male,1952.0,,,,api_error
1045,Francis Celentano,American,Male,1928.0,,,,api_error
1046,Stojan Celic,Nationality unknown,Male,,,,,api_error
1047,Perez Celis,Argentine,Male,,,,,api_error
1048,Vija Celmins,American,Female,1938.0,,,,api_error
1049,Centrokappa Design and Communication,Italian,,1972.0,,,,api_error
1050,Edmond Ceria,French,Male,1884.0,1955.0,,,api_error
1051,Emilio Cerri,Italian,Male,,1947.0,,,api_error
1052,César (César Baldaccini),French,Male,1921.0,1998.0,,,api_error
1053,Paul Cézanne,French,Male,1839.0,1906.0,,,api_error
1054,Lynn Chadwick,British,Male,1914.0,2003.0,,,api_error
1055,Marc Chagall,French,Male,1887.0,1985.0,,,api_error
1056,Roger Chailloux,Dutch,Male,,,,,api_error
1057,Gaston Chaissac,French,Male,1910.0,1964.0,,,api_error
1058,Paul Chaleff,American,Male,1947.0,,,,api_error
1059,Samuel Chamberlain,American,Male,1895.0,1975.0,,,api_error
1060,John Chamberlain,American,Male,1927.0,2011.0,,,api_error
1062,Chambers,American,,,,,,api_error
1063,Martín Chambi,Peruvian,Male,1891.0,1973.0,,,api_error
1064,Roger Chancel,French,Male,1898.0,1976.0,,,api_error
1065,Bruce Chandler,American,Male,1945.0,,,,api_error
1068,Linda Chapman,American,Female,1952.0,,,,api_error
1069,André Chapon,French,Male,,,,,api_error
1070,Walter Chappell,American,Male,1925.0,,,,api_error
1071,Serge Charchoune,Russian,Male,1888.0,1975.0,,,api_error
1072,Chargesheimer (Karl-Heinz Hargesheimer),German,Male,1924.0,1972.0,,,api_error
1073,Sarah Charlesworth,American,Female,1947.0,2013.0,,,api_error
1074,Jean Charlot,American,Male,1898.0,1979.0,,,api_error
1078,Louisa Chase,American,Female,1951.0,,,,api_error
1080,Theodore Chassériau,French,Male,1819.0,1856.0,,,api_error
1081,Roger Chastel,French,Male,1897.0,1981.0,,,api_error
1083,Edward Chavez,American,Male,1917.0,1995.0,,,api_error
1084,José Chávez Morado,Mexican,Male,1909.0,2002.0,,,api_error
1085,Santos Chávez,Chilean,Male,1934.0,2001.0,,,api_error
1086,Bernard Cheese,British,Male,,,,,api_error
1088,Cheng Sha Ping,Chinese,,,,,,api_error
1089,Jules Chéret,French,Male,1836.0,1932.0,,,api_error
1091,Ivan Chermayeff,American,Male,1932.0,,,,api_error
1092,Norman Cherner,American,Male,1920.0,,,,api_error
1093,Iakov Chernikhov,Russian,Male,1889.0,1951.0,,,api_error
1095,Michael Chernyshov,Russian,Male,1945.0,,,,api_error
1096,Lee Chesney,American,Male,1920.0,,,,api_error
1097,Sandro Chia,Italian,Male,1946.0,,,,api_error
1098,Miriam Chiaverini,Nationality unknown,Female,,,,,api_error
1099,Judy Chicago,American,Female,1937.0,,,,api_error
1100,John Chick,American,Male,,,,,api_error
1101,Pietro Chiesa,Italian,Male,1892.0,1948.0,,,api_error
1102,Chikuchi Toshio,,,,,,,api_error
1103,Bernard Childs,American,Male,1910.0,1985.0,,,api_error
1104,Eduardo Chillida,Spanish,Male,1924.0,2002.0,,,api_error
1105,Thomas Chimes,American,Male,1921.0,2009.0,,,api_error
1106,Giorgio de Chirico,Italian,Male,1888.0,1978.0,,,api_error
1107,Marcel Chirnoaga,Romanian,Male,1930.0,,,,api_error
1108,Anna Chojnacka,Polish,Female,1914.0,,,,api_error
1109,Seiji Chokai,Japanese,Male,1902.0,1972.0,,,api_error
1110,Chunghi Choo,American,Female,1938.0,,,,api_error
1111,Gilles-Louis Chrétien,French,Male,,,,,api_error
1112,William Christenberry,American,Male,1936.0,2016.0,,,api_error
1113,Dan Christensen,American,Male,1942.0,2007.0,,,api_error
1114,Christo,American,Male,1935.0,,,,api_error
1116,Howard Chandler Christy,American,Male,1872.0,1952.0,,,api_error
1117,Halina Chrostowska,Polish,Female,1929.0,1990.0,,,api_error
1118,Chryssa,American,Female,1933.0,2013.0,,,api_error
1119,Caldecot Chubb,American,Male,,,,,api_error
1120,John W. Church,American,Male,,,,,api_error
1122,Seymour Chwast,American,Male,1931.0,,,,api_error
1123,Michael Ciavolino,American,Male,1924.0,,,,api_error
1124,Carmen L. Cicero,American,Male,1926.0,,,,api_error
1125,Roman Cieslewicz,French,Male,1930.0,1996.0,,,api_error
1126,Nicolai Cikovsky,American,Male,1894.0,1984.0,,,api_error
1128,Carlo Cisventi,Italian,Male,1929.0,,,,api_error
1129,Paul Citroen,Dutch,Male,1896.0,1983.0,,,api_error
1130,Minna Citron,American,Female,1896.0,1991.0,,,api_error
1132,Pierre Eugène Clairin,French,Male,1897.0,1980.0,,,api_error
1133,Larry Clark,American,Male,1943.0,,,,api_error
1134,John Clem Clarke,American,Male,1937.0,,,,api_error
1135,Edna Clarke-Hall,British,Female,1879.0,1979.0,,,api_error
1136,José Claudio Da Silva,Brazilian,Male,1932.0,,,,api_error
1137,Carlfriedrich Claus,German,Male,1930.0,1998.0,,,api_error
1138,Antoni Clavé,Spanish,Male,1913.0,,,,api_error
1139,Maude Schuyler Clay,American,Female,1953.0,,,,api_error
1140,Cléanthe (Cléante Carr),American,Female,1911.0,2001.0,,,api_error
1142,Roman Clemens,Swiss,Male,1910.0,1992.0,,,api_error
1143,Gisela Clemens,German,Female,,,,,api_error
1144,Mildred Leo Clemens,Nationality unknown,Female,,,,,api_error
1145,Francesco Clemente,Italian,Male,1952.0,,,,api_error
1146,Lucien Clergue,French,Male,1934.0,,,,api_error
1147,Fabrizio Clerici,Italian,Male,1913.0,1993.0,,,api_error
1148,Pierre Clerk,Canadian,Male,1928.0,,,,api_error
1150,Henry Cliffe,British,Male,,,,,api_error
1151,Charles Clifford,British,Male,1819.0,1863.0,,,api_error
1152,William Clift,American,Male,1944.0,,,,api_error
1153,Paul Clinton,American,Male,1942.0,,,,api_error
1155,Carroll Cloar,American,Male,1913.0,1993.0,,,api_error
1156,Chuck Close,American,Male,1940.0,,,,api_error
1157,John Timothy Close,American,Male,1958.0,,,,api_error
1158,Emile Clouet,French,Male,,,,,api_error
1159,Prunella Clough,British,Female,,,,,api_error
1160,Stanley T. Clough,American,Male,,,,,api_error
1161,William Clutz,American,Male,1933.0,,,,api_error
1162,Gerald Coble,American,Male,1933.0,,,,api_error
1163,Chema Cobo,Spanish,Male,1952.0,,,,api_error
1164,Alvin Langdon Coburn,American,Male,1882.0,1966.0,,,api_error
1167,Sam Cocomise,Nationality unknown,Male,,,,,api_error
1168,Jean Cocteau,French,Male,1889.0,1963.0,,,api_error
1170,Sue Coe,British,Female,1951.0,,,,api_error
1171,Haskell Coffin,American,Male,,,,,api_error
1172,Bernard Cohen,British,Male,1933.0,,,,api_error
1173,Barry Cohen,American,Male,1934.0,1990.0,,,api_error
1174,George Cohen,American,Male,1919.0,1999.0,,,api_error
1175,Mark Cohen,American,Male,1943.0,,,,api_error
1176,Sheldon Cohen,Canadian,Male,1949.0,,,,api_error
1177,Pinchas Cohen Gan,Israeli,Male,1942.0,,,,api_error
1178,Charles Coiner,Nationality unknown,Male,1898.0,1989.0,,,api_error
1179,Van Deren Coke,American,Male,1921.0,,,,api_error
1180,Luigi Colani,German,Male,1928.0,,,,api_error
1181,Isaac I. Cole,American,Male,,,,,api_error
1182,Glenn O. Coleman,American,Male,1887.0,1932.0,,,api_error
1183,Robert Colescott,American,Male,1925.0,2009.0,,,api_error
1184,Warrington Colescott,American,Male,1921.0,,,,api_error
1185,Paul Colin,French,Male,1892.0,1985.0,,,api_error
1186,Edward Colker,American,Male,1927.0,,,,api_error
1187,Ettore Colla,Italian,Male,1899.0,1968.0,,,api_error
1188,John Collins,American,Male,1888.0,1991.0,,,api_error
1189,Leo Collins,American,Male,,,,,api_error
1190,Marjory Collins,American,Female,1912.0,1985.0,,,api_error
1192,André Collot,French,Male,1897.0,1976.0,,,api_error
1193,Roy Colmer,British,Male,1935.0,2014.0,,,api_error
1194,Gino Colombini,Italian,Male,1915.0,,,,api_error
1195,Gianni Colombo,Italian,Male,1937.0,1993.0,,,api_error
1196,Joe Colombo,Italian,Male,1930.0,1971.0,,,api_error
1197,Ithell Colquhoun,British,Female,1906.0,1988.0,,,api_error
1198,Robert Colquhoun,British,Male,1914.0,1962.0,,,api_error
1199,Greg Colson,American,Male,1956.0,,,,api_error
1202,Ian Colverson,British,Male,1940.0,,,,api_error
1203,Alex Colville,Canadian,Male,1920.0,2013.0,,,api_error
1204,Franklin Colvin,American,Male,,,,,api_error
1205,Ulysse Comtois,Canadian,Male,1931.0,1999.0,,,api_error
1207,Edward Condak,American,Male,,,,,api_error
1208,Miguel Conde,Mexican,Male,1939.0,,,,api_error
1209,Charles Conder,British,Male,1868.0,1909.0,,,api_error
1210,George Condo,American,Male,1957.0,,,,api_error
1211,William Congdon,American,Male,1912.0,1998.0,,,api_error
1213,Lee Conklin,American,Female,1941.0,,,,api_error
1214,Will Connell,American,Male,1898.0,1961.0,,,api_error
1215,Bruce Conner,American,Male,1933.0,2008.0,,,api_error
1216,Gregory Conniff,American,Male,1944.0,,,,api_error
1217,Linda Connor,American,Female,1944.0,,,,api_error
1218,Robert Conover,American,Male,,,,,api_error
1219,Conrad,American,,,,,,api_error
1220,Conran Associates,British,,1955.0,,,,api_error
1221,Pietro Consagra,Italian,Male,1920.0,2005.0,,,api_error
1222,William H. Constable,Australian,Male,1906.0,1989.0,,,api_error
1223,Denis Constanduros,Nationality unknown,Male,,,,,api_error
1224,Constant (Constant Anton Nieuwenhuys),Dutch,Male,1920.0,2005.0,,,api_error
1225,George Constant,American,Male,1892.0,1978.0,,,api_error
1226,D. Constantin,Greek,Male,,,,,api_error
1228,Howard Cook,American,Male,1901.0,1980.0,,,api_error
1229,Lia Cook,American,Female,1942.0,,,,api_error
1231,Austin Cooper,British,Male,1890.0,1964.0,,,api_error
1232,Frederick George Cooper,American,Male,1892.0,1962.0,,,api_error
1234,Francisco Copello,Chilean,Male,1938.0,2006.0,,,api_error
1235,Hans Coper,British,Male,1920.0,1981.0,,,api_error
1236,Andries Dirk Copier,Dutch,Male,1901.0,1991.0,,,api_error
1237,John Coplans,British,Male,1920.0,2003.0,,,api_error
1238,William Copley,American,Male,1919.0,1996.0,,,api_error
1239,Silvio Coppola,Italian,Male,1920.0,1986.0,,,api_error
1240,Edward Corbett,American,Male,1919.0,1971.0,,,api_error
1241,Al Corchia,American,Male,1935.0,,,,api_error
1242,E. M. Cordier,German,Male,1903.0,1974.0,,,api_error
1243,Lovis Corinth,German,Male,1858.0,1925.0,,,api_error
1245,Eugène Corneau,French,Male,1894.0,1976.0,,,api_error
1246,Corneille (Guillaume van Beverloo),Dutch,Male,1922.0,2010.0,,,api_error
1247,Joseph Cornell,American,Male,1903.0,1972.0,,,api_error
1248,Thomas Cornell,American,Male,1937.0,2012.0,,,api_error
1249,Corning Glass Works,American,,1851.0,,,,api_error
1250,Hector Coronado,Mexican,Male,1938.0,,,,api_error
1251,Pedro Coronel,Mexican,Male,1923.0,1985.0,,,api_error
1253,Jean-Baptiste-Camille Corot,French,Male,1796.0,1875.0,,,api_error
1254,Antonio Corpora,Italian,Male,1909.0,2004.0,,,api_error
1255,Gloria Cortella,American,Female,1929.0,,,,api_error
1256,Erasto Cortes Juarez,Mexican,Male,,,,,api_error
1257,Jean Cortot,French,Male,1925.0,,,,api_error
1258,Steven Cortright,American,Male,1942.0,,,,api_error
1260,Marie Cosindas,American,Female,1925.0,,,,api_error
1261,Herman Costa,American,Male,1944.0,,,,api_error
1262,Olga Costa,Mexican,Female,1913.0,1993.0,,,api_error
1263,Toni Costa,Italian,Male,1935.0,2013.0,,,api_error
1264,Flavio Costantini,Italian,Male,,,,,api_error
1265,John Costigan,American,Male,1888.0,1972.0,,,api_error
1266,Alan Cote,American,Male,1937.0,,,,api_error
1267,Robert Cottingham,American,Male,1935.0,,,,api_error
1268,Othon Coubine (or Otakar Kubin),Czech,Male,1883.0,1969.0,,,api_error
1270,Jack Coughlin,American,Male,1932.0,,,,api_error
1271,Graham Coughtry,Canadian,Male,1931.0,1999.0,,,api_error
1272,Coulon,French,,1907.0,,,,api_error
1273,Edward Countey,American,Male,1921.0,1984.0,,,api_error
1274,Pierre Courtin,French,Male,1921.0,2012.0,,,api_error
1275,Morison S. Cousins,American,Male,1934.0,2001.0,,,api_error
1276,Lucien Coutaud,French,Male,1905.0,1977.0,,,api_error
1277,Robert Couturier,French,Male,1905.0,2008.0,,,api_error
1278,Wessel Couzijn,Dutch,Male,1912.0,1984.0,,,api_error
1279,Miguel Covarrubias,Mexican,Male,1904.0,1957.0,,,api_error
1280,John Covert,American,Male,1882.0,1960.0,,,api_error
1281,Robert Cowan,American,Male,1930.0,,,,api_error
1282,Clement Cowles,British,Male,,,,,api_error
1283,George C. Cox,American,Male,1851.0,1902.0,,,api_error
1284,Jan Cox,Belgian,Male,1919.0,1980.0,,,api_error
1285,Douglas Craft,American,Male,1924.0,2015.0,,,api_error
1286,Tony Cragg,British,Male,1949.0,,,,api_error
1287,Edward Gordon Craig,British,Male,1872.0,1966.0,,,api_error
1288,Michael Craig-Martin,British,Male,1941.0,,,,api_error
1289,Konrad Cramer,American,Male,1888.0,1963.0,,,api_error
1290,Martin Crampton,Nationality unknown,Male,,,,,api_error
1291,Rollin Crampton,American,Male,1886.0,1970.0,,,api_error
1292,Barbara Crane,American,Female,1928.0,,,,api_error
1293,Meg Cranston,American,Female,1960.0,,,,api_error
1294,Crash (John Matos),American,Male,1961.0,,,,api_error
1297,Mario Cravo Junior,Brazilian,Male,1923.0,,,,api_error
1298,Ralston Crawford,American,Male,1906.0,1978.0,,,api_error
1299,John Craxton,British,Male,1922.0,2009.0,,,api_error
1300,Robert Creeley,American,Male,1926.0,2005.0,,,api_error
1301,Robert Cremean,American,Male,1932.0,,,,api_error
1302,Leon Cremière,French,Male,1831.0,1913.0,,,api_error
1303,Leonardo Cremonini,Italian,Male,1925.0,2010.0,,,api_error
1304,L. Crenuere & Cie.,French,,,,,,api_error
1305,Adolphe Crespin,Belgian,Male,1859.0,1944.0,,,api_error
1306,Luca Crippa,Italian,Female,1924.0,2002.0,,,api_error
1307,Roberto Crippa,Italian,Male,1921.0,1972.0,,,api_error
1308,Renato Cristiano,Italian,Male,1926.0,,,,api_error
1310,George P. Critcherson,American,Male,1823.0,1892.0,,,api_error
1311,Allan Rohan Crite,American,Male,1910.0,2007.0,,,api_error
1312,Ted Croner,American,Male,1922.0,2005.0,,,api_error
1313,Henri-Edmond Cross,French,Male,1856.0,1910.0,,,api_error
1314,Wim Crouwel,Dutch,Male,1928.0,,,,api_error
1316,Robin Crozier,British,Male,1936.0,2001.0,,,api_error
1317,George Cruikshank,British,Male,1792.0,1878.0,,,api_error
1318,Jason Crum,American,Male,1935.0,2004.0,,,api_error
1319,William Crutchfield,American,Male,1932.0,2015.0,,,api_error
1320,Emilio Cruz,American,Male,1938.0,2004.0,,,api_error
1321,Carlos Cruz-Diez,Venezuelan,Male,1923.0,,,,api_error
1322,John J. Cu Roi,American,Male,1920.0,,,,api_error
1323,Enzo Cucchi,Italian,Male,1949.0,,,,api_error
1324,Cudsen,British,,,,,,api_error
1325,José Luis Cuevas,Mexican,Male,1934.0,,,,api_error
1326,Modest Cuixart,Spanish,Male,1925.0,2001.0,,,api_error
1327,Gordon Cullen,British,Male,1914.0,,,,api_error
1329,Ben L. Culwell,American,Male,1918.0,1992.0,,,api_error
1330,Robert Cumming,American,Male,1943.0,,,,api_error
1331,José Alfonso Cuni,Nationality unknown,Male,,,,,api_error
1332,Imogen Cunningham,American,Female,1883.0,1976.0,,,api_error
1333,Ben Cunningham (Benjamin Frazier Cunningham),American,Male,1904.0,1975.0,,,api_error
1334,John Timothy Curran,American,Male,1938.0,,,,api_error
1335,Anthony Currell,British,Male,1942.0,,,,api_error
1336,William R. Current,American,Male,1923.0,,,,api_error
1337,Francis Edmund Currey,British,Male,1814.0,1896.0,,,api_error
1338,Charles H. Currier,American,Male,1851.0,1938.0,,,api_error
1339,John Steuart Curry,American,Male,1897.0,1946.0,,,api_error
1340,Rolf Curt,German,Male,,,,,api_error
1341,Edward Curtis,American,Male,1868.0,1954.0,,,api_error
1343,Lily Cushing,American,Female,1909.0,1969.0,,,api_error
1344,Ronnie Cutrone,American,Male,1948.0,,,,api_error
1345,Eugène Cuvelier,French,Male,1837.0,1900.0,,,api_error
1346,Gunnar Cyrén,Swedish,Male,1931.0,,,,api_error
1347,Jerzy Czerniawski,Polish,,1947.0,,,,api_error
1348,Carl Otto Czeschka,Austrian,Male,1878.0,1960.0,,,api_error
1349,Allan D'Arcangelo,American,Male,1930.0,1998.0,,,api_error
1350,Lajos D'Ebneth,Hungarian,Male,1902.0,1982.0,,,api_error
1351,Roél d'Haese,Belgian,Male,1921.0,1966.0,,,api_error
1353,Alfredo da Silva,Bolivian,Male,1935.0,,,,api_error
1355,Dagron & Cie.,French,,,,,,api_error
1357,Louise Dahl-Wolfe,American,Female,1895.0,1989.0,,,api_error
1358,Karl Fred Dahmen,German,Male,1917.0,1981.0,,,api_error
1359,Walter Dahn,German,Male,1954.0,,,,api_error
1360,Wolfgang Dahnke,Nationality unknown,Male,,,,,api_error
1361,Michael D. Dailey,American,Male,1938.0,2009.0,,,api_error
1362,Hajime Daito,Japanese,Female,,,,,api_error
1364,Salvador Dalí,Spanish,Male,1904.0,1989.0,,,api_error
1365,Francois Dallegret,French,Male,1937.0,,,,api_error
1366,Gustaf Oscar Dalström,American,Male,1893.0,1971.0,,,api_error
1367,Oskar Dalvit,Swiss,Male,1911.0,1975.0,,,api_error
1368,Hubert Dalwood,British,Male,1924.0,1976.0,,,api_error
1369,Horia Damian,French,Male,1922.0,,,,api_error
1370,Jorge Damiani,Uruguayan,Male,1931.0,,,,api_error
1371,Charles Damiano,British,Male,,,,,api_error
1372,Elisabeth van Damme,Nationality unknown,Female,,,,,api_error
1373,Ken Danby,Canadian,Male,1940.0,2007.0,,,api_error
1374,Bill Dane,American,Male,1938.0,,,,api_error
1375,Sergio Dangelo,Italian,Male,1931.0,,,,api_error
1376,Mell Daniel,American,Male,1899.0,1975.0,,,api_error
1377,Harvey Daniels,British,Male,1936.0,2013.0,,,api_error
1378,Peter Danko,American,Male,1949.0,,,,api_error
1379,Joseph Dankowski,American,Male,1932.0,2010.0,,,api_error
1380,Bob Danner,American,Male,1948.0,,,,api_error
1381,Danny (Danny Pierce),American,Male,1920.0,2014.0,,,api_error
1382,Jerry Dantzic,American,Male,1925.0,,,,api_error
1383,Avery Coffey Danziger,American,Male,1953.0,,,,api_error
1384,Louis Danziger,American,Male,1923.0,,,,api_error
1385,Nassos Daphnis,American,Male,1914.0,2010.0,,,api_error
1386,Pan Daqiang,Chinese,,1937.0,,,,api_error
1387,Jean Gabriel Daragnès,French,Male,1886.0,1950.0,,,api_error
1388,Hanne Darboven,German,Female,1941.0,2009.0,,,api_error
1389,Aurino Valenca Lins Darel,Brazilian,Male,1925.0,,,,api_error
1390,Alfred Dargis,American,Male,,,,,api_error
1391,Sandu Darie,Cuban,Male,1908.0,1991.0,,,api_error
1392,Judy Dater,American,Female,1941.0,,,,api_error
1393,Charles François Daubigny,French,Male,1817.0,1878.0,,,api_error
1394,James Henry Daugherty,American,Male,1889.0,1974.0,,,api_error
1396,Honoré Daumier,French,Male,1808.0,1879.0,,,api_error
1397,Hermine David,French,Female,1886.0,1971.0,,,api_error
1398,Bruce Davidson,American,Male,1933.0,,,,api_error
1399,Hal Davidson,American,Male,,,,,api_error
1401,Alan Davie,British,Male,1920.0,2014.0,,,api_error
1402,Arthur B. Davies,American,Male,1862.0,1928.0,,,api_error
1403,John A. Davies,British,Male,1949.0,,,,api_error
1404,Brad Davis,American,Male,1942.0,,,,api_error
1405,Emma Lu Davis,American,Female,1905.0,1964.0,,,api_error
1406,Faurest Davis,American,Male,1906.0,,,,api_error
1407,Gene Davis,American,Male,1920.0,1985.0,,,api_error
1408,James Edward Davis,American,Male,1901.0,1974.0,,,api_error
1409,Lynn Davis,American,Female,1944.0,,,,api_error
1410,Paul Davis,American,Male,1938.0,,,,api_error
1411,Ron Davis,American,Male,1937.0,,,,api_error
1412,Stuart Davis,American,Male,1892.0,1964.0,,,api_error
1413,Laurence Daws,Australian,Male,,,,,api_error
1415,Adrien Dax,French,Male,1913.0,1979.0,,,api_error
1416,John Day,American,Male,1932.0,1982.0,,,api_error
1417,Lucien Day,American,Male,1916.0,,,,api_error
1418,Richard Day,American,Male,1896.0,1972.0,,,api_error
1419,Worden Day,American,Female,1912.0,1986.0,,,api_error
1420,Daze (Chris Ellis),American,Male,1962.0,,,,api_error
1421,Mario De Biasi,Italian,Male,1923.0,2013.0,,,api_error
1422,Roy DeCarava,American,Male,1919.0,2009.0,,,api_error
1423,Louis De Clercq,French,Male,1836.0,1901.0,,,api_error
1424,José De Creeft,American,Male,1884.0,1982.0,,,api_error
1425,Gino De Dominicis,Italian,Male,1947.0,1998.0,,,api_error
1426,Francis De Erdely,Hungarian,Male,,,,,api_error
1427,Georges de Feure,French,Male,1868.0,1943.0,,,api_error
1428,Peter De Francia,British,Male,1921.0,2012.0,,,api_error
1429,Rudolph De Harak,American,Male,1924.0,2001.0,,,api_error
1430,R. S. De Lamater,American,,,,,,api_error
1432,Regina Maria De Luise,American,Female,1959.0,,,,api_error
1433,Walter De Maria,American,Male,1935.0,2013.0,,,api_error
1434,Adolf De Meyer,German,Male,1868.0,1946.0,,,api_error
1436,G. D. De Monfried,French,Male,1856.0,1929.0,,,api_error
1437,Victor De Palma,Nationality unknown,Male,,,,,api_error
1438,Jonathan De Pas,Italian,Male,1932.0,1991.0,,,api_error
1440,Jérôme De Perlinghi,Belgian,Male,1961.0,,,,api_error
1441,Filippo De Pisis,Italian,Male,1896.0,1956.0,,,api_error
1442,J. De Praetre,German,,1879.0,1947.0,,,api_error
1443,José de Rivera,American,Male,1904.0,1985.0,,,api_error
1444,Niki de Saint Phalle,French,Female,1930.0,2002.0,,,api_error
1446,Lewis De Soto,American,Male,1954.0,,,,api_error
1447,Nicolas de Staël,French,Male,1914.0,1955.0,,,api_error
1448,Marco De Valdivia,Chilean,Male,1947.0,,,,api_error
1449,Roger de Valerio,French,Male,1886.0,1951.0,,,api_error
1452,Erwin De Vries,Dutch,Male,,,,,api_error
1453,Captain William de Wiveleslie Abney,British,Male,1843.0,1920.0,,,api_error
1454,A. R. De Ycaza,American,Female,1915.0,,,,api_error
1456,Richard Deacon,British,Male,1949.0,,,,api_error
1457,David Deahl,American,Male,,,,,api_error
1458,Joe Deal,American,Male,1947.0,2010.0,,,api_error
1460,Howard Dearstyne,American,Male,1903.0,1978.0,,,api_error
1461,Riko Debenjak,Yugoslav,Male,1908.0,1987.0,,,api_error
1462,Robert J. Debrey,American,Male,1934.0,,,,api_error
1463,Peter Dechar,American,Male,1942.0,,,,api_error
1464,Wilhelm Deffke,German,Male,1887.0,1950.0,,,api_error
1465,Hilaire-Germain-Edgar Degas,French,Male,1834.0,1917.0,,,api_error
1466,Adolf Dehn,American,Male,1895.0,1968.0,,,api_error
1467,Dorothy Dehner,American,Female,1901.0,1994.0,,,api_error
1468,Ernesto Deira,Argentine,Male,1928.0,1986.0,,,api_error
1469,Ad Dekkers,Dutch,Male,1938.0,1974.0,,,api_error
1470,Félix Del Marle,French,Male,1889.0,1952.0,,,api_error
1471,Lucio Del Pezzo,Italian,Male,1933.0,,,,api_error
1473,Eduardo Del Valle,American,Male,1951.0,,,,api_error
1474,Eugène Delacroix,French,Male,1798.0,1863.0,,,api_error
1475,Jack Delano,American,Male,1914.0,1997.0,,,api_error
1476,George Delany,American,Male,1946.0,,,,api_error
1477,Tony DeLap,American,Male,1927.0,,,,api_error
1479,Robert Delaunay,French,Male,1885.0,1941.0,,,api_error
1480,Sonia Delaunay-Terk,French,Female,1885.0,1979.0,,,api_error
1481,Maurice Delcourt,French,Male,1877.0,1916.0,,,api_error
1483,Victor Delhez,Belgian,Male,,,,,api_error
1484,Christian Dell,German,Male,1893.0,1974.0,,,api_error
1485,Paul Delvaux,Belgian,Male,1897.0,1994.0,,,api_error
1486,Jean Delville,Belgian,Male,1867.0,1953.0,,,api_error
1487,René Demeurisse,French,Male,1894.0,1962.0,,,api_error
1488,Nélida Demichelis,Argentine,Female,,,,,api_error
1489,Jorge Demirjian,Argentine,Male,1932.0,,,,api_error
1490,Charles Demuth,American,Male,1883.0,1935.0,,,api_error
1491,Agnes Denes,American,Female,1931.0,,,,api_error
1492,Maurice Denis,French,Male,1870.0,1943.0,,,api_error
1493,Morgan Dennis,American,Male,1892.0,1960.0,,,api_error
1494,Reynolds G. Dennis,American,Male,,,,,api_error
1495,Robyn Denny,British,Male,1930.0,2014.0,,,api_error
1497,Jules Depaquit,French,Male,1872.0,1924.0,,,api_error
1498,Fortunato Depero,Italian,Male,1892.0,1960.0,,,api_error
1499,J. Deplanque,French,,,,,,api_error
1500,André Derain,French,Male,1880.0,1954.0,,,api_error
1501,Co Derr,Swedish,,,,,,api_error
1502,André Des Gachons,French,Male,,,,,api_error
1503,Jean Desbrosses,French,Male,1835.0,1906.0,,,api_error
1504,Léopold Desbrosses,French,Male,1821.0,,,,api_error
1505,Gérard Deschamps,French,Male,1937.0,,,,api_error
1506,Odette Desgarets,French,Female,1891.0,,,,api_error
1507,Arthur Deshaies,American,Male,1920.0,,,,api_error
1509,Françoise Desnoyer,French,Male,1894.0,1972.0,,,api_error
1511,Charles Despiau,French,Male,1874.0,1946.0,,,api_error
1512,Gianni Dessi,Italian,Male,1955.0,,,,api_error
1515,Frederick Knecht Detwiller,American,Male,1882.0,1953.0,,,api_error
1516,David Deutsch,American,Male,1943.0,,,,api_error
1517,Ernst Deutsch,Austrian,Male,1883.0,1938.0,,,api_error
1518,John Edward Devine,American,Male,1944.0,,,,api_error
1519,Jean Dewasne,French,Male,1921.0,1999.0,,,api_error
1520,Walter Dexel,German,Male,1890.0,1973.0,,,api_error
1521,Jean Deyrolle,French,Male,1911.0,1967.0,,,api_error
1522,Umberto di Lazzaro,Italian,Male,,,,,api_error
1523,Roberto Diago,Cuban,Male,1920.0,1955.0,,,api_error
1524,Hugh W. Diamond,British,Male,1809.0,1886.0,,,api_error
1525,Martha Diamond,American,Female,1944.0,,,,api_error
1526,Stuart Diamond,American,Male,1942.0,,,,api_error
1527,Barbaralee Diamonstein,American,Female,,,,,api_error
1528,David Diao,American,Male,1943.0,,,,api_error
1529,Antonio Dias,Brazilian,Male,1944.0,,,,api_error
1531,Narcisse Diaz,French,Male,1809.0,1876.0,,,api_error
1532,Waldo Diaz-Balart,Cuban,Male,1931.0,,,,api_error
1533,Jan Dibbets,Dutch,Male,1941.0,,,,api_error
1534,Ronald Dickens,British,Male,,,,,api_error
1535,Jane Dickerman,American,Female,,,,,api_error
1536,Edwin Dickinson,American,Male,1891.0,1978.0,,,api_error
1537,Preston Dickinson,American,Male,1889.0,1930.0,,,api_error
1538,Jane Dickson,American,Female,1952.0,,,,api_error
1539,Richard Diebenkorn,American,Male,1922.0,1993.0,,,api_error
1540,Julio de Diego,Nationality unknown,Male,,,,,api_error
1541,Alex Walter Diggelmann,Swiss,Male,1902.0,1987.0,,,api_error
1542,Geurt van Dijk,Dutch,Male,,,,,api_error
1543,Daniel den Dikkenbboer,Dutch,Male,,,,,api_error
1544,Guy Dill,American,Male,1946.0,,,,api_error
1545,Laddie John Dill,American,Male,1943.0,,,,api_error
1546,Burgoyne Diller,American,Male,1906.0,1965.0,,,api_error
1547,Jim Dine,American,Male,1935.0,,,,api_error
1548,Rick Dingus,American,Male,1951.0,,,,api_error
1549,Dinora (Doudtchitsky),Chilean,Female,1914.0,2004.0,,,api_error
1550,Harry Disberg,Dutch,Male,,,,,api_error
1552,André Adolphe-Eugène Disdéri,French,Male,1819.0,1889.0,,,api_error
1553,Martin Disler,Swiss,Male,1949.0,1996.0,,,api_error
1554,Disney Studios,American,,,,,,api_error
1555,Wes Disney,American,Male,1946.0,,,,api_error
1556,Juan Carlos Distéfano,Argentine,Male,1933.0,,,,api_error
1557,Eugenio Dittborn,Chilean,Male,1943.0,,,,api_error
1558,John Divola,American,Male,1949.0,,,,api_error
1559,Otto Dix,German,Male,1891.0,1969.0,,,api_error
1560,Henry Dixon,British,Male,1820.0,1893.0,,,api_error
1562,Pierre Dmitrienko,French,Male,1925.0,1974.0,,,api_error
1563,Jun Dobashi,Japanese,Male,1910.0,1975.0,,,api_error
1564,Alexander Dobkin,American,Male,1908.0,1975.0,,,api_error
1566,Frank Dobson,British,Male,1888.0,1963.0,,,api_error
1567,Eugène Dodeigne,French,Male,1923.0,,,,api_error
1568,Betty Dodson,American,Female,1929.0,,,,api_error
1569,Burhan Dogancay,Turkish,Male,1929.0,2013.0,,,api_error
1570,Stevan Dohanos,American,Male,1907.0,1994.0,,,api_error
1571,Wesley Coe Doherty,American,Male,1919.0,,,,api_error
1572,Isami Doi,American,Male,1903.0,1965.0,,,api_error
1573,Robert Doisneau,French,Male,1912.0,1994.0,,,api_error
1575,Nikolai Dolgorukov,Russian,Male,1902.0,1980.0,,,api_error
1576,Roger Doloy,French,Male,1920.0,,,,api_error
1578,César Domela-Nieuwenhuis,Dutch,Male,1900.0,1992.0,,,api_error
1579,Oscar Domínguez,French,Male,1906.0,1957.0,,,api_error
1580,Tadeusz Dominik,Polish,Male,1928.0,,,,api_error
1581,Ken Domon,Japanese,Male,1909.0,1990.0,,,api_error
1582,Hisao Domoto,Japanese,Male,1928.0,2013.0,,,api_error
1583,Don Donaghy,American,Male,1936.0,2008.0,,,api_error
1584,Anthony Donaldson,British,Male,1939.0,,,,api_error
1585,Enrico Donati,American,Male,1909.0,2008.0,,,api_error
1586,Seena Donneson,Nationality unknown,Female,,,,,api_error
1587,Piero Dorazio,Italian,Male,1927.0,2005.0,,,api_error
1588,Roland Dorcély,Haitian,Male,1930.0,,,,api_error
1589,Gustave Doré,French,Male,1832.0,1883.0,,,api_error
1591,William Doriani,American,Male,1891.0,,,,api_error
1592,Dornac (a.k.a. Paul François Arnold Cardon),French,Male,1859.0,1941.0,,,api_error
1593,Mary Ann Dorr,American,Female,1930.0,,,,api_error
1594,Nell Dorr,American,Female,1893.0,1988.0,,,api_error
1595,Heitor dos Prazeres,Brazilian,Male,1902.0,1966.0,,,api_error
1596,Francisco Dosamantes,Mexican,Male,1911.0,1986.0,,,api_error
1597,Christian Dotremont,Belgian,Male,1922.0,1979.0,,,api_error
1598,Saliba Douaihy,American,Male,1915.0,1994.0,,,api_error
1599,James H. Dougherty,Nationality unknown,Male,,,,,api_error
1600,Edward Douglas,American,Male,1943.0,,,,api_error
1601,Gianni Dova,Italian,Male,1925.0,,,,api_error
1602,Arthur Dove,American,Male,1880.0,1946.0,,,api_error
1603,James Dow,American,Male,1942.0,,,,api_error
1604,John Edward Dowell,American,Male,1941.0,,,,api_error
1605,Rackstraw Downes,American,Male,1939.0,,,,api_error
1606,Juan Downey,Chilean,Male,1940.0,1993.0,,,api_error
1607,W. & D. Downey,British,,,,,,api_error
1608,Joe Downing,American,Male,1925.0,2007.0,,,api_error
1609,Olin Dows,American,Male,1904.0,1981.0,,,api_error
1610,Robert Doxat,Austrian,Male,1930.0,,,,api_error
1612,Tom Drahos,Czech,Male,1947.0,,,,api_error
1614,Roy R. Drasites,American,Male,1945.0,,,,api_error
1616,Christopher Dresser,British,Male,1834.0,1904.0,,,api_error
1617,Werner Drewes,American,Male,1899.0,1985.0,,,api_error
1618,Lynne Drexler,American,Female,,,,,api_error
1619,Henry Dreyfuss,American,Male,1904.0,1972.0,,,api_error
1620,Felix Droese,German,Male,1950.0,,,,api_error
1621,L. Jean Droit,French,Male,,,,,api_error
1622,Karl-Heinz Droste,German,Male,1931.0,2005.0,,,api_error
1623,Achilles Droungas,Greek,Male,1940.0,,,,api_error
1624,Sydney Drum,Canadian,Female,1952.0,,,,api_error
1625,Sally Hazelet Drummond,American,Female,1924.0,,,,api_error
1626,Aleksandr Vasilevich Druzhkov,Russian,Male,1912.0,2004.0,,,api_error
1627,Russell Drysdale,Australian,Male,1912.0,1981.0,,,api_error
1628,Doug Dubois,American,Male,1960.0,,,,api_error
1629,Maxime Du Camp,French,Male,1822.0,1894.0,,,api_error
1630,H. E. Du Plessis,British,Male,1894.0,1978.0,,,api_error
1632,Albert Dubois-Pillet,French,Male,1846.0,1890.0,,,api_error
1633,Jean Dubuffet,French,Male,1901.0,1985.0,,,api_error
1634,Marcel Duchamp,American,Male,1887.0,1968.0,,,api_error
1635,Raymond Duchamp-Villon,French,Male,1876.0,1918.0,,,api_error
1636,Gérard Duchène,French,Male,1944.0,,,,api_error
1637,Guillaume-Benjamin-Armand Duchenne de Boulogne,French,Male,1806.0,1875.0,,,api_error
1638,W. M. Dudok,Dutch,Male,1884.0,1974.0,,,api_error
1639,Espinoza Duenas,Peruvian,Male,1926.0,,,,api_error
1640,Bernd Duerr,German,,1953.0,,,,api_error
1641,Dana Duff,American,Female,1955.0,,,,api_error
1642,John Duff,American,Male,1943.0,,,,api_error
1644,Francis Dufrêne,Nationality unknown,Male,,,,,api_error
1646,Raoul Dufy,French,Male,1877.0,1953.0,,,api_error
1647,Charles Marie Dulac,French,Male,1865.0,1898.0,,,api_error
1648,Gert Dumbar,Dutch,Female,1940.0,,,,api_error
1650,Henri Dumont,Nationality unknown,Male,1859.0,,,,api_error
1651,David Douglas Duncan,American,Male,1916.0,,,,api_error
1652,Carroll Dunham,American,Male,1949.0,,,,api_error
1654,Bob Duran,American,Male,1938.0,2005.0,,,api_error
1655,E. Durand,French,,,,,,api_error
1656,Sylvain Durand,French,Male,,,,,api_error
1657,Louis-Emile Durandelle,French,Male,1839.0,1917.0,,,api_error
1658,Ludvik Durchanek,American,Male,1902.0,1976.0,,,api_error
1659,Caroline Durieux,American,Female,1896.0,1989.0,,,api_error
1661,Stephen Durkee,American,Male,1939.0,,,,api_error
1662,Hansi Durlach,American,Female,,,,,api_error
1663,Alberto Dutary,Panamanian,Male,1932.0,1998.0,,,api_error
1664,Allen A. Dutton,American,Male,1922.0,,,,api_error
1665,Mabel Dwight,American,Female,1876.0,1955.0,,,api_error
1666,Suzanne R. Dworsky,American,Female,1929.0,,,,api_error
1667,Carlus Dyer,American,Male,1917.0,,,,api_error
1668,Mario Dyyon,American,Male,1946.0,,,,api_error
1669,Dusan Dzamonja,Yugoslav,Male,1928.0,2009.0,,,api_error
1670,Arnold Eagle,American,Male,1909.0,1992.0,,,api_error
1671,Charles Eames,American,Male,1907.0,1978.0,,,api_error
1672,Ray Eames,American,Female,1912.0,1988.0,,,api_error
1673,Josef Eberz,German,Male,1880.0,1942.0,,,api_error
1674,José Echavé,Spanish,Male,1907.0,1999.0,,,api_error
1675,Christian Eckart,Canadian,Male,1959.0,,,,api_error
1677,Thomas Eckersley,British,Male,1914.0,1997.0,,,api_error
1678,Don Eddy,American,Male,1944.0,,,,api_error
1679,Karl Edelman,American,Male,,,,,api_error
1680,Doug Edge,American,Male,1942.0,,,,api_error
1681,Dr. Harold E. Edgerton,American,Male,1903.0,1990.0,,,api_error
1682,Leonard Edmonson,American,Male,1916.0,,,,api_error
1684,John Paul Edwards,American,Male,1883.0,1968.0,,,api_error
1685,Melvin Edwards,American,Male,1937.0,,,,api_error
1686,Edouard-Léon-Louis Edy-Legrand,French,Male,1892.0,1970.0,,,api_error
1687,Benni Efrat,Israeli,Male,,,,,api_error
1689,Eberhard Eggers,German,Male,,,,,api_error
1690,William Eggleston,American,Male,1939.0,,,,api_error
1691,Otto Eglau,German,Male,1917.0,1988.0,,,api_error
1692,Shyu Eguchi,Japanese,Male,1932.0,,,,api_error
1693,Georg Ehrlich,British,Male,1897.0,1966.0,,,api_error
1694,Marli Ehrman,American,Female,1904.0,1982.0,,,api_error
1695,Fritz Eichenberg,American,Male,1901.0,1990.0,,,api_error
1696,Hans Eichenberger,Swiss,Male,1926.0,,,,api_error
1697,Hermann Eidenbenz,Swiss,Male,1902.0,1993.0,,,api_error
1698,Jorge Eielson,Peruvian,Male,1924.0,2006.0,,,api_error
1699,Horst Eigen,German,Male,1942.0,,,,api_error
1700,Hans Eijkelboom,Dutch,Male,,,,,api_error
1701,Louis Michel Eilshemius,American,Male,1864.0,1941.0,,,api_error
1703,George Einbeck,German,Male,1871.0,1951.0,,,api_error
1705,Lette Eisenhauer,American,Female,1935.0,,,,api_error
1706,Chester Eisenhuth,American,Male,1910.0,1994.0,,,api_error
1707,Alfred Eisenstaedt,American,Male,1898.0,1995.0,,,api_error
1708,Sergei Eisenstein,Russian,Male,1898.0,1948.0,,,api_error
1710,Jacob El Hanani,Israeli,Male,1947.0,,,,api_error
1711,Harold Elberg,American,Male,,,,,api_error
1712,Valdemar H. Elenbaas,Dutch,Male,,,,,api_error
1713,Dick Elffers,Dutch,Male,1910.0,1990.0,,,api_error
1714,Etiènne Elias,Belgian,Male,,,,,api_error
1715,Eliot Noyes Industrial Design,American,,,,,,api_error
1716,Elise (Elise Seeds Armitage),American,Female,1902.0,1963.0,,,api_error
1717,Eliot Elisofon,American,Male,1911.0,1973.0,,,api_error
1718,Ronnie Elliott,American,Male,1916.0,1982.0,,,api_error
1719,Clifford and Rosemary Ellis,British,,,,,,api_error
1720,Kosso Eloul,American,Male,1920.0,1995.0,,,api_error
1721,Rita Eloul,Nationality unknown,Female,,,,,api_error
1724,Peter Henry Emerson,British,Male,1856.0,1936.0,,,api_error
1725,Herman Emmet,American,Male,1943.0,,,,api_error
1726,Chansonetta Stanley Emmons,American,Female,1858.0,1937.0,,,api_error
1727,August Endell,German,Male,1871.0,1925.0,,,api_error
1729,Jules Engel,American,Male,1909.0,2003.0,,,api_error
1730,Morris Engel,American,Male,1918.0,2005.0,,,api_error
1731,Engel-Pak,Belgian,Male,1885.0,1965.0,,,api_error
1732,Michael Engelmann,American,Male,1928.0,1966.0,,,api_error
1733,Pieter Engels,Dutch,Male,1938.0,,,,api_error
1734,William England,British,Male,1816.0,1896.0,,,api_error
1735,Horace M. Engle,American,Male,1861.0,1949.0,,,api_error
1736,Michael English,British,Male,1941.0,2009.0,,,api_error
1737,Robert Engman,American,Male,1927.0,,,,api_error
1739,James Ensor,Belgian,Male,1860.0,1949.0,,,api_error
1740,Edward Enlin,American,Male,,,,,api_error
1741,Jacob Epstein,British,Male,1880.0,1959.0,,,api_error
1742,Mitch Epstein,American,Male,1952.0,,,,api_error
1743,Stephan Erfurt,German,Male,1958.0,,,,api_error
1744,Hugo Erfurth,German,Male,1874.0,1948.0,,,api_error
1746,Erling Ericsson,Swedish,Male,,,,,api_error
1748,Boris Nicolaevich Ermolaev,Russian,Male,1903.0,,,,api_error
1749,Vera Ermolaeva,Russian,Female,,,,,api_error
1750,Hans Erni,Swiss,Male,1909.0,2015.0,,,api_error
1751,Jimmy Ernst,American,Male,1920.0,1984.0,,,api_error
1752,Max Ernst,French,Male,1891.0,1976.0,,,api_error
1753,Erol (Erol Akyavas),Turkish,Male,1932.0,1999.0,,,api_error
1754,Erro (Gudmundur Gudmundsson),Icelandic,Male,1932.0,,,,api_error
1755,Erwin,French,,,,,,api_error
1756,Elliott Erwitt,American,Male,1928.0,,,,api_error
1757,M. C. Escher,Dutch,Male,1898.0,1972.0,,,api_error
1758,Castro Escobedo,Nationality unknown,Male,,,,,api_error
1759,Jesús Escobedo,Mexican,Male,1918.0,1978.0,,,api_error
1760,John K. Esler,Canadian,Male,1933.0,,,,api_error
1761,Georges D'espagnat,French,Male,1870.0,1950.0,,,api_error
1762,Bud Esry,American,Male,1920.0,,,,api_error
1763,Reed Estabrook,American,Male,1944.0,,,,api_error
1764,Richard Estes,American,Male,1936.0,,,,api_error
1766,Roberto Estopinán,Cuban,Male,1920.0,2015.0,,,api_error
1767,Sorel Etrog,Canadian,Male,1933.0,2014.0,,,api_error
1768,Alex J. Ettl,American,Male,1898.0,1992.0,,,api_error
1769,Karen Eubel,American,Female,1942.0,,,,api_error
1770,Frank Eugene,American,Male,1865.0,1936.0,,,api_error
1771,Richard Eurich,British,Male,1903.0,1992.0,,,api_error
1773,Dennis Evans,American,Male,1946.0,,,,api_error
1774,Frederick H. Evans,British,Male,1853.0,1943.0,,,api_error
1775,Garth Evans,British,Male,1934.0,,,,api_error
1776,Merlyn Evans,British,Male,,,,,api_error
1777,Walker Evans,American,Male,1903.0,1975.0,,,api_error
1778,Jean Ève,French,Male,1900.0,1968.0,,,api_error
1779,Henri Evenepoel,French,Male,1872.0,1899.0,,,api_error
1780,Philip Evergood,American,Male,1901.0,1973.0,,,api_error
1782,Connor Everts,American,Male,1928.0,2016.0,,,api_error
1783,Juanita (Jean) Exley,American,Female,1927.0,,,,api_error
1784,Alexandra Exter,Russian,Female,1882.0,1949.0,,,api_error
1786,Agenore Fabbri,Italian,Male,,,,,api_error
1787,Hans Fabigan,Austrian,Male,1901.0,1975.0,,,api_error
1788,Luciano Fabro,Italian,Male,1936.0,2007.0,,,api_error
1789,Charles Fahlen,American,Male,1939.0,2010.0,,,api_error
1790,Öyvind Fahlström,Swedish,Male,1928.0,1976.0,,,api_error
1791,Ekkehard Fahr,German,Male,1934.0,,,,api_error
1792,Patrick Faigenbaum,French,Male,1954.0,,,,api_error
1793,Jules-Abel Faivre,French,Male,1867.0,1945.0,,,api_error
1794,Claire Falkenstein,American,Female,1908.0,1997.0,,,api_error
1795,James (Arthur) Fallon,American,Male,1946.0,,,,api_error
1796,C. B. Falls,American,,,,,,api_error
1797,Charles Famin,French,Male,1809.0,,,,api_error
1798,Louis Fancher,American,Male,1884.0,1944.0,,,api_error
1799,Wojciech Fangor,Polish,Male,1922.0,2015.0,,,api_error
1800,Henri Fantin-Latour,French,Male,1836.0,1904.0,,,api_error
1801,Nathan Farb,American,Male,1941.0,,,,api_error
1802,William Fares,American,Male,1942.0,,,,api_error
1803,Farfa,Italian,Male,1881.0,1964.0,,,api_error
1804,Thomaz Farkas,Brazilian,Male,1924.0,2011.0,,,api_error
1805,Francisco Farreras,Spanish,Male,1927.0,,,,api_error
1806,Walker Farynk,Nationality unknown,Male,,,,,api_error
1807,Roberto Fasola,Italian,Male,,,,,api_error
1808,Franz Fassler,Swiss,Male,,,,,api_error
1809,Dwain Faubion,American,Male,1921.0,2002.0,,,api_error
1810,Nicolas Faure,Swiss,Male,1949.0,,,,api_error
1811,Louis Faurer,American,Male,1916.0,2001.0,,,api_error
1812,Arthur Fauser,German,Male,1911.0,,,,api_error
1813,Hermann Fauser,German,Male,1874.0,1947.0,,,api_error
1815,Jean Fautrier,French,Male,1898.0,1964.0,,,api_error
1816,Philippe Favier,French,Male,1957.0,,,,api_error
1817,André Favory,French,Male,1888.0,1937.0,,,api_error
1818,Louis Favre,French,Male,1892.0,1956.0,,,api_error
1819,John Fawcett,American,Male,1939.0,,,,api_error
1820,Carlos Faz Caimus,Chilean,Male,1931.0,1953.0,,,api_error
1821,Pericle Fazzini,Italian,Male,1913.0,1987.0,,,api_error
1823,Federico,American,,,,,,api_error
1824,Helmut Federle,Swiss,Male,1944.0,,,,api_error
1825,Paul Feeley,American,Male,1910.0,1966.0,,,api_error
1826,Hans Feibusch,British,Male,1898.0,1998.0,,,api_error
1827,Friedrich Feigl,Czech,Male,1884.0,1965.0,,,api_error
1828,Philip Fein,American,Male,1912.0,1994.0,,,api_error
1829,Idelle L. Feinberg,American,Female,1932.0,,,,api_error
1830,Ed Feingersh,American,Male,1925.0,1961.0,,,api_error
1831,Andreas Feininger,American,Male,1906.0,1999.0,,,api_error
1832,Lyonel Feininger,American,Male,1871.0,1956.0,,,api_error
1833,Theodore Lux Feininger,American,Male,1910.0,2011.0,,,api_error
1834,Harold Feinstein,American,Male,1931.0,2015.0,,,api_error
1835,Rochelle Feinstein,American,Female,1947.0,,,,api_error
1836,Lorser Feitelson,American,Male,1898.0,1978.0,,,api_error
1837,Nathan I. Felde,American,Male,,,,,api_error
1838,Eugene Feldman,American,Male,1921.0,,,,api_error
1839,Walter Feldman,American,Male,1925.0,,,,api_error
1840,Mark Feldstein,American,Male,1937.0,,,,api_error
1841,Conrad Felixmüller,German,Male,1897.0,1977.0,,,api_error
1842,Weegee (Arthur Fellig),American,Male,1899.0,1968.0,,,api_error
1843,Sandi Fellman,American,Female,1952.0,,,,api_error
1844,Frances Felten,American,Female,1905.0,1976.0,,,api_error
1845,Jonas J. Fendell,American,Male,1924.0,1994.0,,,api_error
1846,Albert Fenn,American,Male,1912.0,,,,api_error
1847,Roger Fenton,British,Male,1819.0,1869.0,,,api_error
1848,William Fenton,British,Male,,,,,api_error
1849,George J. Fenwick,British,Male,,,,,api_error
1850,Serge (Comte Serge Jastrebzoff) Férat,French,Male,1881.0,1958.0,,,api_error
1851,Herbert Ferber,American,Male,1906.0,1991.0,,,api_error
1853,Gerald Ferguson,American,Male,1937.0,,,,api_error
1854,Agustín Fernández,Cuban,Male,1928.0,2006.0,,,api_error
1855,Justino Fernández,Mexican,Male,1904.0,,,,api_error
1856,Gabriel Fernández Ledesma,Mexican,Male,1900.0,1982.0,,,api_error
1857,Jackie Ferrara,American,Female,1929.0,,,,api_error
1858,Jorge Ferrari Hardoy,Argentine,Male,1914.0,1977.0,,,api_error
1859,León Ferrari,Argentine,Male,1920.0,2013.0,,,api_error
1860,John Ferren,American,Male,1905.0,1970.0,,,api_error
1861,Rafael Ferrer,American,Male,1933.0,,,,api_error
1862,Ronaldo Ferri,Nationality unknown,Male,,,,,api_error
1863,Roger C. Ferri,American,Male,1949.0,1991.0,,,api_error
1864,Gianfranco Ferroni,Italian,Male,,,,,api_error
1865,Ferry's Art Gallery,American,,,,,,api_error
1866,Helene Fesenmaier,American,Female,1937.0,2013.0,,,api_error
1867,William Fett,American,Male,1918.0,2006.0,,,api_error
1868,Rainer Fetting,German,Male,1949.0,,,,api_error
1869,Jed Robert Fielding,American,Male,1953.0,,,,api_error
1870,Ernest Fiene,American,Male,1894.0,1965.0,,,api_error
1871,Pedro Figari,Uruguayan,Male,1861.0,1938.0,,,api_error
1872,Charles Filiger,French,Male,1863.0,1928.0,,,api_error
1873,Robert Filliou,French,Male,1926.0,1987.0,,,api_error
1874,Albert M. Fine,American,Male,1932.0,1987.0,,,api_error
1875,Harvey J. Finison,American,Male,1916.0,,,,api_error
1876,Aaron Fink,American,Male,1955.0,,,,api_error
1877,Larry Fink,American,Male,1941.0,,,,api_error
1878,Ian Hamilton Finlay,British,Male,1925.0,2006.0,,,api_error
1879,Howard Finster,American,Male,1916.0,,,,api_error
1880,M. Fiorini,Algerian,Male,1922.0,2008.0,,,api_error
1881,Vittorio Fiorucci,Canadian,Male,1931.0,,,,api_error
1882,Ida E. Fischer,American,Female,1883.0,1956.0,,,api_error
1884,Lothar Fischer,Nationality unknown,Male,1933.0,,,,api_error
1885,R. M. Fischer,American,Male,1947.0,,,,api_error
1887,Fritz Fischer-Nosbisch,German,Male,1919.0,,,,api_error
1888,Hella Fischer-Thorer,Nationality unknown,Female,,,,,api_error
1889,Eric Fischl,American,Male,1948.0,,,,api_error
1890,Hans Fischli,Swiss,Male,1909.0,1989.0,,,api_error
1891,Peter Fischli,Swiss,Male,1952.0,,,,api_error
1892,Janet Fish,American,Female,1938.0,,,,api_error
1893,Vernon Fisher,American,Male,1943.0,,,,api_error
1895,Dean L. Fisher,American,Male,1923.0,,,,api_error
1896,Joel Fisher,American,Male,1947.0,,,,api_error
1897,Stanley Fisher,American,Male,1925.0,,,,api_error
1898,Stephen R. Fitch,American,Male,,,,,api_error
1899,W. Grancel Fitz,American,Male,1894.0,1963.0,,,api_error
1900,Victor Fitzgerald,British,Male,,,,,api_error
1901,Edward Fitzgerald,Nationality unknown,Male,,,,,api_error
1902,Floyd Fitzpatrick,American,Male,,,,,api_error
1903,James Fitzsimmons,American,Male,,,,,api_error
1904,Salvatore Fiume,Italian,Male,1915.0,1997.0,,,api_error
1905,Audrey Flack,American,Female,1931.0,,,,api_error
1906,James Montgomery Flagg,American,Male,1877.0,1960.0,,,api_error
1907,Barry Flanagan,British,Male,1941.0,2009.0,,,api_error
1908,John Flannagan,American,Male,1898.0,1942.0,,,api_error
1909,Flannery,Nationality unknown,,,,,,api_error
1910,Henry G. Flannery,American,Male,,,,,api_error
1911,Dan Flavin,American,Male,1933.0,1996.0,,,api_error
1912,Karl Anton Fleck,Austrian,Male,1928.0,1983.0,,,api_error
1913,Adolf Richard Fleischmann,German,Male,1892.0,1969.0,,,api_error
1914,Trude Fleischmann,American,Female,1895.0,1990.0,,,api_error
1915,Alan Fletcher,British,Male,1931.0,,,,api_error
1916,Claude Flight,British,Male,1881.0,1955.0,,,api_error
1918,Albert (Albert Mentzel) Flocon,French,Male,1909.0,1946.0,,,api_error
1919,Eduard Flor,Dutch,Male,1925.0,,,,api_error
1920,Thomas Florschuetz,German,Male,1957.0,,,,api_error
1921,Richard A. Florsheim,American,Male,1916.0,1979.0,,,api_error
1922,Pierre Flouquet,French,Male,1900.0,1967.0,,,api_error
1923,Johannes Foersom,Danish,Male,1943.0,,,,api_error
1926,Jean Follett,American,Female,1917.0,1991.0,,,api_error
1927,Jean-Michel Folon,Belgian,Male,1934.0,,,,api_error
1928,A. Foncelle,French,,,,,,api_error
1929,Danny Ho Fong,American,Male,1915.0,1992.0,,,api_error
1930,Lucio Fontana,Italian,Male,1899.0,1968.0,,,api_error
1931,Rubén Fontana,Argentine,Male,1942.0,,,,api_error
1932,Joan Fontcuberta,Spanish,Male,1955.0,,,,api_error
1933,Ernesto Fontecilla,Chilean,Male,1938.0,,,,api_error
1934,Fritz Foord,American,Male,,,,,api_error
1935,Jean-Louis Forain,French,Male,1852.0,1931.0,,,api_error
1938,B. F. Ford,American,,,,,,api_error
1939,Lauren Ford,American,Female,1891.0,1973.0,,,api_error
1940,Günther Förg,German,Male,1952.0,2013.0,,,api_error
1941,Pere Formiguera,Spanish,Male,1952.0,,,,api_error
1942,Leander Fornas,American,Male,1925.0,2014.0,,,api_error
1943,Raquel Forner,Argentine,Female,1902.0,1988.0,,,api_error
1944,James Forsberg,American,Male,1919.0,1991.0,,,api_error
1945,Jan Forsberg,Swedish,Male,1932.0,,,,api_error
1947,Gerhard Forster,Italian,Male,,,,,api_error
1948,Clyde Forsythe,American,Male,1885.0,1962.0,,,api_error
1949,Karl Fortess,American,Male,1907.0,1993.0,,,api_error
1950,Michel Fortier,Canadian,Male,1943.0,,,,api_error
1951,Mariano Fortuny Y Madrazo,Spanish,Male,1871.0,1949.0,,,api_error
1952,Christian Fossier,French,Male,1943.0,2013.0,,,api_error
1953,Foster Associates,British,,1967.0,,,,api_error
1954,Steven D. Foster,American,Male,1945.0,,,,api_error
1955,Fougasse (Cyril Kenneth Bird),British,Male,1887.0,1965.0,,,api_error
1956,André Fougeron,French,Male,1913.0,1998.0,,,api_error
1957,Tsugouharu Foujita,Japanese,Male,1886.0,1969.0,,,api_error
1958,Llyn Foulkes,American,Male,1934.0,,,,api_error
1959,Gabriel Fournier,French,Male,1893.0,1963.0,,,api_error
1960,Sheila Fournier,British,Female,1930.0,2000.0,,,api_error
1961,Richard Alan Fox,American,Male,1949.0,,,,api_error
1962,Terry Fox,American,Male,1943.0,2008.0,,,api_error
1963,Hollis Frampton,American,Male,1936.0,1984.0,,,api_error
1964,Mercedes Franchini,Italian,Male,1895.0,,,,api_error
1965,Sam Francis,American,Male,1923.0,1994.0,,,api_error
1966,Richard Francisco,American,Male,1942.0,,,,api_error
1967,Franck,French,,,,,,api_error
1968,Kaj Franck,Finnish,Male,1911.0,1989.0,,,api_error
1969,Martine Franck,Belgian,Female,1938.0,2012.0,,,api_error
1970,Huguette Franco,French,Female,1944.0,,,,api_error
1971,Josef Frank,Swedish,Male,1885.0,1967.0,,,api_error
1972,Mary Frank,American,Female,1933.0,,,,api_error
1973,Robert Frank,American,Male,1924.0,,,,api_error
1974,Helen Frankenthaler,American,Female,1928.0,2011.0,,,api_error
1975,Antonio Frasconi,American,Male,1919.0,2013.0,,,api_error
1976,Claud Lovat Fraser,British,Male,1890.0,1921.0,,,api_error
1978,Gianfranco Frattini,Italian,Male,1926.0,2004.0,,,api_error
1979,Charles Ray Frazier,American,Male,1930.0,,,,api_error
1982,Karl Free,American,Male,1903.0,1947.0,,,api_error
1983,Arthur Freed,American,Male,1936.0,,,,api_error
1984,David Freed,American,Male,1936.0,,,,api_error
1985,Barnett Freedman,British,Male,,,,,api_error
1986,John Freeman,American,Male,1942.0,,,,api_error
1987,Martin Freeman,American,Male,,,,,api_error
1988,Mark Freeman,American,Male,1908.0,,,,api_error
1989,Jane Freilicher,American,Female,1924.0,2014.0,,,api_error
1990,Jared French,American,Male,1905.0,1988.0,,,api_error
1991,Leonard French,Australian,Male,1928.0,,,,api_error
1992,Ray H. French,American,Male,1919.0,,,,api_error
1993,Lucian Freud,British,Male,1922.0,2011.0,,,api_error
1994,David Freund,American,Male,1937.0,,,,api_error
1995,Peter Freudenthal,Swedish,Male,1938.0,,,,api_error
1996,Otto Freundlich,German,Male,1878.0,1943.0,,,api_error
1997,Mary E. Frey,American,Female,1948.0,,,,api_error
1998,Robert Fried,American,Male,1937.0,1975.0,,,api_error
1999,Elias Friedensohn,American,Male,1924.0,,,,api_error
2000,Johnny Friedlaender,German,Male,1912.0,,,,api_error
2001,G. John Friedlander,American,Male,,,,,api_error
2002,Lee Friedlander,American,Male,1934.0,,,,api_error
2003,Arnold Friedman,American,Male,1879.0,1946.0,,,api_error
2004,Benno Friedman,American,Male,1945.0,,,,api_error
2005,Dan Friedman,American,Male,1945.0,,,,api_error
2006,Julius K. Friedman,American,Male,1943.0,,,,api_error
2007,Ken Friedman,American,Male,1939.0,,,,api_error
2008,Robert N. Friedman,American,Male,1948.0,,,,api_error
2009,Susan Friedman,American,Female,1941.0,,,,api_error
2010,Christian (Johann Christianadolf) Friedrich,German,Male,,,,,api_error
2011,Hartmut Friedrich,German,Male,1935.0,,,,api_error
2012,Othon Friesz,French,Male,1879.0,1949.0,,,api_error
2014,Elisabeth Frink,British,Female,1930.0,1993.0,,,api_error
2015,Francis Frith,British,Male,1822.0,1898.0,,,api_error
2016,Katharina Fritsch,German,Female,1956.0,,,,api_error
2017,A. G. Fronzoni,Italian,Male,1923.0,2002.0,,,api_error
2018,Roger Fry,British,Male,1866.0,1934.0,,,api_error
2019,Stephen Frykholm,American,Male,1942.0,,,,api_error
2020,Hakuyo Fuchigami,Japanese,Male,1889.0,1960.0,,,api_error
2021,Ernst Fuchs,Austrian,Male,1930.0,2015.0,,,api_error
2023,Masahisa Fukase,Japanese,Male,1934.0,2012.0,,,api_error
2024,Fukita Fumiaki,Japanese,Male,1926.0,,,,api_error
2025,Katsuji Fukuda,Japanese,Male,1898.0,,,,api_error
2026,Shigeo Fukuda,Japanese,Male,1932.0,2009.0,,,api_error
2027,Fukuhara Roso,Japanese,Male,1892.0,1946.0,,,api_error
2028,Fukui Ryonosuko,Japanese,Male,1924.0,1986.0,,,api_error
2030,R. Buckminster Fuller,American,Male,1895.0,1983.0,,,api_error
2031,Emily Fuller,American,Female,1941.0,,,,api_error
2032,Sue Fuller,American,Female,1914.0,2006.0,,,api_error
2033,Hamish Fulton,British,Male,1946.0,,,,api_error
2034,Barbara E. Fumagalli,American,Female,1926.0,,,,api_error
2035,Eugen Funk,German,Male,1911.0,2004.0,,,api_error
2036,Jaromír Funke,Czech,Male,1896.0,1945.0,,,api_error
2037,Hideji Furukawa,Japanese,Male,,,,,api_error
2038,Albert Fuss,German,Male,1889.0,1969.0,,,api_error
2039,Adam Fuss,British,Male,1961.0,,,,api_error
2040,Simon Fussell,British,Male,1945.0,,,,api_error
2041,Fussli,Swiss,,,,,,api_error
2043,Naum Gabo,American,Male,1890.0,1977.0,,,api_error
2044,Ada V. Gabriel,American,Female,1898.0,1975.0,,,api_error
2045,Johannes Gachnang,Swiss,Male,1939.0,2005.0,,,api_error
2046,Wolfgang Gäfgen,German,Male,1936.0,,,,api_error
2047,Wanda Gág,American,Female,1893.0,1946.0,,,api_error
2048,Robert Gage,American,Male,1921.0,2000.0,,,api_error
2049,Oliver Gagliani,American,Male,1917.0,,,,api_error
2050,Robert Gair Company,American,,,,,,api_error
2051,Vasudeo S. Gaitonde,Indian,Male,1924.0,2001.0,,,api_error
2052,Jacek Gaj,Polish,Male,1938.0,,,,api_error
2053,Démétrius Emmanuel Galanis,French,Male,1882.0,1966.0,,,api_error
2054,Gale,American,,,,,,api_error
2055,Galo Galecio,Ecuadorian,Male,1908.0,1993.0,,,api_error
2056,Zvi Gali,Israeli,Male,1924.0,1961.0,,,api_error
2057,A. E. Gallatin,American,Male,1881.0,1952.0,,,api_error
2058,Emile Gallé,French,Male,1846.0,1904.0,,,api_error
2059,Akseli Gallen-Kallela,Finnish,Male,1865.0,1931.0,,,api_error
2060,Frank Gallo,American,Male,1933.0,,,,api_error
2061,Giuseppe Gallo,Italian,Male,1954.0,,,,api_error
2062,Christina Galvez,Peruvian,Female,1918.0,1982.0,,,api_error
2064,José Gamarra,Uruguayan,Male,1934.0,,,,api_error
2065,Abram Games,British,Male,1914.0,1996.0,,,api_error
2066,David Gammon,British,Male,1933.0,2005.0,,,api_error
2067,Aleksei Gan (Hahn),Russian,Male,1889.0,1940.0,,,api_error
2069,A. F. Gangkofner,German,,1921.0,,,,api_error
2070,Paul Gangolf,German,Male,1879.0,1936.0,,,api_error
2071,Emil Ganso,American,Male,1895.0,1941.0,,,api_error
2072,Izika Gaon,Israeli,,1938.0,,,,api_error
2073,Claude Garache,French,Male,1929.0,,,,api_error
2074,Domingo Garcia,American,Male,1932.0,,,,api_error
2075,Héctor García,Mexican,Male,1923.0,2012.0,,,api_error
2077,Clive Gardiner,British,Male,1891.0,1960.0,,,api_error
2078,Lyn Gardiner,American,Female,1946.0,,,,api_error
2079,Alexander Gardner,American,Male,1821.0,1882.0,,,api_error
2081,Flor Garduño,Mexican,Female,1957.0,,,,api_error
2082,Jedd Garet,American,Male,1955.0,,,,api_error
2084,Pablo Gargallo,Spanish,Male,1881.0,1934.0,,,api_error
2085,Robert S. Gargiuli,American,Male,,,,,api_error
2086,William A. Garnett,American,Male,1916.0,2006.0,,,api_error
2087,Gerard Garouste,French,Male,1946.0,,,,api_error
2088,Paolo Gasparini,Venezuelan,Male,1934.0,,,,api_error
2089,Oronzo Gasparo,American,Male,1903.0,1969.0,,,api_error
2090,Arnold Gassan,American,Male,1930.0,2001.0,,,api_error
2091,Marco Gastini,Italian,Male,1938.0,,,,api_error
2092,Lee Gatch,American,Male,1902.0,1968.0,,,api_error
2093,Simon Gate,Swedish,Male,1883.0,1945.0,,,api_error
2094,Piero Gatti,Italian,Male,1940.0,,,,api_error
2095,Yves Gaucher,Canadian,Male,1934.0,2000.0,,,api_error
2096,Antoni Gaudí,Spanish,Male,1852.0,1926.0,,,api_error
2097,Henri Gaudier-Brzeska,French,Male,1891.0,1915.0,,,api_error
2098,Paul Gauguin,French,Male,1848.0,1903.0,,,api_error
2099,August Gaul,German,Male,1869.0,1921.0,,,api_error
2100,Winfred Gaul,German,Male,1928.0,2003.0,,,api_error
2103,Johannes Gecelli,German,Male,1925.0,2011.0,,,api_error
2104,Sonia Gechtoff,American,Female,1926.0,,,,api_error
2105,William Gedney,American,Male,1932.0,1989.0,,,api_error
2106,Peter Gee,British,Male,1932.0,,,,api_error
2107,Gego (Gertrud Goldschmidt),Venezuelan,Female,1912.0,1994.0,,,api_error
2108,Frank O. Gehry,American,Male,1929.0,,,,api_error
2109,Ronald R. Geibert,American,Male,1952.0,,,,api_error
2110,Anna Bella Geiger,Brazilian,Female,1933.0,,,,api_error
2111,Rupprecht Geiger,German,Male,1908.0,2009.0,,,api_error
2112,Willi Geiger,German,Male,1878.0,1971.0,,,api_error
2113,Udo M. Geissler,German,,1932.0,,,,api_error
2114,Jan Gelb,American,Female,1906.0,1978.0,,,api_error
2115,Hugo Gellert,American,Male,1892.0,1985.0,,,api_error
2116,Robert Genin,American,Male,1884.0,1943.0,,,api_error
2117,Nancy Genn,American,Female,,,,,api_error
2118,Juan Genovés,Spanish,Male,1930.0,,,,api_error
2119,Arnold Genthe,American,Male,1869.0,1942.0,,,api_error
2120,Franco Gentilini,Italian,Male,,,,,api_error
2121,Vic Gentils,Belgian,Male,1919.0,1997.0,,,api_error
2122,George Passmore,British,Male,1942.0,,,,api_error
2123,Eric George,British,Male,1881.0,,,,api_error
2124,Thomas George,American,Male,1918.0,2009.0,,,api_error
2125,Paul Georges,American,Male,1923.0,2002.0,,,api_error
2126,Léon Gérard,French,Male,,,,,api_error
2127,Valery Gerlovin,Russian,Female,1945.0,,,,api_error
2128,Rimma Gerlovina,Russian,Female,1951.0,,,,api_error
2129,Jules Germain,French,Male,,,,,api_error
2130,Paul-Elie Gernez,French,Male,1888.0,1948.0,,,api_error
2131,Bert Gerresheim,German,Male,,,,,api_error
2132,Ad Gerritsen,Dutch,Male,,,,,api_error
2133,Gershen-Newark,American,,,,,,api_error
2134,Moshe Gershuni,Israeli,Male,1936.0,2017.0,,,api_error
2136,Karl Gerstner,Swiss,Male,1930.0,,,,api_error
2137,Franz Gertsch,Swiss,Male,1930.0,,,,api_error
2139,Richart Gheym,Nationality unknown,Male,,,,,api_error
2140,Mario Giacomelli,Italian,Male,1925.0,2000.0,,,api_error
2141,Alberto Giacometti,Swiss,Male,1901.0,1966.0,,,api_error
2142,Augusto Giacometti,Swiss,Male,1877.0,1947.0,,,api_error
2143,Cristos Gianakos,American,Male,1934.0,,,,api_error
2144,Umberto Giangrandi,Colombian,Male,1943.0,,,,api_error
2145,Charles Dana Gibson,American,Male,1867.0,1944.0,,,api_error
2146,Ralph Gibson,American,Male,1939.0,,,,api_error
2147,Tim Gidal,German,Male,1909.0,1996.0,,,api_error
2148,Jill Giegerich,American,Female,1952.0,,,,api_error
2149,Josef Gielniak,Polish,Male,1932.0,1972.0,,,api_error
2150,Roland Giguère,Canadian,Male,1929.0,2003.0,,,api_error
2151,Wim Gijzen,Dutch,,1941.0,,,,api_error
2152,Ruth Gikow,American,Female,1915.0,1982.0,,,api_error
2154,Q. O. Gilbert,Nationality unknown,,,,,,api_error
2158,Eric Gill,British,Male,1882.0,1940.0,,,api_error
2159,James Francis Gill,American,Male,1934.0,,,,api_error
2160,Gregory Gillespie,American,Male,1936.0,,,,api_error
2161,Sam Gilliam,American,Male,1933.0,,,,api_error
2162,Françoise Gilot,French,Male,1921.0,,,,api_error
2163,Laura Gilpin,American,Female,1881.0,1979.0,,,api_error
2164,Edgardo Miguel Gimenez,Argentine,Male,1942.0,,,,api_error
2165,Wilhelm Gimmi,Swiss,Male,1886.0,1960.0,,,api_error
2166,Henri Ginet,French,Male,1923.0,1970.0,,,api_error
2167,Allen Ginsberg,American,Male,1926.0,1997.0,,,api_error
2168,Roy Ginstrom,American,Male,,,,,api_error
2169,Paolo Gioli,Italian,Male,1942.0,,,,api_error
2170,Fiorenzo Giorgi,Italian,Male,,,,,api_error
2171,John Giorno,American,Male,1936.0,,,,api_error
2172,Philip Gips,American,Male,1931.0,,,,api_error
2173,Girard,Nationality unknown,,,,,,api_error
2174,Fritz Girardin,Swiss,,,,,,api_error
2176,Pierre Girieud,French,Male,1875.0,1940.0,,,api_error
2177,Alberto Gironella,Mexican,Male,1929.0,,,,api_error
2178,Léon Gischia,French,Male,1903.0,,,,api_error
2179,A. Gisiger,Swiss,,,,,,api_error
2180,Harry Gitlin,American,Male,1914.0,1986.0,,,api_error
2181,Gits Molding Corp.,American,,,,,,api_error
2182,Len Gittleman,American,Male,1932.0,,,,api_error
2183,Allan Gittler (Avraham Bar Rashi),American,Male,1928.0,2002.0,,,api_error
2184,William Glackens,American,Male,1870.0,1938.0,,,api_error
2185,Glanzman-Parker,American,,1952.0,1970.0,,,api_error
2186,Fritz Glarner,American,Male,1899.0,1972.0,,,api_error
2187,Joseph Glasco,American,Male,1925.0,1996.0,,,api_error
2188,Milton Glaser,American,Male,1929.0,,,,api_error
2190,Otto Gleichmann,German,Male,1887.0,1963.0,,,api_error
2191,Albert Gleizes,French,Male,1881.0,1953.0,,,api_error
2193,Arnold Glimcher,American,Male,1938.0,,,,api_error
2194,H. Glintenkamp,American,Male,1887.0,1946.0,,,api_error
2195,Hermann Glockner,German,Male,,,,,api_error
2197,Nathan Gluck,Nationality unknown,Male,,,,,api_error
2198,Domenico Gnoli,Italian,Male,1933.0,1970.0,,,api_error
2199,Robert Gober,American,Male,1954.0,,,,api_error
2200,Keith Godard,British,Male,1942.0,,,,api_error
2202,Charles L. Goeller,American,Male,1901.0,1955.0,,,api_error
2203,Mathias Goeritz,German,Male,1915.0,1990.0,,,api_error
2204,Henri Goetz,French,Male,1909.0,1989.0,,,api_error
2205,Giuseppe de Goetzen,Italian,Male,1921.0,,,,api_error
2206,Vincent van Gogh,Dutch,Male,1853.0,1890.0,,,api_error
2207,Frank Gohlke,American,Male,1942.0,,,,api_error
2208,David Lance Goines,American,Male,1945.0,,,,api_error
2209,Ralph Goings,American,Male,1928.0,,,,api_error
2210,Eugene Omar Goldbeck,American,Male,1892.0,1986.0,,,api_error
2212,Jim Goldberg,American,Male,1953.0,,,,api_error
2213,Michael Goldberg,American,Male,1924.0,2007.0,,,api_error
2214,David Goldblatt,South African,Male,1930.0,,,,api_error
2216,Raphael Goldchain,Canadian,Male,1953.0,,,,api_error
2217,Shirley Goldfarb,American,Female,1925.0,1980.0,,,api_error
2218,John Golding,British,Male,1929.0,2012.0,,,api_error
2219,Morton Goldsholl,Nationality unknown,Male,,,,,api_error
2220,Lloyd Goldsmith,American,Male,1945.0,,,,api_error
2221,Anne Goldthwaite,American,Female,1869.0,1944.0,,,api_error
2222,Joseph Webster Golinkin,American,Male,1896.0,1977.0,,,api_error
2223,Leon Golub,American,Male,1922.0,2004.0,,,api_error
2224,Mirta Gómez,American,Female,1953.0,,,,api_error
2226,Juan Gómez-Quiroz,American,Male,1939.0,,,,api_error
2227,Alexander Gonda,German,Male,1905.0,1977.0,,,api_error
2228,Leonel Gongora,Colombian,Male,1932.0,,,,api_error
2229,Natalia Goncharova,Russian,Female,1881.0,1962.0,,,api_error
2230,Roberto González Goyri,Guatemalan,Male,1924.0,2007.0,,,api_error
2231,Julio González,Spanish,Male,1876.0,1942.0,,,api_error
2232,Sergio Gonzalez-Tornero,Chilean,Male,1927.0,,,,api_error
2233,Felix Gonzalez-Torres,American,Male,1957.0,1996.0,,,api_error
2234,Gerald Gooch,American,Male,1933.0,,,,api_error
2235,T. F. Goodall,British,,,,,,api_error
2236,Joe Goode,American,Male,1937.0,,,,api_error
2238,Jon Goodman,American,Male,1953.0,,,,api_error
2239,Mark Goodman,American,Male,1946.0,,,,api_error
2240,Sidney Goodman,American,Male,1936.0,2013.0,,,api_error
2241,Sam Goodman,Canadian,Male,1919.0,1967.0,,,api_error
2242,Robert Goodnough,American,Male,1917.0,2010.0,,,api_error
2243,Walter Lippincott Goodwin,American,Male,,,,,api_error
2244,John Goodyear,American,Male,1930.0,,,,api_error
2245,Ron Gorchov,American,Male,1930.0,,,,api_error
2246,Bonnie Gordon,American,Female,1941.0,,,,api_error
2247,David Gordon,American,Male,1936.0,,,,api_error
2248,Harry Gordon,,Male,,,,,api_error
2249,Spencer Frederick Gore,British,Male,1878.0,1914.0,,,api_error
2250,Jean Gorin,French,Male,1899.0,1981.0,,,api_error
2251,Wiktor Górka,Polish,Male,1922.0,2004.0,,,api_error
2252,Arshile Gorky,American,Male,1904.0,1948.0,,,api_error
2253,Tom Gormley,American,Male,1937.0,,,,api_error
2254,April Gornik,American,Female,1953.0,,,,api_error
2255,Fritz Goro,American,Male,1901.0,1986.0,,,api_error
2256,Goro Ike,Japanese,Male,1911.0,,,,api_error
2257,Mieczysław Górowski,Polish,Male,1941.0,2011.0,,,api_error
2258,François Gos,French,Male,1880.0,,,,api_error
2259,Eberhard Göschel,German,Male,1943.0,,,,api_error
2260,John Gossage,American,Male,1946.0,,,,api_error
2261,W. T. Gossard,American,,,,,,api_error
2262,Sylvia Gosse,British,Female,1881.0,1968.0,,,api_error
2263,Zbigniew Gostomski,Polish,Male,1932.0,,,,api_error
2264,Werner Gothein,German,Male,1890.0,1968.0,,,api_error
2265,Joseph Goto,American,Male,1916.0,1994.0,,,api_error
2266,Friedrich Karl Gotsch,German,Male,1900.0,1984.0,,,api_error
2267,Hans Gött,German,Male,1883.0,1974.0,,,api_error
2268,Adolph Gottlieb,American,Male,1903.0,1974.0,,,api_error
2269,Harry Gottlieb,American,Male,1894.0,1992.0,,,api_error
2270,Robert P. Gottlieb,American,Male,1921.0,1977.0,,,api_error
2271,Gottlob,French,Male,1873.0,1935.0,,,api_error
2272,Enguérrand Gourgue,Haitian,Male,1930.0,1996.0,,,api_error
2273,Emmet Gowin,American,Male,1941.0,,,,api_error
2274,Francisco de Goya,Spanish,Male,1746.0,1828.0,,,api_error
2275,Roy Grace,American,Male,1936.0,,,,api_error
2276,Werner Graeff,German,Male,1901.0,1978.0,,,api_error
2277,Camille Graeser,Swiss,Male,1892.0,1980.0,,,api_error
2278,Carl Bernhard Graf,Swiss,Male,1926.0,1968.0,,,api_error
2279,Gottfried Graf,German,Male,1881.0,1938.0,,,api_error
2280,Samuel Gragg,American,Male,1772.0,1855.0,,,api_error
2281,Dan Graham,American,Male,1942.0,,,,api_error
2282,David Marshall Graham,American,Male,1952.0,,,,api_error
2284,John D. Graham,American,Male,1881.0,1961.0,,,api_error
2285,Lanier Graham,American,,1940.0,,,,api_error
2286,Paul Graham,British,Male,1956.0,,,,api_error
2287,Robert Graham,American,Male,1938.0,2008.0,,,api_error
2288,Walter Gramatté,German,Male,1897.0,1929.0,,,api_error
2289,Carlos Granada,Colombian,Male,1933.0,2015.0,,,api_error
2290,Toni Grand,French,Male,1935.0,2005.0,,,api_error
2291,Eugene Fernandez Granell,Spanish,Male,1912.0,2001.0,,,api_error
2292,Martus Granirer,American,Male,1933.0,,,,api_error
2294,Duncan Grant,British,Male,1885.0,1978.0,,,api_error
2296,Graphicteam BDG,German,,,,,,api_error
2297,Grapus,French,,1970.0,1991.0,,,api_error
2298,James Bruce Grashow,American,Male,1942.0,,,,api_error
2300,Günter Grass,German,Male,,,,,api_error
2301,Eugène Grasset,French,Male,1841.0,1917.0,,,api_error
2303,Gotthard Graubner,German,Male,1930.0,2013.0,,,api_error
2304,Gerardus Hendrik (Geert) Grauss,Dutch,Male,1882.0,1929.0,,,api_error
2305,Hein Gravenhorst,German,Male,,,,,api_error
2306,A. Graves & Cie.,French,,,,,,api_error
2307,Ken Graves,American,Male,1942.0,,,,api_error
2308,Michael Graves,American,Male,1934.0,2015.0,,,api_error
2309,Morris Graves,American,Male,1910.0,2001.0,,,api_error
2310,Nancy Graves,American,Female,1940.0,1995.0,,,api_error
2311,Wayne Gravning,American,Male,1935.0,,,,api_error
2312,Cleve Gray,American,Male,1918.0,2004.0,,,api_error
2313,Eileen Gray,British,Female,1879.0,1976.0,,,api_error
2314,Larry Gray,American,Male,1944.0,,,,api_error
2315,Ed Grazda,American,Male,1947.0,,,,api_error
2316,Sante Graziani,American,Male,1920.0,,,,api_error
2318,Green,American,,,,,,api_error
2319,Alan Green,British,Male,1932.0,,,,api_error
2320,Randall Green,American,Male,1947.0,,,,api_error
2321,Balcomb Greene,American,Male,1904.0,1990.0,,,api_error
2322,Gertrude Greene,American,Female,1904.0,1956.0,,,api_error
2323,John B. Greene,American,Male,1832.0,1856.0,,,api_error
2324,Stephen Greene,American,Male,1918.0,1999.0,,,api_error
2325,Timothy Greenfield-Sanders,American,Male,1952.0,,,,api_error
2326,B. Colin Greenly,American,Male,1928.0,,,,api_error
2327,Caroline Greenwald,American,Female,1936.0,,,,api_error
2328,Vittorio Gregotti,Italian,Male,1927.0,,,,api_error
2329,Farrell Grehan,American,Male,,,,,api_error
2330,April Greiman,American,Female,1948.0,,,,api_error
2332,Georg Gresko,German,Male,,,,,api_error
2333,Robert Gretczko,American,Male,1944.0,,,,api_error
2334,Hermann Gretsch,German,Male,1895.0,1950.0,,,api_error
2335,Otto L. Grever,American,Male,1878.0,1936.0,,,api_error
2336,Ezio Gribaudo,Italian,Male,,,,,api_error
2337,Helmut A. P. Grieshaber,German,Male,1909.0,1981.0,,,api_error
2338,Fuller Griffith,American,Male,1930.0,2013.0,,,api_error
2339,John Griffiths,British,Male,,,,,api_error
2340,Franco Grignani,Italian,Male,1908.0,1999.0,,,api_error
2341,Marcos Grigorian,Iranian,Male,1924.0,2007.0,,,api_error
2343,William Grigsby,American,Male,1915.0,,,,api_error
2344,John Grillo,American,Male,1917.0,,,,api_error
2345,Frieder Grindler,German,Male,1941.0,,,,api_error
2346,Dimitri Grinevich,Russian,Male,1895.0,1966.0,,,api_error
2347,Peter Grippe,American,Male,1912.0,2002.0,,,api_error
2348,Salvatore Grippi,American,Male,1921.0,,,,api_error
2349,Juan Gris,Spanish,Male,1887.0,1927.0,,,api_error
2350,Laura Grisi,Italian,Female,1939.0,,,,api_error
2352,Alexis Gritchenko,Russian,Male,1883.0,1977.0,,,api_error
2353,Nikolai Gritsouk,Russian,Male,1922.0,1976.0,,,api_error
2354,René Groebli,Swiss,Male,1927.0,,,,api_error
2355,Glenn Grohe,American,Male,1912.0,1956.0,,,api_error
2356,Marcel Gromaire,French,Male,1892.0,1971.0,,,api_error
2357,Red Grooms,American,Male,1937.0,,,,api_error
2358,Jan Groover,American,Female,1943.0,2012.0,,,api_error
2359,Walter Gropius,German,Male,1883.0,1969.0,,,api_error
2360,William Gropper,American,Male,1897.0,1977.0,,,api_error
2361,Maurice Grosman,American,Male,1900.0,1976.0,,,api_error
2362,Anthony Gross,British,Male,1905.0,1984.0,,,api_error
2363,Arnold Gross,Hungarian,Male,1929.0,,,,api_error
2364,Chaim Gross,American,Male,1904.0,1991.0,,,api_error
2365,Michael Gross,Israeli,Male,1920.0,2004.0,,,api_error
2366,Richard Gross,Canadian,Male,1943.0,,,,api_error
2367,J. L. Grosse,American,,,,,,api_error
2368,Maurice Grosser,American,Male,1903.0,1986.0,,,api_error
2369,Grosset & Trembley,Swiss,,,,,,api_error
2370,André Grossman,German,Male,,,,,api_error
2371,Sid Grossman,American,Male,1913.0,1955.0,,,api_error
2372,Rudolf Grossmann,German,Male,1882.0,1941.0,,,api_error
2373,Robert Grosvenor,American,Male,1937.0,,,,api_error
2374,George Grosz,American,Male,1893.0,1959.0,,,api_error
2375,Jan Groth,Norwegian,Male,1938.0,,,,api_error
2376,Paul Grotz,American,Male,1902.0,1990.0,,,api_error
2377,Gruppo N,,,1959.0,1964.0,,,api_error
2378,Beatrice Grover,American,,1901.0,1994.0,,,api_error
2379,Ronald L. Grow,Nationality unknown,Male,,,,,api_error
2381,Bedrich Grunzweig,American,Male,1944.0,2009.0,,,api_error
2382,Gruppo Architetti Urbanisti Città Nuova,Italian,,1961.0,1991.0,,,api_error
2383,Gryte,Nationality unknown,,,,,,api_error
2384,Carlo Guarienti,Italian,Male,1923.0,,,,api_error
2385,Nancy Guay Giesberger,American,Female,1945.0,,,,api_error
2387,Klaas Gubbels,Dutch,Male,,,,,api_error
2388,Max Gubler,Swiss,Male,1898.0,1973.0,,,api_error
2389,Piero Guccione,Italian,Male,,,,,api_error
2390,Wayne Gudmundson,American,Male,1949.0,,,,api_error
2391,Svavar Gudnason,Icelandic,Male,1909.0,1988.0,,,api_error
2392,Hermano José Guedes,Brazilian,Male,,,,,api_error
2394,Jesús Guerrero Galvan,Mexican,Male,1910.0,1973.0,,,api_error
2395,José Guerrero,American,Male,1914.0,1991.0,,,api_error
2396,Xavier Guerrero,Mexican,Male,1896.0,1974.0,,,api_error
2397,Giuseppe Guerreschi,Italian,Male,1929.0,1985.0,,,api_error
2398,Hans Gugelot,German,Male,1920.0,1965.0,,,api_error
2399,Maurice Guibert,French,Male,1856.0,1913.0,,,api_error
2400,Alfredo Guido,Argentine,Male,1892.0,1967.0,,,api_error
2401,Alberto da Veiga Guignard,Brazilian,Male,1895.0,1962.0,,,api_error
2402,Lurelle Guild,American,Male,1898.0,1986.0,,,api_error
2404,Albert Guillaume,French,Male,1873.0,1942.0,,,api_error
2407,Hector Guimard,French,Male,1867.0,1942.0,,,api_error
2409,Michel Guino,French,Male,1926.0,2013.0,,,api_error
2410,Paolo Guiotto,Italian,Male,1935.0,,,,api_error
2411,Satish Gujral,Indian,Male,1925.0,,,,api_error
2413,Yakov Guminer,Russian,Male,1896.0,1942.0,,,api_error
2414,Jules Guran,Nationality unknown,Male,,,,,api_error
2415,Melissa Gurdus,American,Female,,,,,api_error
2416,J. Gurney,American,Male,1812.0,1886.0,,,api_error
2419,Philip Guston,American,Male,1913.0,1980.0,,,api_error
2420,F. Gutekunst,American,Male,1831.0,1917.0,,,api_error
2422,John Gutmann,American,Male,1905.0,1998.0,,,api_error
2423,Renato Guttuso,Italian,Male,1912.0,1987.0,,,api_error
2424,Charles Gwathmey,American,Male,1938.0,2009.0,,,api_error
2425,Robert Gwathmey,American,Male,1903.0,1988.0,,,api_error
2426,Luke Gwilliam,American,Male,,,,,api_error
2427,Brion Gysin,American,Male,1916.0,1986.0,,,api_error
2428,H.V.,Spanish,,,,,,api_error
2429,Hans Haacke,German,Male,1936.0,,,,api_error
2430,Kenneth D. Haak,American,Male,1923.0,,,,api_error
2431,Ernst Haas,American,Male,1921.0,1986.0,,,api_error
2432,Hildegarde Haas,American,Female,1926.0,2002.0,,,api_error
2433,Richard Haas,American,Male,1936.0,,,,api_error
2434,Volkmar Haase,German,Male,,,,,api_error
2435,Terry Haass,French,Female,1923.0,2016.0,,,api_error
2436,Sandra Haber,American,Female,1956.0,,,,api_error
2437,Reinhold Häcker,Swiss,Male,1903.0,1976.0,,,api_error
2439,Dimitri Hadzi,American,Male,1921.0,2006.0,,,api_error
2440,R. L. Haeberle,Nationality unknown,,1941.0,,,,api_error
2441,Oswald Haerdtl,Austrian,Male,1899.0,1959.0,,,api_error
2442,Günter Haese,German,Male,1924.0,,,,api_error
2443,M. Hafelmaier,Swiss,,,,,,api_error
2444,Michael Hafftka,American,Male,1953.0,,,,api_error
2445,Hideo Haga,Japanese,Male,1921.0,,,,api_error
2446,Otto Hagel,American,Male,1909.0,1974.0,,,api_error
2447,Charles Hagen,American,Male,1942.0,,,,api_error
2448,Karl Hagenauer,Austrian,Male,1898.0,1956.0,,,api_error
2449,Hideoki Hagiwara,Japanese,Male,1942.0,,,,api_error
2450,Hagiwara Hideo,Japanese,Male,1913.0,2007.0,,,api_error
2451,Raoul Hague,American,Male,1905.0,1993.0,,,api_error
2452,Betty Hahn,American,Female,1940.0,,,,api_error
2453,Johann Hahn,German,Male,1840.0,1900.0,,,api_error
2454,C. Haimovitz,American,,,,,,api_error
2455,Raymond Hains,French,Male,1926.0,2005.0,,,api_error
2456,Étienne Hajdu,French,Male,1907.0,1996.0,,,api_error
2457,Otto Herbert Hajek,German,Male,1927.0,2005.0,,,api_error
2458,Heinz Hajek-Halke,German,Male,1898.0,1983.0,,,api_error
2459,Peter Hajnoczky,Swiss,Male,1943.0,,,,api_error
2460,George H. Hake,American,Male,,,,,api_error
2461,Alice Halicka,Polish,Female,1895.0,1975.0,,,api_error
2462,Bob Hall,American,Male,1951.0,,,,api_error
2464,Marshall Hall,American,Male,,,,,api_error
2465,Nigel Hall,British,Male,1943.0,,,,api_error
2466,Hermann Haller,Swiss,Male,1880.0,1950.0,,,api_error
2467,Peter Halley,American,Male,1953.0,,,,api_error
2468,Gary L. Hallman,American,Male,1940.0,,,,api_error
2469,Samuel Halpert,American,Male,1884.0,1930.0,,,api_error
2470,Philippe Halsman,American,Male,1906.0,1979.0,,,api_error
2471,Chimei Hamada,Japanese,Male,1917.0,,,,api_error
2472,Yozo Hamaguchi,Japanese,Male,1909.0,2000.0,,,api_error
2473,Katsunori Hamanishi,Japanese,Male,1949.0,,,,api_error
2475,Hiroshi Hamaya,Japanese,Male,1915.0,1999.0,,,api_error
2476,Theora Hamblett,American,Female,1895.0,1977.0,,,api_error
2477,Jörg Hamburger,Swiss,Male,1935.0,,,,api_error
2478,Peter Hamburger,American,Male,1941.0,,,,api_error
2480,James Hamilton,American,Male,1928.0,,,,api_error
2481,Richard Hamilton,British,Male,1922.0,2011.0,,,api_error
2482,Hans Hammarskiold,Swedish,Male,1925.0,2012.0,,,api_error
2483,Sid Hammer,American,Male,1926.0,1969.0,,,api_error
2485,John Hays Hammond,American,Male,1888.0,1965.0,,,api_error
2486,David Hammons,American,Male,1943.0,,,,api_error
2487,Harry Handler,American,Male,,,,,api_error
2488,Abraham P. Hankins,American,Male,1904.0,1963.0,,,api_error
2489,Wolfgang Hanns,German,Male,,,,,api_error
2490,Aage Helbig Hansen,Danish,Male,1915.0,,,,api_error
2491,Robert Hansen,American,Male,1924.0,2013.0,,,api_error
2492,Bill Hanson,American,Male,1928.0,,,,api_error
2493,David T. Hanson,American,Male,1948.0,,,,api_error
2494,Joseph Mellor Hanson,British,Male,1900.0,1963.0,,,api_error
2495,Simon Hantaï,Hungarian,Male,1922.0,2008.0,,,api_error
2496,Michio Hanyu,Japanese,Male,1933.0,,,,api_error
2497,Charles Harbutt,American,Male,1935.0,2015.0,,,api_error
2498,Marvin Harden,American,Male,1935.0,,,,api_error
2499,Elizabeth Harding,Nationality unknown,Female,,,,,api_error
2500,John Harding,American,Male,1940.0,,,,api_error
2501,Robert Hardmeyer,Swiss,Male,1876.0,1919.0,,,api_error
2502,Dudley Hardy,British,Male,1867.0,1922.0,,,api_error
2503,Chauncey Hare,American,Male,1934.0,,,,api_error
2504,David Hare,American,Male,1917.0,1992.0,,,api_error
2505,Keith Haring,American,Male,1958.0,1990.0,,,api_error
2507,Richard Harlfinger,Austrian,Male,1873.0,1948.0,,,api_error
2508,Guy Harloff,French,Male,1933.0,1991.0,,,api_error
2509,Irving Harper,American,Male,1916.0,2015.0,,,api_error
2510,Richard Harrington,Canadian,Male,1911.0,2005.0,,,api_error
2511,Alexander E. Harris,American,Male,1949.0,,,,api_error
2512,Kate Harris,British,Female,,,,,api_error
2513,L. Harris,,,,,,,api_error
2514,Margaret Harris,American,Female,,,,,api_error
2515,Paul Harris,American,Male,1925.0,,,,api_error
2516,Anthony Harrison,British,Male,,,,,api_error
2517,Alfred A. Hart,American,Male,1816.0,1908.0,,,api_error
2518,Claudia Hart,American,Female,1955.0,,,,api_error
2519,"George Overbury (""Pop"") Hart",American,Male,1868.0,1933.0,,,api_error
2520,Grace Hartigan,American,Female,1922.0,2008.0,,,api_error
2521,Marsden Hartley,American,Male,1877.0,1943.0,,,api_error
2522,Cedric Hartman,American,Male,1929.0,,,,api_error
2523,Rosella Hartman,Nationality unknown,Female,1894.0,1984.0,,,api_error
2524,Erich Hartmann,American,Male,1922.0,1999.0,,,api_error
2525,Hans Hartung,French,Male,1904.0,1989.0,,,api_error
2526,Josef Hartwig,German,Male,1880.0,1955.0,,,api_error
2527,J.D.H. Harvey,British,,,,,,api_error
2529,Kiyoshi Hasegawa,Japanese,Male,1891.0,1980.0,,,api_error
2530,Hasegawa Sabro,Japanese,Male,1907.0,1957.0,,,api_error
2531,Jan Hashey,American,Female,1938.0,,,,api_error
2532,Childe Hassam,American,Male,1859.0,1935.0,,,api_error
2533,Rafael Hastings,Peruvian,Male,1945.0,,,,api_error
2534,Hasui,Japanese,Male,1883.0,1957.0,,,api_error
2535,Makio Hasuike,Japanese,Male,1938.0,,,,api_error
2536,Peter Hatch,British,Male,,,,,api_error
2537,Hatsuo Ikeuchi,Japanese,Male,,,,,api_error
2538,Shigeru Hatsuyama,Japanese,Male,1897.0,1973.0,,,api_error
2539,Pierre Haubensak,Swiss,Male,1935.0,,,,api_error
2540,Declan Haun,American,Male,,,,,api_error
2541,Suzanne Hausammann,American,Female,1937.0,,,,api_error
2542,Johann Hauser,Czech,Male,1926.0,,,,api_error
2543,Carry (Carl Maria) Hauser,Austrian,Female,1895.0,1985.0,,,api_error
2544,Raoul Hausmann,German,Male,1886.0,1971.0,,,api_error
2545,Paul Haustein,German,Male,1880.0,1944.0,,,api_error
2546,Ashley Havinden,British,Male,1903.0,1973.0,,,api_error
2547,"Clementina, Lady Hawarden",British,Female,1822.0,1865.0,,,api_error
2549,Markus Hawlik,German,Male,1951.0,,,,api_error
2550,E. Hawthorne,British,,,,,,api_error
2551,Kirsten Hawthorne,American,Female,1949.0,,,,api_error
2552,Alex Hay,American,Male,1930.0,,,,api_error
2553,Yoshio Hayakawa,Japanese,Male,1917.0,,,,api_error
2554,Henri Hayden,French,Male,1883.0,1970.0,,,api_error
2555,David V. Hayes,American,Male,1931.0,,,,api_error
2556,Louis Hayet,Nationality unknown,Male,1864.0,1940.0,,,api_error
2557,Frank Jay Haynes,American,Male,1853.0,1921.0,,,api_error
2558,Stanley William Hayter,British,Male,1901.0,1988.0,,,api_error
2559,Nicholas Ház,American,Male,1883.0,1953.0,,,api_error
2560,Frank Hazenplug,American,Male,1874.0,1931.0,,,api_error
2561,Howard Head,American,Male,1914.0,1991.0,,,api_error
2562,Jack Heaney,American,Male,,,,,api_error
2563,Dennis Hearne,American,Male,1947.0,,,,api_error
2564,Dave Heath,American,Male,1931.0,,,,api_error
2565,Edith Heath,American,Female,1911.0,2005.0,,,api_error
2566,Milton Elting Hebald,American,Male,1917.0,,,,api_error
2567,Caroline Hebbe-Hammarskiold,Swedish,Female,1930.0,,,,api_error
2568,Josef Hecht,Polish,Male,,,,,api_error
2569,Erich Heckel,German,Male,1883.0,1970.0,,,api_error
2570,Wally Hedrick,American,Male,1928.0,2003.0,,,api_error
2571,Jon Hedu,American,Male,1914.0,1995.0,,,api_error
2572,Willy Heeks,American,Male,1951.0,,,,api_error
2573,Henry Heerup,Danish,Male,1905.0,1993.0,,,api_error
2574,Maria Hees,Dutch,Female,1948.0,,,,api_error
2575,Bernhard Heiliger,German,Male,1915.0,1995.0,,,api_error
2576,Michael Heindorff,German,Male,,,,,api_error
2577,Thomas Theodor Heine,German,Male,1867.0,1948.0,,,api_error
2578,Robert Heinecken,American,Male,1931.0,2006.0,,,api_error
2580,Michael Heizer,American,Male,1944.0,,,,api_error
2581,John Hejduk,American,Male,1929.0,2000.0,,,api_error
2582,Walter Helbig,German,Male,1878.0,1968.0,,,api_error
2583,Al Held,American,Male,1928.0,2005.0,,,api_error
2584,Riva Helfond,American,Female,1910.0,2002.0,,,api_error
2586,Jean Hélion,French,Male,1904.0,1987.0,,,api_error
2587,Nancy Hellebrand,American,Female,1944.0,,,,api_error
2589,"J.A. Henckels, Solingen, Germany",,,1731.0,,,,api_error
2590,Alexander Henderson,Canadian,Male,1831.0,1913.0,,,api_error
2591,Geoffrey Hendricks,American,Male,1931.0,,,,api_error
2593,Fritz Henle,American,Male,1909.0,1993.0,,,api_error
2594,Jan Henle,American,Male,1948.0,,,,api_error
2595,Florence Henri,Swiss,Female,1893.0,1982.0,,,api_error
2596,Frederick H. K. Henrion,British,Male,1914.0,1990.0,,,api_error
2597,Bill Henry,American,Male,,,,,api_error
2598,"Henry Disston & Sons, Inc.",American,,1840.0,,,,api_error
2599,William E. Hentschel,American,Male,1892.0,1962.0,,,api_error
2600,Barbara Hepworth,British,Female,1903.0,1975.0,,,api_error
2601,Henri (Paul Herrmann) Héran,German,Male,1864.0,1940.0,,,api_error
2602,Auguste Herbin,French,Male,1882.0,1960.0,,,api_error
2603,Arsène Herbinier,French,,,,,,api_error
2607,Albin J. Herek,American,Male,,,,,api_error
2608,Hanns Herkendell,German,Male,,,,,api_error
2609,Erik Herløw,Danish,Male,1913.0,1991.0,,,api_error
2612,Anthony Hernandez,American,Male,1947.0,,,,api_error
2613,Joan Hernández Pijuan,Spanish,Male,1931.0,2005.0,,,api_error
2614,Helena Hernmarck,Swedish,Female,1941.0,,,,api_error
2615,Georg Herold,German,Male,1947.0,,,,api_error
2616,Jacques Hérold,Romanian,Male,1910.0,1991.0,,,api_error
2617,Patrick Heron,British,Male,,,,,api_error
2620,Marcia Herscovitz,American,Female,1945.0,,,,api_error
2621,Albert Herter,American,Male,1871.0,1950.0,,,api_error
2623,Eva Hesse,American,Female,1936.0,1970.0,,,api_error
2624,Robert Joseph Hettel,American,Male,,,,,api_error
2625,Raymonde Heudebert,French,Male,1905.0,1991.0,,,api_error
2626,Wout van Heusden,Dutch,Male,,,,,api_error
2627,Anton Heyboer,Dutch,Male,1924.0,,,,api_error
2628,Ken Heyman,American,Male,1930.0,,,,api_error
2629,Antonin Heythum,American,Male,1901.0,1954.0,,,api_error
2630,Hibner,Polish,,,,,,api_error
2631,Sheila Hicks,American,Female,1934.0,,,,api_error
2632,Nankoku Hidai,Japanese,Male,1912.0,1999.0,,,api_error
2633,Hideshima Yukio,Japanese,Male,,,,,api_error
2634,Kenneth Hiebert,American,Male,1930.0,,,,api_error
2635,Higa Yoshiharu,Japanese,Male,1938.0,,,,api_error
2636,Chester Higgins Jr.,American,Male,1946.0,,,,api_error
2637,Dick Higgins,American,Male,1938.0,1998.0,,,api_error
2638,Edward Higgins,American,Male,1930.0,,,,api_error
2641,Ernest C. Higgins,American,Male,1915.0,,,,api_error
2642,Jene Highstein,American,Male,1942.0,,,,api_error
2643,Susumu Higuchi,Japanese,Male,,,,,api_error
2644,Rowland Hilder,British,Male,1905.0,,,,api_error
2645,Hilaire Hiler,American,Male,1898.0,1966.0,,,api_error
2646,Charles Christopher Hill,American,Male,1948.0,,,,api_error
2647,Clinton Hill,American,Male,1922.0,,,,api_error
2648,David Octavius Hill,British,Male,1802.0,1870.0,,,api_error
2649,Vernon Hill,British,Male,1886.0,1971.0,,,api_error
2650,Hille,Nationality unknown,,,,,,api_error
2651,John Hillers,American,Male,1843.0,1925.0,,,api_error
2652,Tristram Hillier,British,Male,1905.0,1983.0,,,api_error
2653,Hans Hillmann,German,Male,1925.0,,,,api_error
2654,Fannie Hillsmith,American,Female,1911.0,2007.0,,,api_error
2655,Hans Himbert,Swedish,Male,1951.0,,,,api_error
2656,Harvey Himelfarb,American,Male,1941.0,,,,api_error
2657,Lewis W. Hine,American,Male,1874.0,1940.0,,,api_error
2658,Charles Hinman,American,Male,1932.0,,,,api_error
2659,Kit Hinrichs,American,Male,1941.0,,,,api_error
2660,K. Hinterberger,German,,,,,,api_error
2661,Hans Hinterreiter,Swiss,Male,1902.0,1989.0,,,api_error
2662,Randal Richard Hinz,American,Male,1944.0,,,,api_error
2663,Philippe Hiquily,French,Male,1925.0,2013.0,,,api_error
2664,Key Hiraga,Japanese,Male,1936.0,2000.0,,,api_error
2665,Un'ichi Hiratsuka,Japanese,Male,1895.0,1997.0,,,api_error
2667,Joseph Hirsch,American,Male,1910.0,1981.0,,,api_error
2668,Stefan Hirsch,American,Male,1899.0,1964.0,,,api_error
2669,Ludwig Hirschfeld-Mack,German,Male,1893.0,1965.0,,,api_error
2670,Milton Hirschl,American,Male,1917.0,1999.0,,,api_error
2671,Morris Hirshfield,American,Male,1872.0,1946.0,,,api_error
2672,Terry Hirst,American,Male,1950.0,,,,api_error
2673,Franz Hitzler,German,Male,1946.0,,,,api_error
2674,Erik Hjorth,Danish,Male,1906.0,1982.0,,,api_error
2675,Hannah Höch,German,Female,1889.0,1978.0,,,api_error
2676,Rick McKee Hock,American,Male,1949.0,2015.0,,,api_error
2677,Antonius Höckelman,German,Male,1937.0,2000.0,,,api_error
2678,David Hockney,British,Male,1937.0,,,,api_error
2679,Howard Hodgkin,British,Male,1932.0,,,,api_error
2681,Ferdinand Hodler,Swiss,Male,1853.0,1918.0,,,api_error
2682,Gerhard Hoehme,German,Male,,,,,api_error
2683,Fred J. Hoertz,Nationality unknown,Male,,,,,api_error
2684,Beth Van Hoesen,American,Female,1926.0,2010.0,,,api_error
2685,Paul van Hoeydonck,Belgian,Male,1925.0,,,,api_error
2686,Karl Hofer,German,Male,1878.0,1955.0,,,api_error
2687,Charles Hoff,American,Male,1905.0,1970.0,,,api_error
2688,Arlene Hoffman,American,Female,1937.0,,,,api_error
2689,Bernard Hoffman,American,Male,1913.0,1979.0,,,api_error
2690,Lee Hoffman,American,Male,1942.0,,,,api_error
2691,Lilly E. Hoffman,American,Female,,,,,api_error
2692,Phillip W. Hoffman,American,Male,1936.0,,,,api_error
2693,Wolf Hoffman,German,Male,,,,,api_error
2694,Josef Hoffmann,Austrian,Male,1870.0,1956.0,,,api_error
2695,Alfred Hofkunst,Swiss,Male,1942.0,2004.0,,,api_error
2696,Rudolf Hoflehner,Austrian,Male,1916.0,1995.0,,,api_error
2697,Armin Hofmann,Swiss,Male,1920.0,,,,api_error
2698,Hans Hofmann,American,Male,1880.0,1966.0,,,api_error
2699,Christopher Martin Hofstetter,Swiss,Male,1944.0,,,,api_error
2700,Ludwig Hohlwein,German,Male,1874.0,1949.0,,,api_error
2702,Steven Holl,American,Male,1947.0,,,,api_error
2703,Tom Holland,American,Male,1936.0,,,,api_error
2705,Hans Hollein,Austrian,Male,1934.0,2014.0,,,api_error
2706,Roger Hollenbeck,American,Male,,,,,api_error
2707,Gordon Holler,American,Male,1935.0,,,,api_error
2708,Torben Holmback,Danish,,1933.0,,,,api_error
2709,Frank Graham Holmes,American,Male,1878.0,1954.0,,,api_error
2710,William Henry Holmes,American,Male,,,,,api_error
2711,Robert Holmgren,American,Male,1946.0,,,,api_error
2712,Pieter Holstein,Dutch,Male,1934.0,,,,api_error
2713,Carl Holty,American,Male,1900.0,1973.0,,,api_error
2714,Jenny Holzer,American,Female,1950.0,,,,api_error
2715,Friedl Holzer-Kjellberg,Finnish,Male,1905.0,1993.0,,,api_error
2716,David Holzman,Nationality unknown,Male,1943.0,,,,api_error
2717,Lorenzo Homar,American,Male,1913.0,2004.0,,,api_error
2719,Gottfried Honegger,Swiss,Male,1917.0,2016.0,,,api_error
2720,Göran Hongell,Finnish,Male,1902.0,1973.0,,,api_error
2721,Ethelyn Honig,American,Female,1933.0,,,,api_error
2722,Dorothy Hood,American,Female,1918.0,2000.0,,,api_error
2723,John Hoover,American,Male,1919.0,,,,api_error
2724,Saara Hopea,Finnish,Female,1925.0,1984.0,,,api_error
2725,Charles Hopkinson,American,Male,1869.0,1962.0,,,api_error
2726,Edward Hopper,American,Male,1882.0,1967.0,,,api_error
2728,Barbara Horosko,American,Female,1950.0,,,,api_error
2729,Bruce Horowitz,American,Male,1949.0,,,,api_error
2730,Nathan George Horwitt,American,Male,1898.0,1990.0,,,api_error
2732,Philippe Hosiasson,French,Male,1898.0,1978.0,,,api_error
2733,Koyo Hosoi,Japanese,Male,,,,,api_error
2734,Hosoda Masayoshi,Japanese,Male,,,,,api_error
2735,Eikoh Hosoe,Japanese,Male,1933.0,,,,api_error
2736,Takeichi Hotta,Japanese,Male,,,,,api_error
2737,Gordon House,British,Male,,,,,api_error
2738,Keith Hovis,American,Male,,,,,api_error
2739,Coy Howard,American,Male,1943.0,,,,api_error
2740,Eloise Howard,American,Female,1889.0,1985.0,,,api_error
2741,Peter Howson,British,Male,1958.0,,,,api_error
2742,John Hoyland,British,Male,1934.0,2011.0,,,api_error
2743,Alfred Hrdlicka,Austrian,Male,1928.0,,,,api_error
2744,Hermann Huber,Swiss,Male,1888.0,1967.0,,,api_error
2745,Max Huber,Italian,Male,1919.0,1992.0,,,api_error
2746,Patriz Hüber,German,Male,1878.0,1902.0,,,api_error
2747,Robert Hudson,American,Male,1938.0,,,,api_error
2748,Richard Hudson,American,Male,,,,,api_error
2749,Douglas Huebler,American,Male,1924.0,1997.0,,,api_error
2751,Patrick Hughes,British,Male,,,,,api_error
2752,Ralph Hughes,American,Male,1923.0,,,,api_error
2753,Toni Hughes,American,Female,1907.0,,,,api_error
2755,Georges Hugnet,French,Male,1906.0,1974.0,,,api_error
2756,Ian (Hugh Guiler) Hugo,American,Male,1898.0,1985.0,,,api_error
2757,Jean Hugo,French,Male,1894.0,1984.0,,,api_error
2758,Valentine Hugo,French,Female,1890.0,1968.0,,,api_error
2759,Sipke Huismans,Dutch,Male,,,,,api_error
2760,Huller,Swiss,,,,,,api_error
2761,John Hultberg,American,Male,1922.0,2005.0,,,api_error
2763,Richard P. (Sandy) Hume,American,Male,1946.0,,,,api_error
2765,Ralph Humphrey,American,Male,1932.0,1990.0,,,api_error
2766,Hundertwasser (Friedrich Stowasser),Austrian,Male,1928.0,2000.0,,,api_error
2767,Bryan Hunt,American,Male,1947.0,,,,api_error
2768,"Edward C. (""Pa"") Hunt",American,Male,1870.0,1934.0,,,api_error
2769,Richard Hunt,American,Male,1935.0,,,,api_error
2770,John Hunter,American,Male,1934.0,,,,api_error
2771,Max Hunziker,Nationality unknown,Male,,,,,api_error
2772,Robert Huot,American,Male,1935.0,,,,api_error
2773,Dudley Huppler,American,Male,1917.0,1988.0,,,api_error
2774,Frank Hurley,Australian,Male,1885.0,1962.0,,,api_error
2775,Michael Hurson,American,Male,1941.0,,,,api_error
2776,Luchita Hurtado,Mexican,Female,1920.0,,,,api_error
2777,Gene Hurwitt,American,Male,1906.0,1988.0,,,api_error
2778,Sidney Jack Hurwitz,American,Male,,,,,api_error
2779,Dalla Husband,Canadian,Female,1899.0,1945.0,,,api_error
2780,Terry Husebye,American,Male,1945.0,,,,api_error
2781,Vilmos Huszár,Dutch,Male,1884.0,1960.0,,,api_error
2782,Peter Hutchinson,British,Male,1930.0,,,,api_error
2784,Paul Huxley,British,Male,1938.0,,,,api_error
2785,Garth Huxtable,American,Male,1911.0,1989.0,,,api_error
2786,Kyu-Baik Hwang,Korean,Male,1932.0,,,,api_error
2787,Lisa Hyatt,American,Female,1949.0,,,,api_error
2788,Philip Hyde,American,Male,1921.0,,,,api_error
2789,Scott Hyde,American,Male,1926.0,,,,api_error
2791,Henri-Gabriel Ibels,French,Male,1867.0,1936.0,,,api_error
2792,Arinori Ichihara,Japanese,Male,,,,,api_error
2793,Tetsuya Ichimura,Japanese,Male,1930.0,,,,api_error
2794,Paul Ickovic,American,Male,1944.0,,,,api_error
2795,Shoichi Ida,Japanese,Male,1941.0,2006.0,,,api_error
2796,Ide Sakiko,Japanese,Male,1927.0,,,,api_error
2797,Takenobu Igarashi,Japanese,Male,1944.0,,,,api_error
2798,Yoshiaki Iida,Japanese,Male,1947.0,,,,api_error
2799,Kyo Ikebe,Japanese,Male,,,,,api_error
2800,Ikeda Fumio (pen Name: Suijo),Japanese,Male,1912.0,,,,api_error
2801,Masuo Ikeda,Japanese,Male,1934.0,1997.0,,,api_error
2803,Ikko (Ikko Narahara),Japanese,Male,1931.0,,,,api_error
2804,Hisae Imai,Japanese,Female,1931.0,2009.0,,,api_error
2805,Toshimitsu Imai,Japanese,Male,1928.0,2002.0,,,api_error
2806,Birney Imes III,American,Male,1951.0,,,,api_error
2807,Jörg Immendorff,German,Male,1945.0,2007.0,,,api_error
2809,Akira Inada,Japanese,Male,1949.0,,,,api_error
2810,Inagaki Tomoo,Japanese,Male,1902.0,1980.0,,,api_error
2811,Gérald Incandela,French,Male,1952.0,,,,api_error
2812,Robert Indiana,American,Male,1928.0,,,,api_error
2813,Anthony Ingolia,American,Male,1921.0,,,,api_error
2814,Robert Ingram,Nationality unknown,Male,,,,,api_error
2815,Mark Innerst,American,Male,1957.0,,,,api_error
2816,Genichiro Inokuma,Japanese,Male,1902.0,1993.0,,,api_error
2817,Will Insley,American,Male,1929.0,2011.0,,,api_error
2820,Eugène Ionesco,French,Male,1909.0,1994.0,,,api_error
2821,Jean Ipoustéguy,French,Male,1920.0,2006.0,,,api_error
2822,Angelo Ippolito,American,Male,1922.0,2001.0,,,api_error
2823,David Ireland,American,Male,1930.0,,,,api_error
2824,Richard W. Ireland,American,Male,1925.0,,,,api_error
2825,Carlos Irizarry,American,Male,1938.0,,,,api_error
2826,Marcos Irizarry,American,Male,1936.0,1995.0,,,api_error
2828,Robert Irwin,American,Male,1928.0,,,,api_error
2829,Rolf Iseli,Swiss,Male,1934.0,,,,api_error
2830,Hortense B. Isenberg,American,Female,,,,,api_error
2831,Eric Isenburger,American,Male,1902.0,1994.0,,,api_error
2832,Sheila Isham,American,Female,1927.0,,,,api_error
2833,Shuji Ishii,Japanese,Male,,,,,api_error
2834,Yasuhiro Ishimoto,Japanese,Male,1921.0,2012.0,,,api_error
2835,Eiko Ishioka,Japanese,Female,1938.0,2012.0,,,api_error
2836,Yukihisa Isobe,Japanese,Male,1936.0,,,,api_error
2837,Arata Isozaki,Japanese,Male,1931.0,,,,api_error
2838,Marvin Israel,American,Male,1924.0,1984.0,,,api_error
2839,Robert Israel,American,Male,1939.0,,,,api_error
2840,Jozef Israels,Dutch,Male,1824.0,1911.0,,,api_error
2841,Junichi Itahashi,Japanese,Male,1942.0,,,,api_error
2842,Kenji Itoh,Japanese,Male,1915.0,,,,api_error
2843,Johannes Itten,Swiss,Male,1888.0,1967.0,,,api_error
2844,Graciela Iturbide,Mexican,Female,1943.0,,,,api_error
2845,Olja Ivanjicki,Yugoslav,Female,1931.0,2009.0,,,api_error
2846,Earl Iversen,American,Male,1943.0,,,,api_error
2847,Norman Ives,Nationality unknown,Male,1923.0,1978.0,,,api_error
2848,Koji Iwagami,Japanese,Male,1951.0,,,,api_error
2849,Reika Iwami,Japanese,Female,1927.0,,,,api_error
2850,Takeji Iwamiya,Japanese,Male,1920.0,,,,api_error
2851,Yoshiyuki Iwase,Japanese,Male,,,,,api_error
2852,Iyola,Canadian Inuit,Male,1933.0,2000.0,,,api_error
2853,Izis,French,Male,1911.0,1980.0,,,api_error
2854,Shigeru Izumi,Japanese,Male,1922.0,1995.0,,,api_error
2855,Christian Jaccard,French,Male,1939.0,,,,api_error
2856,Joseph Jachna,American,Male,1935.0,2016.0,,,api_error
2857,Bill Jacklin,British,Male,1943.0,,,,api_error
2858,Robert Jacks,Australian,Male,1943.0,,,,api_error
2859,Gerald Jackson,American,Male,1943.0,,,,api_error
2860,Jean Jackson,Nationality unknown,,,,,,api_error
2861,Martin Jackson,American,Male,1919.0,1986.0,,,api_error
2862,Oliver Jackson,American,Male,1935.0,,,,api_error
2863,William Henry Jackson,American,Male,1843.0,1942.0,,,api_error
2864,David Jacob,American,Male,1928.0,,,,api_error
2865,Max Jacob,French,Male,1876.0,1944.0,,,api_error
2866,Walter Jacob,German,Male,1893.0,1964.0,,,api_error
2867,Aldo Jacober,Italian,Male,1939.0,,,,api_error
2868,Lotte Jacobi,American,Female,1896.0,1990.0,,,api_error
2869,Arne Jacobsen,Danish,Male,1902.0,1971.0,,,api_error
2871,Alexandra Nikolaevna Jacobson,Russian,Female,,,,,api_error
2872,James J. Jacobson,American,Male,,,,,api_error
2873,J. Jacquelin,French,,,,,,api_error
2874,Alain Jacquet,French,Male,1939.0,2008.0,,,api_error
2875,Yvonne Jacquette,American,Female,1934.0,,,,api_error
2876,Willy Jaeckel,German,Male,1888.0,1944.0,,,api_error
2877,Bernhard Jaeger,German,Male,,,,,api_error
2878,N. Jay Jaffee,American,Male,1921.0,1999.0,,,api_error
2879,Shirley Jaffe,American,Female,1923.0,2016.0,,,api_error
2880,Christopher P. James,American,Male,1947.0,,,,api_error
2881,Marcel Janco,Israeli,Male,1895.0,1984.0,,,api_error
2882,Sidney Janis,American,Male,1896.0,1989.0,,,api_error
2883,Tony Jannetti,American,Male,1947.0,,,,api_error
2884,Alain Jans,French,Male,,,,,api_error
2885,Angela Jansen,American,Female,1929.0,,,,api_error
2886,Franz Maria Jansen,German,Male,1885.0,1958.0,,,api_error
2887,Horst Janssen,German,Male,1929.0,1995.0,,,api_error
2888,Richard Janthur,German,Male,1883.0,1956.0,,,api_error
2889,Rudolph Janu,American,Male,1934.0,,,,api_error
2890,Théophile Jaquen,French,Male,,,,,api_error
2891,Richards Jarden,American,Male,1947.0,,,,api_error
2892,Evandro Carlos Jardim,Brazilian,Male,,,,,api_error
2893,Alfred Jarry,French,Male,1873.0,1907.0,,,api_error
2894,James Jarvaise,American,Male,1925.0,,,,api_error
2895,Valerie Jaudon,American,Female,1945.0,,,,api_error
2896,Alexei Jawlensky,Russian,Male,1864.0,1941.0,,,api_error
2898,Marcel Jean,French,Male,1900.0,1993.0,,,api_error
2899,Pierre Jeanneret,Swiss,Male,1896.0,1967.0,,,api_error
2900,Jeff (Jeff Russell),American,Male,1942.0,,,,api_error
2901,Werner Jeker,Swiss,Male,1944.0,,,,api_error
2902,Paul Jenkins,American,Male,1923.0,2012.0,,,api_error
2903,Thomas Jenkins,American,Male,1953.0,2008.0,,,api_error
2904,Neil Jenney,American,Male,1945.0,,,,api_error
2905,Payne Jennings,British,,,,,,api_error
2906,Alfred Jensen,American,Male,1903.0,1981.0,,,api_error
2907,Bill Jensen,American,Male,1945.0,,,,api_error
2909,Jacob Jensen,Danish,Male,1926.0,2015.0,,,api_error
2911,Floris Jespers,Belgian,Male,1889.0,1965.0,,,api_error
2912,Oscar Jespers,Belgian,Male,1887.0,1970.0,,,api_error
2913,Jess,American,Male,1923.0,2004.0,,,api_error
2914,Luis Jimenez,American,Male,1940.0,2006.0,,,api_error
2915,Max Jiménez,Costa Rican,Male,1908.0,1949.0,,,api_error
2916,Edith Jimenez,Paraguayan,Female,1918.0,2004.0,,,api_error
2918,Carl H. Johansen III,American,,,,,,api_error
2919,Patricia Johanson,American,Female,1940.0,,,,api_error
2920,Augustus John,British,Male,1878.0,1961.0,,,api_error
2921,Gwen John,British,Female,1876.0,1939.0,,,api_error
2922,Jiri John,Czech,Male,1923.0,1972.0,,,api_error
2923,Jasper Johns,American,Male,1930.0,,,,api_error
2924,Clifton Johnson,American,Male,1865.0,1940.0,,,api_error
2925,Daniel LaRue Johnson,American,Male,1938.0,,,,api_error
2926,Lester F. Johnson,American,Male,1919.0,2010.0,,,api_error
2927,Philip Johnson,American,Male,1906.0,2005.0,,,api_error
2928,Ray Johnson,American,Male,1927.0,1995.0,,,api_error
2929,Ynez Johnston,American,Female,1920.0,,,,api_error
2930,Joan Jonas,American,Female,1936.0,,,,api_error
2931,Allen Jones,British,Male,1937.0,,,,api_error
2932,E. Powis Jones,American,Male,1919.0,,,,api_error
2933,Harold Jones,American,Male,1940.0,,,,api_error
2934,Joe Jones,American,Male,1934.0,1993.0,,,api_error
2935,John Paul Jones,American,Male,1924.0,1999.0,,,api_error
2936,Pirkle Jones,American,Male,1914.0,2009.0,,,api_error
2937,Robert Edmond Jones,American,Male,1887.0,1954.0,,,api_error
2938,Charles Jongejans,Dutch,Male,,,,,api_error
2939,Raymond Jonson,American,Male,1891.0,1982.0,,,api_error
2940,Sven Jonson,Swedish,Male,1902.0,1981.0,,,api_error
2941,Paul Joostens,Dutch,Male,1889.0,1960.0,,,api_error
2942,Raymond Jordan,American,Male,1895.0,,,,api_error
2943,Asger Jorn,Danish,Male,1914.0,1973.0,,,api_error
2944,Ken Josephson,American,Male,1932.0,,,,api_error
2945,Henri-Gustave Jossot,French,Male,1866.0,1951.0,,,api_error
2946,Bernard Joubert,French,Male,1946.0,,,,api_error
2947,Carl Jakob Jucker,Swiss,Male,1902.0,1997.0,,,api_error
2948,Donald Judd,American,Male,1928.0,1994.0,,,api_error
2949,Finn Juhl,Danish,Male,1912.0,1989.0,,,api_error
2950,Sven-Eric Juhlin,Swedish,Male,1940.0,,,,api_error
2951,Mervin Jules,American,Male,1912.0,1994.0,,,api_error
2952,Bishin Jumonji,Japanese,Male,1947.0,,,,api_error
2953,Dora Jung,Finnish,Female,1906.0,1980.0,,,api_error
2954,Theodor Jung,American,Male,1906.0,1996.0,,,api_error
2955,J. P. Junot,French,,,,,,api_error
2956,Joan Junyer,American,Male,1904.0,1994.0,,,api_error
2957,Robert Kabak,American,Male,1930.0,,,,api_error
2960,Reuben Kadish,American,Male,1913.0,,,,api_error
2961,Menashe Kadishman,Israeli,Male,1932.0,2015.0,,,api_error
2962,Kafemann,Nationality unknown,,,,,,api_error
2963,Frida Kahlo,Mexican,Female,1907.0,1954.0,,,api_error
2964,Louis I. Kahn,American,Male,1901.0,1974.0,,,api_error
2965,Max Kahn,American,Male,1902.0,2005.0,,,api_error
2966,Richard Kahn,American,Male,1947.0,,,,api_error
2967,Wolf Kahn,American,Male,1927.0,,,,api_error
2968,Jacob Kainen,American,Male,1909.0,2001.0,,,api_error
2969,Leopold von Kalckreuth,German,Male,1855.0,1928.0,,,api_error
2970,Viaceslav Kalinin,Russian,Male,1939.0,,,,api_error
2971,Horst-Egon Kalinowski,German,Male,1924.0,2013.0,,,api_error
2972,Simpson Kalisher,American,Male,1926.0,,,,api_error
2973,Richard Kalvar,American,Male,1944.0,,,,api_error
2974,Yusaku Kamekura,Japanese,Male,1915.0,1997.0,,,api_error
2975,Takahisa Kamijyo,Japanese,Male,1940.0,,,,api_error
2977,Gerome Kamrowski,American,Male,1914.0,2004.0,,,api_error
2978,Consuelo Kanaga,American,Female,1894.0,1978.0,,,api_error
2979,Kanamori Yoshio,Japanese,Male,1922.0,,,,api_error
2980,Eizi Kanbayashi,Japanese,Male,,,,,api_error
2981,Vasily Kandinsky,French,Male,1866.0,1944.0,,,api_error
2982,John Kane,American,Male,1860.0,1934.0,,,api_error
2983,Bob Kane,American,Male,1937.0,2013.0,,,api_error
2984,Matsumi Kanemitsu,American,Male,1922.0,1992.0,,,api_error
2985,Sam Kaner,American,Male,,,,,api_error
2986,Mitsuo Kano,Japanese,Male,1933.0,,,,api_error
2987,Alexander Kanoldt,German,Male,1881.0,1939.0,,,api_error
2988,Morris Kantor,American,Male,1896.0,1974.0,,,api_error
2989,Tim Kantor,American,Male,1932.0,,,,api_error
2990,Herbert W. Kapitzki,Nationality unknown,Male,,,,,api_error
2991,Anatoli Lvovich Kaplan,Russian,Male,1902.0,1980.0,,,api_error
2993,Jerome Kaplan,American,Male,1920.0,,,,api_error
2994,Peggy Jarrell Kaplan,American,Female,1943.0,,,,api_error
2995,Anish Kapoor,British,Male,1954.0,,,,api_error
2996,Susan Kaprov,American,Female,1946.0,,,,api_error
2997,Allan Kaprow,American,Male,1927.0,2006.0,,,api_error
2998,Janusz Kapusta,Polish,Male,1951.0,,,,api_error
2999,Erica Karawina,German,Female,1904.0,2003.0,,,api_error
3000,Dennis Kardon,American,Male,1950.0,,,,api_error
3001,Bernard Karfiol,American,Male,1886.0,1952.0,,,api_error
3002,"Karhula-Iitala, company design",Finnish,,,,,,api_error
3004,Wolf Karnagel,German,Male,1940.0,,,,api_error
3005,G. Karquel,French,,,,,,api_error
3006,Yousuf Karsh,Canadian,Male,1908.0,2002.0,,,api_error
3007,Kasai,Nationality unknown,,,,,,api_error
3008,Gertrude Käsebier,American,Female,1852.0,1934.0,,,api_error
3009,Pentti Kaskipuo,Finnish,Male,1930.0,,,,api_error
3010,Lajos Kassák,Hungarian,Male,1887.0,1967.0,,,api_error
3011,Barbara Kasten,American,Female,1936.0,,,,api_error
3012,Karl Kasten,American,Male,1916.0,2010.0,,,api_error
3013,William Katavolos,American,Male,1924.0,,,,api_error
3014,Eiichiro Katayama,Nationality unknown,,,,,,api_error
3015,Koji Kato,Japanese,Male,,,,,api_error
3016,Alex Katz,American,Male,1927.0,,,,api_error
3017,Joel Katz,Nationality unknown,Male,,,,,api_error
3018,Leo Katz,American,Male,1887.0,1982.0,,,api_error
3019,Herbert Katzman,American,Male,1923.0,2004.0,,,api_error
3020,E. McKnight Kauffer,American,Male,1890.0,1954.0,,,api_error
3021,Craig Kauffman,American,Male,1932.0,2010.0,,,api_error
3022,Donald  Kaufman,American,Male,1935.0,,,,api_error
3024,Pettus Kaufman,Nationality unknown,,,,,,api_error
3025,Willy Kaufmann,Swiss,Male,1932.0,,,,api_error
3026,Max Kaus,German,Male,1891.0,1977.0,,,api_error
3027,Kikuji Kawada,Japanese,Male,1933.0,,,,api_error
3028,Kawakami Sumio,Japanese,Male,1895.0,1972.0,,,api_error
3029,Kawanishi Hide,Japanese,Male,,,,,api_error
3030,On Kawara,Japanese,Male,1933.0,,,,api_error
3031,Takeshi Kawashima,Japanese,Male,1930.0,,,,api_error
3032,J. P. Kayser Sohn,German,,1814.0,,,,api_error
3033,Kayserzinn Workshop,German,,,,,,api_error
3034,Kazuko,Japanese,Female,1942.0,,,,api_error
3035,Jerry Kearns,American,Male,1943.0,,,,api_error
3037,Pat Keely,British,Male,,,,,api_error
3038,Kim Keever,American,Female,1950.0,,,,api_error
3039,Kein,American,,,,,,api_error
3041,Ernst Keller,Swiss,Male,1891.0,1968.0,,,api_error
3042,Henry George Keller,American,Male,1869.0,1949.0,,,api_error
3044,Douglas Kelley,American,Male,1928.0,,,,api_error
3045,Mike Kelley,American,Male,1954.0,2012.0,,,api_error
3046,Jean Kellogg,American,Female,1910.0,1995.0,,,api_error
3047,Daniel Kelly,American,Male,1947.0,,,,api_error
3048,Ellsworth Kelly,American,Male,1923.0,2015.0,,,api_error
3049,James Kelly,American,Male,1913.0,,,,api_error
3050,Leon Kelly,American,Male,1901.0,1982.0,,,api_error
3051,Richard Kelly,American,Male,1910.0,1977.0,,,api_error
3052,Sherman L. Kelly,American,Male,1869.0,1952.0,,,api_error
3053,Paul Kelpe,American,Male,1902.0,1985.0,,,api_error
3054,Richard Kemble,American,Male,1932.0,2007.0,,,api_error
3055,Zoltan Kemeny,Swiss,Male,1907.0,1965.0,,,api_error
3056,Roland Kempe,Swedish,Male,,,,,api_error
3057,William Sargent Kendall,American,Male,1869.0,1938.0,,,api_error
3058,Mel Kendrick,American,Male,1949.0,,,,api_error
3059,Isamu Kenmochi,Japanese,Male,1912.0,1971.0,,,api_error
3060,Clarence Kennedy,American,Male,1892.0,1972.0,,,api_error
3061,Gene Kennedy,American,Male,1946.0,,,,api_error
3062,Eric Henri Kennington,British,Male,1888.0,1960.0,,,api_error
3065,Rockwell Kent,American,Male,1882.0,1971.0,,,api_error
3066,Colleen Frances Kenyon,American,Female,1951.0,,,,api_error
3067,György Kepes,American,Male,1906.0,2001.0,,,api_error
3068,Juliet Kepes,American,Female,1919.0,1999.0,,,api_error
3069,G. Ray Kerciu,American,Male,1933.0,,,,api_error
3071,Eugène Nestor de Kermadec,French,Male,1899.0,1976.0,,,api_error
3072,André Kertész,American,Male,1894.0,1985.0,,,api_error
3073,Alan Kessler,American,Male,1945.0,,,,api_error
3074,Jon Kessler,American,Male,1957.0,,,,api_error
3075,Robert Glenn Ketchum,American,Male,1947.0,,,,api_error
3076,Mar Jean Kettunen,American,Female,1926.0,,,,api_error
3078,Bhupen P. Khakhar,Indian,Male,1934.0,2003.0,,,api_error
3079,Krishen Khanna,Indian,Male,1925.0,,,,api_error
3081,Henry Khudyakov,Russian,Male,1930.0,,,,api_error
3082,Kiawak Ashoona,Canadian,Male,1933.0,,,,api_error
3083,Michael Kidner,British,Male,1917.0,,,,api_error
3085,Hubert Kiecol,German,Male,1950.0,,,,api_error
3086,Anselm Kiefer,German,Male,1945.0,,,,api_error
3087,William Kienbusch,American,Male,1914.0,1980.0,,,api_error
3088,Edward Kienholz,American,Male,1927.0,1994.0,,,api_error
3090,Günther Kieser,German,Male,1930.0,,,,api_error
3091,Frederick Kiesler,American,Male,1890.0,1965.0,,,api_error
3092,Ken Kiff,British,Male,1935.0,2001.0,,,api_error
3093,Mokuma Kikuhata,Japanese,Male,1935.0,,,,api_error
3094,Chris Killip,British,Male,1946.0,,,,api_error
3095,Kenneth Kilstrom,American,Male,1922.0,1995.0,,,api_error
3096,Tchah-Sup Kim,Korean,Male,1942.0,,,,api_error
3097,Ihei Kimura,Japanese,Male,1901.0,1974.0,,,api_error
3098,Kosuke Kimura,Japanese,Male,1936.0,,,,api_error
3099,Risaburo Kimura,Japanese,Male,1924.0,,,,api_error
3100,Shigeru Kimura,Japanese,Male,,,,,api_error
3101,David Kindersley,British,Male,1915.0,,,,api_error
3102,Bruce Anthony King,Canadian,Male,1934.0,,,,api_error
3104,Phillip King,British,Male,1934.0,,,,api_error
3105,W. B. King,American,,1880.0,1927.0,,,api_error
3106,Dong Kingman,American,Male,1911.0,2000.0,,,api_error
3107,Hazel Kingsbury,American,Female,1907.0,1982.0,,,api_error
3108,Jonah Kinigstein,American,Male,1923.0,,,,api_error
3109,Tomio Kinoshita,Japanese,Male,1923.0,2014.0,,,api_error
3110,Darius Kinsey,American,Male,1869.0,1945.0,,,api_error
3111,Martin Kippenberger,German,Male,1953.0,1997.0,,,api_error
3112,Yasuhiro Kira,Japanese,Male,1947.0,,,,api_error
3113,Michael Kirby,American,Male,1931.0,,,,api_error
3114,Guenther C. Kirchberger,German,Male,1928.0,,,,api_error
3115,Ernst Ludwig Kirchner,German,Male,1880.0,1938.0,,,api_error
3116,Alain Kirili,French,Male,1946.0,,,,api_error
3117,Eve Kirk,British,Female,1900.0,1969.0,,,api_error
3118,Per Kirkeby,Danish,Male,1938.0,,,,api_error
3119,Toshiyuki Kita,Japanese,Male,1942.0,,,,api_error
3120,Shozo Kitadai,Japanese,Male,1921.0,2001.0,,,api_error
3121,R. B. Kitaj,American,Male,1932.0,2007.0,,,api_error
3122,Fumio Kitaoka,Japanese,Male,1918.0,2007.0,,,api_error
3123,Poul Kjærholm,Danish,Male,1929.0,1980.0,,,api_error
3124,Jóhannes Sveinsson Kjarval,Icelandic,Male,1885.0,1972.0,,,api_error
3125,Charles Klabunde,American,Male,1934.0,,,,api_error
3126,Konrad Klapheck,German,Male,,,,,api_error
3127,Klara,British,,,,,,api_error
3128,Gabi Klasmer,Israeli,Female,1950.0,,,,api_error
3129,Felix Klee,German,Male,1907.0,1990.0,,,api_error
3130,Paul Klee,German,Male,1879.0,1940.0,,,api_error
3131,Ron Kleemann,American,Male,1937.0,2014.0,,,api_error
3132,Allen Klein,American,Male,1938.0,,,,api_error
3133,Cesar Klein,German,Male,1876.0,1954.0,,,api_error
3134,David Klein,American,Male,1918.0,2005.0,,,api_error
3135,Irwin B. Klein,American,Male,1933.0,1974.0,,,api_error
3136,William Klein,American,Male,1928.0,,,,api_error
3137,Yves Klein,French,Male,1928.0,1962.0,,,api_error
3138,Richard Kleinberg,American,Male,1949.0,,,,api_error
3139,Lea Kleiner,Chilean,Female,1929.0,,,,api_error
3140,Paul Kleinschmidt,German,Male,1883.0,1949.0,,,api_error
3141,Vera Klement,American,Female,,,,,api_error
3142,Werner Klemke,German,Male,1917.0,,,,api_error
3143,Walther Klemm,German,Male,1883.0,1957.0,,,api_error
3144,Mark Klett,American,Male,1952.0,,,,api_error
3145,Carl Heinz Kliemann,German,Male,1924.0,,,,api_error
3146,Erika Giovanna Klien,Austrian,Female,1900.0,1957.0,,,api_error
3147,Gustav Klimt,Austrian,Male,1862.0,1918.0,,,api_error
3148,Franz Kline,American,Male,1910.0,1962.0,,,api_error
3149,Max Klinger,German,Male,1857.0,1920.0,,,api_error
3150,Stuart Klipper,American,Male,1941.0,,,,api_error
3152,Gustav Kluge,German,Male,1947.0,,,,api_error
3155,Sergei Senkin,Russian,Male,1894.0,1963.0,,,api_error
3156,Berndt Klyvare,Swedish,Male,,,,,api_error
3157,Stefan Knapp,British,Male,1921.0,1996.0,,,api_error
3159,Karl Knaths,American,Male,1891.0,1971.0,,,api_error
3160,Werner Knaupp,German,Male,1936.0,,,,api_error
3161,Ernest Knee,American,Male,1917.0,1983.0,,,api_error
3162,Gwen Knight,American,Female,1913.0,2005.0,,,api_error
3163,Karla Knight,American,Female,1958.0,,,,api_error
3165,Donald R. Knorr,American,Male,1922.0,,,,api_error
3166,Charles Knowles,American,Male,1939.0,1958.0,,,api_error
3167,Christopher Knowles,American,Male,1959.0,,,,api_error
3168,Justin Knowles,British,Male,,,,,api_error
3169,Jonathan Knowlton,American,Male,1937.0,,,,api_error
3170,Win Knowlton,American,Male,1953.0,,,,api_error
3171,Archibald Knox,British,Male,1864.0,1933.0,,,api_error
3172,Jack Knox,British,Male,1936.0,,,,api_error
3174,Yasuhide Kobashi,Japanese,Male,1931.0,,,,api_error
3175,Kobayashi Riichiro,Japanese,Male,,,,,api_error
3176,Robert Kobayashi,American,Male,1925.0,,,,api_error
3177,Aleksander Kobzdej,Polish,Male,1920.0,1972.0,,,api_error
3179,Kenneth Koch,American,Male,1925.0,2002.0,,,api_error
3180,Benita Koch-Otte,German,Female,1892.0,1976.0,,,api_error
3181,Reina Kochashian,Nationality unknown,Female,,,,,api_error
3182,Karl Koehler,American,Male,1913.0,,,,api_error
3183,Fritz Koenig,German,Male,1924.0,,,,api_error
3184,W. Koenigstein,Austrian,Male,1944.0,,,,api_error
3185,Ottokar Koeppen,German,Male,,,,,api_error
3186,Karl Koepping,German,Male,1848.0,1914.0,,,api_error
3187,Henry Koerner,American,Male,1915.0,1991.0,,,api_error
3188,Jinkichi Koga,Japanese,Male,,,,,api_error
3189,Moissey Kogan,Russian,Male,1879.0,1945.0,,,api_error
3191,Oskar Kogoj,Yugoslav,Male,1942.0,,,,api_error
3192,Gabriel Kohn,American,Male,1910.0,1975.0,,,api_error
3193,Misch Kohn,American,Male,1916.0,,,,api_error
3194,Nobuaki Kojima,Japanese,Male,1935.0,,,,api_error
3195,Jurriaan Kok,Dutch,Male,1861.0,1919.0,,,api_error
3196,Valto Kokko,Finnish,,1933.0,,,,api_error
3197,Oskar Kokoschka,Austrian,Male,1886.0,1980.0,,,api_error
3198,Jirí Kolár,Czech,Male,1914.0,2002.0,,,api_error
3199,Georg Kolbe,German,Male,1877.0,1947.0,,,api_error
3200,Stanislav Kolibal,Czech,Male,1925.0,,,,api_error
3201,Käthe Kollwitz,German,Female,1867.0,1945.0,,,api_error
3202,Ray Komai,American,Male,1918.0,,,,api_error
3203,Komai Tetsuro,Japanese,Male,1920.0,1976.0,,,api_error
3204,Ilhan Koman,Turkish,Male,1921.0,1986.0,,,api_error
3205,Vitaly Komar,American,Male,1943.0,,,,api_error
3206,Komar and Melamid,American,Male,,,,,api_error
3207,Makoto Komatsu,Japanese,Male,1943.0,,,,api_error
3208,Vladimir Michailovich Konashevich,Russian,Male,,,,,api_error
3209,Bela Kondor,Hungarian,Male,1931.0,1972.0,,,api_error
3210,Kasper König,German,Male,1940.0,,,,api_error
3211,Akira Kono,Japanese,Male,,,,,api_error
3212,Elaine de Kooning,American,Female,1920.0,1989.0,,,api_error
3213,Willem de Kooning,American,Male,1904.0,1997.0,,,api_error
3216,Benjamin Kopman,American,Male,1887.0,1965.0,,,api_error
3217,Henning Koppel,Danish,Male,1918.0,1981.0,,,api_error
3218,Chaim Koppelman,American,Male,1920.0,2009.0,,,api_error
3220,Georg Koppmann,German,Male,1842.0,1909.0,,,api_error
3221,Schlomo Koren,Israeli,Male,1932.0,,,,api_error
3222,Gajin Kosaka,Japanese,Male,1877.0,1953.0,,,api_error
3224,Mark Kostabi,American,Male,1960.0,,,,api_error
3225,Claire Wagner Kosterlitz,American,Female,1903.0,1997.0,,,api_error
3226,Lewis Kostiner,American,Male,1950.0,,,,api_error
3227,Takehisa Kosugi,Japanese,Male,1938.0,,,,api_error
3228,Joseph Kosuth,American,Male,1945.0,,,,api_error
3229,Josef Koudelka,Czech,Male,1938.0,,,,api_error
3230,Jannis Kounellis,Greek,Male,1936.0,,,,api_error
3232,Ron Kowalke,American,Male,1936.0,,,,api_error
3233,Antoni Kowalski,Polish,Male,1957.0,,,,api_error
3234,Ljuba Kozintzeva-Ehrenburg,Russian,Female,1900.0,1970.0,,,api_error
3235,Joyce Kozloff,American,Female,1942.0,,,,api_error
3236,Kirsten Kraa,American,Female,1941.0,,,,api_error
3237,Frans Krajcberg,Brazilian,Male,1921.0,,,,api_error
3238,William E. Krallman,American,Male,1925.0,,,,api_error
3239,Margia Kramer,American,Female,1936.0,,,,api_error
3240,Lee Krasner,American,Female,1908.0,1984.0,,,api_error
3241,Dimitri Mikhailovich Krasnopevtsev,Russian,Male,1925.0,1995.0,,,api_error
3242,Jovan Kratohvil,Yugoslav,Male,1924.0,1998.0,,,api_error
3244,George Krause,American,Male,1937.0,,,,api_error
3246,Doris Kreindler,American,Female,1901.0,1974.0,,,api_error
3247,August Kreyenkamp,German,Male,1875.0,1950.0,,,api_error
3248,Vasyl Krychevsky,Ukrainian,Male,1927.0,,,,api_error
3249,Norbert Kricke,German,Male,1922.0,1984.0,,,api_error
3250,Leon Krier,Luxembourgish,Male,1946.0,,,,api_error
3251,Irving Kriesberg,American,Male,1919.0,2009.0,,,api_error
3252,Paul Smith,American,Male,1907.0,,,,api_error
3253,Les Krims,American,,,,,,api_error
3254,Harold Krisel,American,Male,1920.0,,,,api_error
3256,Ferdinand Kriwet,German,Male,1942.0,,,,api_error
3257,William Kriz,American,Male,,,,,api_error
3258,Barron Krody,Nationality unknown,Male,1936.0,,,,api_error
3259,Per Krohg,Norwegian,Male,1889.0,1965.0,,,api_error
3260,Krohl/Offenberg,Nationality unknown,,,,,,api_error
3261,Abram Krol,French,Male,1919.0,2001.0,,,api_error
3262,Leon Kroll,American,Male,1884.0,1974.0,,,api_error
3263,Aleksei Kruchenykh,Russian,Male,1886.0,1969.0,,,api_error
3264,Christian Kruck,German,Male,,,,,api_error
3265,Louise Kruger,American,Female,1924.0,2013.0,,,api_error
3266,Barbara Kruger,American,Female,1945.0,,,,api_error
3267,Harry van Kruiningen,Dutch,Male,1906.0,,,,api_error
3268,Germaine Krull,Dutch,Female,1897.0,1985.0,,,api_error
3269,Alexander Z. Kruse,American,Male,1888.0,1972.0,,,api_error
3270,Nicholas Krushenick,American,Male,1929.0,1999.0,,,api_error
3272,Charles Krutch,American,Male,1887.0,1981.0,,,api_error
3274,Michel Szulc Krzyzanowski,Dutch,Male,1949.0,,,,api_error
3275,Allen Kubach,American,Male,,,,,api_error
3276,Alfred Kubin,Austrian,Male,1877.0,1959.0,,,api_error
3277,Shigeko Kubota,Japanese,Female,1937.0,2015.0,,,api_error
3279,Alena Kucerova,Czech,Female,1935.0,,,,api_error
3280,Rainer Kuchenmeister,,Male,1926.0,,,,api_error
3281,Tetsumi Kudo,Japanese,Male,1935.0,1990.0,,,api_error
3282,Ivan Kudriashov,Russian,Male,1896.0,1972.0,,,api_error
3283,Gary Kuehn,American,Male,1939.0,,,,api_error
3284,Rudolf Kügler,German,Male,1921.0,2013.0,,,api_error
3285,Charles Kuhn,Swiss,Male,1903.0,,,,api_error
3287,Heinrich Kühn,German,Male,1866.0,1944.0,,,api_error
3288,Walt Kuhn,American,Male,1877.0,1949.0,,,api_error
3289,"O. J. Kuker, Seattle, WA",American,,,,,,api_error
3290,Yrjö Kukkapuro,Finnish,Male,1933.0,,,,api_error
3291,Mikhail Kuprianov,Russian,Male,,,,,api_error
3293,Robert Kulicke,American,Male,1924.0,2007.0,,,api_error
3294,Sugeru Kume,Japanese,Male,,,,,api_error
3295,Kipton Kumler,American,,,,,,api_error
3296,Yasuo Kuniyoshi,American,Male,1889.0,1953.0,,,api_error
3298,Peter Kunz,Swiss,Male,,,,,api_error
3300,Lawrence Kupferman,American,Male,1909.0,1982.0,,,api_error
3301,Moshe Kupfermann,Israeli,Male,1926.0,2003.0,,,api_error
3302,František Kupka,Czech,Male,1871.0,1957.0,,,api_error
3304,Juan Kurchan,Argentine,Male,1913.0,1975.0,,,api_error
3305,William Kurelek,Canadian,Male,1927.0,1977.0,,,api_error
3306,Mervyn Kurlansky,British,Male,1936.0,,,,api_error
3307,Seitaro Kuroda,Japanese,Male,1939.0,,,,api_error
3308,Masayuki Kurokawa,Japanese,Male,1937.0,,,,api_error
3309,Kuron - Gogol,German,,,,,,api_error
3311,Helmuth Kurtz,Swiss,Male,1903.0,1959.0,,,api_error
3312,Ant Kurvers,Dutch,Male,,,,,api_error
3313,Maximilian Kurzweil,Austrian,Male,1867.0,1916.0,,,api_error
3314,Kenji Kusaka,Japanese,Male,1936.0,,,,api_error
3315,Yayoi Kusama,Japanese,Female,1929.0,,,,api_error
3316,Rainer Küschall,Swiss,Male,1947.0,,,,api_error
3317,Robert Kushner,American,Male,1949.0,,,,api_error
3318,Waldemar Kutner,Brazilian,,1934.0,,,,api_error
3319,Pavel Kuznetsov,Russian,Male,,,,,api_error
3320,Paul Kwilecki,American,Male,1928.0,,,,api_error
3321,K2 Design Studio,Japanese,,1993.0,,,,api_error
3322,Jean L'Anselme,French,Male,1919.0,2011.0,,,api_error
3323,Alain de La Bourdonnaye,French,Male,1930.0,,,,api_error
3325,Roger de La Fresnaye,French,Male,1885.0,1925.0,,,api_error
3326,Chet La More,American,Male,1908.0,1980.0,,,api_error
3327,Terence La Noue,American,Male,1941.0,,,,api_error
3328,Frank LaPena,American,Male,1937.0,,,,api_error
3329,Jean-Emile Laboureur,French,Male,1887.0,1943.0,,,api_error
3330,Syl Labrot,American,Male,1929.0,1977.0,,,api_error
3331,Joseph Lacasse,French,Male,1894.0,1975.0,,,api_error
3332,Gaston Lachaise,American,Male,1882.0,1935.0,,,api_error
3333,Georges Lacombe,French,Male,1868.0,1916.0,,,api_error
3334,Jacques Lacomblez,Belgian,Male,1934.0,,,,api_error
3335,Charles Lacoste,French,Male,1870.0,1959.0,,,api_error
3336,Richard Lacroix,Canadian,Male,1939.0,,,,api_error
3337,George Ladas,American,Male,,,,,api_error
3338,Justen Ladda,German,Male,1953.0,,,,api_error
3339,Adriano Lagostina,Italian,Male,1915.0,,,,api_error
3340,Massimo Lagostina,Italian,Male,1908.0,,,,api_error
3341,Richard Lahey,American,Male,1893.0,1978.0,,,api_error
3342,Wolfgang Laib,German,Male,1950.0,,,,api_error
3343,Eleanore Laine,American,Female,,,,,api_error
3344,Gerald Laing,British,Male,1936.0,2011.0,,,api_error
3346,Maxime Lalanne,French,Male,1827.0,1886.0,,,api_error
3348,Jennett Lam,American,Female,1911.0,1983.0,,,api_error
3349,Wifredo Lam,Cuban,Male,1902.0,1982.0,,,api_error
3350,Thomas Lamb,American,Male,1898.0,1988.0,,,api_error
3351,Jacqueline Lamba,French,Female,1910.0,1993.0,,,api_error
3352,Roberto De Lamónica,Brazilian,Male,1933.0,,,,api_error
3354,Mark Lancaster,British,Male,1938.0,,,,api_error
3355,Colin Lanceley,Australian,Male,1938.0,,,,api_error
3356,Paul Landacre,American,Male,1893.0,1963.0,,,api_error
3357,Jacob Landau,American,Male,1917.0,2001.0,,,api_error
3358,Nils Landberg,Swedish,Male,1907.0,1991.0,,,api_error
3359,Armin Landeck,American,Male,1905.0,1984.0,,,api_error
3361,Ronnie Landfield,American,Male,1947.0,,,,api_error
3362,Edoardo Landi,Italian,Male,1937.0,,,,api_error
3363,Bengt Landin,Swedish,Male,1933.0,,,,api_error
3364,Richard W. Landis,American,Male,1931.0,,,,api_error
3365,Darrell Landrum,American,Male,1924.0,,,,api_error
3366,Herman Landshoff,American,Male,1905.0,1986.0,,,api_error
3367,Stanley Landsman,American,Male,1930.0,1984.0,,,api_error
3368,Octave Landuyt,Belgian,Male,1922.0,,,,api_error
3369,Lois Lane,American,Female,1948.0,,,,api_error
3370,David Lang,American,Male,1929.0,,,,api_error
3371,Helmut Lang,German,Male,1924.0,,,,api_error
3372,Ed E. Langbein,American,Male,,,,,api_error
3373,Dorothea Lange,American,Female,1895.0,1965.0,,,api_error
3374,Otto Lange,German,Male,1879.0,1944.0,,,api_error
3375,Wilfred O. Langille,American,Male,1895.0,1996.0,,,api_error
3376,Ernst Langloh,German,Male,,,,,api_error
3377,Juan Langlois,Argentine,Male,1926.0,,,,api_error
3379,André Lanskoy,French,Male,1902.0,1976.0,,,api_error
3380,Louis Lanzano,American,Male,1947.0,,,,api_error
3381,Ernesto Bruno La Padula,Italian,Male,1902.0,1968.0,,,api_error
3382,Charles Lapierre,French,,,,,,api_error
3383,Tadeusz Lapinski,Polish,Male,,,,,api_error
3384,Harry S. Lapow,American,Male,1909.0,1983.0,,,api_error
3385,Pierre Laprade,French,Male,1875.0,1931.0,,,api_error
3386,Magali Lara,Mexican,Female,,,,,api_error
3387,Raoul François Larche,French,Male,1860.0,1912.0,,,api_error
3388,Berto Lardera,Nationality unknown,Male,,,,,api_error
3389,Mikhail Larionov,Russian,Male,1881.0,1964.0,,,api_error
3390,Eugene Larkin,American,Male,1921.0,,,,api_error
3391,Johannes Larsen,Danish,Male,1912.0,,,,api_error
3392,Lisa Larsen,American,Female,1925.0,1959.0,,,api_error
3393,William G. Larson,American,Male,1942.0,,,,api_error
3394,Jacques-Henri Lartigue,French,Male,1894.0,1986.0,,,api_error
3395,Mauricio Lasansky,American,Male,1914.0,2012.0,,,api_error
3396,Pat Lasch,American,Female,1944.0,,,,api_error
3397,Oskar Laske,Austrian,Male,1874.0,1951.0,,,api_error
3398,Siegfried Laske,Nationality unknown,Male,,,,,api_error
3399,Jonathan Lasker,American,Male,1948.0,,,,api_error
3400,Ibram Lassaw,American,Male,1913.0,2003.0,,,api_error
3401,Charles Lassiter,American,Male,1926.0,2005.0,,,api_error
3402,Maria Lassnig,Austrian,Female,1919.0,2014.0,,,api_error
3403,Ger Lataster,Dutch,Male,1920.0,2012.0,,,api_error
3404,John Latham,British,Male,1921.0,2006.0,,,api_error
3405,Sidney Laufman,American,Male,1891.0,1985.0,,,api_error
3406,Clarence John Laughlin,American,Male,1905.0,1985.0,,,api_error
3407,Jean Launois,French,Male,1898.0,1942.0,,,api_error
3408,Marie Laurencin,French,Female,1883.0,1956.0,,,api_error
3409,Henri Laurens,French,Male,1885.0,1954.0,,,api_error
3410,John Laurent,American,Male,,,,,api_error
3411,Robert Laurent,American,Male,1890.0,1970.0,,,api_error
3412,Uwe Lausen,German,Male,1941.0,1970.0,,,api_error
3414,Ray Lauzzana,American,Male,1941.0,,,,api_error
3415,Warja Lavater,Swiss,Female,1913.0,2007.0,,,api_error
3416,Alma R. Lavenson,American,Female,1897.0,1989.0,,,api_error
3418,Jacob Lawrence,American,Male,1917.0,2000.0,,,api_error
3420,Ernest Lawton (?),British,Male,,,,,api_error
3421,Michael Lax,American,Male,1929.0,1999.0,,,api_error
3422,"Elizabeth ""Grandma"" Layton",American,Female,1909.0,1993.0,,,api_error
3424,Giulio Lazzotti,Italian,Male,1942.0,,,,api_error
3425,A. Le Blondel,French,,,,,,api_error
3426,Le Corbusier (Charles-Édouard Jeanneret),French,Male,1887.0,1965.0,,,api_error
3427,Henri Le Fauconnier,French,Male,1881.0,1946.0,,,api_error
3428,Jean Le Gac,French,Male,1936.0,,,,api_error
3429,Gustave Le Gray,French,Male,1820.0,1884.0,,,api_error
3430,Le Jeune,French,,,,,,api_error
3431,Jean Le Moal,French,Male,1909.0,2007.0,,,api_error
3432,Julio Le Parc,Argentine,Male,1928.0,,,,api_error
3433,Guillaume Le Roy,Dutch,Male,,,,,api_error
3434,Henri Le Secq,French,Male,1818.0,1882.0,,,api_error
3435,Barry Le Va,American,Male,1941.0,,,,api_error
3436,David Leach,American,Male,1946.0,,,,api_error
3437,Alun Leach-Jones,British,Male,1937.0,,,,api_error
3438,June Leaf,American,Female,1929.0,,,,api_error
3439,Fernando Leal,Mexican,Male,1896.0,1964.0,,,api_error
3440,Lawrence Lebduska,American,Male,1894.0,1966.0,,,api_error
3441,J. J. Christian Lebeau,Dutch,Male,1878.0,1945.0,,,api_error
3442,Lebegue,French,,,,,,api_error
3443,Jean-Jacques Lebel,French,Male,1936.0,,,,api_error
3444,Jan Lebenstein,Polish,Male,1930.0,1999.0,,,api_error
3445,Dick Lebowitz,American,Male,1937.0,,,,api_error
3446,Christopher Le Brun,British,Male,1951.0,,,,api_error
3447,Rico Lebrun,American,Male,1900.0,1964.0,,,api_error
3448,Juana Lecaros,Chilean,Female,1920.0,1993.0,,,api_error
3449,Arthur Lee,American,Male,1881.0,1961.0,,,api_error
3450,Baldwin S. Lee,American,Male,1951.0,,,,api_error
3451,Joong Seop Lee,Korean,Male,1916.0,1956.0,,,api_error
3452,Catherine Lee,American,Female,1950.0,,,,api_error
3453,Colin Lee,American,Male,1953.0,,,,api_error
3454,Dudley Lee,American,Male,,,,,api_error
3455,Russell Lee,American,Male,1903.0,1986.0,,,api_error
3457,Ung-no Lee,Korean,Male,1904.0,1989.0,,,api_error
3458,Theyre Lee-Elliott,British,Male,1903.0,1988.0,,,api_error
3460,Lege & Bergeron,French,,,,,,api_error
3461,G. M. Lege,French,,,,,,api_error
3463,Yoram Lehman,Israeli,Male,1939.0,,,,api_error
3464,Wilhelm Lehmbruck,German,Male,1881.0,1919.0,,,api_error
3465,Lehner & Mader,,,,,,,api_error
3466,Leonard Lehrer,American,Male,1935.0,,,,api_error
3468,Arthur Leipzig,American,Male,1918.0,,,,api_error
3469,José Costa Leite,Brazilian,Male,,,,,api_error
3470,Saul Leiter,American,Male,1923.0,2013.0,,,api_error
3471,Philip V. Leivo,American,Male,,,,,api_error
3472,Michael Lekakis,American,Male,1907.0,1987.0,,,api_error
3473,Paul Lemagny,French,Male,1903.0,,,,api_error
3474,Annette Lemieux,American,Female,1957.0,,,,api_error
3475,Dietmar Lemke,German,Male,,,,,api_error
3476,Georges Lemmen,Belgian,Male,1865.0,1916.0,,,api_error
3478,Luis Lemus,American,Male,,,,,api_error
3479,Stanley Lench,British,Male,1934.0,2000.0,,,api_error
3480,Jan Lenica,Polish,Male,1928.0,2001.0,,,api_error
3482,Thomas Lenk,German,Male,1933.0,2014.0,,,api_error
3483,Candice Lenney,American,Female,1949.0,,,,api_error
3484,John Lennon,British,Male,1940.0,1980.0,,,api_error
3486,Eugen Lenz,Swiss,,1916.0,,,,api_error
3487,Leonid (Leonid Berman),American,Male,1896.0,1976.0,,,api_error
3488,Louis L. Lepoix,French,Male,1918.0,,,,api_error
3489,Robert Lepper,American,Male,1906.0,1991.0,,,api_error
3490,Stanislao Lepri,Italian,Male,1905.0,1980.0,,,api_error
3491,Gustav Lepschy,German,Male,1942.0,,,,api_error
3492,Norman Lerner,American,Male,1927.0,,,,api_error
3493,Helmar Lerski,Swiss,Male,1871.0,1956.0,,,api_error
3494,Danuta Lesczynska-Kluza,Polish,Female,1926.0,,,,api_error
3495,Alfred Leslie,American,Male,1927.0,,,,api_error
3496,Janusz Lesniak,Polish,,1947.0,,,,api_error
3497,John Lesnick,American,Male,1953.0,,,,api_error
3498,Gilbert Lesser,American,Male,1935.0,,,,api_error
3499,Rudi Lesser,American,Male,,,,,api_error
3500,Julian Lethbridge,British,Male,1947.0,,,,api_error
3501,Anna Letycia Quadros,Brazilian,Female,,,,,api_error
3502,Gerd Leufert,Venezuelan,Male,1914.0,1998.0,,,api_error
3503,Herbert Leupin,Swiss,Male,1916.0,1999.0,,,api_error
3504,Léo Leuppi,Swiss,Male,1893.0,1972.0,,,api_error
3505,John Levee,American,Male,1924.0,,,,api_error
3506,Hugo Leven,German,Male,1874.0,1956.0,,,api_error
3507,Hans Levi,American,Male,1935.0,,,,api_error
3508,Josef Levi,American,Male,1938.0,,,,api_error
3509,Julian E. Levi,American,Male,1900.0,1982.0,,,api_error
3510,Robert Levin,American,Male,1948.0,,,,api_error
3511,Wayne Levin,American,Male,1945.0,,,,api_error
3512,Arthur Levine,American,Male,,,,,api_error
3513,Jack Levine,American,Male,1915.0,2010.0,,,api_error
3514,Les Levine,American,Male,1935.0,,,,api_error
3515,Sherrie Levine,American,Female,1947.0,,,,api_error
3516,Tom Levine,American,Male,1945.0,,,,api_error
3517,Mon Levinson,American,Male,1926.0,2014.0,,,api_error
3518,Leon Levinstein,American,Male,1910.0,1988.0,,,api_error
3519,S. L. Levitsky,French,Male,1819.0,1898.0,,,api_error
3520,Helen Levitt,American,Female,1913.0,2009.0,,,api_error
3521,Alphonse Levy,French,Male,1843.0,1918.0,,,api_error
3522,Julien Levy,American,Male,1906.0,1981.0,,,api_error
3523,Martin Lewis,American,Male,1881.0,1962.0,,,api_error
3524,Norman Lewis,American,Male,1909.0,1979.0,,,api_error
3525,Wyndham Lewis,British,Male,1882.0,1957.0,,,api_error
3526,Landès Lewitin,American,Male,1892.0,1966.0,,,api_error
3528,Sol LeWitt,American,Male,1928.0,2007.0,,,api_error
3530,Sonia Lewitzka,Polish,Female,1882.0,,,,api_error
3531,Jay Leyda,American,Male,1910.0,1988.0,,,api_error
3532,Ernst Van Leyden,American,Male,1892.0,1969.0,,,api_error
3533,Léon Lhermitte,French,Male,1844.0,1925.0,,,api_error
3534,André Lhote,French,Male,1885.0,1962.0,,,api_error
3535,Georges Liautaud,Haitian,Male,1899.0,1991.0,,,api_error
3537,Alexander Liberman,American,Male,1912.0,1999.0,,,api_error
3539,Sol Libsohn,American,Male,1914.0,2001.0,,,api_error
3540,Riccardo Licata,Italian,Male,,,,,api_error
3541,Ernst Lichtblau,American,Male,1883.0,1963.0,,,api_error
3542,Roy Lichtenstein,American,Male,1923.0,1997.0,,,api_error
3543,John H. Lickert,American,Male,,,,,api_error
3544,Jonas Lie,American,Male,,,,,api_error
3545,Al Lieberman,American,Male,1939.0,,,,api_error
3546,Max Liebermann,German,Male,1847.0,1935.0,,,api_error
3547,Alphonse Liébert,French,Male,1827.0,1913.0,,,api_error
3548,Klaus Liebig,German,Male,1936.0,1996.0,,,api_error
3549,Jerome Liebling,American,Male,1924.0,2011.0,,,api_error
3550,Liebowitz,American,,,,,,api_error
3551,David Ligare,American,Male,1945.0,,,,api_error
3554,Edwin Hale Lincoln,American,Male,1848.0,1938.0,,,api_error
3555,Stig Lindberg,Swedish,Male,1916.0,1982.0,,,api_error
3556,Linda Lindeberg,American,Female,1915.0,1973.0,,,api_error
3557,Francesca Lindh,Finnish,Female,1931.0,,,,api_error
3558,Richard Lindh,Finnish,Male,1929.0,,,,api_error
3559,Richard Lindner,American,Male,1901.0,1978.0,,,api_error
3560,Linda Lindroth,American,Female,1946.0,,,,api_error
3561,O. Winston Link,American,Male,1914.0,2001.0,,,api_error
3562,Leo Lionni,American,Male,1910.0,1999.0,,,api_error
3563,Jacques Lipchitz,American,Male,1891.0,1973.0,,,api_error
3564,Peter Lipman-Wulf,American,Male,1905.0,,,,api_error
3565,Carol Lipper,American,Female,,,,,api_error
3566,Richard Lippold,American,Male,1915.0,2002.0,,,api_error
3567,Seymour Lipton,American,Male,1903.0,1986.0,,,api_error
3568,Vera Lisková,Czech,Female,1924.0,1979.0,,,api_error
3569,El Lissitzky,Russian,Male,1890.0,1941.0,,,api_error
3570,Ross Littell,American,Male,1924.0,2000.0,,,api_error
3571,Betty Clark Little,American,Female,,,,,api_error
3572,Harvey Littleton,American,Male,1922.0,,,,api_error
3573,Ludwig Littmann,German,Male,1946.0,,,,api_error
3574,Israel Litwak,American,Male,1867.0,1952.0,,,api_error
3575,Stephen Livick,Canadian,Male,1945.0,,,,api_error
3576,Frank Lobdell,American,Male,1921.0,,,,api_error
3577,Lobel,French,,,,,,api_error
3578,Jean Locey,American,Female,1944.0,,,,api_error
3579,Charles Locke,American,Male,1899.0,1983.0,,,api_error
3580,George Lockwood,American,Male,1929.0,1969.0,,,api_error
3581,Uwe Loesch,German,Male,1943.0,,,,api_error
3582,Loescher & Petsch,German,,,,,,api_error
3583,"Compagnie de L'Esthétique Industrielle (CEI) - Raymond Loewy, Paris",,,1952.0,,,,api_error
3584,Maurice Loewy,French,Male,1833.0,1907.0,,,api_error
3585,Berthold Löffler,Austrian,Male,1874.0,1960.0,,,api_error
3587,Richard Paul Lohse,Swiss,Male,1902.0,1988.0,,,api_error
3588,Alfred Lombard,French,Male,1884.0,1973.0,,,api_error
3589,Eckersley Lombers,British,,,,,,api_error
3590,Lois Long,American,Female,1918.0,,,,api_error
3591,Richard Long,British,Male,1945.0,,,,api_error
3592,Robert Longo,American,Male,1953.0,,,,api_error
3593,Vincent Longo,American,Male,1923.0,,,,api_error
3595,Adolph Loos,Austrian,Male,1870.0,1933.0,,,api_error
3596,Fernando López Anaya,Argentine,Male,1907.0,1987.0,,,api_error
3597,Domingo López,American,Male,1942.0,,,,api_error
3598,José Dolores López,American,Male,1868.0,1937.0,,,api_error
3599,Luis (López Loza) López,Mexican,Male,,,,,api_error
3600,Antonio López García,Spanish,Male,1936.0,,,,api_error
3601,Erle Loran,American,Male,1905.0,1999.0,,,api_error
3602,Antonio Lorenzo,Spanish,Male,,,,,api_error
3603,John Loring,American,Male,1939.0,,,,api_error
3605,Lortz,German,,,,,,api_error
3606,Reagan Louie,American,Male,1951.0,,,,api_error
3607,Morris Louis,American,Male,1912.0,1962.0,,,api_error
3609,Charles Loupot,French,Male,1892.0,1962.0,,,api_error
3610,Jim Love,American,Male,1927.0,2005.0,,,api_error
3611,Vreni Löwensberg,Swiss,Female,1912.0,1986.0,,,api_error
3613,Lawrence Stephen Lowry,British,Male,1887.0,1976.0,,,api_error
3614,Jesús Lozano,Spanish,Male,,,,,api_error
3615,Lee Lozano,American,Female,1930.0,1999.0,,,api_error
3617,Louis Lozowick,American,Male,1892.0,1973.0,,,api_error
3618,Lu Chu Chuan,Chinese,,,,,,api_error
3619,Dietrich Lubs,German,Male,1938.0,,,,api_error
3620,Caroline Lucas,American,Female,,,,,api_error
3621,Maximilian Luce,French,Male,1858.0,1941.0,,,api_error
3622,Lucebert,Dutch,Male,1924.0,1994.0,,,api_error
3623,Tekening Lucerbert,Dutch,,,,,,api_error
3624,Thomas Lüchinger,Swiss,Male,1953.0,,,,api_error
3625,Hans Luckhardt,German,Male,1890.0,1954.0,,,api_error
3626,Ryah Ludins,Nationality unknown,Female,1896.0,1957.0,,,api_error
3627,John Lueders-Booth,American,Male,1935.0,,,,api_error
3628,Konrad Lueg,German,Male,1939.0,1996.0,,,api_error
3629,Amador Lugo,Mexican,Male,,,,,api_error
3630,Jan Lukas,Czech,Male,1915.0,,,,api_error
3631,Sven Lukin,American,Male,1934.0,,,,api_error
3632,Luktak,Canadian,,1928.0,,,,api_error
3633,Ernest S. Lumsden,British,Male,,,,,api_error
3635,Jorge Guillermo Luna Ercilla,Argentine,Male,,,,,api_error
3636,Norman Lundin,American,Male,1938.0,,,,api_error
3637,Evert Lundquist,Swedish,Male,1904.0,1994.0,,,api_error
3638,Alexandre Lunois,French,Male,1863.0,1916.0,,,api_error
3639,Francois Lunven,French,Male,1942.0,1971.0,,,api_error
3640,Markus Lüpertz,German,Male,1941.0,,,,api_error
3641,Jean Lurçat,French,Male,1892.0,1966.0,,,api_error
3642,Boris Lurie,American,Male,1924.0,,,,api_error
3643,Urs Lüthi,Swiss,Male,1947.0,,,,api_error
3644,Nicholas Luttinger,American,Male,1942.0,,,,api_error
3645,Max Lutzbacher,Swiss,Male,,,,,api_error
3646,Mariette Lydis,Austrian,Female,1890.0,1970.0,,,api_error
3647,Lynch,American,,,,,,api_error
3648,George Platt Lynes,American,Male,1907.0,1955.0,,,api_error
3649,George Lynn,Canadian,Male,1941.0,1983.0,,,api_error
3650,Danny Lyon,American,Male,1942.0,,,,api_error
3651,Joan Lyons,American,Female,1937.0,,,,api_error
3652,Nathan Lyons,American,Male,1930.0,2016.0,,,api_error
3653,Richard Lytle,American,Male,1935.0,,,,api_error
3654,Ernst Mumenthaler,Swiss,Male,1901.0,1978.0,,,api_error
3655,M. H,Nationality unknown,,,,,,api_error
3656,Dora Maar (Henriette Theodora Markovitch),French,Female,1907.0,1997.0,,,api_error
3657,Zell Mabee,Nationality unknown,,,,,,api_error
3658,Mabuchi Toru,Japanese,Male,1920.0,1994.0,,,api_error
3659,Joaquín  Macías,Nicaraguan,Male,,,,,api_error
3660,Robert MacBryde,British,Male,1913.0,1966.0,,,api_error
3661,Mino Maccari,Italian,Male,1898.0,1989.0,,,api_error
3662,Rómulo Macció,Argentine,Male,1931.0,,,,api_error
3663,Stanton Macdonald-Wright,American,Male,1890.0,1973.0,,,api_error
3664,Eduardo A. MacEntyre,Argentine,Male,1929.0,2014.0,,,api_error
3665,Greg MacGregor,American,Male,,,,,api_error
3666,Sheldon Machlin,American,Male,1918.0,1975.0,,,api_error
3667,Saša Janez Mächtig,Yugoslav,Male,1941.0,,,,api_error
3668,Loren MacIver,American,Female,1909.0,1998.0,,,api_error
3669,Heinz Mack,German,Male,1931.0,,,,api_error
3670,August Macke,German,Male,1887.0,1914.0,,,api_error
3671,Charles Rennie Mackintosh,British,Male,1868.0,1928.0,,,api_error
3672,Owen F. Maclaren,British,Male,1906.0,1978.0,,,api_error
3673,Angus Maclise,American,Male,1938.0,1979.0,,,api_error
3674,W. E. Macnaughtan,American,,,,,,api_error
3675,Wendy MacNeil,American,Female,1943.0,,,,api_error
3676,Robert Macpherson,British,Male,1811.0,1872.0,,,api_error
3677,Alen MacWeeney,American,Male,1939.0,,,,api_error
3678,Bea Maddock,Australian,Female,1934.0,,,,api_error
3680,Josaku Maede,Japanese,Male,1926.0,,,,api_error
3681,Toshiro Maeda,Japanese,Male,1904.0,1990.0,,,api_error
3682,Sempan Maekawa,Japanese,Male,1888.0,1960.0,,,api_error
3683,Paul Maenz,German,Male,1939.0,,,,api_error
3684,Karel Maes,Belgian,Male,1900.0,1974.0,,,api_error
3685,Romeo Maestri,Italian,Male,,,,,api_error
3686,Aloisio Lahyre de  Magalhães,Brazilian,Male,1927.0,1982.0,,,api_error
3687,Victor Magariños,Argentine,Male,1924.0,1993.0,,,api_error
3688,Vico Magistretti,Italian,Male,1920.0,2006.0,,,api_error
3689,F. Maglin,French,,,,,,api_error
3690,Alberto Magnelli,Italian,Male,1888.0,1971.0,,,api_error
3691,Greta Magnusson Grossman,American,Female,1906.0,1999.0,,,api_error
3692,René Magritte,Belgian,Male,1898.0,1967.0,,,api_error
3693,William Maguire,American,Male,1943.0,,,,api_error
3694,Robert Mahon,American,Male,1949.0,,,,api_error
3695,Schilli Maier,American,Male,1922.0,1989.0,,,api_error
3696,Leo Maillet,Nationality unknown,Male,,,,,api_error
3697,Aristide Maillol,French,Male,1861.0,1944.0,,,api_error
3698,Gaspard Maillol,French,Male,1880.0,,,,api_error
3699,Lucien Mainssieux,French,Male,1885.0,1958.0,,,api_error
3700,Samuel Maitin,American,Male,1928.0,2004.0,,,api_error
3701,Louis Majorelle,French,Male,1859.0,1926.0,,,api_error
3702,William Majors,American,Male,1930.0,1982.0,,,api_error
3703,Haku Maki,Japanese,Male,1924.0,2000.0,,,api_error
3704,Mitsuo Maki,Japanese,Male,1948.0,,,,api_error
3705,Shoichi Makino,Japanese,Male,,,,,api_error
3706,Zbigniew Makowski,Polish,Male,1930.0,,,,api_error
3707,Gerard Malanga,American,Male,1943.0,,,,api_error
3708,Robert Malaval,French,Male,1937.0,1980.0,,,api_error
3709,Alberto Garcia Maldonado,Mexican,Male,,,,,api_error
3710,Kazimir Malevich,Russian,Male,1878.0,1935.0,,,api_error
3711,Robert Mallary,American,Male,1917.0,1997.0,,,api_error
3713,Antônio Maluf,Brazilian,Male,1926.0,2005.0,,,api_error
3714,Jeanne Mammen,German,Female,1890.0,1976.0,,,api_error
3715,Maurice Man,British,Male,,,,,api_error
3716,Man Ray (Emmanuel Radnitzky),American,Male,1890.0,1976.0,,,api_error
3717,Mateo Manaure,Venezuelan,Male,1926.0,,,,api_error
3719,Michael Mandel,American,Male,1950.0,,,,api_error
3720,Alfred Manessier,French,Male,1911.0,1993.0,,,api_error
3721,Édouard Manet,French,Male,1832.0,1883.0,,,api_error
3722,Burkhard Mangold,Swiss,Male,1873.0,1950.0,,,api_error
3723,Robert Mangold,American,Male,1937.0,,,,api_error
3724,Sylvia Plimack Mangold,American,Female,1938.0,,,,api_error
3725,Henri Manguin,French,Male,1874.0,1949.0,,,api_error
3726,Manuel Manilla,Mexican,Male,1873.0,1900.0,,,api_error
3727,Per Maning,Norwegian,Male,1943.0,,,,api_error
3728,Mann,Polish,,,,,,api_error
3729,C. Mann,British,,,,,,api_error
3730,Sally Mann,American,Female,1951.0,,,,api_error
3732,Jack Manning,American,Male,1920.0,2001.0,,,api_error
3733,Manolo (Manuel Martínez Hugué),Spanish,Male,1872.0,1945.0,,,api_error
3734,Constantine Manos,Greek,Male,1934.0,,,,api_error
3735,Russell Manoy,British,Male,1945.0,,,,api_error
3736,Paul Mansard,French,Male,,,,,api_error
3737,John Mansbridge,British,Male,1901.0,1981.0,,,api_error
3738,Matthias Mansen,German,Male,1958.0,,,,api_error
3739,Leo Manso,American,Male,1914.0,1993.0,,,api_error
3740,Paul (Pavel Mansurov) Mansouroff,Russian,Male,1896.0,1984.0,,,api_error
3741,Piero Manzoni,Italian,Male,1933.0,1963.0,,,api_error
3742,Giacomo Manzù,Italian,Male,1908.0,1991.0,,,api_error
3743,Pio Manzù,Italian,Male,1939.0,1969.0,,,api_error
3744,Kumberai Mapanda,Zimbabwean,Male,1940.0,,,,api_error
3745,Robert Mapplethorpe,American,Male,1946.0,1989.0,,,api_error
3746,Ralph Maradiaga,American,Male,1934.0,1985.0,,,api_error
3747,Adriana Maraz-Bernik,Yugoslav,Female,,,,,api_error
3748,Franz Marc,German,Male,1880.0,1916.0,,,api_error
3749,Conrad Marca-Relli,American,Male,1913.0,2000.0,,,api_error
3750,Marcel-Gaillard (Marcel Gaillard),French,Male,1886.0,1947.0,,,api_error
3751,André Marchand,French,Male,1907.0,1997.0,,,api_error
3752,Jean Marchand,French,Male,1883.0,1940.0,,,api_error
3753,Léo Marchutz,French,Male,1903.0,1976.0,,,api_error
3754,Tony Marciante,American,Male,,,,,api_error
3756,Gerhard Marcks,German,Male,1889.0,1981.0,,,api_error
3757,Louis Marcoussis,Polish,Male,1883.0,1941.0,,,api_error
3758,Brice Marden,American,Male,1938.0,,,,api_error
3759,André Mare,French,Male,1885.0,1932.0,,,api_error
3760,Maréchal,French,Male,1928.0,,,,api_error
3761,Ludovico Mares,Italian,Male,,,,,api_error
3762,Boris Margo,American,Male,1902.0,1995.0,,,api_error
3763,Richard M. Margolis,American,Male,1943.0,,,,api_error
3765,Joseph Margulies,American,Male,1896.0,,,,api_error
3766,Enzo Mari,Italian,Male,1932.0,,,,api_error
3767,Maria Martins,Brazilian,Female,1894.0,1973.0,,,api_error
3768,Mariano (Mariano Rodríguez),Cuban,Male,1912.0,1990.0,,,api_error
3770,John Marin,American,Male,1870.0,1953.0,,,api_error
3771,Filippo Tommaso Marinetti,Italian,Male,1876.0,1944.0,,,api_error
3772,Marino Marini,Italian,Male,1901.0,1980.0,,,api_error
3773,Tom Marioni,American,Male,1937.0,,,,api_error
3774,Marisol (Marisol Escobar),Venezuelan,Female,1930.0,2016.0,,,api_error
3775,Henry Mark,American,Male,1915.0,,,,api_error
3776,Jyrki Markkanen,Finnish,,1956.0,,,,api_error
3777,Dorothy F. Markle,American,Female,,,,,api_error
3778,Harry C. Markle,American,Male,,,,,api_error
3779,Ronald Markman,American,Male,1931.0,,,,api_error
3780,Gino Marotta,Italian,Male,1935.0,2012.0,,,api_error
3781,Walter Marques,Brazilian,Male,,,,,api_error
3782,Albert Marquet,French,Male,1875.0,1947.0,,,api_error
3783,Anne Steele Marsh,American,Female,1901.0,1995.0,,,api_error
3784,Reginald Marsh,American,Male,1898.0,1954.0,,,api_error
3786,Takis Marthas,Greek,Male,1905.0,1965.0,,,api_error
3787,Agnes Martin,American,Female,1912.0,2004.0,,,api_error
3788,Charles Martin,American,Male,1952.0,,,,api_error
3789,D. S. Martin,American,,1916.0,,,,api_error
3790,Fletcher Martin,American,Male,1904.0,1979.0,,,api_error
3791,Fred Martin,American,Male,1927.0,,,,api_error
3792,Ira Martin,American,Male,1886.0,1960.0,,,api_error
3793,Kenneth Martin,British,Male,1905.0,1984.0,,,api_error
3794,Mary Martin,British,Female,1907.0,1969.0,,,api_error
3795,Paul Martin,British,Male,1864.0,1944.0,,,api_error
3796,Philip John Martin,British,Male,1927.0,2014.0,,,api_error
3797,Ezio Martinelli,American,Male,1913.0,1981.0,,,api_error
3798,Eugene Martinez,American,Male,1925.0,,,,api_error
3799,Luis Martínez Pedro,Cuban,Male,1910.0,1990.0,,,api_error
3800,Maria Martinez,American,Female,1887.0,1980.0,,,api_error
3801,Martinez Pintao (Manuel Martinez Pintao),Mexican,Male,1875.0,,,,api_error
3802,Ricardo Martinez,Argentine,Male,1923.0,,,,api_error
3803,Raúl Martínez,Cuban,Male,1927.0,1995.0,,,api_error
3805,Aldemir Martins,Brazilian,Male,1922.0,2006.0,,,api_error
3806,Mort N. Marton,American,Male,1918.0,,,,api_error
3807,Michael Martone,American,Male,1941.0,,,,api_error
3808,Antonio Martorell,American,Male,1939.0,,,,api_error
3809,L. Marval,French,,,,,,api_error
3810,Charles Marville,French,Male,1816.0,1879.0,,,api_error
3812,Robert E. Marx,American,Male,,,,,api_error
3813,Maryan S. Maryan,American,Male,1927.0,1977.0,,,api_error
3814,Frans Masereel,Belgian,Male,1889.0,1972.0,,,api_error
3815,Dennis Masi,American,Male,1942.0,,,,api_error
3816,Alice Trumbull Mason,American,Female,1912.0,1986.0,,,api_error
3817,Raymond Mason,British,Male,1922.0,2010.0,,,api_error
3818,Kristen Corinne Masri,American,Female,,,,,api_error
3819,John Massey,American,Male,1931.0,,,,api_error
3820,G. Massiot,Nationality unknown,,,,,,api_error
3821,André Masson,French,Male,1896.0,1987.0,,,api_error
3822,Luigi Massoni,Italian,Male,1929.0,,,,api_error
3824,Umberto Mastroianni,Italian,Male,1910.0,1988.0,,,api_error
3825,Gregory Masurovsky,American,Male,1929.0,2009.0,,,api_error
3826,Ewald Mataré,German,Male,1887.0,1965.0,,,api_error
3827,Margrethe Mather,American,Female,1885.0,1952.0,,,api_error
3829,Georges Mathieu,French,Male,1921.0,2012.0,,,api_error
3830,Bruno Mathsson,Swedish,Male,1907.0,1988.0,,,api_error
3831,Marcel Mathys,Swiss,Male,1933.0,,,,api_error
3832,Henri Matisse,French,Male,1869.0,1954.0,,,api_error
3833,Vera Matiukh,Russian,Female,1912.0,,,,api_error
3834,Mikhail Matiushin,Russian,Male,1861.0,1934.0,,,api_error
3835,Fujio Matsugi,Japanese,Male,,,,,api_error
3836,Keizo Matsui,Japanese,Male,,,,,api_error
3837,Akira Matsumoto,Japanese,Male,1936.0,,,,api_error
3838,Toshio Matsumoto,Japanese,Male,1932.0,,,,api_error
3839,Matsumura Sadaiku,Japanese,Male,1936.0,,,,api_error
3840,Shin Matsunaga,Japanese,Male,1940.0,,,,api_error
3841,Matsushita Electric Corp.,Japanese,,1918.0,,,,api_error
3842,Roberto Matta,Chilean,Male,1911.0,2002.0,,,api_error
3843,Herbert Matter,American,Male,1907.0,1984.0,,,api_error
3844,Leni Matthaei,German,Female,1873.0,1981.0,,,api_error
3845,Holger Matthies,German,Male,1940.0,,,,api_error
3846,Claudio Mattioli,Nationality unknown,Male,,,,,api_error
3847,Charles Mattox,Nationality unknown,Male,,,,,api_error
3848,Jan Matulka,American,Male,1890.0,1972.0,,,api_error
3849,Maxine Emile Louis Maufra,French,Male,1861.0,1918.0,,,api_error
3850,Maull and Polyblank,British,,,,,,api_error
3851,E. Maunoury,French,,,,,,api_error
3852,Jacques Mauny,French,Male,1893.0,1962.0,,,api_error
3853,Alfred H. Maurer,American,Male,1868.0,1932.0,,,api_error
3854,Ingo Maurer,German,Male,1932.0,,,,api_error
3855,Neil Maurer,American,Male,1941.0,,,,api_error
3856,Charles Maurin,French,Male,1856.0,1914.0,,,api_error
3857,Achille Mauzan,Italian,,,,,,api_error
3858,Almir Mavignier,Brazilian,Male,1925.0,,,,api_error
3859,Peter Max,American,Male,1937.0,,,,api_error
3860,Paul Mayen,American,Male,1918.0,2000.0,,,api_error
3861,Elaine Mayes,American,Female,1938.0,,,,api_error
3862,Roger Mayne,British,Male,1929.0,2014.0,,,api_error
3863,Fernando Maza,Argentine,Male,,,,,api_error
3864,Michael Mazur,American,Male,1935.0,2009.0,,,api_error
3865,Luis Mazzey,,Male,1895.0,1983.0,,,api_error
3866,Azaria Mbatha,South African,Male,1941.0,,,,api_error
3867,Dr. John McArthur,British,Male,1901.0,1996.0,,,api_error
3869,Jay McCafferty,American,Male,1948.0,,,,api_error
3870,Henry McCarter,American,Male,1864.0,1942.0,,,api_error
3871,Byron McClintock,American,Male,1930.0,,,,api_error
3872,Allan McCollum,American,Male,1944.0,,,,api_error
3873,Leonard McCombe,American,Male,1923.0,,,,api_error
3874,B. B. Mccormick,Nationality unknown,,,,,,api_error
3875,Ann McCoy,American,Female,1946.0,,,,api_error
3876,John McCracken,American,Male,1934.0,2011.0,,,api_error
3877,Charles H. McCrea,American,Male,,,,,api_error
3880,Jean McEwen,Canadian,Male,1923.0,1999.0,,,api_error
3881,Rory McEwen,British,Male,1932.0,1982.0,,,api_error
3882,Elizabeth McFadden,American,Female,1912.0,,,,api_error
3883,Lawrence McFarland,American,Male,1942.0,,,,api_error
3884,James McGarrell,American,Male,1930.0,,,,api_error
3885,Kenneth McGowan,American,Male,1940.0,1986.0,,,api_error
3886,Byron McKeeby,American,Male,1936.0,,,,api_error
3887,Rhondal McKinney,American,Male,1948.0,,,,api_error
3888,John McLaughlin,American,Male,1898.0,1976.0,,,api_error
3889,Bruce McLean,British,Male,1944.0,,,,api_error
3890,Richard McLean,American,Male,1934.0,2014.0,,,api_error
3891,Elizabeth McLennan,Canadian,Female,,,,,api_error
3892,Michael McLoughlin,American,Male,1936.0,,,,api_error
3893,J. W. McManigal,American,,,,,,api_error
3894,George McNeil,American,Male,1908.0,1995.0,,,api_error
3895,William C. McNulty,American,Male,1889.0,1963.0,,,api_error
3896,Larry Mcpherson,American,Male,1943.0,,,,api_error
3898,John McVicker,American,Male,,,,,api_error
3899,Frederick Edward McWilliam,British,Male,1909.0,1992.0,,,api_error
3900,John McWilliams,American,Male,1941.0,,,,api_error
3901,Roderick Mead,American,Male,1900.0,1971.0,,,api_error
3902,Clement Meadmore,Australian,Male,1929.0,,,,api_error
3904,Friedrich Meckseper,German,Male,,,,,api_error
3905,Sol Mednick,Nationality unknown,Male,,,,,api_error
3906,Raul Meel,Estonian,Male,,,,,api_error
3907,Howard Mehring,American,Male,1931.0,1978.0,,,api_error
3908,Hans Meid,German,Male,1883.0,1957.0,,,api_error
3909,Ludwig Meidner,German,Male,1884.0,1966.0,,,api_error
3910,Richard Meier,American,Male,1934.0,,,,api_error
3911,Leo Meissner,Nationality unknown,Male,1895.0,1977.0,,,api_error
3912,Aleksandr Danilovich Melamid,American,Male,1945.0,,,,api_error
3913,F. M. Melchers,Nationality unknown,Male,1848.0,1944.0,,,api_error
3914,Mohamed Melehi,Moroccan,Male,1936.0,,,,api_error
3915,José Meléndez Contreras,American,Male,1921.0,1998.0,,,api_error
3916,Melendreras,Spanish,,,,,,api_error
3917,Waldimiro Melgarejo Muñoz,Argentine,Male,1908.0,1979.0,,,api_error
3918,Georges Méliès,French,Male,1861.0,1938.0,,,api_error
3919,John Melin,Swedish,Male,1921.0,,,,api_error
3920,Xavier Mellery,Belgian,Male,1845.0,1921.0,,,api_error
3921,Fausto Melotti,Italian,Male,1901.0,1986.0,,,api_error
3922,Pierre Mendell,German,Male,1929.0,,,,api_error
3923,Leopoldo Méndez,Mexican,Male,1902.0,1969.0,,,api_error
3924,Ana Mendieta,American,Female,1948.0,1985.0,,,api_error
3925,Alessandro Mendini,Italian,Male,1931.0,,,,api_error
3926,Antonio Mendoza,American,Male,1941.0,,,,api_error
3927,Edward Meneeley,American,Male,1927.0,,,,api_error
3928,Leopoldo Menegatti,Italian,Male,,,,,api_error
3929,Wendy Meng,American,Female,1944.0,,,,api_error
3930,Roberto Menghi,Italian,Male,1920.0,,,,api_error
3932,Carl (Carlo) Mense,German,Male,1886.0,1965.0,,,api_error
3933,Jan Menses,Canadian,Male,1933.0,,,,api_error
3934,Mercer,British,,,,,,api_error
3935,Carlos Mérida,Guatemalan,Male,1891.0,1984.0,,,api_error
3936,Richard Merkin,American,Male,1938.0,2009.0,,,api_error
3937,Knud Merrild,American,Male,1894.0,1954.0,,,api_error
3938,Hugh Merrill,American,Male,1949.0,,,,api_error
3939,Roger Mertin,American,Male,1942.0,2001.0,,,api_error
3940,Gerhard Merz,German,Male,1947.0,,,,api_error
3941,Mario Merz,Italian,Male,1925.0,2003.0,,,api_error
3942,Felix Meseck,German,Male,1883.0,1955.0,,,api_error
3943,E.L.T. (Edouard Léon Théodore) Mesens,Belgian,Male,1903.0,1968.0,,,api_error
3944,Bogdan-Kiar Mesko,Yugoslav,Male,,,,,api_error
3945,Jean Messagier,French,Male,1920.0,1999.0,,,api_error
3946,Gary Metz,American,Male,1941.0,,,,api_error
3947,Jean Metzinger,French,Male,1883.0,1956.0,,,api_error
3948,Ray K. Metzker,American,Male,1931.0,2014.0,,,api_error
3949,Erno Metzner,German,Male,,,,,api_error
3950,Sheila Metzner,American,Female,1939.0,,,,api_error
3951,George Meunier,French,Male,1869.0,1942.0,,,api_error
3952,Henri Meunier,Belgian,Male,1873.0,1922.0,,,api_error
3953,Tommy Mew,American,Male,,,,,api_error
3954,Floris Meydam,Dutch,Male,1919.0,,,,api_error
3955,Melissa Meyer,American,Female,1947.0,,,,api_error
3956,Hans Meyer-Petersen,Danish,Male,1937.0,,,,api_error
3957,Joel Meyerowitz,American,Male,1938.0,,,,api_error
3959,Robert Meyers,American,Male,1931.0,,,,api_error
3960,Guillermo Meza,Mexican,Male,1917.0,1997.0,,,api_error
3961,Lucjan Mianowski,Polish,Male,,,,,api_error
3962,Duane Michals,American,Male,1932.0,,,,api_error
3963,Henri Michaux,French,Male,1899.0,1984.0,,,api_error
3964,Robert Michel,German,Male,1897.0,1983.0,,,api_error
3965,Midorikawa Yoichi,Japanese,Male,1915.0,2001.0,,,api_error
3966,Mielatz,American,Male,1864.0,1919.0,,,api_error
3967,Herbert Migdoll,American,Male,,,,,api_error
3968,Miguel,Spanish,,,,,,api_error
3969,James Miho,American,Male,1933.0,,,,api_error
3970,Tomoko Miho,American,Female,1931.0,2012.0,,,api_error
3971,Fumiko Miki,Japanese,Female,,,,,api_error
3972,Jun Miki,Japanese,Male,1919.0,1992.0,,,api_error
3973,Tomio Miki,Japanese,Male,1937.0,1978.0,,,api_error
3974,Josef Mikl,Austrian,Male,1929.0,2008.0,,,api_error
3975,Eleanore Mikus,American,Female,1927.0,,,,api_error
3976,Stephen R. Milanowski,American,Male,1953.0,,,,api_error
3978,M. A. Miles,Nationality unknown,,,,,,api_error
3979,Gjon Mili,American,Male,1904.0,1984.0,,,api_error
3980,Raùl Miliàn,Cuban,Male,1914.0,1984.0,,,api_error
3981,Pedro Millar,Chilean,Male,1930.0,2014.0,,,api_error
3982,Manolo Millares,Spanish,Male,1926.0,1972.0,,,api_error
3983,Earl Miller,American,Male,1930.0,,,,api_error
3984,John Miller,American,Male,1948.0,,,,api_error
3985,Kenneth Hayes Miller,American,Male,1876.0,1952.0,,,api_error
3986,Melissa Miller,American,Female,1951.0,,,,api_error
3987,Nachume Miller,Israeli,Male,1949.0,1998.0,,,api_error
3988,P. A. Miller,American,,,,,,api_error
3989,"William H. Miller, Jr.",American,Male,,,,,api_error
3990,Peter Caldwell Millett,American,Male,1949.0,,,,api_error
3991,Edward Millman,American,Male,1907.0,1964.0,,,api_error
3992,John Mills,American,Male,1842.0,1916.0,,,api_error
3993,Lev Mills,American,Male,1940.0,,,,api_error
3994,David Brown Milne,Canadian,Male,1882.0,1953.0,,,api_error
3995,Keith Milow,British,Male,1945.0,,,,api_error
3996,Zwi Milshtein,Israeli,Male,1934.0,,,,api_error
3997,Peter Milton,American,Male,1930.0,,,,api_error
3998,Marcello Minale,Italian,Male,1938.0,2000.0,,,api_error
3999,Keiko Minami,Japanese,Female,1911.0,2004.0,,,api_error
4000,André Minaux,French,Male,1923.0,,,,api_error
4001,Stephen Mindel,American,Male,1938.0,,,,api_error
4002,Vera Bocayuva Mindlin,Brazilian,Female,,,,,api_error
4005,Roger Minick,American,Male,1944.0,,,,api_error
4006,Thomas Minkler,Nationality unknown,Male,1933.0,1994.0,,,api_error
4007,George Minne,Belgian,Male,1867.0,1941.0,,,api_error
4008,Marilyn Minter,American,Female,1948.0,,,,api_error
4010,Marta Minujín,Argentine,Male,1943.0,,,,api_error
4011,Luciano Miori,Italian,Male,1922.0,2006.0,,,api_error
4012,Jean Miotte,French,Male,1926.0,,,,api_error
4013,Victor Mira,Spanish,Male,1949.0,,,,api_error
4014,Antoni Miralda,Spanish,Male,1942.0,,,,api_error
4015,Mirko,Italian,,,,,,api_error
4016,Joan Miró,Spanish,Male,1893.0,1983.0,,,api_error
4020,Rodolfo (Rodolfo Mishaan Pinto) Mishaan,Guatemalan,Male,1924.0,,,,api_error
4021,Léonard Misonne,Belgian,Male,1870.0,1943.0,,,api_error
4022,Richard Misrach,American,Male,1949.0,,,,api_error
4023,Mary Miss,American,Female,1944.0,,,,api_error
4024,Misztrik De Monda,Russian,Male,,,,,api_error
4025,Julio Mitchel,Cuban,Male,1942.0,,,,api_error
4026,Joan Mitchell,American,Female,1925.0,1992.0,,,api_error
4027,Allan Mitelman,Australian,Male,,,,,api_error
4028,Dmitrii Mitrokhin,Russian,Male,1883.0,1973.0,,,api_error
4029,Mitsubishi Electric Corp.,Japanese,,1921.0,,,,api_error
4030,Petr Miturich,Russian,Male,,,,,api_error
4032,Akira Miyoshi,Japanese,Male,1919.0,,,,api_error
4033,Jan Młodożeniec,Polish,Male,1929.0,2000.0,,,api_error
4034,Jerry Moberg,American,Male,,,,,api_error
4035,Evsa Model,American,Male,1900.0,1976.0,,,api_error
4036,Lisette Model,American,Female,1901.0,1983.0,,,api_error
4037,Paula Modersohn-Becker,German,Female,1876.0,1907.0,,,api_error
4038,Amedeo Modigliani,Italian,Male,1884.0,1920.0,,,api_error
4039,Tina Modotti,Italian,Female,1896.0,1942.0,,,api_error
4040,Alfred Keane Moe,American,Male,,,,,api_error
4041,Siegfried Moeller,German,Male,,,,,api_error
4042,Rudolf Moethe,German,Male,,,,,api_error
4043,Curtis Moffat,British,Male,1887.0,1949.0,,,api_error
4044,Paul Mogensen,American,Male,1941.0,,,,api_error
4045,Bill Moggridge,British,Male,1943.0,2012.0,,,api_error
4046,Jean Mohler,French,Male,,,,,api_error
4048,László Moholy-Nagy,American,Male,1895.0,1946.0,,,api_error
4049,Benjamín Molina,Mexican,Male,1914.0,,,,api_error
4050,Guido Molinari,Canadian,Male,1933.0,2004.0,,,api_error
4051,Moline,Nationality unknown,,,,,,api_error
4052,Eduardo Moll,Peruvian,Male,1929.0,,,,api_error
4054,Johannes Molzahn,German,Male,1892.0,1965.0,,,api_error
4055,Sahlan Momo,Italian,Male,1944.0,,,,api_error
4056,Ana Maria Moncalvo,Argentine,Female,,,,,api_error
4057,Piet Mondrian,Dutch,Male,1872.0,1944.0,,,api_error
4058,Claude Monet,French,Male,1840.0,1926.0,,,api_error
4060,Jay Monroe,American,Male,1926.0,,,,api_error
4061,Gustavo Monroy,Mexican,Male,1959.0,,,,api_error
4062,Rubén Ortiz-Torres,Mexican,Male,1964.0,,,,api_error
4063,Roberto Montenegro,Mexican,Male,1885.0,1968.0,,,api_error
4064,Jan Montyn,Dutch,Male,1924.0,,,,api_error
4066,Robert Moon,American,Male,1941.0,,,,api_error
4067,John D. Mooney,American,Male,1941.0,,,,api_error
4068,Claire (Claire Mahl) Moore,American,Female,1917.0,1988.0,,,api_error
4069,David Moore,American,Male,1918.0,,,,api_error
4070,Frank Moore,American,Male,1953.0,2002.0,,,api_error
4071,Henry Moore,British,Male,1898.0,1986.0,,,api_error
4072,Margaret Ann Moorman,American,Female,1948.0,,,,api_error
4073,Max Oppenheimer (MOPP),American,Male,1885.0,1954.0,,,api_error
4074,"Francisco (""Pancho"") Mora",Mexican,Male,1922.0,2002.0,,,api_error
4075,Otto Morach,Swiss,Male,1887.0,1973.0,,,api_error
4077,Jesus Morales,Mexican,Male,,,,,api_error
4078,Armando Morales Sequeira,Nicaraguan,Male,1927.0,2011.0,,,api_error
4079,Giorgio Morandi,Italian,Male,1890.0,1964.0,,,api_error
4080,Ibi Trier Mørch,Danish,Male,1910.0,1980.0,,,api_error
4082,Luc-Albert Moreau,French,Male,1882.0,1948.0,,,api_error
4083,François Morellet,French,Male,1926.0,2016.0,,,api_error
4084,Alberico Morena,Italian,Male,,,,,api_error
4085,Mattia Moreni,Italian,Female,1920.0,,,,api_error
4086,Rafael Moreno,Cuban,Male,1887.0,1955.0,,,api_error
4087,Gabriel Morera,Venezuelan,Male,1933.0,,,,api_error
4088,Carlo Moretti,Italian,Male,1934.0,,,,api_error
4089,Barbara Morgan,American,Female,1900.0,1992.0,,,api_error
4090,Maud Morgan,American,Female,1903.0,1999.0,,,api_error
4091,Norma G. Morgan,American,Female,1928.0,,,,api_error
4092,Yoshitoshi Mori,Japanese,Male,1897.0,1992.0,,,api_error
4093,Morillon,French,,,,,,api_error
4094,Shigeyoshi Morioka,Japanese,Male,1941.0,,,,api_error
4095,Berthe Morisot,French,Female,1841.0,1895.0,,,api_error
4096,Morita Yasuji,Japanese,Male,1912.0,1960.0,,,api_error
4097,Andreas Moritz,German,Male,1901.0,1983.0,,,api_error
4098,Masamitsu Moriwaki,Japanese,Male,1924.0,,,,api_error
4099,Daido Moriyama,Japanese,Male,1938.0,,,,api_error
4100,Malcolm Morley,American,Male,1931.0,,,,api_error
4102,George Morris,British,Male,,,,,api_error
4103,Carl Morris,American,Male,1911.0,,,,api_error
4104,G. R. Morris,British,,,,,,api_error
4105,George L. K. Morris,American,Male,1905.0,1975.0,,,api_error
4106,Hilda Morris,American,Female,1911.0,1991.0,,,api_error
4107,Michael Morris,Canadian,Male,,,,,api_error
4108,Robert Morris,American,Male,1931.0,,,,api_error
4109,Wright Morris,American,Male,1910.0,1998.0,,,api_error
4110,Andrew Morrison,American,Male,1939.0,,,,api_error
4111,Jonathan Morse,American,Male,1948.0,,,,api_error
4113,Richard Mortensen,Danish,Male,1910.0,1993.0,,,api_error
4114,Ree Morton,American,Female,1936.0,1977.0,,,api_error
4115,Don Mortrude,American,Male,,,,,api_error
4116,Mike Mosco,American,Male,1921.0,,,,api_error
4117,Victor Moscoso,American,Male,1936.0,,,,api_error
4118,Jill Moser,American,Female,1956.0,,,,api_error
4119,Koloman Moser,Austrian,Male,1868.0,1918.0,,,api_error
4121,Ed Moses,American,Male,1926.0,,,,api_error
4122,Robert Moskowitz,American,Male,1935.0,,,,api_error
4123,Charles William Moss,American,Male,1923.0,,,,api_error
4124,Marlow Moss,British,Female,1890.0,1958.0,,,api_error
4125,Olivier Mosset,Swiss,Male,1944.0,,,,api_error
4126,Robert Motherwell,American,Male,1915.0,1991.0,,,api_error
4127,Sadamasa Motonaga,Japanese,Male,1922.0,2011.0,,,api_error
4128,Robert Mottar,American,Male,,,,,api_error
4129,Deborah de Moulpied,American,Female,1933.0,,,,api_error
4130,Edward Moulthrop,American,Male,1916.0,,,,api_error
4131,Olivier Mourgue,French,Male,1939.0,,,,api_error
4133,Stanley Mouse,American,Male,1940.0,,,,api_error
4134,Seong Moy,American,Male,1921.0,2013.0,,,api_error
4135,Marcello Muccini,Italian,Male,1926.0,1978.0,,,api_error
4136,Alphonse Mucha,Czech,Male,1860.0,1939.0,,,api_error
4137,Georg Muche,German,Male,1895.0,1987.0,,,api_error
4138,James Mudd,British,Male,1821.0,1906.0,,,api_error
4139,Grant Mudford,Australian,Male,1944.0,,,,api_error
4140,Otto Mueller,German,Male,1874.0,1930.0,,,api_error
4141,Robert Emmett Müller,American,Male,,,,,api_error
4142,John Muench,American,Male,1914.0,1993.0,,,api_error
4143,Shuji Mukai,Japanese,Male,1939.0,,,,api_error
4144,Thomas Mukarobgwa,Zimbabwean,Male,1924.0,1999.0,,,api_error
4145,Mark W. Mulhern,American,Male,1951.0,,,,api_error
4146,Michael Mullen,American,Male,1937.0,,,,api_error
4147,C. O. Muller,German,,1893.0,,,,api_error
4148,Fridolin Müller,Swiss,Male,1926.0,,,,api_error
4149,Grégoire Müller,Swiss,Male,1947.0,,,,api_error
4150,Jan Müller,American,Male,1922.0,1958.0,,,api_error
4151,Josef Felix Muller,Nationality unknown,Male,,,,,api_error
4153,Robert Müller,Swiss,Male,1920.0,2003.0,,,api_error
4154,Josef Müller-Brockmann,Swiss,Male,1914.0,1996.0,,,api_error
4155,Hans Müller-Dachau,German,Male,1877.0,1925.0,,,api_error
4156,Peter Müller-Munk,American,Male,1904.0,1967.0,,,api_error
4157,Shizuko Muller-Yoshikawa,Swiss,Female,1934.0,,,,api_error
4158,Gerd Alfred Müller,German,Male,1932.0,,,,api_error
4159,Lee Mullican,American,Male,1919.0,1998.0,,,api_error
4160,Matt Mullican,American,Male,1951.0,,,,api_error
4161,Ferdinand Mulnier,French,Male,,,,,api_error
4162,Shiko Munakata,Japanese,Male,1903.0,1975.0,,,api_error
4163,Bruno Munari,Italian,Male,1907.0,1998.0,,,api_error
4164,Edvard Munch,Norwegian,Male,1863.0,1944.0,,,api_error
4165,Janis Muncis,Russian,Male,1886.0,1955.0,,,api_error
4166,Robert Munford,American,Male,1925.0,1991.0,,,api_error
4167,Martin Munkácsi,American,Male,1896.0,1963.0,,,api_error
4168,Joe Munroe,American,Male,,,,,api_error
4169,Richard Munsell,American,Male,1909.0,,,,api_error
4170,Maina-Miriam Munsky,German,Female,1943.0,1999.0,,,api_error
4171,Donald Munson,American,Male,1945.0,,,,api_error
4172,Gabriele Münter,German,Female,1877.0,1962.0,,,api_error
4173,Murai Masanari,Japanese,Male,,,,,api_error
4174,Reiko Tanabe,Japanese,Female,1934.0,,,,api_error
4177,Nickolas Muray,American,Male,1892.0,1965.0,,,api_error
4178,Walter Tandy Murch,American,Male,1907.0,1967.0,,,api_error
4179,Zühtü Müritoğlu,Turkish,Male,1906.0,1992.0,,,api_error
4180,Catherine Murphy,American,Female,1946.0,,,,api_error
4181,Gerald Murphy,American,Male,1888.0,1964.0,,,api_error
4182,John J. A. Murphy,American,Male,1888.0,1967.0,,,api_error
4183,Michaela Allan Murphy,American,Male,1952.0,,,,api_error
4184,Colin Murray,British,Male,,,,,api_error
4185,Elizabeth Murray,American,Female,1940.0,2007.0,,,api_error
4186,Robert Murray,Nationality unknown,Male,,,,,api_error
4187,Edo Murtic,Yugoslav,Male,1921.0,2005.0,,,api_error
4188,Isaac Lane Muse,American,Male,1906.0,1996.0,,,api_error
4189,Antonio Zoran Music,Italian,Male,1909.0,2005.0,,,api_error
4190,Peter Mussfeldt,Ecuadorian,Male,1938.0,,,,api_error
4191,Toby Mussman,American,Male,1940.0,,,,api_error
4192,Eadweard J. Muybridge,American,Male,1830.0,1904.0,,,api_error
4193,Carl Mydans,American,Male,1907.0,,,,api_error
4194,Jerome Myers,Nationality unknown,Male,1867.0,1940.0,,,api_error
4195,Donia Nachshen,British,Female,,,,,api_error
4196,Nadar (Gaspard-Félix Tournachon),French,Male,1820.0,1910.0,,,api_error
4197,Elie Nadelman,American,Male,1882.0,1946.0,,,api_error
4198,Kazumasa Nagai,Japanese,Male,1929.0,,,,api_error
4199,Juichi Nagano,Japanese,Male,,,,,api_error
4200,Naganuma Koichi,Japanese,Male,,,,,api_error
4202,Takeo Nagasawa,Japanese,Male,,,,,api_error
4203,John Nagel,American,Male,1942.0,,,,api_error
4204,Reinhold Nägele,German,Male,1884.0,1972.0,,,api_error
4205,Fred Nagler,Nationality unknown,,1891.0,1983.0,,,api_error
4206,Nagwaraba,Australian,Male,,,,,api_error
4208,Masatoshi Naitoh,Japanese,Male,1938.0,,,,api_error
4209,Naoto Nakagawa,Japanese,Male,1944.0,,,,api_error
4212,Makoto Nakamura,Japanese,Male,1926.0,,,,api_error
4213,Yoshinobu Nakamura,Japanese,Male,,,,,api_error
4216,Iwata Nakayama,Japanese,Male,1895.0,1949.0,,,api_error
4217,Hitoshi Nakazato,Japanese,Male,1936.0,2010.0,,,api_error
4218,Reuben Nakian,American,Male,1897.0,1986.0,,,api_error
4219,Ronald Nameth,American,Male,,,,,api_error
4221,Mauricio Nannucci,Italian,Male,1939.0,,,,api_error
4223,Harry Napper,British,Male,1860.0,1930.0,,,api_error
4225,James Nares,British,Male,1953.0,,,,api_error
4226,Willard Nash,Nationality unknown,,1898.0,1942.0,,,api_error
4227,John Northcote Nash,British,Male,1893.0,1977.0,,,api_error
4228,Paul Nash,British,Male,1889.0,1946.0,,,api_error
4229,Thomas W. Nason,Nationality unknown,Male,1889.0,1971.0,,,api_error
4230,Ben Nason,American,Male,1915.0,,,,api_error
4231,Carlo Nason,Italian,Male,1935.0,,,,api_error
4232,Giuseppe Nason,Italian,Male,,,,,api_error
4233,Umberto Nason,Italian,Male,1889.0,1964.0,,,api_error
4234,Ugo Nason,Italian,Male,,,,,api_error
4236,Jacques Nathan-Garamond,French,Male,1910.0,2001.0,,,api_error
4238,Robert Natkin,American,Male,1930.0,2010.0,,,api_error
4239,Ulrike Nattermuller,German,Male,1955.0,,,,api_error
4240,Gertrud Natzler,American,Female,1908.0,1971.0,,,api_error
4241,Otto Natzler,American,Male,1908.0,2007.0,,,api_error
4242,Heinrich Nauen,German,Male,1880.0,1941.0,,,api_error
4243,Bruce Nauman,American,Male,1941.0,,,,api_error
4245,Ernst Wilhelm Nay,German,Male,1902.0,1968.0,,,api_error
4246,Genevieve Naylor,American,Female,1914.0,1989.0,,,api_error
4247,Joseph Ndandarika,Zimbabwean,Male,1944.0,1991.0,,,api_error
4248,Reginald Neal,American,Male,1909.0,,,,api_error
4249,Otto Nebel,German,Male,1892.0,1973.0,,,api_error
4250,"NEC Design, Ltd.",Japanese,,1971.0,,,,api_error
4251,Joseph Nechvatal,American,Male,1953.0,,,,api_error
4252,Nedo Mion Ferrario,Venezuelan,Male,1926.0,2001.0,,,api_error
4253,Alice Neel,American,Female,1900.0,1984.0,,,api_error
4254,Charles Nègre,French,Male,1820.0,1880.0,,,api_error
4255,Édgar Negret,Colombian,Male,1920.0,2012.0,,,api_error
4256,Ernst Neizvestny,Russian,Male,1925.0,2016.0,,,api_error
4257,George Nelson,American,Male,1908.0,1986.0,,,api_error
4258,Joan Nelson,American,Female,1958.0,,,,api_error
4259,Robert A. Nelson,American,Male,1925.0,,,,api_error
4260,Gerda Mikhailova Nemenova,Russian,Female,,,,,api_error
4261,Vladimir Nikolaevich Nemukhin,Russian,Male,1925.0,,,,api_error
4262,Virginia Nepodal,American,Female,1914.0,2009.0,,,api_error
4265,Lowell Nesbitt,American,Male,1933.0,1993.0,,,api_error
4266,Rolf Nesch,Norwegian,Male,1893.0,1975.0,,,api_error
4267,Greta Von Nessen,American,Female,1898.0,1978.0,,,api_error
4268,Walter Von Nessen,American,Male,1889.0,1943.0,,,api_error
4269,Steven E. Nestler,American,Male,1946.0,,,,api_error
4270,Bea Nettles,American,Female,1946.0,,,,api_error
4271,Netzler,Swedish,,,,,,api_error
4272,Robert S. Neuman,American,Male,1926.0,2015.0,,,api_error
4273,Neumann,Nationality unknown,,,,,,api_error
4275,Hannes Neuner,German,Male,,,,,api_error
4276,Joshua Neustein,American,Male,1940.0,,,,api_error
4277,Richard Neutra,American,Male,1892.0,1970.0,,,api_error
4278,Louise Nevelson,American,Female,1899.0,1988.0,,,api_error
4279,Christopher Richard Wynne Nevinson,British,Male,1889.0,1946.0,,,api_error
4281,Albert Newall,British,Male,1920.0,1989.0,,,api_error
4282,Newcombe,Nationality unknown,,,,,,api_error
4283,Beaumont Newhall,American,Male,1908.0,1993.0,,,api_error
4284,Arnold Newman,American,Male,1918.0,2006.0,,,api_error
4285,Barnett Newman,American,Male,1905.0,1970.0,,,api_error
4286,John Newman,American,Male,1952.0,,,,api_error
4287,Billie Newmarch,American,,,,,,api_error
4288,Algernon Newton,British,Male,1880.0,1968.0,,,api_error
4289,Gordon Newton,American,Male,1948.0,,,,api_error
4290,Don Nice,American,Male,1932.0,,,,api_error
4291,Herbert B. Nichols,American,Male,1907.0,1994.0,,,api_error
4292,Jim Nichols,Nationality unknown,Male,,,,,api_error
4293,Ben Nicholson,British,Male,1894.0,1982.0,,,api_error
4294,William Newzam Prior Nicholson,British,Male,1872.0,1949.0,,,api_error
4295,Robert Lovis Nicoidski,Swiss,Male,1931.0,2001.0,,,api_error
4298,Nic Nicosia,American,Male,1951.0,,,,api_error
4300,Roberto Niederer,Swiss,Male,,,,,api_error
4301,Palle Nielson,Danish,Male,1920.0,2005.0,,,api_error
4302,Rodolfo Nieto,Mexican,Male,1936.0,,,,api_error
4303,Frans van Nieuwenborg,Dutch,Male,1941.0,,,,api_error
4304,Minoru Niizuma,Japanese,Male,1930.0,1998.0,,,api_error
4307,Key L. Nilson,Swedish,Male,1938.0,2002.0,,,api_error
4308,Gladys Nilsson,American,Female,1940.0,,,,api_error
4309,Bruno Ninaber Van Eyben,Dutch,Male,1950.0,,,,api_error
4310,Hermann Nitsch,Austrian,Male,1938.0,,,,api_error
4311,Erik Nitsche,Swiss,Male,1908.0,1998.0,,,api_error
4312,Oscar Nitzchke,American,Male,1900.0,1991.0,,,api_error
4313,Niviaksiak,Canadian,Male,1908.0,1959.0,,,api_error
4314,Constantino Nivola,American,Male,1911.0,1988.0,,,api_error
4315,Nicholas Nixon,American,Male,1947.0,,,,api_error
4316,Marcello Nizzoli,Italian,Male,1887.0,1969.0,,,api_error
4317,Anthony Nobile,American,Male,1938.0,,,,api_error
4318,Tetsuya Noda,Japanese,Male,1940.0,,,,api_error
4319,Francis Noel,Nationality unknown,Male,1937.0,,,,api_error
4320,Georges Noël,French,Male,1924.0,2010.0,,,api_error
4321,Werner Nöfer,German,Male,,,,,api_error
4323,Anne Noggle,American,Female,1922.0,2005.0,,,api_error
4324,Isamu Noguchi,American,Male,1904.0,1988.0,,,api_error
4325,Sidney Nolan,Australian,Male,1917.0,1992.0,,,api_error
4326,Kenneth Noland,American,Male,1924.0,2010.0,,,api_error
4327,Emil Nolde,German,Male,1867.0,1956.0,,,api_error
4330,Richard Nonas,American,Male,1936.0,,,,api_error
4331,John Noneman,American,Male,1938.0,,,,api_error
4332,Wim Noordhoek,Nationality unknown,,,,,,api_error
4333,Barbara Norfleet,American,Female,1926.0,,,,api_error
4334,Dorothy Norman,American,Female,1905.0,1997.0,,,api_error
4335,John Warner Norton,American,Male,1876.0,1934.0,,,api_error
4336,William McFarlane Notman,Canadian,Male,1826.0,1891.0,,,api_error
4337,Noury,Czech,,,,,,api_error
4338,Lorie Novak,American,Female,1954.0,,,,api_error
4340,Gastone Novelli,Italian,Male,1925.0,1968.0,,,api_error
4341,David Novros,American,Male,1941.0,,,,api_error
4342,Ira Nowinski,American,Male,1942.0,,,,api_error
4344,Thomas Nozkowski,American,Male,1944.0,,,,api_error
4345,Sam Joseph Ntiro,Tanzanian,Male,1923.0,1993.0,,,api_error
4346,Yki Nummi,Finnish,Male,1925.0,1984.0,,,api_error
4347,Guillermo Nuñez,Chilean,Male,1930.0,,,,api_error
4348,Jim Nutt,American,Male,1938.0,,,,api_error
4349,Wallace Nutting,American,Male,1861.0,1941.0,,,api_error
4350,Futzie Nutzle,American,Female,1942.0,,,,api_error
4352,Gunnel Nyman,Finnish,Male,1909.0,1948.0,,,api_error
4353,Thom O'Connor,American,Male,1937.0,,,,api_error
4354,Roderic O'Conor,Irish,Male,1860.0,1940.0,,,api_error
4355,Hugh O'Donnell,British,Male,1950.0,,,,api_error
4356,Juan O'Gorman,Mexican,Male,1905.0,1982.0,,,api_error
4357,Frederick O'Hara,American,Male,1904.0,,,,api_error
4358,Pablo O'Higgins,American,Male,1904.0,1983.0,,,api_error
4359,Ida O'Keeffe,American,Female,1889.0,1961.0,,,api_error
4360,Georgia O'Keeffe,American,Female,1887.0,1986.0,,,api_error
4361,Jon T. O'Neal,American,Male,1957.0,,,,api_error
4362,John O'Reilly,American,Male,1930.0,,,,api_error
4363,Timothy O'Sullivan,American,Male,1840.0,1882.0,,,api_error
4364,Shuichi Obata,Japanese,Male,1932.0,,,,api_error
4365,Robert Oberheim,German,Male,1938.0,,,,api_error
4366,Jean Oberlé,French,Male,1900.0,1961.0,,,api_error
4367,Obikawa Seijiro,,,,,,,api_error
4368,Philomé Obin,Haitian,Male,1892.0,1986.0,,,api_error
4370,Isidoro Ocampo,Mexican,Male,1910.0,1983.0,,,api_error
4371,Miguel Ocampo,Argentine,Male,1922.0,,,,api_error
4372,Tetsuo Ochikubo,American,Male,1923.0,1975.0,,,api_error
4373,Starr Ockenga,American,Female,1938.0,,,,api_error
4374,Will Hiroshi Oda,American,Male,1943.0,,,,api_error
4375,Albert Oehlen,German,Male,1954.0,,,,api_error
4376,Richard Oelze,German,Male,1900.0,1981.0,,,api_error
4377,Donald M. Oenslager,American,Male,1902.0,1975.0,,,api_error
4379,Hans Ofner,Austrian,Male,1880.0,,,,api_error
4380,Haruzo Ohashi,Japanese,Male,,,,,api_error
4381,Hiroshi Ohchi,Japanese,Male,1908.0,1974.0,,,api_error
4382,Hajime Ohigashi,Japanese,Female,,,,,api_error
4383,Ohmae Hiroshi,Japanese,Female,,,,,api_error
4384,George Ohr,American,Male,1857.0,1918.0,,,api_error
4385,Shinro Ohtake,Japanese,Male,1955.0,,,,api_error
4386,Koyo Okada,Japanese,Male,1895.0,1972.0,,,api_error
4387,Rikuro Okamoto,Japanese,Male,1943.0,,,,api_error
4388,Shigeo Okamoto,Japanese,Male,1934.0,,,,api_error
4389,Yoichi R. Okamoto,American,Male,1915.0,1985.0,,,api_error
4390,Okamura Kichiemon,Japanese,Male,1916.0,,,,api_error
4392,Tetsu Okuhara,American,Male,1942.0,,,,api_error
4393,Rafal Olbinski,Polish,Male,1945.0,,,,api_error
4394,Joseph Maria Olbrich,Austrian,Male,1867.0,1908.0,,,api_error
4395,Alexander Olbricht,German,Male,1876.0,1942.0,,,api_error
4396,Serge Oldenbourg,French,Male,1927.0,2000.0,,,api_error
4397,Claes Oldenburg,American,Male,1929.0,,,,api_error
4398,Elizabeth Olds,American,Female,1897.0,1991.0,,,api_error
4399,Jules Olitski,American,Male,1922.0,2007.0,,,api_error
4400,Nathan Oliveira,American,Male,1928.0,2010.0,,,api_error
4401,Amado Mauprivez Oliver,Spanish,Male,1896.0,1996.0,,,api_error
4402,Arthur Ollman,American,Male,1947.0,,,,api_error
4403,Barbara Olmsted,American,Female,1915.0,2013.0,,,api_error
4404,Axel Olson,Swedish,Male,,,,,api_error
4405,Eric H. Olson,Swedish,Male,1909.0,1986.0,,,api_error
4406,Lennart Olson,Swedish,Male,1925.0,,,,api_error
4407,Koshiro Onchi,Japanese,Male,1891.0,1955.0,,,api_error
4408,Toni Onley,Canadian,Male,,,,,api_error
4409,Ono Takahiro,Japanese,Male,1925.0,,,,api_error
4410,Yoko Ono,American,Female,1933.0,,,,api_error
4411,Gordon Onslow-Ford,British,Male,1912.0,2003.0,,,api_error
4413,Roman Opalka,Polish,Male,1931.0,2011.0,,,api_error
4414,Rodolfo Opazo,Chilean,Male,1935.0,,,,api_error
4415,Dennis Oppenheim,American,Male,1938.0,2011.0,,,api_error
4416,Meret Oppenheim,Swiss,Female,1913.0,1985.0,,,api_error
4419,John Opper,American,Male,1908.0,1994.0,,,api_error
4420,Emmanuel-Joseph-Raphael Orazi,French,Male,1860.0,1934.0,,,api_error
4422,Ezra Orion,Israeli,Male,1934.0,2015.0,,,api_error
4423,Alex Oris,Nationality unknown,,,,,,api_error
4425,Alicia Orlandi,Argentine,Female,,,,,api_error
4426,Felipe Orlando,Cuban,Male,1911.0,2001.0,,,api_error
4427,Emil Orlik,German,Male,1870.0,1932.0,,,api_error
4429,Don Ornitz,American,Male,1920.0,,,,api_error
4430,José Clemente Orozco,Mexican,Male,1883.0,1949.0,,,api_error
4431,Alfred Everitt Orr,American,Male,1886.0,,,,api_error
4432,Orrby,Swedish,,,,,,api_error
4433,Emilio Ortiz,Mexican,Male,,,,,api_error
4434,George Ortman,American,Male,1926.0,2015.0,,,api_error
4435,Erik Ortvad,Danish,Male,1917.0,2008.0,,,api_error
4436,Osawa Gakyù,Japanese,Male,1890.0,1953.0,,,api_error
4438,Robert Osborn,American,Male,1904.0,1994.0,,,api_error
4439,Christine Osinski,American,Female,1948.0,,,,api_error
4440,Roberto Ossaye,Guatemalan,Male,1927.0,1954.0,,,api_error
4441,Alfonso Ossorio,American,Male,1916.0,1990.0,,,api_error
4442,Anders Osterlin,Swedish,Male,1926.0,,,,api_error
4443,Fayga Ostrower,Brazilian,Female,1920.0,2001.0,,,api_error
4444,Arthur Osver,American,Male,1912.0,2006.0,,,api_error
4445,Alejandro Otero,Venezuelan,Male,1921.0,1990.0,,,api_error
4446,Maria Catalina Otero Lamas,Argentine,Female,1909.0,,,,api_error
4447,Ryszard K. Otreba,Polish,Male,1932.0,,,,api_error
4448,Tom Otterness,American,Male,1952.0,,,,api_error
4449,Otto & Fiere,French,,,,,,api_error
4452,Paul Outerbridge,American,Male,1896.0,1958.0,,,api_error
4453,Marion Overby,American,,1909.0,,,,api_error
4454,Bill Owens,American,Male,1938.0,,,,api_error
4456,Owo,German,,,,,,api_error
4457,Tetsoro Oya,Japanese,Male,,,,,api_error
4458,Amédée Ozenfant,French,Male,1886.0,1966.0,,,api_error
4460,Guy Pène du Bois,American,Male,1884.0,1958.0,,,api_error
4461,Alice Rahon,French,Female,1904.0,1987.0,,,api_error
4462,Wolfgang Paalen,Austrian,Male,1905.0,1959.0,,,api_error
4464,Onofrio A. Pacenza,Argentine,Male,1904.0,1971.0,,,api_error
4465,Walter Pach,American,Male,1883.0,1958.0,,,api_error
4466,Homer Page,American,Male,1918.0,1985.0,,,api_error
4467,Patrick D. Pagnano,American,Male,1947.0,,,,api_error
4468,Andrzej Pagowski,Polish,Male,1953.0,,,,api_error
4469,Nam June Paik,American,Male,1932.0,2006.0,,,api_error
4470,Timo Tauno Pajunen,American,Male,1945.0,,,,api_error
4471,Luisa Zuloaga de Palacios,Venezuelan,Female,1923.0,1990.0,,,api_error
4472,Mimmo Paladino,Italian,Male,1948.0,,,,api_error
4473,Julio Palazuelos,Chilean,Male,1931.0,2014.0,,,api_error
4474,Blinky Palermo,German,Male,1943.0,1977.0,,,api_error
4475,Marion Palfi,American,Female,1917.0,1978.0,,,api_error
4476,Hans Heinrich Palitzsch,German,Male,1912.0,,,,api_error
4477,Tony Palladino,American,Male,1930.0,,,,api_error
4478,Sven Palmqvist,Swedish,Male,1906.0,1984.0,,,api_error
4479,Panamarenko,Belgian,Male,1940.0,,,,api_error
4480,Hally Pancer,American,Female,1961.0,,,,api_error
4481,José Pancetti,Brazilian,Male,1904.0,1958.0,,,api_error
4482,Jerzy Panek,Polish,Male,1918.0,,,,api_error
4483,Otto Pankok,German,Male,1893.0,1966.0,,,api_error
4484,Ivo Pannaggi,Italian,Male,1901.0,1981.0,,,api_error
4485,Verner Panton,Danish,Male,1926.0,1998.0,,,api_error
4487,Cesare Paolini,Italian,Male,1937.0,,,,api_error
4488,Eduardo Paolozzi,British,Male,1924.0,2005.0,,,api_error
4489,Peter Paone,American,Male,1936.0,,,,api_error
4490,Tod Papageorge,American,Male,1940.0,,,,api_error
4491,Antonio Papasso,Italian,Male,1932.0,,,,api_error
4492,Georges Papazoff,Bulgarian,Male,1894.0,1972.0,,,api_error
4493,Frederick Papsdorf,American,Male,1887.0,1978.0,,,api_error
4494,Diógenes Paredes,Ecuadorian,Male,1910.0,1968.0,,,api_error
4495,Jean-Luc Parant,Tunisian,Male,,,,,api_error
4496,Richard Pare,British,Male,1948.0,,,,api_error
4497,Mimi Parent,Canadian,Female,1924.0,2005.0,,,api_error
4498,Harold Paris,American,Male,1925.0,1979.0,,,api_error
4499,David Park,American,Male,1911.0,1960.0,,,api_error
4500,Ann Parker,American,Female,1934.0,,,,api_error
4501,Brynhild Parker,British,Male,1907.0,1987.0,,,api_error
4502,Olivia Parker,American,Female,1941.0,,,,api_error
4503,Raymond Parker,American,Male,1922.0,1990.0,,,api_error
4505,Parr,Canadian Inuit,Male,1893.0,1969.0,,,api_error
4506,Martin Parr,British,Male,1952.0,,,,api_error
4507,Maxfield Parrish,American,Male,1870.0,1966.0,,,api_error
4508,Roger Parry,French,Male,1905.0,1977.0,,,api_error
4509,Betty Parsons,American,Female,1900.0,1982.0,,,api_error
4510,Jürgen Partenheimer,German,Male,1947.0,,,,api_error
4511,Robert Partin,American,Male,1927.0,,,,api_error
4512,Roi Partridge,American,Male,,,,,api_error
4513,Edward Paschke,American,Male,1939.0,2004.0,,,api_error
4514,Jules Pascin,American,Male,1885.0,1930.0,,,api_error
4515,Victor Pasmore,British,Male,1908.0,1998.0,,,api_error
4516,Leonid Pasternak,Russian,Male,,,,,api_error
4517,César Paternosto,Argentine,Male,1931.0,,,,api_error
4518,Angelo Patin,Italian,Male,,,,,api_error
4519,Izhar Patkin,Israeli,Male,1955.0,,,,api_error
4520,Benjamin Patterson,American,Male,1934.0,2016.0,,,api_error
4521,Thomas Patti,American,Male,1943.0,,,,api_error
4522,Peter Paul,German,Male,,,,,api_error
4523,Tony Paul,American,Male,,,,,api_error
4524,Pierre Paulin,French,Male,1927.0,2009.0,,,api_error
4525,Herbert Paus,American,Male,1880.0,1946.0,,,api_error
4526,Pauta,Canadian,Male,1917.0,2009.0,,,api_error
4527,Pavlos,Greek,Male,1930.0,,,,api_error
4528,José Pavon,Mexican,Male,1902.0,,,,api_error
4529,Philip Pearlstein,American,Male,1924.0,,,,api_error
4530,Henry Pearson,American,Male,1914.0,2006.0,,,api_error
4531,John Pearson,American,Male,1940.0,,,,api_error
4532,Ronald Hayes Pearson,American,Male,1924.0,1996.0,,,api_error
4533,Max Pechstein,German,Male,1881.0,1955.0,,,api_error
4534,Mary Peck,American,Female,1952.0,,,,api_error
4535,Carl-Henning Pedersen,Danish,Male,1913.0,1993.0,,,api_error
4536,Pedrero,Spanish,,,,,,api_error
4537,Paolo Pedrizzetti,Italian,Male,1947.0,,,,api_error
4538,Eleanore Peduzzi-Riva,Italian,Female,1936.0,,,,api_error
4539,Josef Peeters,Belgian,Male,1895.0,1960.0,,,api_error
4540,Franz Peffer,German,Male,1887.0,1937.0,,,api_error
4541,Amelia Peláez Del Casal,Cuban,Female,1896.0,1968.0,,,api_error
4542,Pellegrini,Swiss,,,,,,api_error
4543,John Pemberton,British,Male,1948.0,,,,api_error
4545,Gianni Penati,Italian,Male,1930.0,,,,api_error
4546,A.R. Penck (Ralf Winkler),German,Male,1939.0,,,,api_error
4547,Edward Penfield,American,Male,1866.0,1925.0,,,api_error
4548,Irving Penn,American,Male,1917.0,2009.0,,,api_error
4549,Joseph Pennell,American,Male,1860.0,1926.0,,,api_error
4550,Giuseppe Penone,Italian,Male,1947.0,,,,api_error
4551,Roland Penrose,British,Male,1900.0,1984.0,,,api_error
4552,Auguste Pèquègnot,French,Male,1819.0,1878.0,,,api_error
4553,Irene Rice Pereira,American,Female,1907.0,1971.0,,,api_error
4554,Gilles Peress,French,Male,1946.0,,,,api_error
4555,David Peretz,Nationality unknown,Male,,,,,api_error
4557,Rossini Perez,Brazilian,Male,,,,,api_error
4559,László Peri,Hungarian,Male,1899.0,1967.0,,,api_error
4560,Achille Perilli,Italian,Male,1927.0,,,,api_error
4561,Bernard Perlin,American,Male,1918.0,2014.0,,,api_error
4562,Abigail Perlmutter,American,Female,1950.0,,,,api_error
4563,Oliva Perotes,Spanish,Female,,,,,api_error
4564,Charlotte Perriand,French,Female,1903.0,1999.0,,,api_error
4565,Stephen Perrin,American,Male,1932.0,,,,api_error
4567,Herry Perry,British,Female,1893.0,1962.0,,,api_error
4568,Mario Persico,Italian,Male,1930.0,,,,api_error
4569,Dolly Perutz,American,Female,1908.0,1979.0,,,api_error
4570,Gaetano Pesce,Italian,Male,1939.0,,,,api_error
4571,Gabor Peterdi,American,Male,1915.0,2001.0,,,api_error
4572,Walter A. Peterhans,American,Male,1897.0,1960.0,,,api_error
4573,P. Petersen,Swedish,,,,,,api_error
4574,Roland Petersen,American,Male,1926.0,,,,api_error
4576,Pierre Petit,French,Male,1832.0,1909.0,,,api_error
4577,Hippolyte Petitjean,French,Male,1854.0,1929.0,,,api_error
4578,Irving Petlin,American,Male,1934.0,,,,api_error
4580,Trude Petri-Raben,American,Female,1906.0,1998.0,,,api_error
4581,Paul Petricone,American,Male,1923.0,1988.0,,,api_error
4582,Wolfgang Petrik,German,Male,,,,,api_error
4583,Petronio,Nationality unknown,,,,,,api_error
4584,Dimitri Petrov,American,Male,1919.0,1986.0,,,api_error
4585,Mischa Petrow,Nationality unknown,Male,,,,,api_error
4586,William Pettet,American,Male,1942.0,,,,api_error
4587,Richard Pettibone,American,Male,1938.0,,,,api_error
4588,Emilio Pettoruti,Argentine,Male,1892.0,1971.0,,,api_error
4589,Mary Petty,American,Female,1899.0,1976.0,,,api_error
4590,Cesare Peverelli,Italian,Male,1922.0,2000.0,,,api_error
4591,Antoine Pevsner,French,Male,1886.0,1962.0,,,api_error
4592,Dominique-Paul Peyronnet,French,Male,1872.0,1943.0,,,api_error
4593,Wilfred Pezold,German,Male,1934.0,,,,api_error
4594,Judy Pfaff,American,Female,1946.0,,,,api_error
4595,Georg-Karl Pfahler,German,Male,,,,,api_error
4596,Peter Pfisterer,Swiss,Male,1907.0,,,,api_error
4597,Bernard Pfriem,American,Male,1916.0,1996.0,,,api_error
4598,Ellen Phelan,American,Female,1943.0,,,,api_error
4599,Coles Phillips,American,Male,1880.0,1927.0,,,api_error
4600,Helen Phillips,American,Female,1913.0,1995.0,,,api_error
4601,Mary Walker Phillips,American,Female,1923.0,,,,api_error
4602,Peter Phillips,British,Male,1939.0,,,,api_error
4603,Tom Phillips,British,Male,1937.0,,,,api_error
4604,Photographie Modèle,French,,,,,,api_error
4605,Celestino Piatti,Swiss,Male,1922.0,2007.0,,,api_error
4606,Jean Piaubert,French,Male,1900.0,2002.0,,,api_error
4607,Francis Picabia,French,Male,1879.0,1953.0,,,api_error
4608,Lil Picard,American,Female,1899.0,1994.0,,,api_error
4609,Pablo Picasso,Spanish,Male,1881.0,1973.0,,,api_error
4610,Joseph Piccillo,American,Male,1937.0,,,,api_error
4611,Ivan Picelj,Croatian,Male,1924.0,2011.0,,,api_error
4612,Walter Pichler,Austrian,Male,1936.0,2012.0,,,api_error
4613,Alton Pickens,American,Male,1917.0,1991.0,,,api_error
4614,Joseph Pickett,American,Male,1848.0,1918.0,,,api_error
4615,Carl Pickhardt,American,Male,1908.0,2004.0,,,api_error
4616,Paul Peter Piech,American,Male,1920.0,1996.0,,,api_error
4617,Otto Piene,German,Male,1928.0,2014.0,,,api_error
4618,Leona Pierce,American,Female,1921.0,2002.0,,,api_error
4619,L. Pierson,French,,,,,,api_error
4620,Édouard Pignon,French,Male,1905.0,1993.0,,,api_error
4622,Faramarz Pilaram,Iranian,Male,1937.0,1982.0,,,api_error
4623,David Pilbrow,American,Male,1940.0,,,,api_error
4624,Mick Pilcher,British,Male,,,,,api_error
4625,Howardena Pindell,American,Female,1943.0,,,,api_error
4627,Adão Pinheiro,Brazilian,Male,1938.0,,,,api_error
4628,I. G. Pinlats,Spanish,,1901.0,,,,api_error
4629,Giovanni Pintori,Italian,Male,1912.0,1999.0,,,api_error
4630,Jacob Pins,German,Male,,,,,api_error
4631,Eugène Piot,French,Male,1821.0,1891.0,,,api_error
4632,René Piot,French,Male,1869.0,1934.0,,,api_error
4633,John Piper,British,Male,1903.0,1992.0,,,api_error
4634,Lauren Piperno,American,Female,1949.0,,,,api_error
4635,Horace Pippin,American,Male,1888.0,1946.0,,,api_error
4636,Ezio Pirali,Italian,Male,1921.0,,,,api_error
4637,Fausto Pirandello,Italian,Male,1899.0,1975.0,,,api_error
4638,Giancarlo Piretti,Italian,Male,1940.0,,,,api_error
4639,Woody Pirtle,American,Male,,,,,api_error
4640,Camille Pissarro,French,Male,1830.0,1903.0,,,api_error
4641,Michelangelo Pistoletto,Italian,Male,1933.0,,,,api_error
4642,Gerardo Pita,Spanish,Male,1950.0,,,,api_error
4643,Pitseolak,Canadian,Female,1904.0,1983.0,,,api_error
4644,Arthur Luis Piza,Brazilian,Male,,,,,api_error
4645,Armando Pizzinato,Italian,Male,1910.0,2004.0,,,api_error
4646,José Pla-Narbona,Spanish,Male,1928.0,,,,api_error
4647,Sylvia Plachy,American,Female,1943.0,,,,api_error
4650,Hans Platschek,German,Male,1923.0,,,,api_error
4651,Philip Platt,American,Male,,,,,api_error
4652,Henri Plaut,French,Male,,,,,api_error
4653,Dimitri Petrovich Plavinsky,Russian,Male,1937.0,2012.0,,,api_error
4654,Linda Plotkin,American,Female,1938.0,,,,api_error
4655,David Plowden,American,Male,1932.0,,,,api_error
4656,William Lansing Plumb and Associates,American,,1963.0,,,,api_error
4658,Michael Podulke,American,Male,,,,,api_error
4659,Marjan Pogacnik,Yugoslav,Male,1920.0,2005.0,,,api_error
4660,Alfred Pohl,German,Male,1928.0,,,,api_error
4661,Anne Poirier,French,Female,1942.0,,,,api_error
4662,Patrick Poirier,French,Male,1942.0,,,,api_error
4663,Marcel Polak,Dutch,Male,1902.0,1962.0,,,api_error
4666,Rogelio Polesello,Argentine,Male,1939.0,2014.0,,,api_error
4668,Steve Poleskie,American,Male,1938.0,,,,api_error
4669,Flavio Poli,Italian,Male,1900.0,1984.0,,,api_error
4670,Serge Poliakoff,French,Male,1906.0,1969.0,,,api_error
4671,Sigmar Polke,German,Male,1941.0,2010.0,,,api_error
4672,Reginald Pollack,American,Male,1924.0,2001.0,,,api_error
4673,Joseph Pollet,American,Male,1897.0,1979.0,,,api_error
4674,Dean Pollock,American,Male,1897.0,1971.0,,,api_error
4675,Jackson Pollock,American,Male,1912.0,1956.0,,,api_error
4676,Arnaldo Pomodoro,Italian,Male,1926.0,,,,api_error
4677,Giò Pomodoro,Italian,Male,1930.0,2002.0,,,api_error
4678,Gaetano Pompa,Italian,Male,,,,,api_error
4680,Joan Ponç,Spanish,Male,1927.0,1984.0,,,api_error
4681,Fidelio Ponce De León,Cuban,Male,1896.0,1949.0,,,api_error
4682,Michael Ponce De Leon,American,Male,1922.0,,,,api_error
4683,Jacqueline Poncelet,British,Female,1947.0,,,,api_error
4685,Clayton Pond,American,Male,1941.0,,,,api_error
4686,Isabel Pons,Brazilian,Female,,,,,api_error
4687,Carlo Ponti,Italian,Male,1802.0,1893.0,,,api_error
4688,Gio Ponti,Italian,Male,1891.0,1979.0,,,api_error
4689,C. Emanuele Ponzio,Italian,Female,1923.0,,,,api_error
4690,Irene Poon,American,Female,1941.0,,,,api_error
4691,Larry Poons,American,Male,1937.0,,,,api_error
4693,Pootagook,Canadian,Male,1887.0,1958.0,,,api_error
4694,Lyubov Popova,Russian,Female,1889.0,1924.0,,,api_error
4695,Popp-Kircheim,Nationality unknown,,,,,,api_error
4696,James Poppitz,American,Male,1957.0,,,,api_error
4697,V. Lorenzo Porcelli,American,,1933.0,,,,api_error
4698,Porsche Design Group,German,,1948.0,,,,api_error
4699,Bruce Porter,American,Male,1943.0,,,,api_error
4700,Eliot Porter,American,Male,1901.0,1990.0,,,api_error
4701,Fairfield Porter,American,Male,1907.0,1975.0,,,api_error
4702,Katherine Porter,American,Female,1941.0,,,,api_error
4703,Liliana Porter,American,Female,1941.0,,,,api_error
4704,A. Portier,French,Male,1850.0,1874.0,,,api_error
4705,Cândido Portinari,Brazilian,Male,1903.0,1962.0,,,api_error
4706,Giacomo Porzano,Italian,Male,1925.0,2006.0,,,api_error
4707,José-Guadalupe Posada,Mexican,Male,1852.0,1913.0,,,api_error
4709,Stephen Posen,American,Male,1939.0,,,,api_error
4710,Helen Margaret Post,American,Female,1907.0,1979.0,,,api_error
4711,William B. Post,American,Male,1857.0,1925.0,,,api_error
4712,Hannes Postma,Dutch,Male,1933.0,,,,api_error
4714,Jane Poupelet,French,Female,1878.0,1932.0,,,api_error
4715,Joanna Pousette-Dart,American,Female,1947.0,,,,api_error
4716,Richard Pousette-Dart,American,Male,1916.0,1992.0,,,api_error
4717,Cyril Edward Power,British,Male,1872.0,1951.0,,,api_error
4718,Rudy Pozzatti,American,Male,1925.0,,,,api_error
4719,Lucio Pozzi,American,Male,1935.0,,,,api_error
4720,Enrico Prampolini,Italian,Male,1894.0,1956.0,,,api_error
4721,Mario Prassinos,French,Male,1916.0,1985.0,,,api_error
4722,Charles Pratt,American,Male,1926.0,1976.0,,,api_error
4723,Davis J. Pratt,American,Male,1917.0,1987.0,,,api_error
4724,Léon Prébandier,French,Male,1921.0,,,,api_error
4725,Emile Preetorius,German,Male,1883.0,1973.0,,,api_error
4726,Jan Preisler,Czech,Male,1872.0,1918.0,,,api_error
4727,Maurice Prendergast,American,Male,1859.0,1924.0,,,api_error
4728,David Prentice,American,Male,1943.0,,,,api_error
4729,James Prestini,American,Male,1908.0,1993.0,,,api_error
4731,Jacques Prévert,French,Male,1900.0,1977.0,,,api_error
4732,Henri Pribik,Czech,Male,1944.0,,,,api_error
4733,Zlatko Prica,,,,,,,api_error
4734,Ken Price,American,Male,1935.0,2012.0,,,api_error
4735,Ursula Morley Price,British,Female,1936.0,,,,api_error
4736,Zigmunds Priede,American,Male,1935.0,,,,api_error
4737,David Prifti,American,Male,1961.0,2011.0,,,api_error
4738,Johan Thorn Prikker,Dutch,Male,1932.0,1968.0,,,api_error
4739,Stephen Prina,American,Male,1954.0,,,,api_error
4740,Douglas Prince,American,Male,1943.0,,,,api_error
4741,Richard Prince,American,Male,1949.0,,,,api_error
4742,Antoine Prinner,French,Male,1902.0,1983.0,,,api_error
4743,Leah De Prizio,American,Female,1935.0,,,,api_error
4744,Patrick Procktor,British,Male,1936.0,2003.0,,,api_error
4745,Rick Prol,American,Male,1956.0,,,,api_error
4747,Boris Prusakov,Russian,Male,,,,,api_error
4748,Nikolai Prusakov,Russian,Male,1900.0,1952.0,,,api_error
4749,Otto Prutscher,Austrian,Male,1880.0,1949.0,,,api_error
4750,H. B. Puchingen,Austrian,,,,,,api_error
4751,Pudlo Pudlat,Canadian,Male,1916.0,1992.0,,,api_error
4752,Peter Rose Pulham,British,Male,1910.0,1956.0,,,api_error
4753,Arthur Pulos,American,Male,1917.0,,,,api_error
4754,Jean Pougny (Ivan Puni),Russian,Male,1892.0,1956.0,,,api_error
4755,Hans Purrmann,German,Male,1880.0,1966.0,,,api_error
4756,Peter Purves-Smith,Australian,Male,1913.0,1949.0,,,api_error
4757,Tom Purvis,British,Male,1889.0,1959.0,,,api_error
4758,Martin Puryear,American,Male,1941.0,,,,api_error
4759,Theodor Puschkarski,Austrian,Male,1946.0,,,,api_error
4760,Mavis Pusey,American,Male,1928.0,,,,api_error
4761,Wallace Putnam,American,Male,1899.0,1989.0,,,api_error
4762,Pierre Puvis de Chavannes,French,Male,1824.0,1898.0,,,api_error
4763,Jean Puy,French,Male,1876.0,1960.0,,,api_error
4764,William Pye,British,Male,1938.0,,,,api_error
4765,Leonard Pytlak,American,Male,1910.0,1998.0,,,api_error
4766,Gertrude Quastler,American,Female,1909.0,1963.0,,,api_error
4767,Harvey Quaytman,American,Male,1937.0,2002.0,,,api_error
4768,Edme Quenedey,French,Male,,,,,api_error
4769,Bernard Quentin,French,Male,1923.0,,,,api_error
4770,Charles Quest,American,Male,1904.0,1993.0,,,api_error
4771,Herb Quick,American,Male,1925.0,,,,api_error
4772,Achille Quinet,French,Male,,1900.0,,,api_error
4773,Luis Quintanilla,Spanish,Male,1895.0,1980.0,,,api_error
4774,Lothar Quinte,German,Male,1923.0,2000.0,,,api_error
4775,Walter Quirt,American,Male,1902.0,1968.0,,,api_error
4777,Peter Raacke,German,Male,1928.0,,,,api_error
4778,Fanny Rabel,Mexican,Female,,,,,api_error
4779,David Rabinowitch,Canadian,Male,1943.0,,,,api_error
4780,Michael Rabinowitz,British,Male,,,,,api_error
4781,Leo Rabkin,American,Male,1919.0,2015.0,,,api_error
4782,Ernest Race,British,Male,1913.0,1964.0,,,api_error
4783,André Racz,American,Male,1916.0,1994.0,,,api_error
4784,Lucia Radochonska,Polish,Female,1948.0,,,,api_error
4785,Franz Radziwill,German,Male,1895.0,1983.0,,,api_error
4786,Louis Raemaekers,Dutch,Male,1869.0,1956.0,,,api_error
4787,Markus Raetz,Swiss,Male,1941.0,,,,api_error
4788,Joseph Raffael,American,Male,1933.0,,,,api_error
4789,J. V. Raffaelli,French,,,,,,api_error
4790,Bedri Rahmi,Turkish,Male,1913.0,1975.0,,,api_error
4792,Arnulf Rainer,Austrian,Male,1929.0,,,,api_error
4793,Tomas Rajlich,Czech,Male,1940.0,,,,api_error
4794,Naftali Rakuzin,Russian,Male,1948.0,,,,api_error
4798,Natacha Rambova,American,Female,,,,,api_error
4799,Gunter Rambow,German,Male,1938.0,,,,api_error
4801,Everardo Ramirez,Mexican,Male,1906.0,1992.0,,,api_error
4803,Eduardo Ramirez Villamizar,Colombian,Male,1922.0,2004.0,,,api_error
4804,Rammellzee,American,Male,1960.0,2010.0,,,api_error
4806,Mel Ramos,American,Male,1935.0,,,,api_error
4807,José Carlos Ramos Galvez,Peruvian,Male,1948.0,,,,api_error
4808,Daniel Ranalli,American,Male,1946.0,,,,api_error
4809,Paul Rand,American,Male,1914.0,1996.0,,,api_error
4810,Herbert E. Randall,American,Male,1936.0,,,,api_error
4811,W. D. Randall,American,Male,1908.0,1989.0,,,api_error
4812,A. Richard Ranft,Swiss,Male,1862.0,1931.0,,,api_error
4813,Edward Ranney,American,Male,1942.0,,,,api_error
4814,Paul Ranson,French,Male,1862.0,1909.0,,,api_error
4815,Rapier,British,,,,,,api_error
4816,Umberto Raponi,Nationality unknown,Male,,,,,api_error
4817,Armand M. Rassenfosse,French,Male,1862.0,1934.0,,,api_error
4818,Hans H. Rath,Austrian,Male,1904.0,1968.0,,,api_error
4819,Stephan Rath,Austrian,Male,1876.0,1960.0,,,api_error
4820,Marc Ratliff,American,Male,,,,,api_error
4821,Abraham Rattner,American,Male,1893.0,1978.0,,,api_error
4822,William H. Rau,American,Male,1855.0,1920.0,,,api_error
4823,Robert Rauschenberg,American,Male,1925.0,2008.0,,,api_error
4825,Peter Ray,British,Male,,,,,api_error
4826,Tony Ray-Jones,British,Male,1941.0,1972.0,,,api_error
4828,Marie Raymond,French,Female,1908.0,1988.0,,,api_error
4829,Jean Pierre Raynaud,French,Male,1939.0,,,,api_error
4830,Josef Raynefeld,Polish,Male,1913.0,1940.0,,,api_error
4831,Omar Rayo,Colombian,Male,1928.0,2010.0,,,api_error
4832,Martial Raysse,French,Male,1936.0,,,,api_error
4833,George Reavey,Nationality unknown,Male,,,,,api_error
4834,Jean Reavey,Nationality unknown,Male,,,,,api_error
4836,N. Krishna Reddy,Indian,Male,1925.0,,,,api_error
4837,Bernard Reder,American,Male,1897.0,1963.0,,,api_error
4838,June Redfern,British,Female,1951.0,,,,api_error
4839,Robert S. Redfield,American,Male,1849.0,1923.0,,,api_error
4840,Odilon Redon,French,Male,1840.0,1916.0,,,api_error
4841,Junius Redwood,American,Male,1917.0,1991.0,,,api_error
4842,Ethel Reed,American,Female,1876.0,,,,api_error
4843,Ruth Reeves,American,Female,1892.0,1966.0,,,api_error
4844,Helge Refn,Danish,Female,,,,,api_error
4845,Anton Refregier,American,Male,1905.0,1979.0,,,api_error
4846,Johannes Regn,Nationality unknown,Male,1935.0,,,,api_error
4847,Paula Rego,Portuguese,Female,1935.0,,,,api_error
4848,Steve Reich,American,Male,1936.0,,,,api_error
4849,Jesse Reichek,American,Male,1916.0,2005.0,,,api_error
4850,Josua Reichert,German,Male,1937.0,,,,api_error
4851,Vilem Reichmann,Czech,Male,1908.0,,,,api_error
4853,William Reimann,American,Male,1935.0,,,,api_error
4855,Winfried Reinbacher,German,Male,,,,,api_error
4856,Ad Reinhardt,American,Male,1913.0,1967.0,,,api_error
4857,Nono Reinhold,Dutch,Female,1929.0,,,,api_error
4858,Reinhoud (Reinhoud D'haese),Belgian,Male,1928.0,2007.0,,,api_error
4860,Reiss,British,,,,,,api_error
4861,Nancy Reitkopf,Nationality unknown,Female,,,,,api_error
4862,Oscar G. Rejlander,British,Male,1813.0,1875.0,,,api_error
4864,F. A. Renard,French,,,,,,api_error
4865,Emilio J. Renart,Argentine,Male,1925.0,1991.0,,,api_error
4866,Albert Renger-Patzsch,German,Male,1897.0,1966.0,,,api_error
4867,Eduard Renggli,Swiss,Male,1882.0,1939.0,,,api_error
4868,Eric P. Renner,American,Male,1941.0,,,,api_error
4869,Pierre-Auguste Renoir,French,Male,1841.0,1919.0,,,api_error
4870,Edda Renouf,American,Female,1943.0,,,,api_error
4872,Marcia Resnick,American,Female,1950.0,,,,api_error
4873,Milton Resnick,American,Male,1917.0,2004.0,,,api_error
4874,Pierre Restany,French,Male,1930.0,2003.0,,,api_error
4876,Alfred Reth,Hungarian,Male,1884.0,1966.0,,,api_error
4877,Maria Reuter,German,Female,1929.0,,,,api_error
4878,Carl Fredrik Reuterswärd,Swedish,Male,1934.0,,,,api_error
4879,Charles Reutlinger,French,Male,1816.0,1880.0,,,api_error
4880,Paul Revel,French,Male,1922.0,1983.0,,,api_error
4882,Nancy Rexroth,American,Female,1946.0,,,,api_error
4883,Jesús Reyes Ferreira,Mexican,Male,1882.0,1977.0,,,api_error
4884,Jeanne Reynal,American,Female,1903.0,1983.0,,,api_error
4885,Grant T. Reynard,American,Male,1887.0,1968.0,,,api_error
4886,Alan Reynolds,British,Male,1926.0,2014.0,,,api_error
4887,John Reynolds,British,Male,,,,,api_error
4888,Antonio Reynoso,Mexican,Male,1919.0,1996.0,,,api_error
4890,Serge Rezvani,French,Male,1928.0,,,,api_error
4891,Louis Rhead,American,Male,1857.0,1926.0,,,api_error
4892,Marvin Rhodes,American,Male,1948.0,,,,api_error
4893,Georges Ribemont-Dessaignes,French,Male,1884.0,1974.0,,,api_error
4894,Barbara Chase-Riboud,American,Female,1939.0,,,,api_error
4895,Marc Riboud,French,Male,1923.0,2016.0,,,api_error
4896,Enric Ricart,Spanish,Male,1893.0,,,,api_error
4897,Franco Ricci,Italian,Male,1937.0,,,,api_error
4898,Burton Rice,American,Male,,,,,api_error
4899,Leland Rice,American,Male,1940.0,,,,api_error
4900,James Bartlett Rich,American,Male,1866.0,1942.0,,,api_error
4902,Ceri Richards,British,Male,1903.0,1971.0,,,api_error
4903,Eugene Richards,American,Male,1944.0,,,,api_error
4904,Robert Richenburg,American,Male,1917.0,2006.0,,,api_error
4905,Germaine Richier,French,Female,1904.0,1959.0,,,api_error
4907,Gerhard Richter,German,Male,1932.0,,,,api_error
4908,Hans Richter,American,Male,1888.0,1976.0,,,api_error
4909,Klaus Richter,German,Male,1887.0,1948.0,,,api_error
4910,Roy Richter,American,Male,1914.0,1983.0,,,api_error
4911,Marco Richterich,Swiss,Male,1929.0,,,,api_error
4912,George Rickey,American,Male,1907.0,2002.0,,,api_error
4913,James Riddle,American,Male,1933.0,,,,api_error
4914,John G. Rideout,American,Male,1898.0,1951.0,,,api_error
4915,Lucie Rie,British,Female,1902.0,1995.0,,,api_error
4916,John Rieben,American,Male,1935.0,,,,api_error
4917,Claus Joseph Riedel,Austrian,Male,1925.0,,,,api_error
4918,Richard Riemerschmid,German,Male,1868.0,1957.0,,,api_error
4919,Henry Ries,American,Male,1917.0,2004.0,,,api_error
4920,S. H. Riesenberg,American,,1885.0,1962.0,,,api_error
4921,Dolf Rieser,British,Male,1893.0,1983.0,,,api_error
4922,Gerrit Rietveld,Dutch,Male,1888.0,1964.0,,,api_error
4923,P. Riffaut,French,,,,,,api_error
4924,J.J.J. (Jean-Jacques-Joachim) Rigal,French,Male,1926.0,1997.0,,,api_error
4926,Robert Riggs,American,Male,1896.0,1970.0,,,api_error
4927,Rigobaldi,Italian,,,,,,api_error
4928,Jacob August Riis,American,Male,1849.0,1914.0,,,api_error
4929,Bridget Riley,British,Female,1931.0,,,,api_error
4930,Terry Riley,American,Male,1935.0,,,,api_error
4933,Klaus Rinke,German,Male,1939.0,,,,api_error
4934,Jean-Paul Riopelle,Canadian,Male,1923.0,2002.0,,,api_error
4935,Jozsef Rippl-Rónai,Hungarian,Male,,,,,api_error
4936,Murray Riss,American,Male,1940.0,,,,api_error
4937,James Risser,American,Male,1947.0,,,,api_error
4938,William Rittase,American,Male,1894.0,1968.0,,,api_error
4939,Humberto Rivas,Argentine,Male,1937.0,2009.0,,,api_error
4940,Augusto Rivera,Colombian,Male,1922.0,1982.0,,,api_error
4941,Carlos Raquel Rivera,American,Male,1923.0,1999.0,,,api_error
4942,Diego Rivera,Mexican,Male,1886.0,1957.0,,,api_error
4943,Manuel Rivera,Spanish,Male,1927.0,1994.0,,,api_error
4944,Jacinto H. Rivero Castilla,Peruvian,Male,,,,,api_error
4945,Larry Rivers,American,Male,1923.0,2002.0,,,api_error
4946,Henri Rivière,French,Male,1864.0,1951.0,,,api_error
4947,Dan Rizzie,American,Male,1951.0,,,,api_error
4949,Manuel Robbe,French,Male,1872.0,1936.0,,,api_error
4950,Bruce Robbins,American,Male,1948.0,,,,api_error
4951,David Robbins,American,Male,1912.0,1981.0,,,api_error
4952,Hulda Robbins,American,Female,1910.0,2010.0,,,api_error
4953,LeRoy Southward Robbins,American,Male,1904.0,1987.0,,,api_error
4955,Louis-Rémy Robert,French,Male,1811.0,1882.0,,,api_error
4957,William Roberts,British,Male,1895.0,1980.0,,,api_error
4958,Henry B. Robertson,American,Male,,,,,api_error
4959,James Robertson,British,Male,1813.0,1888.0,,,api_error
4963,Henry Peach Robinson,British,Male,1830.0,1901.0,,,api_error
4964,Ione Robinson,American,Male,1910.0,1989.0,,,api_error
4965,Walter Robinson,American,Male,1950.0,,,,api_error
4967,T. H. Robsjohn-Gibbings,American,Male,1905.0,1976.0,,,api_error
4968,Hugo Robus,American,Male,1885.0,1964.0,,,api_error
4969,Gunther Rochelt,German,Male,1939.0,,,,api_error
4970,Rocher,French,,,,,,api_error
4972,Dorothea Rockburne,American,Female,1932.0,,,,api_error
4973,Rockwood and Company,American,,1832.0,1911.0,,,api_error
4974,Juan Antonio Roda,Colombian,Male,1921.0,2003.0,,,api_error
4975,Aleksandr Rodchenko,Russian,Male,1891.0,1956.0,,,api_error
4978,Auguste Rodin,French,Male,1840.0,1917.0,,,api_error
4979,Mary Rodney,American,Female,,,,,api_error
4981,Emilio Rodríguez Larraín,Peruvian,Male,1928.0,2015.0,,,api_error
4982,Juan Carlos Rodriguez,Nationality unknown,Male,,,,,api_error
4983,Manuel Rodríguez Lozano,Mexican,Male,1896.0,1971.0,,,api_error
4984,Sebastian Rodriguez,Peruvian,Male,1896.0,1968.0,,,api_error
4985,Jenny Roed,German,Female,,,,,api_error
4986,Herman Roeg,American,Male,,,,,api_error
4988,Nick Roericht,German,Male,1932.0,,,,api_error
4989,Kurt Roesch,American,Male,1905.0,1984.0,,,api_error
4990,Georg Walter Roessner,German,Male,1885.0,1972.0,,,api_error
4991,Walter Rogalski,American,Male,1923.0,,,,api_error
4992,John C. Rogers,Nationality unknown,Male,,,,,api_error
4993,Mary Rogers,British,Female,1929.0,,,,api_error
4995,Roger van Rogger,Belgian,Male,1914.0,1983.0,,,api_error
4996,Rogi André (Rozsa Klein),Hungarian,Female,1905.0,1970.0,,,api_error
4998,Milton Rogovin,American,Male,1909.0,2011.0,,,api_error
4999,Gilbert Rohde,American,Male,1894.0,1944.0,,,api_error
5000,Christian Rohlfs,German,Male,1849.0,1938.0,,,api_error
5001,Robert Rohm,American,Male,1934.0,,,,api_error
5002,Benedikt Rohner,Swiss,Male,,,,,api_error
5003,Charles Roitz,American,Male,1935.0,2012.0,,,api_error
5004,Carlos Rojas,Colombian,Male,1933.0,1997.0,,,api_error
5005,K.O.S. (Kids of Survival),American,,1982.0,,,,api_error
5006,Thomas Roma,American,Male,1950.0,,,,api_error
5007,Dominique Roman,French,Male,1824.0,1911.0,,,api_error
5008,Romolo Romani,Italian,Male,,,,,api_error
5009,Clare Romano,American,Female,1922.0,,,,api_error
5010,Oswaldo Romberg,Argentine,Male,1938.0,,,,api_error
5011,Gust Romijn,Dutch,Male,,,,,api_error
5012,William Ronald,Canadian,Male,1926.0,1998.0,,,api_error
5013,Nelson Ronsheim,American,Male,,,,,api_error
5014,Leonardo Rosa,Nationality unknown,Male,,,,,api_error
5015,Kitaoji Rosanjin,Japanese,Male,1883.0,1959.0,,,api_error
5016,James Rosati,American,Male,1912.0,1988.0,,,api_error
5017,Brian Rose,American,Male,1954.0,,,,api_error
5018,David Rose,Australian,Male,1936.0,,,,api_error
5019,Herman Rose,American,Male,1909.0,2007.0,,,api_error
5020,Walter Rosenblum,American,Male,1919.0,2006.0,,,api_error
5021,James Rosenquist,American,Male,1933.0,,,,api_error
5022,Bernard Rosenthal,American,Male,1914.0,2009.0,,,api_error
5024,"Rosenthal Porzellan A.g., company design",German,,1879.0,,,,api_error
5025,Stephan Rosenthal,American,Male,,,,,api_error
5026,Lauri Rosenwald,American,Female,,,,,api_error
5027,Henry Rosling,British,Male,,,,,api_error
5028,Seymour Rosofsky,American,Male,1924.0,1981.0,,,api_error
5029,Brown Ross,British,Male,1942.0,,,,api_error
5030,Judith Joy Ross,American,Female,1946.0,,,,api_error
5031,Merg Ross,American,Female,1941.0,,,,api_error
5032,Ed Rossbach,American,Male,1914.0,2002.0,,,api_error
5034,Jaroslav Rössler,Czech,Male,1902.0,1990.0,,,api_error
5035,Rossmann,Nationality unknown,,,,,,api_error
5036,Medardo Rosso,Italian,Male,1858.0,1928.0,,,api_error
5037,Alfredo Rostgaard,Cuban,Male,1943.0,,,,api_error
5039,Theodore Roszak,American,Male,1907.0,1981.0,,,api_error
5040,Thurman Rotan,American,Male,1903.0,1991.0,,,api_error
5041,Mimmo Rotella,Italian,Male,1918.0,2006.0,,,api_error
5042,Dieter Roth,Swiss,Male,1930.0,1998.0,,,api_error
5043,Jack Roth,American,Male,1927.0,2004.0,,,api_error
5044,Susan Rothenberg,American,Female,1945.0,,,,api_error
5045,Michael Rothenstein,British,Male,,,,,api_error
5046,H. A. Rothholz,British,Male,1919.0,2000.0,,,api_error
5047,Mark Rothko,American,Male,1903.0,1970.0,,,api_error
5049,H. D. Rothschild,American,Male,1907.0,,,,api_error
5050,Arthur Rothstein,American,Male,1915.0,1985.0,,,api_error
5051,Paul Rotterdam,American,Male,1939.0,,,,api_error
5052,François Rouan,French,Male,1943.0,,,,api_error
5053,Georges Rouault,French,Male,1871.0,1958.0,,,api_error
5054,Kosti Ruohomaa,American,,,,,,api_error
5055,Gaston Roullet,French,Male,1847.0,1925.0,,,api_error
5056,Henri Rousseau,French,Male,1844.0,1910.0,,,api_error
5057,Louis Rousseau,French,Male,1811.0,1874.0,,,api_error
5058,Ker-Xavier Roussel,French,Male,1867.0,1944.0,,,api_error
5059,Gaston Louis Roux,French,Male,1904.0,1988.0,,,api_error
5060,Riba Rovira,Spanish,Female,,,,,api_error
5061,Rowe,British,,,,,,api_error
5062,David Rowland,American,Male,1924.0,,,,api_error
5063,John Roy,American,Male,1930.0,2001.0,,,api_error
5064,L. Roy,French,,,,,,api_error
5065,Pierre Roy,French,Male,1880.0,1950.0,,,api_error
5066,Olga Rozanova,Russian,Female,1886.0,1918.0,,,api_error
5067,Félix Rozen,French,Male,1938.0,2013.0,,,api_error
5068,Richards Ruben,American,Male,1925.0,1998.0,,,api_error
5069,Ernö Rubik,Hungarian,Male,1944.0,,,,api_error
5070,Reuven Rubin,Israeli,Male,1893.0,1974.0,,,api_error
5071,Leo Rubinfien,American,Male,1953.0,,,,api_error
5072,Mabel Rubli,Argentine,Female,1933.0,,,,api_error
5074,A. Ruckstuhl,Nationality unknown,,,,,,api_error
5075,Dorothy Ruddick,American,Female,1925.0,,,,api_error
5076,Paul Rudolph,American,Male,1918.0,1997.0,,,api_error
5077,Anton Rüegg,Swiss,Male,,,,,api_error
5078,Antonio Ruiz,Mexican,Male,1897.0,1964.0,,,api_error
5079,Gregory Rukavina,American,Male,,,,,api_error
5080,Knut Rumohr,Norwegian,Male,1916.0,2002.0,,,api_error
5081,Robert Miles Runyan,American,Male,1925.0,,,,api_error
5082,Margit Ruoff,German,Female,1937.0,,,,api_error
5083,Sheron Rupp,American,Female,1943.0,,,,api_error
5084,Allen Ruppersberg,American,Male,1944.0,,,,api_error
5086,Edward Ruscha,American,Male,1937.0,,,,api_error
5088,Henry Rushburg,British,Male,,,,,api_error
5090,Irving Rusinow,American,Male,1914.0,1990.0,,,api_error
5091,Andrew Joseph Russell,American,Male,1830.0,1902.0,,,api_error
5092,Deane Russell,Canadian,Male,,,,,api_error
5093,Morgan Russell,American,Male,1886.0,1953.0,,,api_error
5094,Mario Russo,Italian,Male,1925.0,,,,api_error
5095,Reiner Ruthenbeck,German,Male,1937.0,2016.0,,,api_error
5096,Viktor Rutz,Swiss,Male,1913.0,,,,api_error
5097,Anne Ryan,American,Female,1889.0,1954.0,,,api_error
5098,Robert Ryman,American,Male,1930.0,,,,api_error
5099,Théo van Rysselberghe,Belgian,Male,1862.0,1926.0,,,api_error
5102,Betye Saar,American,Female,1926.0,,,,api_error
5103,Eero Saarinen,American,Male,1910.0,1961.0,,,api_error
5104,Roland Sabatier,French,Male,1942.0,,,,api_error
5105,Lino Sabattini,Italian,Male,1925.0,,,,api_error
5106,José Sabogal,Peruvian,Male,1888.0,1956.0,,,api_error
5107,Deli Sacilotto,Canadian,Male,,,,,api_error
5108,Rolf Sackenheim,German,Male,,,,,api_error
5110,George Sadek,American,Male,1928.0,,,,api_error
5112,Donald Saff,American,Male,1937.0,,,,api_error
5114,Saint-Edme,French,,,,,,api_error
5116,Kiyoshi Saito,Japanese,Male,1907.0,1997.0,,,api_error
5117,Takako Saito,American,Female,1929.0,,,,api_error
5118,Asao Sakamoto,Japanese,Male,1950.0,,,,api_error
5119,Ben Sakoguchi,American,Male,1938.0,,,,api_error
5120,Jack Sal,American,Male,1954.0,,,,api_error
5121,Ibrahim El Salahi,Sudanese,Male,1930.0,,,,api_error
5122,Attilio Salemme,American,Male,1911.0,1955.0,,,api_error
5123,Charles Salisbury,British,Male,,,,,api_error
5124,David Salle,American,Male,1952.0,,,,api_error
5125,Steve Salmieri,American,Male,1945.0,,,,api_error
5126,Erich Salomon,German,Male,1886.0,1944.0,,,api_error
5127,John Salt,British,Male,1937.0,,,,api_error
5128,Axel Salto,Danish,Male,1889.0,1961.0,,,api_error
5129,Alberto Salvati,Italian,Male,1935.0,,,,api_error
5131,Dana Salvo,American,Male,1952.0,,,,api_error
5132,Auguste Salzmann,French,Male,1824.0,1872.0,,,api_error
5133,Mohan B. Samant,Indian,Male,1926.0,2004.0,,,api_error
5134,Lucas Samaras,American,Male,1936.0,,,,api_error
5136,Roberto Sambonet,Italian,Male,1924.0,1995.0,,,api_error
5137,Gilván Samico,Brazilian,Male,1928.0,,,,api_error
5138,Ralph Samuels,American,Male,,,,,api_error
5139,America Sanchez,Spanish,Female,1939.0,,,,api_error
5140,Emilio Sanchez,American,Male,1921.0,1999.0,,,api_error
5141,Humberto Jaimes Sanchez,Venezuelan,Male,1930.0,2003.0,,,api_error
5143,Fred Sandback,American,Male,1943.0,2003.0,,,api_error
5144,Willem Jacob Henri Berend Sandberg,Dutch,Male,1897.0,1984.0,,,api_error
5145,August Sander,German,Male,1876.0,1964.0,,,api_error
5146,Ludwig Sander,American,Male,1906.0,1975.0,,,api_error
5147,Benita Sanders,Canadian,Female,,,,,api_error
5148,Joop Sanders,American,Male,1921.0,,,,api_error
5149,Douglas Sandhage,American,Male,1947.0,,,,api_error
5150,Armin Sandig,German,Male,,,,,api_error
5151,Barbara Sandler,American,Female,1943.0,,,,api_error
5152,Arturo Sandoval,American,Male,1942.0,,,,api_error
5153,Rolf Sandquist,Nationality unknown,Male,,,,,api_error
5154,Alberto Sani,Italian,Male,1900.0,1964.0,,,api_error
5155,Juvenal Sansó,Spanish,Male,1929.0,,,,api_error
5157,Tomas Santa Rosa Junior,Brazilian,Male,,,,,api_error
5158,Jerry Santbergen,Nationality unknown,Male,,,,,api_error
5159,Pasquale (Patsy) Santo,American,Male,1893.0,1975.0,,,api_error
5160,Giuseppe Santomaso,Italian,Male,1907.0,1990.0,,,api_error
5161,Pasquale Santoro,Italian,Male,1933.0,,,,api_error
5162,Richard Sapper,German,Male,1932.0,2015.0,,,api_error
5163,Alan Saret,American,Male,1944.0,,,,api_error
5164,Gino Sarfatti,Italian,Male,1912.0,1985.0,,,api_error
5166,Sarkis (Sarkis Zabunyan),French,Male,1938.0,,,,api_error
5167,Paul Sarkisian,American,Male,1928.0,,,,api_error
5168,Timo Sarpaneva,Finnish,Male,1926.0,2006.0,,,api_error
5169,Enrico Sarsini,American,Male,1938.0,,,,api_error
5170,Takao Sasai,Japanese,Male,1956.0,,,,api_error
5171,Aligi Sassu,Italian,Male,1912.0,2000.0,,,api_error
5172,Ado Sato,Japanese,Male,1936.0,1994.0,,,api_error
5173,Koichi Sato,Japanese,Male,1944.0,,,,api_error
5174,Key Sato,Japanese,Male,1906.0,1978.0,,,api_error
5176,Michel Sauer,German,Male,1949.0,,,,api_error
5177,Saul,American,,,,,,api_error
5178,Peter Saul,American,Male,1934.0,,,,api_error
5179,David Saunders,American,Male,1954.0,,,,api_error
5180,Raymond Saunders,American,Male,1934.0,,,,api_error
5181,Antonio Saura,Spanish,Male,1930.0,1998.0,,,api_error
5182,C. R. Savage,American,Male,1832.0,1909.0,,,api_error
5183,Naomi Savage,American,Female,1927.0,2005.0,,,api_error
5184,Angelo Savelli,Italian,Male,1911.0,1995.0,,,api_error
5185,Raymond Savignac,French,Male,1907.0,2002.0,,,api_error
5186,Tad Savinar,American,Male,1950.0,,,,api_error
5187,Robert Savoie,Nationality unknown,Male,,,,,api_error
5188,Sawada Tetsuro,Japanese,Male,1933.0,1998.0,,,api_error
5189,Jan Sawka,Polish,Male,1946.0,2012.0,,,api_error
5190,Dietrich Sayler,Romanian,Male,,,,,api_error
5191,Jeffrey Scales,American,Male,1954.0,,,,api_error
5193,Emilio Scanavino,Italian,Male,1922.0,,,,api_error
5194,Italo Scanga,American,Male,1932.0,2001.0,,,api_error
5195,Concetta Scaravaglione,American,Female,1900.0,1975.0,,,api_error
5196,Afra Scarpa,Italian,Female,1937.0,,,,api_error
5197,Carlo Scarpa,Italian,Male,1906.0,1978.0,,,api_error
5198,Tobia Scarpa,Italian,Male,1935.0,,,,api_error
5199,Salvatore Scarpitta,American,Male,1919.0,2007.0,,,api_error
5200,Christian Schad,German,Male,1894.0,1982.0,,,api_error
5201,Fritz Schaefler,German,Male,1888.0,1954.0,,,api_error
5202,Louis Schanker,American,Male,1903.0,1981.0,,,api_error
5203,Philip von Schantz,Swedish,Male,1928.0,,,,api_error
5204,Miriam Schapiro,American,Female,1923.0,2015.0,,,api_error
5205,Edwin Scharff,German,Male,1887.0,1955.0,,,api_error
5206,Josef Scharl,American,Male,1896.0,1954.0,,,api_error
5207,Bezalel Schatz,Israeli,Male,1913.0,,,,api_error
5208,Xanti Schawinsky,American,Male,1904.0,1979.0,,,api_error
5209,Stephen Scheer,American,Male,1954.0,,,,api_error
5210,Roman Scheidl,German,Male,,,,,api_error
5211,Sherril Schell,American,Male,1877.0,1967.0,,,api_error
5212,Gustav Schenk,German,Male,1905.0,1969.0,,,api_error
5213,Chris Schiavo,American,Male,1961.0,,,,api_error
5214,Elso Schiavo,Swiss,Male,1934.0,,,,api_error
5215,Egon Schiele,Austrian,Male,1890.0,1918.0,,,api_error
5216,Moik Schiele,Swiss,Female,1938.0,1993.0,,,api_error
5217,M. Schimmel,Nationality unknown,,,,,,api_error
5218,Adolf Ferdinand Schinnerer,German,Male,1876.0,1949.0,,,api_error
5219,Oskar Schlemmer,German,Male,1888.0,1943.0,,,api_error
5220,John Schlesinger,American,Male,1954.0,,,,api_error
5221,Rudolf Schlichter,German,Male,1890.0,1955.0,,,api_error
5223,Edwin Schlossberg,American,Male,1945.0,,,,api_error
5224,Eberhard Schlotter,German,Male,,,,,api_error
5225,Peter Schlumbohm,American,Male,1896.0,1962.0,,,api_error
5226,Regina Schmeken,German,Female,1955.0,,,,api_error
5227,Elsa Schmid,American,Female,1897.0,1970.0,,,api_error
5228,Georg Schmid,Austrian,Male,1928.0,,,,api_error
5229,Wilhelm Schmid,Swiss,Male,1892.0,1971.0,,,api_error
5230,Joost Schmidt,German,Male,1893.0,1948.0,,,api_error
5231,Arnold Schmidt,American,Male,1930.0,1993.0,,,api_error
5232,Arthur Schmidt,German,Male,1908.0,,,,api_error
5233,Charlotte Schmidt,German,Female,,,,,api_error
5234,Julius Schmidt,American,Male,1923.0,,,,api_error
5235,Katherine Schmidt,American,Female,1898.0,1978.0,,,api_error
5236,Louis A. Schmidt,American,Male,1857.0,1935.0,,,api_error
5237,Marianna Schmidt,Canadian,Female,,,,,api_error
5238,Michael Schmidt,German,Male,1945.0,2014.0,,,api_error
5239,Otto Schmidt,Austrian,Male,1849.0,,,,api_error
5240,Wolfgang Schmidt,German,Male,1930.0,,,,api_error
5241,Helmut Schmidt-Rhen,German,Male,1936.0,,,,api_error
5242,Karl Schmidt-Rottluff,German,Male,1884.0,1976.0,,,api_error
5243,José Manuel Schmill,Mexican,Male,,,,,api_error
5244,Hans Schmithals,German,Male,1878.0,1964.0,,,api_error
5245,Julian Schnabel,American,Male,1951.0,,,,api_error
5246,Schneck,American,,,,,,api_error
5247,Gérard Schneider,French,Male,1896.0,1986.0,,,api_error
5248,Martin Schneider,American,Male,1926.0,,,,api_error
5249,Robert Schneider,American,Male,1942.0,,,,api_error
5251,Toni Schneiders,German,Male,1920.0,,,,api_error
5252,Bob Schnepf,American,Male,1937.0,,,,api_error
5253,Klaus A. Schnitzer,American,Male,1944.0,,,,api_error
5254,Max Schnitzler,American,Male,1903.0,1999.0,,,api_error
5255,Ernst Schoedsack,American,Male,1898.0,1979.0,,,api_error
5256,Otto Schoff,German,Male,1884.0,1938.0,,,api_error
5257,Nicolas Schöffer,French,Male,1912.0,1992.0,,,api_error
5258,Fritz Scholder,American,Male,1937.0,2005.0,,,api_error
5259,Laurence Scholder,American,Male,1942.0,,,,api_error
5260,Georg Scholz,German,Male,1890.0,1945.0,,,api_error
5261,Philipp Scholz Rittermann,Peruvian,Male,1955.0,,,,api_error
5262,Ben Schonzeit,American,Male,1942.0,,,,api_error
5263,Rudolf Schoofs,German,Male,,,,,api_error
5264,Chicago School of Design,,,,,,,api_error
5265,Elmer Schooley,American,Male,1916.0,2007.0,,,api_error
5266,Jan J. Schoonhoven,Dutch,Male,1914.0,1994.0,,,api_error
5267,John Schott,American,Male,1944.0,,,,api_error
5268,Karl Schrag,American,Male,1912.0,1995.0,,,api_error
5269,Anton Schranz II,Nationality unknown,Male,1801.0,,,,api_error
5270,Lothar Schreyer,German,Male,1886.0,1966.0,,,api_error
5271,Georg Schrimpf,German,Male,1889.0,1938.0,,,api_error
5272,Gotthard Schuh,Swiss,Male,1897.0,1969.0,,,api_error
5273,Paul (Geert Paul Hendrikus) Schuitema,Dutch,Male,1897.0,1973.0,,,api_error
5274,Richard Schultz,American,Male,1926.0,,,,api_error
5275,Bernard Schultze,German,Male,1915.0,,,,api_error
5276,Heinz Schulz-Neudamm,German,Male,1899.0,1969.0,,,api_error
5277,Emil Schumacher,German,Male,1912.0,,,,api_error
5278,Esti Schur,Israeli,Female,,,,,api_error
5279,Elfi Schuselka,Austrian,Female,,,,,api_error
5280,Colin Schuster,Australian,Male,1931.0,,,,api_error
5281,Thomas Schütte,German,Male,1954.0,,,,api_error
5282,Peter Schuyff,Dutch,Male,1958.0,,,,api_error
5283,Carlos Schwabe,Swiss,Male,1866.0,1926.0,,,api_error
5284,Aubrey Schwartz,American,Male,1928.0,,,,api_error
5285,Douglas Schwartz,American,Male,1944.0,,,,api_error
5286,Manfred Schwartz,American,Male,1909.0,1970.0,,,api_error
5287,Robin Schwartz,American,Female,1957.0,,,,api_error
5288,Hannes Schwarz,Austrian,Male,1926.0,,,,api_error
5289,Reiner Schwarz,German,,,,,,api_error
5290,William Schwedler,American,Male,1942.0,1982.0,,,api_error
5291,Emma Gismondi Schweinberger,Italian,Female,1934.0,,,,api_error
5292,Johan Bernhard Schweitz,Nationality unknown,Male,1937.0,,,,api_error
5293,Kurt Schwitters,German,Male,1887.0,1948.0,,,api_error
5294,Peter Sciascin,American,Male,,,,,api_error
5295,Carlos Scliar,Brazilian,Male,1920.0,2001.0,,,api_error
5296,John Scofield,American,Male,1950.0,,,,api_error
5297,Antonio Scordia,Italian,Male,1918.0,,,,api_error
5298,Joe Scorsone,American,Male,1942.0,,,,api_error
5299,Douglas Scott,British,Male,1914.0,,,,api_error
5300,Patrick Scott,Irish,Male,1921.0,2014.0,,,api_error
5301,S. Scott,French,,,,,,api_error
5302,Tim Scott,British,Male,1937.0,,,,api_error
5303,William Scott,British,Male,1913.0,1989.0,,,api_error
5305,Sean Scully,American,Male,1945.0,,,,api_error
5306,Mary L. Seaman,Nationality unknown,Female,,,,,api_error
5307,Gilbert H. Seaver,American,Male,1916.0,1977.0,,,api_error
5308,James Seawright,American,Male,1936.0,,,,api_error
5309,J. Pascal Sébah,Turkish,Male,1838.0,1890.0,,,api_error
5310,James A. Sebastian,American,Male,1942.0,,,,api_error
5311,Carole Seborovski,American,Female,1960.0,,,,api_error
5312,Arthur Secunda,American,Male,1927.0,,,,api_error
5313,Paul Adolf Seehaus,German,Male,1891.0,1919.0,,,api_error
5314,George H. Seeley,American,Male,1880.0,1955.0,,,api_error
5315,Richard Seewald,German,Male,1889.0,1976.0,,,api_error
5316,George Segal,American,Male,1924.0,2000.0,,,api_error
5317,Lasar Segall,Brazilian,Male,1891.0,1957.0,,,api_error
5318,André Dunoyer de Segonzac,French,Male,1884.0,1974.0,,,api_error
5319,Antonio Segui,Argentine,Male,1934.0,,,,api_error
5320,Armand Séguin,French,Male,1869.0,1903.0,,,api_error
5321,Jochen Seidel,German,Male,1924.0,1971.0,,,api_error
5322,Roderick Seidenberg,American,Male,1889.0,1973.0,,,api_error
5323,Friedrich Seidenstücker,German,Male,1882.0,1966.0,,,api_error
5324,Doris Seidler,American,Female,1912.0,2010.0,,,api_error
5325,Judy Seigel,American,Female,1930.0,,,,api_error
5326,Seikino Junichiro,Japanese,Male,,,,,api_error
5327,Alfred Seiland,Austrian,Male,,,,,api_error
5328,Peter Sekaer,American,Male,1901.0,1950.0,,,api_error
5329,Hakuyu Seki,Japanese,Male,1907.0,,,,api_error
5330,Kenjiro Sekiguchi,Japanese,Male,,,,,api_error
5331,Jun'ichiro Sekino,Japanese,Male,1914.0,1988.0,,,api_error
5332,Sonia Sekula,Swiss,Female,1918.0,1963.0,,,api_error
5333,Jason Seley,American,Male,1919.0,1983.0,,,api_error
5334,Colin Self,British,Male,1941.0,,,,api_error
5335,Charles Seliger,American,Male,1926.0,2009.0,,,api_error
5336,Paul Seligman,American,Male,1924.0,,,,api_error
5337,Kurt Seligmann,American,Male,1900.0,1962.0,,,api_error
5338,David Seltzer,American,Male,1947.0,,,,api_error
5339,Sandra Semchuk,Canadian,Female,1948.0,,,,api_error
5340,Eusebio Sempere,Spanish,Male,1924.0,,,,api_error
5341,Jan Senbergs,Australian,Male,1939.0,,,,api_error
5343,Luis Seoane,Argentine,Male,1910.0,1979.0,,,api_error
5344,Artemio Sepulveda,Mexican,Male,1935.0,,,,api_error
5345,Séraphine Louis,French,Female,1864.0,1942.0,,,api_error
5346,Keisuke Serizawa,Japanese,Male,1895.0,1984.0,,,api_error
5347,Ismael González de la Serna,Spanish,Male,1898.0,1968.0,,,api_error
5348,Iaroslav Serpan,French,Male,1922.0,1976.0,,,api_error
5349,Richard Serra,American,Male,1938.0,,,,api_error
5350,Daniel Serra-Badué,Cuban,Male,1914.0,1996.0,,,api_error
5351,Elena Serrano,Cuban,Female,,,,,api_error
5352,Pablo Serrano,Spanish,Male,1910.0,1985.0,,,api_error
5353,Paul Sérusier,French,Male,1864.0,1927.0,,,api_error
5354,Victor Servranckx,Belgian,Male,1897.0,1965.0,,,api_error
5355,Jaroslav Serych,Czech,Male,1923.0,,,,api_error
5356,W. G. Sesser,American,,,,,,api_error
5358,Georges-Pierre Seurat,French,Male,1859.0,1891.0,,,api_error
5359,Mark Severin,Nationality unknown,Male,,,,,api_error
5360,Gino Severini,Italian,Male,1883.0,1966.0,,,api_error
5362,Ron Sewell,American,Male,1937.0,,,,api_error
5363,Lynn Sexton,American,Female,,,,,api_error
5364,David Seymour,American,Male,1911.0,1956.0,,,api_error
5365,L. A. Shafer,American,Male,1866.0,1940.0,,,api_error
5366,Ben Shahn,American,Male,1898.0,1969.0,,,api_error
5368,Li-Fa Shaih,Taiwanese,Male,1938.0,,,,api_error
5369,Ted Shaine,American,Male,1947.0,,,,api_error
5370,Shalom Of Safed (Shalom Moskowitz),Israeli,Male,1895.0,1980.0,,,api_error
5372,David Shapiro,American,Male,1944.0,,,,api_error
5373,Joel Shapiro,American,Male,1941.0,,,,api_error
5374,Honoré Sharrer,American,Female,1920.0,2009.0,,,api_error
5375,Dmitri M. Shashurin,Russian,Male,1919.0,,,,api_error
5376,Charles G. Shaw,American,Male,1892.0,1974.0,,,api_error
5377,John Shaw,American,Male,1948.0,,,,api_error
5378,John Byam Shaw,British,Male,1872.0,1919.0,,,api_error
5379,Robert Shaw,American,Male,1949.0,,,,api_error
5380,Susan Shaw,American,Female,1951.0,,,,api_error
5381,Judith Shea,American,Female,1948.0,,,,api_error
5383,Charles Sheeler,American,Male,1883.0,1965.0,,,api_error
5384,Musya Sheeler,American,Female,,,,,api_error
5386,Peter Shelton,American,Male,1951.0,,,,api_error
5388,Alexander Semenovitch Shenderov,Russian,Male,,,,,api_error
5389,John E. Sheridan,American,Male,,,,,api_error
5390,Otis Shepard,American,Male,1894.0,1969.0,,,api_error
5391,A. F. Sherman,American,Male,,,,,api_error
5392,Cindy Sherman,American,Female,1954.0,,,,api_error
5393,Sarai Sherman,American,Female,1922.0,,,,api_error
5394,James Sherwood,American,Male,1951.0,,,,api_error
5395,William J. Shew,American,Male,1820.0,1903.0,,,api_error
5396,Alan Shields,American,Male,1944.0,2005.0,,,api_error
5397,Jody Shields,American,Female,1952.0,,,,api_error
5398,Tamami Shima,Japanese,Female,1937.0,1999.0,,,api_error
5399,Kinsuke Shimada,Japanese,Male,,,,,api_error
5400,Shinagawa Takumi,Japanese,Male,1908.0,2009.0,,,api_error
5401,Everett Shinn,American,Male,1873.0,1953.0,,,api_error
5402,Ushio Shinohara,Japanese,Male,1932.0,,,,api_error
5403,Mieko Shiomi,Japanese,Female,1938.0,,,,api_error
5404,Akiko Shirai,Japanese,Female,,,,,api_error
5405,Jun Shiraoka,Japanese,Male,1944.0,,,,api_error
5407,Melissa Shook,American,Female,1939.0,,,,api_error
5409,Stephen Shore,American,Male,1947.0,,,,api_error
5411,Kenneth Showell,American,Male,1939.0,,,,api_error
5413,José María Sicilia,Spanish,Male,1954.0,,,,api_error
5414,Walter Richard Sickert,British,Male,1860.0,1942.0,,,api_error
5415,Thomas Sicurella,American,Male,1960.0,,,,api_error
5416,Arthur Siegel,American,Male,1913.0,1978.0,,,api_error
5417,Irene Siegel,American,Female,1932.0,,,,api_error
5418,Siegriest,American,,,,,,api_error
5420,Maurice Sievan,American,Male,1898.0,1981.0,,,api_error
5421,Paul Signac,French,Male,1863.0,1935.0,,,api_error
5423,Jean Signovert,French,Male,1919.0,1981.0,,,api_error
5424,Michael Sigrin (formerly Michael Emanuel Cohen),American,Male,,,,,api_error
5425,Oli Sihvonen,American,Male,1921.0,1991.0,,,api_error
5426,Todd Siler,American,Male,1953.0,,,,api_error
5427,Sewell Sillman,American,Male,1924.0,1992.0,,,api_error
5428,Joyce Sills,American,Female,1940.0,,,,api_error
5429,Thomas Sills,American,Male,1914.0,2000.0,,,api_error
5430,Carlos Silva,Argentine,Male,1930.0,1987.0,,,api_error
5431,Rex (Reginald C.) Silver,British,Male,1879.0,1965.0,,,api_error
5432,Stanley Silver,American,Male,,,,,api_error
5433,Walter Silver,American,Male,1923.0,1998.0,,,api_error
5434,Silverman,American,,,,,,api_error
5435,Louis Silverstein,American,Male,1919.0,2011.0,,,api_error
5436,Jeffrey Silverthorne,American,Male,1946.0,,,,api_error
5437,Charles Simart,French,Male,1806.0,1857.0,,,api_error
5438,Jerome Simon,American,Male,1942.0,,,,api_error
5440,V. Simon,Russian,,,,,,api_error
5441,Charles Simonds,American,Male,1945.0,,,,api_error
5442,Robert J. Simone,American,Male,1945.0,,,,api_error
5443,David Simpson,American,Male,1928.0,,,,api_error
5444,Iain Sinclair,British,Male,1943.0,,,,api_error
5445,James Sinclair (14th Earl of Caithness),British,Male,1821.0,1881.0,,,api_error
5446,Michael Singer,American,Male,1945.0,,,,api_error
5447,Raghubir Singh,Indian,Male,1942.0,1999.0,,,api_error
5448,Gustave Singier,Nationality unknown,Male,,,,,api_error
5450,Art Sinsabaugh,American,Male,1924.0,1983.0,,,api_error
5451,Renée Sintenis,German,Female,1888.0,1965.0,,,api_error
5452,Mitchell Siporin,American,Male,1910.0,1976.0,,,api_error
5453,Clara E. Sipprell,American,Female,1885.0,1975.0,,,api_error
5454,David Alfaro Siqueiros,Mexican,Male,1896.0,1974.0,,,api_error
5455,Mario Sironi,Italian,Male,1885.0,1961.0,,,api_error
5456,Aaron Siskind,American,Male,1903.0,1991.0,,,api_error
5457,SITE (Sculpture in the Environment),American,,1970.0,,,,api_error
5458,Vasily Yakovlovich Sitnikov,Russian,Male,1915.0,1987.0,,,api_error
5459,Harold Sitterle,American,Male,1921.0,1993.0,,,api_error
5460,Trudi Sitterle,American,Female,1921.0,2001.0,,,api_error
5461,W.H.L. Skeen and Company,British,,,,,,api_error
5462,Birgit Skiöld,Swedish,Female,1923.0,1982.0,,,api_error
5463,Finn Sködt,Danish,Male,1944.0,,,,api_error
5464,Nancy Skolos,American,Female,1955.0,,,,api_error
5466,Hella Skowronski,American,Female,,,,,api_error
5467,Skunder (Skunder Boghossian),Ethiopian,Male,1937.0,2003.0,,,api_error
5468,Slechinsky,German,,,,,,api_error
5469,Max Slevogt,German,Male,1868.0,1932.0,,,api_error
5470,Clarissa Sligh,American,Female,1939.0,,,,api_error
5471,John Sloan,American,Male,1871.0,1951.0,,,api_error
5472,Sandi Slone,American,Female,1939.0,,,,api_error
5473,J. Sluijters,Dutch,Male,1881.0,1957.0,,,api_error
5474,Howard Smagula,American,Male,1942.0,,,,api_error
5475,Neal Small,American,Male,1937.0,,,,api_error
5476,Yves De Smet,Belgian,Male,1946.0,,,,api_error
5477,Noemi Smilansky,Nationality unknown,Female,,,,,api_error
5478,Beuford Smith,American,Male,1941.0,,,,api_error
5479,Charles Smith,American,Male,1893.0,1987.0,,,api_error
5480,David Smith,American,Male,1906.0,1965.0,,,api_error
5481,Gordon A. Smith,Canadian,Male,1919.0,,,,api_error
5482,G. E. Kidder Smith,American,Male,1913.0,1997.0,,,api_error
5483,Jack Smith,American,Male,1932.0,1989.0,,,api_error
5484,Joel Smith,American,Male,1929.0,,,,api_error
5485,Keith Smith,American,Male,1938.0,,,,api_error
5486,Kiki Smith,American,Female,1954.0,,,,api_error
5487,Kimber Smith,American,Male,1922.0,1981.0,,,api_error
5488,Leon Polk Smith,American,Male,1906.0,1996.0,,,api_error
5489,Michael A. Smith,American,Male,1942.0,,,,api_error
5490,Mike Smith,American,Male,1951.0,,,,api_error
5491,Moishe Smith,American,Male,1929.0,,,,api_error
5492,Patricia Smith,American,Female,,,,,api_error
5493,Richard Smith,British,Male,1931.0,2016.0,,,api_error
5494,Tony Smith,American,Male,1912.0,1980.0,,,api_error
5495,Vincent Smith,American,Male,1929.0,2003.0,,,api_error
5496,W. Eugene Smith,American,Male,1918.0,1978.0,,,api_error
5497,Robert Smithson,American,Male,1938.0,1973.0,,,api_error
5498,Kenneth Snelson,American,Male,1927.0,2016.0,,,api_error
5499,Orville Logan Snider,Nationality unknown,Male,,,,,api_error
5500,Michael Snow,Canadian,Male,1929.0,,,,api_error
5501,Joan Snyder,American,Female,1940.0,,,,api_error
5502,Giorgio Soavi,Italian,Male,1923.0,,,,api_error
5503,Janet Sobel,American,Female,1894.0,1968.0,,,api_error
5505,Howard Sochurek,American,Male,1924.0,1994.0,,,api_error
5506,Giacomo Soffiantino,Italian,Male,,,,,api_error
5507,Otto Soglow,American,Male,1900.0,1975.0,,,api_error
5508,Sage Sohier,American,Female,1954.0,,,,api_error
5509,Ap Sok,Dutch,Male,1917.0,2004.0,,,api_error
5510,Jaume SOLÁ Terrades,Spanish,Male,,,,,api_error
5511,Susana Solano,Spanish,Female,1946.0,,,,api_error
5512,Luis A. Solari,Nationality unknown,Male,,,,,api_error
5513,Ronni G. Solbert,American,Male,,,,,api_error
5515,Carlos Soler,Argentine,Male,,,,,api_error
5516,Arthur Soll,American,Male,,,,,api_error
5517,Rosalind Fox Solomon,American,Female,1930.0,,,,api_error
5518,Skidmore Owings & Merrill,American,,1936.0,,,,api_error
5519,Francesco Somaini,Italian,Male,1926.0,2005.0,,,api_error
5520,Frederick Sommer,American,Male,1905.0,1999.0,,,api_error
5522,K.R.H. Sonderborg,Danish,Male,1923.0,,,,api_error
5523,Jack Sonenberg,American,Male,1925.0,,,,api_error
5524,Alan Sonfist,American,Male,1946.0,,,,api_error
5525,Eve Sonneman,American,Female,1946.0,,,,api_error
5526,Keith Sonnier,American,Male,1941.0,,,,api_error
5527,Sumi Sonobe,Japanese,Male,,,,,api_error
5528,Wayne Sorce,American,Male,1946.0,,,,api_error
5529,Jørgen Haugen Sørensen,Danish,Male,1934.0,,,,api_error
5530,Juan Soriano,Mexican,Male,1920.0,2006.0,,,api_error
5531,Savely Sorine,Russian,Male,1887.0,1953.0,,,api_error
5533,Steven Sorman,American,Male,1948.0,,,,api_error
5534,László Sós,Hungarian,Male,1922.0,,,,api_error
5535,Jesús Rafael Soto,Venezuelan,Male,1923.0,2005.0,,,api_error
5536,Ettore Sottsass,Italian,Male,1917.0,2007.0,,,api_error
5537,Sergei Soudeikine,Russian,Male,1882.0,1946.0,,,api_error
5538,Pierre Soulages,French,Male,1919.0,,,,api_error
5541,Southworth and Hawes,American,,,,,,api_error
5543,Chaim Soutine,French,Male,1893.0,1943.0,,,api_error
5544,Louis Soutter,Swiss,Male,1871.0,1942.0,,,api_error
5545,Al Souza,American,Male,1944.0,,,,api_error
5547,Pravoslav Sovak,Czech,Male,1926.0,,,,api_error
5548,Moses Soyer,American,Male,1899.0,1974.0,,,api_error
5549,Raphael Soyer,American,Male,1899.0,1987.0,,,api_error
5550,Luigi Spacal,Italian,Male,,,,,api_error
5551,Giuseppe Spagnulo,Italian,Male,1936.0,,,,api_error
5552,Gregory Spaid,American,Male,1946.0,,,,api_error
5553,Marko Spalatin,American,Male,1945.0,,,,api_error
5554,Merle Spandorfer,American,Female,1934.0,,,,api_error
5555,Michael Spano,American,Male,1949.0,,,,api_error
5556,Elizabeth Sparhawk-Jones,American,Female,1885.0,1971.0,,,api_error
5557,Paul Sparks,American,Male,1942.0,,,,api_error
5558,Gil Spear,American,Male,,,,,api_error
5559,Eugene Speicher,American,Male,1883.0,1962.0,,,api_error
5560,Andrew Spence,American,Male,1947.0,,,,api_error
5561,Niles Spencer,American,Male,1893.0,1952.0,,,api_error
5562,Stanley Spencer,British,Male,1891.0,1959.0,,,api_error
5563,Nicholas Sperakis,American,Male,1943.0,,,,api_error
5564,Nancy Spero,American,Female,1926.0,2009.0,,,api_error
5565,Alan Spigelman,American,Male,1939.0,,,,api_error
5566,Lino Eneas Spilimbergo,Argentine,Male,1896.0,1964.0,,,api_error
5567,Paul Spina,American,Male,1937.0,,,,api_error
5568,Serge Spitzer,American,Male,1951.0,2012.0,,,api_error
5569,Daniel Spoerri,Swiss,Male,1930.0,,,,api_error
5570,Hans Jurgen Spohn,German,Male,1934.0,,,,api_error
5571,Walter E. Spradbery,British,Male,1889.0,1969.0,,,api_error
5572,Ferdinand Springer,German,Male,,,,,api_error
5573,Charles W. Springman,American,Male,1940.0,,,,api_error
5574,Benton Spruance,American,Male,1904.0,1967.0,,,api_error
5575,Everett Spruce,American,Male,1908.0,2002.0,,,api_error
5576,Stephen Spurrier,Australian,Male,,,,,api_error
5577,Carlos Maria Miguel Squirru,Argentine,Male,1934.0,,,,api_error
5578,Jerzy Srokowski,Polish,Male,1910.0,1971.0,,,api_error
5579,St. Armand,American,,,,,,api_error
5580,Friedrich St. Florian,American,Male,1932.0,,,,api_error
5581,J. Allen St. John,American,Male,1872.0,1957.0,,,api_error
5583,Peter Stackpole,American,Male,1913.0,,,,api_error
5585,Erich Walter Stadler,German,Male,1927.0,1968.0,,,api_error
5586,Hans Staeger,German,Male,1928.0,,,,api_error
5587,A. H. Staf,American,,,,,,api_error
5588,Lawrence Stafford,American,Male,1938.0,,,,api_error
5589,Otto Arpke,German,Male,1886.0,1943.0,,,api_error
5590,Paul Stahr,American,Male,1883.0,1953.0,,,api_error
5591,Paul Staiger,American,Male,1941.0,,,,api_error
5592,Marcin Stajewski,Polish,Male,1938.0,,,,api_error
5593,Carl-Harry Stålhane,Swedish,Male,1920.0,1990.0,,,api_error
5594,Eric Staller,American,Male,1947.0,,,,api_error
5595,Jan Staller,American,Male,1952.0,,,,api_error
5596,Ted Stamm,American,Male,1944.0,1984.0,,,api_error
5597,Theodoros Stamos,American,Male,1922.0,1997.0,,,api_error
5598,Percy Stamp,British,Male,,,,,api_error
5599,Julian Stanczak,American,Male,1928.0,,,,api_error
5600,Eugeniusz Stankiewicz,Polish,Male,1942.0,,,,api_error
5601,Richard Stankiewicz,American,Male,1922.0,1983.0,,,api_error
5603,Robert Stanley,American,Male,1932.0,1997.0,,,api_error
5605,Larry Stark,American,Male,1940.0,,,,api_error
5606,Ottomar Starke,German,Male,1886.0,1962.0,,,api_error
5607,Franciszek Starowieyski,Polish,Male,1930.0,2009.0,,,api_error
5609,Andrew Stasik,American,Male,1932.0,,,,api_error
5610,David Staub,American,Male,1914.0,,,,api_error
5611,Alex R. Stavenitz,Nationality unknown,Male,1901.0,1960.0,,,api_error
5612,Nicos Stavroulakis,Greek,Male,,,,,api_error
5613,Henryk Stazewski,Polish,Male,1894.0,1988.0,,,api_error
5614,Inge Steckert,German,Female,,,,,api_error
5615,W. J. Steegles,British,,,,,,api_error
5616,Kim Steele,American,Female,,,,,api_error
5617,Vernon P. Steele,American,Male,,,,,api_error
5618,Bernard Steffen,American,Male,1907.0,1980.0,,,api_error
5619,Hans Hermann Steffens,German,Male,,,,,api_error
5620,J. L. Steg,American,Male,1922.0,2001.0,,,api_error
5621,Milly Steger,German,Female,1881.0,1948.0,,,api_error
5622,Harold Steggles,British,Male,1910.0,1938.0,,,api_error
5623,Edward Steichen,American,Male,1879.0,1973.0,,,api_error
5625,Joël Stein,French,Male,1926.0,2012.0,,,api_error
5626,Walter Stein,American,Male,1924.0,,,,api_error
5627,Saul Steinberg,American,Male,1914.0,1999.0,,,api_error
5628,Steiner,Swiss,,,,,,api_error
5629,Michael Steiner,American,Male,1942.0,,,,api_error
5630,Paul Steiner,American,Male,,,,,api_error
5631,Ralph Steiner,American,Male,1899.0,1986.0,,,api_error
5632,Otto Steinert,German,Male,1915.0,1978.0,,,api_error
5633,Jakob Steinhardt,Israeli,Male,1887.0,1968.0,,,api_error
5634,Théophile-Alexandre Steinlen,French,Male,1859.0,1923.0,,,api_error
5635,Joe Steinmetz,American,Male,1905.0,1985.0,,,api_error
5636,Mark Steinmetz,American,Male,1961.0,,,,api_error
5637,Pat Steir,American,Female,1940.0,,,,api_error
5638,Heinrich Steiuer,,Male,,,,,api_error
5639,Juan Carlos Stekelman,Argentine,Male,1936.0,,,,api_error
5640,Frank Stella,American,Male,1936.0,,,,api_error
5641,Joseph Stella,American,Male,1877.0,1946.0,,,api_error
5642,Vladimir Stenberg,Russian,Male,1899.0,1982.0,,,api_error
5643,Varvara Stepanova,Russian,Female,1894.0,1958.0,,,api_error
5644,Gary Stephan,American,Male,1942.0,,,,api_error
5645,Stephany,French,,,,,,api_error
5646,Magnus Stephensen,Danish,Male,1903.0,1984.0,,,api_error
5647,David Stephenson,American,Male,1955.0,,,,api_error
5648,David Sterenberg,American,Male,,,,,api_error
5649,Joseph Sterling,American,Male,1936.0,2010.0,,,api_error
5650,Bert Stern,American,Male,1929.0,,,,api_error
5651,Marina Stern,American,Female,1928.0,,,,api_error
5652,Harry Sternberg,American,Male,1904.0,2001.0,,,api_error
5653,Hedda Sterne,American,Female,1910.0,,,,api_error
5654,Maurice Sterne,American,Male,1877.0,1957.0,,,api_error
5655,Albert Sterner,American,Male,1863.0,1946.0,,,api_error
5656,Joel Sternfeld,American,Male,1944.0,,,,api_error
5657,Florine Stettheimer,American,Female,1871.0,1944.0,,,api_error
5658,Louis Stettner,American,Male,1922.0,2016.0,,,api_error
5659,Stevens,Nationality unknown,,,,,,api_error
5660,Norman Stevens,British,Male,,,,,api_error
5661,Rex A. Stevens,American,Male,,,,,api_error
5664,Alfred Stieglitz,American,Male,1864.0,1946.0,,,api_error
5665,Clyfford Still,American,Male,1904.0,1980.0,,,api_error
5666,Nanny Still,Finnish,Female,1926.0,2009.0,,,api_error
5667,William James Stillman,American,Male,1828.0,1901.0,,,api_error
5668,James Stirling,British,Male,1926.0,1992.0,,,api_error
5669,Mark Stock,American,Male,1951.0,,,,api_error
5670,Stockmarr,Finnish,,,,,,api_error
5671,Niklaus Stoecklin,Swiss,Male,1896.0,1982.0,,,api_error
5673,Walter Stöhrer,German,Male,1937.0,,,,api_error
5674,Ezra Stoller,American,Male,1915.0,2004.0,,,api_error
5675,Gunta Stölzl,Swiss,Female,1897.0,1983.0,,,api_error
5676,Edward Durell Stone,American,Male,1902.0,1978.0,,,api_error
5677,Jim Stone,American,Male,1947.0,,,,api_error
5678,Marly Stone,American,Female,1944.0,,,,api_error
5679,David Storey,American,Male,1948.0,,,,api_error
5681,John Storrs,American,Male,1885.0,1956.0,,,api_error
5682,Lou Stoumen,American,Male,1917.0,,,,api_error
5683,Myron Stout,American,Male,1908.0,1987.0,,,api_error
5684,John Stram,American,Male,1939.0,,,,api_error
5685,Paul Strand,American,Male,1890.0,1976.0,,,api_error
5686,Frank D. Stratton,American,Male,,,,,api_error
5687,Karl Ludwig Straub,German,Male,1900.0,1997.0,,,api_error
5688,Théodore (Stravinsky) Strawinsky,French,Male,1907.0,1989.0,,,api_error
5689,Thelma Johnson Streat,American,Female,1911.0,1959.0,,,api_error
5690,Tal Streeter,American,Male,1934.0,2014.0,,,api_error
5691,Max Arthur Stremel,German,Male,,,,,api_error
5692,Marianne Strengell,American,Female,1909.0,1998.0,,,api_error
5693,Oskar Strnad,Austrian,Male,1879.0,1935.0,,,api_error
5694,Gerda Strömberg,Swedish,Female,,1960.0,,,api_error
5695,James Strombotne,American,Male,1934.0,,,,api_error
5696,Jonathan W. Strong,American,Male,,,,,api_error
5697,F. Strothmann,American,,,,,,api_error
5698,Hermann Struck,German,Male,,,,,api_error
5699,Karl Struss,American,Male,1886.0,1981.0,,,api_error
5700,Wladyslaw Strzemiński,Polish,Male,1893.0,1952.0,,,api_error
5701,Ian Stuart,Irish,Male,1926.0,,,,api_error
5702,Michelle Stuart,American,Female,1938.0,,,,api_error
5703,A. Stuart-Hill,British,,,,,,api_error
5704,Fritz Stuckenberg,German,Male,1881.0,1944.0,,,api_error
5705,Stanislaus Stückgold,Polish,Male,1880.0,1933.0,,,api_error
5706,Studio,British,,,,,,api_error
5707,Studio Opi,Italian,,1955.0,,,,api_error
5708,Studio Tg,Italian,,,,,,api_error
5709,Juliusz Studnicki,Polish,Male,1906.0,1978.0,,,api_error
5710,Walter Stuempfig,American,Male,1914.0,1970.0,,,api_error
5711,Jock Sturges,American,Male,1947.0,,,,api_error
5712,Jan Stussy,American,Male,1921.0,1990.0,,,api_error
5713,Jindřich Štyrský,Czech,Male,1899.0,1942.0,,,api_error
5714,Harry Suchland,German,Male,1925.0,,,,api_error
5715,Josef Sudek,Czech,Male,1896.0,1976.0,,,api_error
5716,Richard Tum Suden,American,Male,1937.0,,,,api_error
5717,Jean-Pierre Sudre,French,Male,1921.0,,,,api_error
5718,Nikolai Suetin,Russian,Male,1897.0,1954.0,,,api_error
5719,Kumi Sugaï,Japanese,Male,1919.0,1996.0,,,api_error
5720,George Sugarman,American,Male,1912.0,1999.0,,,api_error
5721,Hiroshi Sugimoto,Japanese,Male,1948.0,,,,api_error
5722,Tsune Sugimura,Japanese,Male,1926.0,1991.0,,,api_error
5723,Louis Sullivan,American,Male,1856.0,1924.0,,,api_error
5724,Patrick J. Sullivan,American,Male,1894.0,1967.0,,,api_error
5726,Donald Sultan,American,Male,1951.0,,,,api_error
5727,Larry Sultan,American,Male,1946.0,2009.0,,,api_error
5728,Martin Sumers,American,Male,1922.0,,,,api_error
5729,Carol Summers,American,Male,1925.0,,,,api_error
5730,Hugo Summerville,American,Male,1885.0,1948.0,,,api_error
5731,H. Y. Sümmons,American,,,,,,api_error
5732,Britt-Louise Sundell,Swedish,Female,1928.0,,,,api_error
5733,Superstudio,Italian,,1966.0,1982.0,,,api_error
5735,Léopold Survage,French,Male,1879.0,1968.0,,,api_error
5736,Richard Süssmuth,German,Male,1900.0,1974.0,,,api_error
5737,Miroslav Sutej,Yugoslav,Male,1936.0,2005.0,,,api_error
5738,Hugo Suter,Swiss,Male,1943.0,,,,api_error
5739,Graham Sutherland,British,Male,1903.0,1980.0,,,api_error
5740,Ladislav Sutnar,American,Male,1897.0,1976.0,,,api_error
5741,William B. Suttle,American,Male,,,,,api_error
5742,William Stephen Sutton,American,Male,1956.0,,,,api_error
5743,Mark di Suvero,American,Male,1933.0,,,,api_error
5745,Mutsumi Suzuki,Japanese,Male,1942.0,,,,api_error
5746,Yoshio Suzuki,Japanese,Male,,,,,api_error
5747,Max Walter Svanberg,Swedish,Male,1912.0,,,,api_error
5748,Peter Svannäs,Swedish,Male,,,,,api_error
5749,Luke Swank,American,Male,1890.0,1944.0,,,api_error
5750,George A. Swanson,American,Male,1908.0,,,,api_error
5753,Waldemar Swierzy,Polish,Male,1931.0,,,,api_error
5755,Henry F. Swift,American,Male,1890.0,1960.0,,,api_error
5756,John Swope,American,Male,1908.0,1979.0,,,api_error
5757,Maltby Sykes,American,Male,1911.0,1992.0,,,api_error
5759,Joseph Szabo,American,Male,1944.0,,,,api_error
5760,Steve Szabo,American,Male,1940.0,,,,api_error
5761,Sam Szafran,French,Male,1934.0,,,,api_error
5762,Karen Szekessy,German,Female,1939.0,,,,api_error
5763,Geza Szobel,French,Male,1905.0,1963.0,,,api_error
5764,István Szony,Hungarian,,,,,,api_error
5765,Tomasz Szulecki,Polish,Male,1953.0,,,,api_error
5766,Fernando Szyszlo,Peruvian,Male,1925.0,,,,api_error
5767,Carol Block Taback,American,Female,1941.0,1980.0,,,api_error
5768,Ivan Tabakovic,Yugoslav,Male,1898.0,1977.0,,,api_error
5769,Maurice Tabard,French,Male,1897.0,1984.0,,,api_error
5770,Isaiah West Taber,American,Male,1830.0,1912.0,,,api_error
5771,Jun Tabohashi,Japanese,Male,1931.0,,,,api_error
5772,Yudio Tabuchi,Japanese,Male,,,,,api_error
5773,Yasse Tabuchi,Japanese,Male,1921.0,2009.0,,,api_error
5774,Augustus Vincent Tack,American,Male,1870.0,1949.0,,,api_error
5775,Kenji Tadamoto,Japanese,Male,1926.0,,,,api_error
5776,Tadasky (Tadasuke Kuwayama),Japanese,Male,1935.0,,,,api_error
5777,Sophie Taeuber-Arp,Swiss,Female,1889.0,1943.0,,,api_error
5778,Walter Tafelmaier,German,Male,1935.0,,,,api_error
5779,Tägtström,Swedish,,,,,,api_error
5781,Shinkichi G. Tajiri,American,Male,1923.0,2009.0,,,api_error
5782,Takahama Kazuhide,Japanese,Male,1930.0,,,,api_error
5783,Rikio Takahashi,Japanese,Male,1917.0,1999.0,,,api_error
5784,Peter Takal,American,Male,1905.0,1995.0,,,api_error
5785,Jiro Takamatsu,Japanese,Male,1936.0,1998.0,,,api_error
5787,Takeshi Imaji,Japanese,Male,1913.0,,,,api_error
5789,Takis,French,Male,1925.0,,,,api_error
5790,René Pierre Tal-Coat,French,Male,1905.0,1985.0,,,api_error
5791,William Henry Fox Talbot,British,Male,1800.0,1877.0,,,api_error
5792,John Talleur,American,Male,1925.0,2001.0,,,api_error
5793,Reuben Tam,American,Male,1916.0,1991.0,,,api_error
5795,Rufino Tamayo,Mexican,Male,1899.0,1991.0,,,api_error
5796,Olli Aninbaum,Finnish,,,,,,api_error
5797,Shigeru Tamura,Japanese,Male,1909.0,1987.0,,,api_error
5798,Shisui Tanahashi,Japanese,Male,,,,,api_error
5799,Atsuko Tanaka,Japanese,Female,1932.0,2005.0,,,api_error
5800,Ikko Tanaka,Japanese,Male,1930.0,2002.0,,,api_error
5801,Tokutaro Tanaka,Japanese,Male,1909.0,,,,api_error
5803,Tancredi,Italian,Male,1927.0,1964.0,,,api_error
5804,Yves Tanguy,American,Male,1900.0,1955.0,,,api_error
5805,Richard Taninbaum,American,Male,1952.0,,,,api_error
5806,Dorothea Tanning,American,Female,1910.0,2012.0,,,api_error
5807,Mark Tansey,American,Male,1949.0,,,,api_error
5808,Jorge Tapia,Argentine,Male,1940.0,,,,api_error
5809,Antoni Tàpies,Spanish,Male,1923.0,2012.0,,,api_error
5810,Leopoldo Tartarini,Italian,Male,1932.0,,,,api_error
5811,Vladimir Tatlin,Russian,Male,1885.0,1953.0,,,api_error
5812,Taupin,French,,,,,,api_error
5813,Vittorio Tavernari,Italian,Male,1885.0,1987.0,,,api_error
5814,Lenore Tawney,American,Female,1907.0,2007.0,,,api_error
5815,Al Taylor,American,Male,1948.0,1999.0,,,api_error
5816,Jack Taylor,American,Male,1897.0,1983.0,,,api_error
5817,Prentiss Taylor,American,Male,1907.0,1991.0,,,api_error
5818,Richard Taylor,Canadian,Male,1902.0,1970.0,,,api_error
5819,Terrance Nelson Taylor,American,Male,1937.0,,,,api_error
5820,Sergei Vasilevich Tchekonine,Russian,Male,1879.0,1936.0,,,api_error
5821,Pavel Tchelitchew,American,Male,1898.0,1957.0,,,api_error
5822,J. A. Boiffard Tchimoukow,French,,,,,,api_error
5823,Jerzy Tchorzewski,Nationality unknown,Male,1928.0,,,,api_error
5824,Walter Dorwin Teague,American,Male,1883.0,1960.0,,,api_error
5825,Tebo (Angel Torres Jaramillo),Mexican,Male,1916.0,1937.0,,,api_error
5826,Karel Teige,Czech,Male,1900.0,1951.0,,,api_error
5827,Hervé Télémaque,Haitian,Male,1937.0,,,,api_error
5829,Eugenio Tellez,Chilean,Male,1939.0,,,,api_error
5830,Franco Teodoro,Italian,Male,1939.0,,,,api_error
5831,Georgiy Teptsov,Russian,Male,,,,,api_error
5832,Rouben Ter-Arutunian,American,Male,1920.0,1992.0,,,api_error
5833,Teratani Keijiro,Japanese,Male,,,,,api_error
5834,Eduardo Terrazas,Mexican,Male,1936.0,,,,api_error
5835,Emilio Terry,French,Male,1890.0,1969.0,,,api_error
5836,Edmund Teske,American,Male,1911.0,,,,api_error
5837,Peter Teubner,American,Male,,,,,api_error
5838,Walther Teutsch,German,Male,1883.0,1964.0,,,api_error
5839,Nahum Tevet,Israeli,Male,1946.0,,,,api_error
5840,Félix Teynard,French,Male,1817.0,1892.0,,,api_error
5843,Bob Thall,American,Male,1948.0,,,,api_error
5844,Joan Josep Tharrats,Spanish,Male,1918.0,2001.0,,,api_error
5846,Julia Thecla,American,Female,1896.0,1973.0,,,api_error
5847,Pär G. Thelander,Swedish,Male,1936.0,,,,api_error
5848,Francois Thépot,French,Male,1925.0,,,,api_error
5849,Wayne Thiebaud,American,Male,1920.0,,,,api_error
5850,E. Thiebault,French,Male,,,,,api_error
5851,Monsieur Thiebault,French,Male,,,,,api_error
5852,Félix Thiollier,French,Male,1842.0,1914.0,,,api_error
5853,Hans Thoma,German,Male,1839.0,1924.0,,,api_error
5854,Byron Thomas,American,Male,1902.0,1978.0,,,api_error
5856,André Thomkins,Swiss,Male,1930.0,1985.0,,,api_error
5857,Thompson,British,,,,,,api_error
5858,Bob Thompson,American,Male,1937.0,1965.0,,,api_error
5859,Francis Thompson,American,Male,1908.0,2003.0,,,api_error
5860,Jerry L. Thompson,American,Male,1945.0,,,,api_error
5861,Mildred Thompson,American,Female,1935.0,2003.0,,,api_error
5862,William Thompson,American,Male,1919.0,,,,api_error
5863,John Thomson,British,Male,1837.0,1921.0,,,api_error
5865,"Gebrüder Thonet, company design",Austrian,,1853.0,,,,api_error
5866,Michael Thonet,Austrian,Male,1796.0,1871.0,,,api_error
5867,Esias Thoren,Swedish,Male,1901.0,1981.0,,,api_error
5868,Leslie Thornton,American,Female,1951.0,,,,api_error
5869,James Thurber,American,Male,1894.0,1961.0,,,api_error
5870,Kn Thurlbeck,American,Male,1947.0,,,,api_error
5871,Øistein Thurman,Norwegian,Male,,,,,api_error
5873,George A. Tice,American,Male,1938.0,,,,api_error
5874,Anna Ticho,Israeli,Female,1894.0,1981.0,,,api_error
5875,Rolf Tietgens,Nationality unknown,Male,,,,,api_error
5876,Louis Comfort Tiffany,American,Male,1848.0,1933.0,,,api_error
5877,Sidney Tillim,American,Male,1925.0,2001.0,,,api_error
5878,William Tillyer,British,Male,,,,,api_error
5879,Joe Tilson,British,Male,1928.0,,,,api_error
5880,Elizabeth Timberman,American,Female,1908.0,,,,api_error
5881,Walasse Ting,American,Male,1929.0,2010.0,,,api_error
5882,Jean Tinguely,Swiss,Male,1925.0,1991.0,,,api_error
5883,Bruce Tippett,British,Male,1933.0,,,,api_error
5884,William Tipton,American,Male,1850.0,1929.0,,,api_error
5885,Henriette Tirman,French,Female,1875.0,1952.0,,,api_error
5886,Zdravko Tisljar,Yugoslav,,1938.0,,,,api_error
5887,Gérard Titus-Carmel,French,Male,1942.0,,,,api_error
5888,Hap Tivey,American,Male,1947.0,,,,api_error
5889,Mark Tobey,American,Male,1890.0,1976.0,,,api_error
5890,Masatoshi Toda,Japanese,Male,1948.0,,,,api_error
5891,Charles S. Todd,American,Male,1885.0,1950.0,,,api_error
5892,Francisco Toledo,Mexican,Male,1940.0,,,,api_error
5893,Hans Tollin,Swedish,Male,1947.0,,,,api_error
5894,Henryk Tomaszewski,Polish,Male,1914.0,2001.0,,,api_error
5895,Shomei Tomatsu,Japanese,Male,1930.0,2012.0,,,api_error
5896,Bradley Walker Tomlin,American,Male,1899.0,1953.0,,,api_error
5898,Kristians Tonny,Dutch,Male,1907.0,1977.0,,,api_error
5899,Tontsere,Spanish,,,,,,api_error
5900,George Tooker,American,Male,1920.0,2011.0,,,api_error
5901,Jan Toorop,Dutch,Male,1858.0,1928.0,,,api_error
5902,Roland Topor,French,Male,1938.0,1997.0,,,api_error
5903,Mario Toral,Chilean,Male,1934.0,,,,api_error
5904,Helen Torr,American,Female,1886.0,1967.0,,,api_error
5907,Joaquín Torres-García,Uruguayan,Male,1874.0,1949.0,,,api_error
5908,Endre Tót,Hungarian,Male,1937.0,,,,api_error
5909,Carl Toth,American,Male,1947.0,,,,api_error
5910,Henri de Toulouse-Lautrec,French,Male,1864.0,1901.0,,,api_error
5911,William N. Touzani,Moroccan,Male,1954.0,,,,api_error
5912,Harold Tovish,American,Male,1921.0,,,,api_error
5913,Harold Barling Town,Canadian,Male,1924.0,1991.0,,,api_error
5914,Hugh Townley,American,Male,1923.0,2008.0,,,api_error
5915,Townsend,Nationality unknown,,,,,,api_error
5916,Toyen (Marie Cerminová),Czech,Female,1902.0,1980.0,,,api_error
5917,Tomonori Toyofuku,Japanese,Male,1925.0,,,,api_error
5918,Karl Trabert,German,Male,,1968.0,,,api_error
5920,Trace And Warner,American,,,,,,api_error
5921,Neil Trager,American,Male,1947.0,,,,api_error
5922,Philip Trager,American,Male,1935.0,,,,api_error
5923,Michael Train,American,Male,,,,,api_error
5924,Walter G. Treadwell,American,Male,,,,,api_error
5925,Steven Trefonides,American,Male,1926.0,,,,api_error
5926,Marc Treib,American,Male,1943.0,,,,api_error
5927,Adolph Treidler,American,Male,1886.0,1981.0,,,api_error
5928,Joyce Treiman,American,Female,1922.0,1991.0,,,api_error
5929,Otto Treumann,Dutch,Male,1919.0,,,,api_error
5930,Julien Trevelyan,British,Male,,,,,api_error
5932,Hann Trier,German,Male,1915.0,1999.0,,,api_error
5933,Rosemarie Trockel,German,Female,1952.0,,,,api_error
5934,Rudi Tröger,German,Male,1929.0,,,,api_error
5935,Heinz Trökes,German,Male,,,,,api_error
5936,Henri Tronquoy,French,Male,,,,,api_error
5937,Clovis Trouille,French,Male,1899.0,1975.0,,,api_error
5938,Ernest  Trova,American,Male,1927.0,2009.0,,,api_error
5939,David Trowbridge,American,Male,1945.0,,,,api_error
5940,Niklaus Troxler,Swiss,Male,1947.0,,,,api_error
5941,Knut Troysaa,Norwegian,Male,,,,,api_error
5942,Louis-Abel Truchet,French,Male,1857.0,1918.0,,,api_error
5943,David True,American,Male,1942.0,,,,api_error
5944,Van Day Truex,American,Male,1904.0,1979.0,,,api_error
5945,Anne Truitt,American,Female,1921.0,2004.0,,,api_error
5947,Georg Trump,German,Male,1896.0,1985.0,,,api_error
5948,Nina Tryggvadottir,Icelandic,Female,1913.0,1968.0,,,api_error
5949,Donna Tryon,Nationality unknown,Female,,,,,api_error
5950,George Tscherny,American,Male,1924.0,,,,api_error
5951,Jan Tschichold,Swiss,Male,1902.0,1974.0,,,api_error
5952,Augustin Tschinkel,Czech,Male,1905.0,,,,api_error
5953,Oswald Tschirtner,Austrian,Male,1920.0,,,,api_error
5954,Lill Tschudi,Swiss,Female,1911.0,2004.0,,,api_error
5955,Tokiyoshi Tsubouchi,Japanese,Male,1946.0,,,,api_error
5956,Hiromi Tsuchida,Japanese,Male,1939.0,,,,api_error
5957,Hajime Tsuchisaki,Japanese,Male,,,,,api_error
5958,Tsuchiya Rakusan,Japanese,Male,1896.0,1976.0,,,api_error
5959,Akihiko Tsukamoto,Japanese,Male,1952.0,,,,api_error
5960,Albert Tucker,Australian,Male,1914.0,1999.0,,,api_error
5961,Nicolas Tucker,British,Male,1948.0,,,,api_error
5962,Toba Tucker,American,Female,1935.0,,,,api_error
5963,William Tucker,American,Male,1935.0,,,,api_error
5964,Akesuk Tudlik,Canadian Inuit,Male,1890.0,1966.0,,,api_error
5965,Rafael Tufiño,American,Male,1922.0,2008.0,,,api_error
5966,Jakob Tuggener,Swiss,Male,1904.0,1988.0,,,api_error
5967,Thomas Tulis,American,Male,1961.0,,,,api_error
5968,Igael Tumarkin,Israeli,Male,1933.0,,,,api_error
5969,John Tunnard,British,Male,1900.0,1971.0,,,api_error
5970,Earl S. Tupper,American,Male,1907.0,1983.0,,,api_error
5971,Albert Angus Turbayne,American,Male,1866.0,1940.0,,,api_error
5972,Giulio Turcato,Italian,Male,1912.0,,,,api_error
5974,Marko Turk,Slovenian,Male,1920.0,1999.0,,,api_error
5975,William Turnbull,British,Male,1922.0,2012.0,,,api_error
5976,Roberto Turnbull Buenrostro,Mexican,Male,1959.0,,,,api_error
5977,Turner,Nationality unknown,,,,,,api_error
5978,Alwyn Scott Turner,American,Male,1936.0,,,,api_error
5979,Alan Turner,American,Male,1943.0,,,,api_error
5980,Benjamin Brecknell Turner,British,Male,1815.0,1894.0,,,api_error
5981,James Turrell,American,Male,1943.0,,,,api_error
5982,Anne Turyn,American,Female,1954.0,,,,api_error
5983,Richard Tuttle,American,Male,1941.0,,,,api_error
5984,Léon H. Tutundjian,Russian,Male,1905.0,1968.0,,,api_error
5985,Guenter Tuzina,German,Male,1951.0,,,,api_error
5986,Vilhelm Tveteraas,Norwegian,Male,,,,,api_error
5987,Stanley Twardowicz,American,Male,1917.0,2008.0,,,api_error
5988,Cy Twombly,American,Male,1928.0,2011.0,,,api_error
5989,Jack Tworkov,American,Male,1900.0,1982.0,,,api_error
5990,Alexei Alexandrovich Tyapushkin,Russian,Male,1919.0,,,,api_error
5992,Richard Tyler,American,Male,,,,,api_error
5993,Nikolai Andreevich Tyrsa,Russian,Male,,,,,api_error
5994,Edgard Tytgat,Belgian,Male,1879.0,1957.0,,,api_error
5997,Raoul Ubac,Belgian,Male,1910.0,1985.0,,,api_error
5998,Ansei Uchima,American,Male,1921.0,,,,api_error
5999,Günther Uecker,German,Male,1930.0,,,,api_error
6000,Shoji Ueda,Japanese,Male,1913.0,2000.0,,,api_error
6001,Jerry Uelsmann,American,Male,1934.0,,,,api_error
6002,Maria Uhden,German,Female,1892.0,1918.0,,,api_error
6003,Ulla af Ugglas,Swedish,Female,1916.0,,,,api_error
6004,Doris Ulmann,American,Female,1884.0,1934.0,,,api_error
6005,Timm Ulrichs,German,Male,1940.0,,,,api_error
6006,Umbo (Otto Umbehr),German,Male,1902.0,1980.0,,,api_error
6008,Underwood and Underwood,American,,1880.0,1934.0,,,api_error
6009,G. F. Underwood,American,,,,,,api_error
6010,Hans Unger,British,Male,1872.0,1936.0,,,api_error
6011,Unknown Designer,Nationality unknown,,,,,,api_error
6013,Unknown Designer,French,,,,,,api_error
6014,Unknown Designer,German,,,,,,api_error
6015,Unknown Designer,Dutch,,,,,,api_error
6016,Unknown Designer,Italian,,,,,,api_error
6017,Unknown Designer,Mexican,,,,,,api_error
6018,Unknown Designer,Swedish,,,,,,api_error
6019,Unknown Designer,Swiss,,,,,,api_error
6020,Unknown Designer,British,,,,,,api_error
6021,Unknown Designer,American,,,,,,api_error
6024,Unkn Graph Art/des - British,British,,,,,,api_error
6025,Unkn Graph Art/des - Russian,Russian,,,,,,api_error
6026,Unknown Artist,Nationality unknown,,,,,,api_error
6030,Unknown Artist,American,,,,,,api_error
6031,Unknown sculptor,,,,,,,api_error
6032,Unknown Graphic Artist,American,,1895.0,1946.0,,,api_error
6033,Max Unold,German,Male,1885.0,1964.0,,,api_error
6034,Richard Upton,American,Male,1931.0,2013.0,,,api_error
6035,José Urbach,American,Male,1940.0,,,,api_error
6036,Albert Urban,American,Male,1909.0,1959.0,,,api_error
6037,Reva Urban,American,Female,1925.0,1987.0,,,api_error
6038,Maciej Urbaniec,Polish,Male,1925.0,2004.0,,,api_error
6039,Graziella Urbinati,Italian,Female,1927.0,,,,api_error
6040,Tony Urquhart,Canadian,Male,1934.0,,,,api_error
6041,Demetrio Urruchúa,Argentine,Male,1902.0,1978.0,,,api_error
6042,Mario Urteaga,Peruvian,Male,1875.0,1957.0,,,api_error
6043,Kenji Ushiku,Japanese,Male,1922.0,,,,api_error
6044,Kaworu Usui,Japanese,Male,,,,,api_error
6045,Ilya Utkin,Russian,Male,,,,,api_error
6046,Maurice Utrillo,French,Male,1883.0,1955.0,,,api_error
6047,Burk Uzzle,American,Male,1938.0,,,,api_error
6048,John Vachon,American,Male,1914.0,1975.0,,,api_error
6049,Polygnotos G. Vagis,American,Male,1894.0,1965.0,,,api_error
6050,Laurence Vail,American,Male,1891.0,1968.0,,,api_error
6051,Roger Vail,American,Male,1945.0,,,,api_error
6052,Aida Vaisman,Argentine,Female,,1940.0,,,api_error
6053,Meyer Vaisman,American,Male,1960.0,,,,api_error
6054,Boris Vako,Russian,Male,,,,,api_error
6055,Suzanne Valadon,French,Female,1865.0,1938.0,,,api_error
6056,Valdo-Barbey (Valdo-Luis Barbey),French,Male,1883.0,1965.0,,,api_error
6057,Alfredo Valente,American,Male,1899.0,1973.0,,,api_error
6058,James Valentine,British,Male,1815.0,1880.0,,,api_error
6059,Walter Valentini,Italian,Male,1928.0,,,,api_error
6060,James Valkus,American,Male,,,,,api_error
6061,Vallauris,French,,,,,,api_error
6062,Gino Valle,Italian,Male,1923.0,2003.0,,,api_error
6064,Félix Vallotton,French,Male,1865.0,1925.0,,,api_error
6065,Louis Valtat,French,Male,1869.0,1952.0,,,api_error
6066,Philip Van Aver,American,Male,1939.0,,,,api_error
6067,Richard Van Buren,American,Male,1937.0,,,,api_error
6068,Henry Clemens van de Velde,Belgian,Male,1863.0,1957.0,,,api_error
6069,Roland van den Berghe,Dutch,Male,1943.0,,,,api_error
6070,Ed van Der Elsken,Dutch,Male,1925.0,1990.0,,,api_error
6071,Piet van der Have,Dutch,Male,,,,,api_error
6072,Bart Van Der Leck,Dutch,Male,1876.0,1958.0,,,api_error
6073,Frans van der Steen,Dutch,Male,,,,,api_error
6074,James Van Der Zee,American,Male,1886.0,1983.0,,,api_error
6075,James Van Dijk,American,Male,1930.0,2002.0,,,api_error
6076,Theo van Doesburg (Christian Emil Marie Küpper),Dutch,Male,1883.0,1931.0,,,api_error
6077,Kees van Dongen,French,Male,1877.0,1968.0,,,api_error
6078,Willard Van Dyke,American,Male,1906.0,1986.0,,,api_error
6079,Ger van Elk,Dutch,Male,1941.0,2014.0,,,api_error
6080,Jay Van Everen,American,Male,1875.0,1947.0,,,api_error
6081,Jan L. A. van Goethem,Dutch,Male,1929.0,,,,api_error
6083,Diederick Van Kleef,Dutch,Male,1954.0,,,,api_error
6085,Willem van Leusden,Dutch,Male,1886.0,1974.0,,,api_error
6086,J. E. van Lint,Dutch,,,,,,api_error
6087,Wim van Stek,Dutch,Male,1925.0,2001.0,,,api_error
6088,R. H. Vance,American,Male,1825.0,1876.0,,,api_error
6089,William Vandivert,American,Male,1912.0,1992.0,,,api_error
6090,Julius Vannerson,American,Male,1827.0,1875.0,,,api_error
6091,Georges Vantongerloo,Belgian,Male,1886.0,1965.0,,,api_error
6093,Yarom Vardimon,Israeli,Male,1941.0,,,,api_error
6094,Luis Vargas,Nationality unknown,Male,,,,,api_error
6098,Various Artists,Danish,,,,,,api_error
6099,Various Artists,French,,,,,,api_error
6101,Various Artists,Haitian,,,,,,api_error
6102,Various Artists,Italian,,,,,,api_error
6103,Various Artists,Mexican,,,,,,api_error
6104,Various Artists,Nationality unknown,,,,,,api_error
6105,Various Artists,American,,,,,,api_error
6106,Various Artists,Russian,,,,,,api_error
6107,Various Artists,Various,,,,,,api_error
6109,Victor Vasarely,French,Male,1908.0,1997.0,,,api_error
6110,Sigurd Vasegaard,Danish,Male,,,,,api_error
6111,Yuri V. (Mon) Vasiliev,Russian,,1925.0,1990.0,,,api_error
6112,Mohsen Vaziri-Moqaddam,Iranian,Male,1924.0,,,,api_error
6113,Gene Vass,American,Male,1922.0,1996.0,,,api_error
6114,Keith Vaughan,British,Male,,,,,api_error
6115,Ben Vautier,French,Male,1935.0,,,,api_error
6116,Eugène Charles Paul Vavasseur,French,Male,1863.0,1949.0,,,api_error
6117,Kristian Vedel,Danish,Male,1923.0,2003.0,,,api_error
6118,Alexander Semenovitch Vedernikov,Russian,Male,,,,,api_error
6119,Emilio Vedova,Italian,Male,1919.0,1995.0,,,api_error
6120,Jorge de la Vega,Argentine,Male,1930.0,1971.0,,,api_error
6121,Harriet M. Veissi,Nationality unknown,Female,,,,,api_error
6123,Jukka Veistola,Finnish,Male,1946.0,,,,api_error
6124,Bram van Velde,Dutch,Male,1895.0,1981.0,,,api_error
6125,Vladimir Velickovic,Yugoslav,Male,1935.0,,,,api_error
6126,Ruth Velissaratos,American,Female,1887.0,,,,api_error
6127,Bernar Venet,French,Male,1941.0,,,,api_error
6128,Michael Venezia,American,Male,1935.0,,,,api_error
6129,Paolo Venini,Italian,Male,1895.0,1959.0,,,api_error
6130,Venna,Italian,,,,,,api_error
6131,Anita Ventura,American,Female,,,,,api_error
6132,Robert Venturi,American,Male,1925.0,,,,api_error
6133,Paul Véra,French,Male,1882.0,1957.0,,,api_error
6134,JoAnn Verburg,American,Female,1950.0,,,,api_error
6135,André Verlon,Austrian,Male,1917.0,1993.0,,,api_error
6136,Luigi Veronesi,Italian,Male,1908.0,1998.0,,,api_error
6137,Raúl Veroni,Argentine,Male,1913.0,1992.0,,,api_error
6138,Kurt Versen,American,Male,1901.0,,,,api_error
6139,Aleksandr Vesnin,Russian,Male,1883.0,1959.0,,,api_error
6140,Renzo Vespignani,Italian,Male,1924.0,2001.0,,,api_error
6141,Michael Vessa,American,Male,1948.0,,,,api_error
6142,David Vestal,American,Male,1924.0,2013.0,,,api_error
6143,Heinz Veuhoff,German,Male,1933.0,,,,api_error
6144,Ivan (Vial Williams) Vial,Chilean,Male,1928.0,,,,api_error
6145,Claude Viallat,French,Male,1936.0,,,,api_error
6146,Alberto Viani,Italian,Male,1906.0,1989.0,,,api_error
6147,Esteban Vicente,American,Male,1903.0,2001.0,,,api_error
6150,Roger Vieillard,French,Male,1907.0,1989.0,,,api_error
6151,Constance Brenner Vieira Da Cunha,American,Female,1943.0,,,,api_error
6152,Maria Helena Vieira da Silva,French,Female,1908.0,1992.0,,,api_error
6153,Jean-Pierre Vielfaure,French,Male,1930.0,,,,api_error
6154,Romas Viesulas,American,Male,1918.0,1986.0,,,api_error
6155,Massimo Vignelli,Italian,Male,1931.0,2014.0,,,api_error
6158,Miguel Vilá,Spanish,Male,,,,,api_error
6159,Juan Vila Vilacasas,Spanish,Male,1920.0,,,,api_error
6160,Javier Vilato,Spanish,Male,,,,,api_error
6161,Eduardo Vilches,Chilean,Male,1932.0,,,,api_error
6162,André Villeboeuf,French,Male,1893.0,1956.0,,,api_error
6163,Jacques Villeglé,French,Male,1926.0,,,,api_error
6165,Jacques Villon,French,Male,1875.0,1963.0,,,api_error
6166,Victor Semenovich Vilner,Russian,Male,,,,,api_error
6167,René Vincent,Haitian,Male,1911.0,,,,api_error
6168,Lauretta Vinciarelli,Italian,Female,1943.0,2012.0,,,api_error
6169,Claude Viseux,French,Male,1927.0,2008.0,,,api_error
6170,Roman Vishniac,American,Male,1897.0,1990.0,,,api_error
6171,Carel Visser,Dutch,Male,1928.0,,,,api_error
6172,Carmel E. Vitullo,American,Female,,,,,api_error
6173,Carlo L. Vivarelli,Swiss,Male,1919.0,1986.0,,,api_error
6174,Giuseppe Viviani,Italian,Male,1898.0,1965.0,,,api_error
6175,Louis Vivin,French,Male,1861.0,1936.0,,,api_error
6176,Michael Vivo,American,Male,1947.0,1984.0,,,api_error
6177,Maurice de Vlaminck,French,Male,1876.0,1958.0,,,api_error
6178,Lucien Vlerick,Belgian,Male,1921.0,,,,api_error
6179,Heinrich Vogeler,German,Male,1872.0,1942.0,,,api_error
6180,Ruth Vollmer,American,Female,1903.0,1982.0,,,api_error
6183,Monika Von Boch,German,Female,1915.0,1993.0,,,api_error
6184,Baroness Elsa von Freytag-Loringhoven,German,Female,1874.0,1927.0,,,api_error
6185,Priska Von Martin,German,Female,1912.0,1982.0,,,api_error
6186,Otto Von Wätjen,Nationality unknown,Male,1881.0,1942.0,,,api_error
6187,John Von Wicht,American,Male,1888.0,1970.0,,,api_error
6188,Charmion von Wiegand,American,Female,1899.0,1983.0,,,api_error
6189,Friedrich Vordemberge-Gildewart,Dutch,Male,1899.0,1962.0,,,api_error
6190,Jan Voss,German,Male,1936.0,,,,api_error
6191,Wolf Vostell,German,Male,1932.0,1998.0,,,api_error
6192,Andrei Voznesensky,Russian,Male,1933.0,,,,api_error
6193,Adam Clark Vroman,American,Male,1856.0,1916.0,,,api_error
6194,Édouard Vuillard,French,Male,1868.0,1940.0,,,api_error
6195,Lazar Vujaklija,Yugoslav,Male,,,,,api_error
6196,Gérard Vulliamy,French,Male,1909.0,2005.0,,,api_error
6197,Jean Vylen,Nationality unknown,Male,,,,,api_error
6198,Vaclav Vytlacil,American,Male,1892.0,1984.0,,,api_error
6200,Ludwig Wachlmeier (or Aloys Ludwig Wach),Austrian,Male,1892.0,1940.0,,,api_error
6201,Konrad Wachsmann,American,Male,1901.0,1980.0,,,api_error
6202,M. Waddell,American,,,,,,api_error
6203,Theodore Waddell,American,Male,1928.0,,,,api_error
6204,Douglas Wadden,American,Male,,,,,api_error
6205,Edward Wadsworth,British,Male,1889.0,1949.0,,,api_error
6206,Len Waernberg,Swedish,,1926.0,,,,api_error
6207,Jaap Wagemaker,Dutch,Male,1906.0,1972.0,,,api_error
6208,Wilhelm Wagenfeld,German,Male,1900.0,1990.0,,,api_error
6209,John F. Waggaman,American,Male,1923.0,,,,api_error
6210,Otto Wagner,Austrian,Male,1841.0,1918.0,,,api_error
6211,Wilhelm Wagner,German,Male,1887.0,1968.0,,,api_error
6212,Wagula,Yugoslav,,,,,,api_error
6213,Marcelle Wahl,Nationality unknown,Female,,,,,api_error
6214,Diane Wakaski,Nationality unknown,Female,,,,,api_error
6215,Aijiro Wakita,Japanese,Male,1942.0,,,,api_error
6216,Robert Walch,American,Male,,,,,api_error
6217,Sylvia Wald,American,Female,1915.0,2011.0,,,api_error
6218,Paul Waldman,American,Male,1936.0,,,,api_error
6219,Butch Walker,American,Male,1941.0,,,,api_error
6220,John Walker,British,Male,1939.0,,,,api_error
6221,Sandy Walker,American,Female,1942.0,,,,api_error
6222,Todd Walker,American,Male,1917.0,1998.0,,,api_error
6223,Abraham Walkowitz,American,Male,1878.0,1965.0,,,api_error
6224,August Walla,Austrian,Male,1936.0,,,,api_error
6225,Frank Wallace,American,Male,1881.0,1962.0,,,api_error
6226,John Wallace,Canadian,Male,,,,,api_error
6228,Don Wallance,American,Male,1909.0,1990.0,,,api_error
6229,Alfred Wallis,British,Male,1855.0,1942.0,,,api_error
6230,Edward Wallowitch,American,Male,1932.0,1981.0,,,api_error
6231,William Walmsley,American,Male,1923.0,,,,api_error
6232,Karl Walser,Swiss,Male,1877.0,1943.0,,,api_error
6233,Bernard Walsh,American,Male,1912.0,2004.0,,,api_error
6234,Carl Walters,American,Male,1883.0,1955.0,,,api_error
6235,Ernest Walters,American,Male,1927.0,2004.0,,,api_error
6236,Eugene Walters,American,Male,1942.0,,,,api_error
6237,Jo Ann Walters,American,Female,1952.0,,,,api_error
6238,Gene Walther,Swiss,Male,,,,,api_error
6239,Allan Walton,British,Male,1891.0,1948.0,,,api_error
6240,Nicolaas (Sophie Warburg) Warb,Dutch,Female,1906.0,,,,api_error
6241,Jim Ward,American,Male,,,,,api_error
6242,Velox Ward,American,Male,1901.0,1944.0,,,api_error
6243,Frederick Wardy,American,Male,1937.0,,,,api_error
6244,John D. Wareham,American,Male,1871.0,1954.0,,,api_error
6246,Andy Warhol,American,Male,1928.0,1987.0,,,api_error
6247,William Warnecke,American,Male,1881.0,1939.0,,,api_error
6248,Henry de Waroquier,French,Male,1881.0,1970.0,,,api_error
6249,Dody Weston Thompson,American,Male,1923.0,2012.0,,,api_error
6250,Marian Warzecha,Polish,Female,1930.0,,,,api_error
6251,Bradford Washburn,American,Male,1910.0,2007.0,,,api_error
6252,Wasserman,Swiss,,,,,,api_error
6253,Yukichi Watabe,Japanese,Male,,,,,api_error
6254,Ryo Watanabe,Japanese,Male,1936.0,,,,api_error
6255,Sadao Watanabe,Japanese,Male,1913.0,1996.0,,,api_error
6256,Yoshio Watanabe,Japanese,Male,1907.0,,,,api_error
6257,Neil S. Waterman,American,Male,,,,,api_error
6258,E. K. Waters,American,,,,,,api_error
6260,Carleton E. Watkins,American,Male,1829.0,1916.0,,,api_error
6261,Franklin Chenault Watkins,American,Male,1894.0,1972.0,,,api_error
6262,Gilbert A. Watrous,American,Male,1919.0,,,,api_error
6264,Brian J. Watson,British,Male,1949.0,,,,api_error
6265,F. Marriott Watson,British,,,,,,api_error
6266,S. Watson,British,,,,,,api_error
6267,Eva Watson-Schütze,American,Female,1867.0,1935.0,,,api_error
6268,Henning Watterston,American,Male,,,,,api_error
6269,Robert Watts,American,Male,1923.0,1988.0,,,api_error
6271,June Wayne,American,Female,1918.0,2011.0,,,api_error
6272,Todd Webb,American,Male,1905.0,2000.0,,,api_error
6273,Franklin Webber,American,Male,,,,,api_error
6274,Hugo Weber,American,Male,1918.0,1971.0,,,api_error
6275,Max Weber,American,Male,1881.0,1961.0,,,api_error
6278,Josiah Wedgwood,British,Male,1730.0,1795.0,,,api_error
6279,William Frederick Weege III,American,Male,1935.0,,,,api_error
6280,Harry Mohr Weese,American,Male,1915.0,1998.0,,,api_error
6281,William Wegman,American,Male,1943.0,,,,api_error
6282,Hans Wegner,Danish,Male,1914.0,2007.0,,,api_error
6283,Weigl-Waltl,German,,,,,,api_error
6284,Svend Weihrauch,Danish,Male,1899.0,1962.0,,,api_error
6285,Elbert Weinberg,American,Male,1928.0,1991.0,,,api_error
6286,Helen Joy Weinberg,American,Female,1900.0,1994.0,,,api_error
6287,Dan Weiner,American,Male,1919.0,1959.0,,,api_error
6288,Lawrence Weiner,American,Male,1942.0,,,,api_error
6289,Wolfgang Weingart,Swiss,Male,1941.0,,,,api_error
6290,David Weinrib,American,Male,1924.0,2016.0,,,api_error
6291,Joyce Weinstein,American,Female,1931.0,,,,api_error
6292,John Spence Weir,American,Male,1930.0,,,,api_error
6293,Weisgerber,Austrian,,,,,,api_error
6294,David Weiss,Swiss,Male,1946.0,2012.0,,,api_error
6295,John Joseph Weiss,American,Male,1941.0,,,,api_error
6296,Sabine Weiss,Swiss,Female,1924.0,,,,api_error
6297,Weissauer,Nationality unknown,,,,,,api_error
6298,Ernest Weissman,Nationality unknown,Male,,,,,api_error
6299,Susan Weitzman,American,Female,,,,,api_error
6300,Pepi Weixlgartner,Austrian,Female,1886.0,1981.0,,,api_error
6301,Mieczyslaw Wejman,Polish,Male,1912.0,1997.0,,,api_error
6302,Stanislaw Wejman,Polish,Male,1944.0,,,,api_error
6303,Roger Welch,American,Male,1929.0,,,,api_error
6304,W. Archibald Welden,American,Male,1900.0,1970.0,,,api_error
6305,Neil Welliver,American,Male,1929.0,2005.0,,,api_error
6306,James L. Wells,American,Male,1902.0,1993.0,,,api_error
6307,Lynton Wells,American,Male,1940.0,,,,api_error
6308,Jack Welpott,American,Male,1923.0,2007.0,,,api_error
6309,Stow Wengenroth,American,Male,1906.0,1978.0,,,api_error
6311,Jane Wenger,American,Female,1944.0,,,,api_error
6312,Wilhelm Wenk,German,Male,,,,,api_error
6313,F. H. Wenzel,Nationality unknown,,,,,,api_error
6314,Theodor Werner,German,Male,1886.0,1969.0,,,api_error
6315,Wolfgang von Wersin,German,Male,1882.0,1976.0,,,api_error
6316,John Wesley,American,Male,1928.0,,,,api_error
6317,"Henry Wessel, Jr.",American,Male,1942.0,,,,api_error
6318,Tom Wesselmann,American,Male,1931.0,2004.0,,,api_error
6319,Levon West,American,Male,1900.0,1968.0,,,api_error
6321,Timothy West,American,Male,1937.0,2012.0,,,api_error
6322,H. C. Westermann,American,Male,1922.0,1981.0,,,api_error
6326,Terence Westmacott,Nationality unknown,Male,,,,,api_error
6327,Brett Weston,American,Male,1911.0,1993.0,,,api_error
6329,Edward Weston,American,Male,1886.0,1958.0,,,api_error
6330,Harold Weston,American,Male,1894.0,1972.0,,,api_error
6331,Bengt Westrell,Swedish,,1927.0,,,,api_error
6332,Stefan Wewerka,German,Male,1928.0,,,,api_error
6333,Dennis Wheeler,American,Male,1935.0,,,,api_error
6335,John Adams Whipple,American,Male,1822.0,1891.0,,,api_error
6336,James McNeill Whistler,American,Male,1834.0,1903.0,,,api_error
6337,Rex Whistler,British,Male,1905.0,1944.0,,,api_error
6338,Clarence H. White,American,Male,1871.0,1925.0,,,api_error
6339,Charles White,American,Male,1918.0,1979.0,,,api_error
6340,Henry White,British,Male,1819.0,1903.0,,,api_error
6341,Linda White,American,Female,1945.0,,,,api_error
6342,Minor White,American,Male,1908.0,1976.0,,,api_error
6343,Neal White,American,Male,1947.0,,,,api_error
6344,Stephen White,American,Male,1948.0,,,,api_error
6346,Walter Whitehead,American,Male,1874.0,1956.0,,,api_error
6347,Brett Whiteley,Australian,Male,1939.0,1992.0,,,api_error
6348,Forbes Johnstone Whiteside,American,Male,1918.0,,,,api_error
6350,Robert Whitman,American,Male,1935.0,,,,api_error
6351,Jack Whitten,American,Male,1939.0,,,,api_error
6352,Jan Wichers,German,Male,1944.0,,,,api_error
6354,Jan Wiegers,Dutch,Male,1893.0,1959.0,,,api_error
6355,Hannah Weiner,Nationality unknown,Female,,,,,api_error
6356,Metall-Arbeit Wiener Werkstätte,Austrian,,,,,,api_error
6357,Anne Wienholt,Austrian,Female,,,,,api_error
6358,Jupp Wiertz,German,Male,1881.0,1939.0,,,api_error
6359,Don Wight,American,Male,1924.0,,,,api_error
6360,Orrin Wightman,American,Male,1873.0,1965.0,,,api_error
6361,Svend Wiig Hansen,Danish,Male,1922.0,1997.0,,,api_error
6362,Bjorn Wiinblad,Danish,Male,1918.0,2006.0,,,api_error
6363,Hendrikus Th. Wijdeveld,Dutch,Male,1885.0,1987.0,,,api_error
6364,David Wilcox,American,Male,,,,,api_error
6365,Gerald Wilde,British,Male,,,,,api_error
6366,Marguerite Wildenhain,American,Female,1896.0,1985.0,,,api_error
6367,Adolpho Wildt,Italian,Male,1868.0,1931.0,,,api_error
6370,William T. Wiley,American,Male,1937.0,,,,api_error
6371,Thomas Wilfred,American,Male,1889.0,1968.0,,,api_error
6372,Ulfert Wilke,American,Male,1907.0,1988.0,,,api_error
6373,John Willenbecher,American,Male,1936.0,,,,api_error
6374,Mildred E. Williams,Nationality unknown,Female,1892.0,1967.0,,,api_error
6375,Casey Williams,American,Male,1947.0,2013.0,,,api_error
6376,Daniel S. Williams,American,Male,1942.0,,,,api_error
6377,Emmett Williams,American,Male,1925.0,2007.0,,,api_error
6378,Fred Williams,Australian,Male,1927.0,1982.0,,,api_error
6379,Hiram Draper Williams,American,Male,1917.0,2003.0,,,api_error
6380,James Leon Williams,American,Male,1852.0,1920.0,,,api_error
6381,Mason Williams,American,Male,1938.0,,,,api_error
6382,William T. Williams,American,Male,1942.0,,,,api_error
6383,Clara McDonald Williamson,American,Female,1875.0,1976.0,,,api_error
6384,Thornton Willis,American,Male,1936.0,,,,api_error
6385,Manfred Willmann,Austrian,Male,1952.0,,,,api_error
6386,Christopher Wilmarth,American,Male,1943.0,1987.0,,,api_error
6387,George Washington Wilson,British,Male,1823.0,1893.0,,,api_error
6388,Jane Wilson,American,Female,1924.0,2015.0,,,api_error
6389,Michael Wilson,American,Male,1947.0,,,,api_error
6390,Robert Wilson,American,Male,1941.0,,,,api_error
6391,Scott Wilson,Scottish,Male,1889.0,1972.0,,,api_error
6393,David Wing,American,Male,1947.0,,,,api_error
6394,Sven Wingquist,Swedish,Male,1876.0,1953.0,,,api_error
6395,Princess Winifred,Nationality unknown,Female,,,,,api_error
6396,Trevor Winkfield,British,Male,1944.0,,,,api_error
6397,Gerd Winner,German,Male,1936.0,,,,api_error
6398,Geoff Winningham,American,Male,1943.0,,,,api_error
6399,Garry Winogrand,American,Male,1928.0,1984.0,,,api_error
6400,Neil Winokur,American,Male,1945.0,,,,api_error
6401,Rolf Winquist,Swedish,Male,1910.0,1968.0,,,api_error
6402,Jackie Winsor,American,Female,1941.0,,,,api_error
6403,Thomas W. Winstead,American,Male,1918.0,,,,api_error
6405,Fritz Winter,German,Male,1905.0,1976.0,,,api_error
6406,Alfred Winter-Rust,German,Male,1923.0,2000.0,,,api_error
6407,Robin Winters,American,Male,1950.0,,,,api_error
6408,Terry Winters,American,Male,1949.0,,,,api_error
6409,Tapio Wirkkala,Finnish,Male,1915.0,1985.0,,,api_error
6410,Kurt Wirth,Swiss,Male,1917.0,,,,api_error
6411,Marc Wise,American,Male,1964.0,,,,api_error
6412,Francis Wishart,British,Male,1951.0,,,,api_error
6413,Eugen Wiskovsky,Czech,Male,1888.0,1964.0,,,api_error
6414,Benno Wissing,Dutch,Male,1923.0,2008.0,,,api_error
6415,Adrian Wiszniewski,British,Male,1958.0,,,,api_error
6416,Joan Witek,American,Female,1943.0,,,,api_error
6417,Joel Peter Witkin,American,Male,1939.0,,,,api_error
6418,Rainer Wittenborn,German,Male,1941.0,,,,api_error
6419,Ben Wittick,American,Male,1845.0,1903.0,,,api_error
6420,Johann Loetz,Austrian,Male,,,,,api_error
6421,Josef Rudolf Witzel,German,Male,1867.0,1927.0,,,api_error
6422,Emerson Woelffer,American,Male,1914.0,2003.0,,,api_error
6423,Agatha Wojciechowsky,American,Female,1893.0,1986.0,,,api_error
6424,Stanislav Wojtowicz,Polish,Male,,,,,api_error
6426,Marion Post Wolcott,American,Female,1910.0,1990.0,,,api_error
6427,Arne Wolf,American,Male,1929.0,,,,api_error
6428,Sylvia Wolf,American,Female,1957.0,,,,api_error
6429,Grete Wolf-Krakauer,Nationality unknown,Female,,,,,api_error
6430,Wolfsberg,German,,,,,,api_error
6431,Jeffrey Wolin,American,Male,1951.0,,,,api_error
6432,Wols (A. O. Wolfgang Schulze),German,Male,1913.0,1951.0,,,api_error
6433,Andrew Kay Womrath,American,Male,1869.0,1939.0,,,api_error
6434,Helena (Mie Yuan Wong) Wong,Brazilian,Female,1938.0,1990.0,,,api_error
6435,Paul Wonner,American,Male,1920.0,2008.0,,,api_error
6436,Art Wood,American,Male,1918.0,,,,api_error
6437,Brian Wood,Canadian,Male,1948.0,,,,api_error
6438,Esther Wood,American,Female,1921.0,,,,api_error
6439,Grant Wood,American,Male,1891.0,1942.0,,,api_error
6440,Gross Wood,American,Male,1919.0,,,,api_error
6441,J. Trevor Wood,British,Male,1930.0,,,,api_error
6442,Charles Herbert Woodbury,American,Male,1864.0,1940.0,,,api_error
6443,D. B. Woodbury,American,Male,,1866.0,,,api_error
6444,Pamela Woodhead,British,Female,1955.0,2009.0,,,api_error
6445,George Woodman,American,Male,1932.0,,,,api_error
6446,Bill Woodrow,British,Male,1948.0,,,,api_error
6447,Joseph Janvier Woodward,American,Male,1833.0,1884.0,,,api_error
6448,Christopher Wool,American,Male,1955.0,,,,api_error
6449,Hal Woolf,British,Male,1902.0,1962.0,,,api_error
6450,Willard Worden,American,Male,1873.0,1946.0,,,api_error
6451,Piet Worm,Dutch,Male,1909.0,1996.0,,,api_error
6452,Edward Wormley,American,Male,1907.0,1995.0,,,api_error
6453,Troels Wörsel,Danish,Male,1950.0,,,,api_error
6454,Don Worth,American,Male,1924.0,2009.0,,,api_error
6456,Fritz Wotruba,Austrian,Male,1907.0,1975.0,,,api_error
6457,Dick Wray,American,Male,1933.0,2011.0,,,api_error
6458,Cedric Wright,American,Male,1889.0,1959.0,,,api_error
6459,Frank Lloyd Wright,American,Male,1867.0,1959.0,,,api_error
6460,Russel Wright,American,Male,1904.0,1976.0,,,api_error
6461,Andrzej J. Wroblewski,Polish,Male,1934.0,,,,api_error
6462,Theo Wujcik,American,Male,1936.0,2014.0,,,api_error
6463,Paul Wunderlich,German,Male,1927.0,2010.0,,,api_error
6464,Andrew Wyeth,American,Male,1917.0,2009.0,,,api_error
6465,James Wyeth,American,Male,1946.0,,,,api_error
6466,Mary Wykeham,British,Female,,,,,api_error
6467,Lance Wyman,American,Male,1937.0,,,,api_error
6468,Richard Wyndham,British,Male,1896.0,1948.0,,,api_error
6469,Milton Wynne,American,Male,,,,,api_error
6470,Bryan Wynter,British,Male,1915.0,1981.0,,,api_error
6471,Llewellyn Xavier,British,Female,1942.0,,,,api_error
6473,Jaume Juez i Castella (Xirinius),Spanish,Male,1906.0,2002.0,,,api_error
6474,Desiderio Hernández Xochitiozín,Mexican,Male,,,,,api_error
6475,Xomob(?),Russian,,,,,,api_error
6476,Ahmed Yacoubi,Moroccan,Male,1928.0,1985.0,,,api_error
6478,Kazuo Yagi,Japanese,Male,1918.0,1979.0,,,api_error
6480,Takao Yamada,Japanese,Male,1938.0,,,,api_error
6481,Yamaguchi Gen,Japanese,Male,1896.0,1976.0,,,api_error
6482,Harumi Yamaguchi,Japanese,Female,1941.0,,,,api_error
6483,Susumu Yamaguchi,Japanese,Male,1897.0,1983.0,,,api_error
6484,Takeo Yamaguchi,Japanese,Male,1902.0,1983.0,,,api_error
6486,Yoji Yamamoto,Japanese,Male,1943.0,,,,api_error
6487,Ryuichi Yamashiro,Japanese,Male,1920.0,,,,api_error
6488,Tad Yamashiro,American,Male,1930.0,,,,api_error
6489,Hiroshi Yamazaki,Japanese,Male,,,,,api_error
6490,Sori Yanagi,Japanese,Male,1915.0,2011.0,,,api_error
6491,John Yang,American,Male,1933.0,,,,api_error
6492,Ken Yanome,Japanese,Male,,,,,api_error
6493,Chuji Yao,Japanese,Male,,,,,api_error
6494,Chuji Yasui,Japanese,Male,,,,,api_error
6495,Max Yavno,American,Male,1911.0,1985.0,,,api_error
6496,Yayanagi Tsuyoshi,Japanese,Male,1933.0,,,,api_error
6497,Manoucher Yektai,American,Male,1921.0,,,,api_error
6498,Albert E. Yersin,Swiss,Male,1905.0,1984.0,,,api_error
6499,George Ygfors,Swedish,Male,1926.0,,,,api_error
6500,Ylla,American,Female,1911.0,1955.0,,,api_error
6501,Alejandro Mario Yllanes,Bolivian,Male,1913.0,1960.0,,,api_error
6502,Tadanori Yokoo,Japanese,Male,1936.0,,,,api_error
6503,Yoo Kang Yl,Korean,,,,,,api_error
6504,Yoshi,Japanese,Male,,,,,api_error
6505,Chizuko Yoshida,Japanese,Female,,,,,api_error
6506,Hodaka Yoshida,Japanese,Female,,,,,api_error
6507,Katsuro Yoshida,Japanese,Male,,,,,api_error
6508,Masaji Yoshida,Japanese,Male,1917.0,1971.0,,,api_error
6509,Toshi Yoshida,Japanese,Male,,,,,api_error
6510,Yoshio Yoshida,Japanese,Male,,,,,api_error
6511,Hideo Yoshihara,Japanese,Male,1931.0,2007.0,,,api_error
6513,Naoki Yoshimoto,Japanese,Male,1940.0,,,,api_error
6514,Masunobu Yoshimura,Japanese,Male,1932.0,,,,api_error
6515,Senzo Yoshioka,Japanese,Male,,,,,api_error
6517,Alfred Young,Nationality unknown,Male,,,,,api_error
6518,Arthur Young,American,Male,1905.0,1995.0,,,api_error
6519,Ellsworth Young,American,Male,,,,,api_error
6520,La Monte Young,American,Male,1935.0,,,,api_error
6521,Michael Young,American,Male,1952.0,,,,api_error
6522,Peter Young,American,Male,1940.0,,,,api_error
6523,Thomas Young,American,Male,1924.0,,,,api_error
6524,Jack Youngerman,American,Male,1926.0,,,,api_error
6525,Mario Yrisarry,American,Male,1934.0,,,,api_error
6526,Adja Yunkers,American,Male,1900.0,1983.0,,,api_error
6527,Yvaral (Jean Pierre Vasarely),French,Male,1934.0,2002.0,,,api_error
6528,Teresa Zabala,American,Female,1938.0,,,,api_error
6529,Melvin Zabarsky,American,Male,1932.0,,,,api_error
6530,Adolf Zabransky,German,Male,1909.0,1981.0,,,api_error
6531,Julio Augusto Zachrisson,Panamanian,Male,1930.0,,,,api_error
6532,Léon Zack,French,Male,1892.0,1980.0,,,api_error
6533,Ossip Zadkine,French,Male,1890.0,1967.0,,,api_error
6534,Stanislaw Zagorski,Polish,Male,1933.0,,,,api_error
6535,Paul A. Zahl,American,Male,1910.0,1985.0,,,api_error
6536,Jack Zajac,American,Male,1929.0,,,,api_error
6537,Alfredo Zalce,Mexican,Male,1908.0,2003.0,,,api_error
6539,Wojciech Zamecznik,Polish,Male,1923.0,1967.0,,,api_error
6540,Norman Zammitt,American,Male,1931.0,2007.0,,,api_error
6541,Enrique Zañartu,Chilean,Male,1921.0,2000.0,,,api_error
6542,Tono Zancanaro,Italian,Male,1906.0,1985.0,,,api_error
6543,Michael S. Zane,American,Male,1948.0,,,,api_error
6544,Marco Zanuso,Italian,Male,1916.0,2001.0,,,api_error
6545,Zao Wou-ki,French,Male,1920.0,2013.0,,,api_error
6547,Bronislaw Zapolski,American,Male,1917.0,,,,api_error
6548,Walter Zapp,Latvian,Male,1905.0,2003.0,,,api_error
6549,Zarina,American,Female,1937.0,,,,api_error
6550,Georges de Zayas,Mexican,Male,,,,,api_error
6551,Marian Zazeela,American,Female,1936.0,,,,api_error
6553,Bruno Zehnder,Swiss,Male,1945.0,,,,api_error
6554,Walter Zehringer,German,Male,1940.0,,,,api_error
6555,Walter Zeischegg,Austrian,Male,1917.0,1983.0,,,api_error
6556,Eva Zeisel,American,Female,1906.0,2011.0,,,api_error
6557,Daniel Zelaya,Argentine,Male,,,,,api_error
6558,Bronislaw Zelek,Polish,Male,1935.0,,,,api_error
6559,Carlo Zen,Italian,Male,1851.0,1918.0,,,api_error
6560,Charles Hossein Zenderoudi,Iranian,Male,1937.0,,,,api_error
6561,Karl Zerbe,American,Male,1903.0,1972.0,,,api_error
6562,Morris Zerner,Austrian,Male,,,,,api_error
6563,Zero (Hans Schleger),British,Male,1898.0,1976.0,,,api_error
6564,Lina Zervudaki,French,Female,1890.0,1950.0,,,api_error
6565,J. Thomas Zetterstrom,American,Male,1945.0,,,,api_error
6566,Laura Ziegler,American,Female,1927.0,,,,api_error
6567,Lolita Zikmane,Russian,Female,,,,,api_error
6568,Heinrich Zille,German,Male,1858.0,1929.0,,,api_error
6569,George Zimbel,Canadian,Male,1929.0,,,,api_error
6570,Murray Zimiles,American,Male,1941.0,,,,api_error
6571,Mac Zimmerman,German,Male,1912.0,1995.0,,,api_error
6572,Tom Zimmermann,German,Male,1925.0,,,,api_error
6573,Jacques Zimmerman,Belgian,Male,1929.0,,,,api_error
6576,Alfred Karl Zlevor,Austrian,Male,1942.0,,,,api_error
6577,Richard Zoellner,American,Male,1909.0,2003.0,,,api_error
6578,Nicos Zographos,American,Male,1931.0,,,,api_error
6579,Harry Zolotow,American,Male,1888.0,1963.0,,,api_error
6581,Marguerite Zorach,American,Female,1887.0,1968.0,,,api_error
6582,William Zorach,American,Male,1889.0,1966.0,,,api_error
6583,Gilberto Zorio,Italian,Male,1944.0,,,,api_error
6584,Anders Zorn,Swedish,Male,,,,,api_error
6585,Marco Zotta,Italian,Male,1945.0,,,,api_error
6586,Larry Zox,American,Male,1936.0,2006.0,,,api_error
6588,Joe Zucker,American,Male,1941.0,,,,api_error
6589,Francisco Zuñiga,Mexican,Male,1912.0,1998.0,,,api_error
6590,Zush (Alberto Porta),Spanish,Male,1946.0,,,,api_error
6591,Anatoly Timofeevich Zverev,Russian,Male,1931.0,1986.0,,,api_error
6592,Piet Zwart,Dutch,Male,1885.0,1977.0,,,api_error
6593,Toots Zynsky,American,Female,1951.0,,,,api_error
6594,Werner Zyrd,German,,,,,,api_error
6595,Jack Barth,American,Male,1949.0,,,,api_error
6596,Eric Erickson,American,Male,1953.0,,,,api_error
6597,Donald C. Fritz,American,Male,1950.0,,,,api_error
6599,Sean Kalish,American,Male,1981.0,,,,api_error
6600,Berndt Kerkin,German,Male,1951.0,,,,api_error
6601,Joseph Norman,American,Male,1957.0,,,,api_error
6602,Lorna Simpson,American,Female,1960.0,,,,api_error
6603,Jan Vercruysse,Belgian,Male,1948.0,,,,api_error
6604,John Button,American,Male,1930.0,1982.0,,,api_error
6605,Tadeusz Trepkowski,Polish,Male,1914.0,1954.0,,,api_error
6606,Susi Berger,Swiss,Female,1937.0,,,,api_error
6607,Ueli Berger,Swiss,Male,1937.0,2008.0,,,api_error
6608,Robin Chu,British,,1951.0,,,,api_error
6609,Jack Daly,American,Male,1957.0,,,,api_error
6610,Christopher Loew,American,Male,1963.0,,,,api_error
6611,Jim Gentes,American,Male,1957.0,,,,api_error
6612,Sam Lucente,American,Male,1958.0,,,,api_error
6613,Antti Nurmesniemi,Finnish,Male,1927.0,2003.0,,,api_error
6614,William L. Tolan,American,Male,1963.0,,,,api_error
6615,Nadezhda Udal'tsova,Russian,Female,1886.0,1961.0,,,api_error
6616,Lois Conner,American,Female,1951.0,,,,api_error
6617,Ulrich Rückriem,German,Male,1938.0,,,,api_error
6618,Robert Andrew Parker,American,Male,1927.0,,,,api_error
6619,Tone Vigeland,Norwegian,Female,1938.0,,,,api_error
6621,John Armleder,Swiss,Male,1948.0,,,,api_error
6622,Jeff Koons,American,Male,1955.0,,,,api_error
6623,David Wojnarowicz,American,Male,1954.0,1992.0,,,api_error
6624,Fernand Léger,French,Male,1881.0,1955.0,,,api_error
6626,Michael Corris,American,Male,1949.0,,,,api_error
6627,Robert Gordy,American,Male,1933.0,1986.0,,,api_error
6628,Margo Humphrey,American,Female,1942.0,,,,api_error
6629,Hermann Pitz,German,Male,1956.0,,,,api_error
6630,Bern Porter,American,Male,1911.0,2004.0,,,api_error
6631,Rémy Zaugg,Swiss,Male,1943.0,2005.0,,,api_error
6632,Glenn Goldberg,American,Male,1953.0,,,,api_error
6633,Ilya Kabakov,American,Male,1933.0,,,,api_error
6634,Mimi Smith,American,Female,1942.0,,,,api_error
6635,Jac Leirner,Brazilian,Female,1961.0,,,,api_error
6636,Gordon Matta-Clark,American,Male,1943.0,1978.0,,,api_error
6637,Paul Thek,American,Male,1933.0,1988.0,,,api_error
6638,Victor Burgin,British,Male,1941.0,,,,api_error
6639,Julio Larraz,American,Male,1944.0,,,,api_error
6640,Jane Hammond,American,Female,1950.0,,,,api_error
6641,Raffaele Leomporri,Italian,Male,1926.0,1974.0,,,api_error
6642,Art Spiegelman,American,Male,1948.0,,,,api_error
6643,Rafael Alberti,Spanish,Male,1902.0,1999.0,,,api_error
6644,Roberto Barni,Italian,Male,1939.0,,,,api_error
6645,Pablo Palazuelo,Spanish,Male,1916.0,2007.0,,,api_error
6646,Vincente Rojo,Spanish,Male,1932.0,,,,api_error
6647,George Mann Niedecken,American,Male,1878.0,1945.0,,,api_error
6649,Vinicio Berti,Italian,Male,1921.0,1991.0,,,api_error
6650,Paolo Favi,Italian,Male,1935.0,,,,api_error
6651,Fabrizio Gori,Italian,Male,1940.0,,,,api_error
6652,Emilio Malenotti,Italian,Male,1913.0,,,,api_error
6653,Liberia Pini,Italian,,1929.0,,,,api_error
6654,Philip Taaffe,American,Male,1955.0,,,,api_error
6655,Sophie Calle,French,Female,1953.0,,,,api_error
6656,Joy Jacobs,American,Female,1932.0,,,,api_error
6657,Louis-Auguste Girardot,French,Male,1856.0,1933.0,,,api_error
6658,Louis Malteste,French,Male,1862.0,1928.0,,,api_error
6660,Maurice Réalier-Dumas,French,Male,1860.0,1928.0,,,api_error
6661,Émile Berchmans,Belgian,Male,1867.0,1947.0,,,api_error
6662,G. de Latenay,French,Male,1859.0,1943.0,,,api_error
6663,Marcel Lenoir,French,Male,1872.0,1931.0,,,api_error
6664,H. Bellery-Desfontaines,French,Male,1867.0,1909.0,,,api_error
6665,A. Calbet,French,Male,1869.0,1944.0,,,api_error
6666,Maurice Eliot,Nationality unknown,Male,,,,,api_error
6667,Ch Doudelet,Belgian,Male,1861.0,1938.0,,,api_error
6668,F.-A Gorquet,French,Male,1862.0,1927.0,,,api_error
6669,P. Jouve,Nationality unknown,,,,,,api_error
6670,J. Wély,French,Male,1873.0,1910.0,,,api_error
6671,Annette Messager,French,Female,1943.0,,,,api_error
6672,L. Levy-Dhurmer,French,Male,1865.0,1953.0,,,api_error
6673,L. Simon,Nationality unknown,,,,,,api_error
6674,Camille Bellanger,Nationality unknown,Female,,,,,api_error
6675,A. Laurens,Nationality unknown,,,,,,api_error
6676,A. Donnay,Belgian,Male,1862.0,1921.0,,,api_error
6677,A. Lepère,Nationality unknown,,,,,,api_error
6678,E. A. Artigue,Nationality unknown,,,,,,api_error
6679,R. X. Prinet,French,Male,1861.0,1946.0,,,api_error
6680,Hans Christiansen,Nationality unknown,Male,,,,,api_error
6681,Robert Engels,Nationality unknown,Male,,,,,api_error
6682,Jeanne Jacquemin,Nationality unknown,Female,,,,,api_error
6683,Ernest Laurent,Nationality unknown,Male,,,,,api_error
6684,Henri Detouche,French,Male,1854.0,1913.0,,,api_error
6685,Gaston Bussière,Nationality unknown,Male,,,,,api_error
6686,E. Dinet,French,Male,1861.0,1929.0,,,api_error
6687,Roedel,Nationality unknown,,,,,,api_error
6688,J. G. Besson,French,Male,1868.0,,,,api_error
6689,A. Giraldon,Nationality unknown,,,,,,api_error
6690,Henri Le Sidaner,Nationality unknown,Male,,,,,api_error
6691,Maximilienne Guyon,Nationality unknown,Male,,,,,api_error
6692,Henri Martin,French,Male,,,,,api_error
6693,Fernand Piet,Nationality unknown,Male,,,,,api_error
6694,E. Trigoulet,French,Male,1867.0,1910.0,,,api_error
6695,A. Ibels,Nationality unknown,,,,,,api_error
6696,Paul Leroy,Nationality unknown,Male,,,,,api_error
6697,J. Baseilhac,French,Male,1874.0,1903.0,,,api_error
6698,Ch Huard,Nationality unknown,,,,,,api_error
6699,J. A. Muenier,French,Male,1863.0,1942.0,,,api_error
6700,Paul Renouard,Nationality unknown,Male,,,,,api_error
6701,Louise Breslau,Nationality unknown,Female,,,,,api_error
6702,Maurice Desvallières,Nationality unknown,Male,,,,,api_error
6703,Frantz Jourdain,French,Male,1847.0,1935.0,,,api_error
6704,A. Muller,Nationality unknown,,,,,,api_error
6705,L. Borgex,French,Male,1875.0,1959.0,,,api_error
6706,Jules Flandrin,French,Male,1871.0,1947.0,,,api_error
6707,R. A. Vlmann,Nationality unknown,,,,,,api_error
6708,A Yank,Nationality unknown,,,,,,api_error
6709,F. Cormon,French,Male,1845.0,1924.0,,,api_error
6711,P. C. Helleu,French,Male,1859.0,1927.0,,,api_error
6712,V. Prouvé,French,Male,1858.0,1943.0,,,api_error
6713,Ch Guérin,French,Male,1875.0,1939.0,,,api_error
6714,Henri Guinier,Nationality unknown,Male,,,,,api_error
6715,F. Guiguet,French,Male,1860.0,1937.0,,,api_error
6716,Raphael Collin,Nationality unknown,Male,,,,,api_error
6717,L. W. Hawkins,Nationality unknown,,,,,,api_error
6718,F. Luigini,Nationality unknown,,,,,,api_error
6719,F. Bracquemond,French,Male,1833.0,1914.0,,,api_error
6720,Jeanne Granès,Nationality unknown,Female,,,,,api_error
6721,L. H. Monod,Nationality unknown,,,,,,api_error
6722,A. Agache,French,Male,1843.0,1915.0,,,api_error
6723,G. Dubuffe,French,Male,1853.0,1909.0,,,api_error
6724,L. O. Merson,Nationality unknown,,,,,,api_error
6725,Armand Berton,French,Male,1854.0,1927.0,,,api_error
6728,Rosalind Bengelsdorf,American,Female,1916.0,1979.0,,,api_error
6729,Harry Bowden,American,Male,1907.0,1965.0,,,api_error
6730,Arthur N. Christie,American,,1891.0,1980.0,,,api_error
6731,Herzl Emanuel,American,Male,1914.0,2002.0,,,api_error
6732,Hananiah Harari,American,Male,1912.0,2000.0,,,api_error
6734,M. Kennedy,American,,,,,,api_error
6735,Agnes Lyall,American,Female,1908.0,2013.0,,,api_error
6736,Ralph M. Rosenborg,American,Male,1913.0,1992.0,,,api_error
6738,Esphyr Slobodkina,American,Female,1908.0,2002.0,,,api_error
6739,Albert Swinden,Nationality unknown,Male,1901.0,1961.0,,,api_error
6740,Rupert D. Turnbull,American,Male,1899.0,1943.0,,,api_error
6741,Fredrick J. Whiteman,American,Male,1909.0,1997.0,,,api_error
6742,Wilfred M. Zogbaum,American,Male,1915.0,1965.0,,,api_error
6743,Willson Y. Stamper,Nationality unknown,Male,1912.0,1988.0,,,api_error
6744,Myer Abel,American,Male,1904.0,1946.0,,,api_error
6745,Mabelle Richardson,Nationality unknown,Female,1907.0,1995.0,,,api_error
6746,Robert Beaven,American,Male,,,,,api_error
6747,David Black,Nationality unknown,Male,,,,,api_error
6748,Ned Griner,Nationality unknown,Male,,,,,api_error
6749,Charles Huffman,Nationality unknown,Male,,,,,api_error
6750,Rachel Kemper,Nationality unknown,Female,,,,,api_error
6751,Jerrold Maddox,Nationality unknown,Male,,,,,api_error
6752,Jean Margolin,Nationality unknown,Male,,,,,api_error
6753,Dale Rogers,American,Male,,,,,api_error
6754,Sidney Shapiro,American,Male,,,,,api_error
6755,Dennis Burton,Nationality unknown,Male,,,,,api_error
6756,Greg Curnoe,Canadian,Male,1936.0,1992.0,,,api_error
6757,Gerald Gladstone,Nationality unknown,Male,,,,,api_error
6758,Richard Gorman,Nationality unknown,Male,,,,,api_error
6759,Robert Hedrick,Nationality unknown,Male,,,,,api_error
6760,Robert Markle,Nationality unknown,Male,,,,,api_error
6761,Waltrud Markgraf,Nationality unknown,Male,,,,,api_error
6762,John Meredith,Nationality unknown,Male,,,,,api_error
6763,Gordon Rayner,Nationality unknown,Male,,,,,api_error
6764,Joyce Wieland,Canadian,Female,1931.0,1998.0,,,api_error
6765,Maschel Teitelbaum,Nationality unknown,Male,,,,,api_error
6766,Horst B. Baerenz,German,Male,1939.0,,,,api_error
6767,Oswald Michel,German,Male,,,,,api_error
6768,Wolfgang Schlick,German,Male,,,,,api_error
6769,Hans J. Zeidler,German,Male,,,,,api_error
6770,Walter Zimbrich,German,Male,,,,,api_error
6771,Vladimir Akulinin,Nationality unknown,Male,,,,,api_error
6772,Galja Bitt,Nationality Unknown,,,,,,api_error
6773,Anatolij Krivtschikov,Nationality unknown,,,,,,api_error
6774,Lev Nusberg,Nationality unknown,Male,,,,,api_error
6775,Victor Stjepanov,Nationality unknown,Male,,,,,api_error
6776,Rimma Zanjevskaja,Nationality unknown,Female,,,,,api_error
6777,Pedro Alcantara,Nationality unknown,Male,,,,,api_error
6778,Enrique Grau,Colombian,Male,1920.0,2004.0,,,api_error
6779,Phanor Leon,Colombian,Male,1944.0,2006.0,,,api_error
6780,Rafael Coronel,Mexican,Male,1932.0,,,,api_error
6781,Francisco Corzas,Mexican,Male,1936.0,1983.0,,,api_error
6782,Roberto Donis,Nationality unknown,Male,,,,,api_error
6783,Helen Escobedo,Mexican,Female,1934.0,,,,api_error
6784,Fernando Garcia Ponce,Mexican,Male,1933.0,1987.0,,,api_error
6785,Manuel Espinoza,Venezuelan,Male,1937.0,,,,api_error
6786,Luis Guevara Morena,Nationality unknown,Male,,,,,api_error
6787,Mercedes Pardo,Venezuelan,Female,1922.0,2005.0,,,api_error
6788,Alirio Palacios,Venezuelan,Male,1938.0,2015.0,,,api_error
6789,Daniel Argimon,Nationality unknown,Male,,,,,api_error
6790,Penélope Bennett,Nationality unknown,Female,,,,,api_error
6791,Ramon Ferran Pages,Nationality unknown,Male,,,,,api_error
6792,Jordi Secall Roure,Nationality unknown,Male,,,,,api_error
6793,Fernando Grillon,Nationality unknown,Male,,,,,api_error
6794,Hernando Tejada,Colombian,Male,1925.0,1998.0,,,api_error
6795,Miguel Angel Rojas,Colombian,Male,1946.0,,,,api_error
6796,"Maria Teresa Cuéllar ""Teye""",Colombian,Female,1935.0,,,,api_error
6797,Ned Truss,Nationality unknown,Male,,,,,api_error
6798,Juan Cárdenas,Colombian,Male,1939.0,,,,api_error
6799,Alfredo Guerrero,Nationality unknown,Male,,,,,api_error
6800,Jacobo Borges,Venezuelan,Male,1931.0,,,,api_error
6801,William Stone Reveron,Nationality unknown,Male,,,,,api_error
6802,John Lange,Venezuelan,Male,1932.0,,,,api_error
6803,Hugo Arape,Nationality unknown,Male,,,,,api_error
6804,Yutaka Toyota,Japanese,Male,1931.0,,,,api_error
6805,Raúl Cattelani,Nationality unknown,Male,,,,,api_error
6806,Dan Dailey,American,Male,1947.0,,,,api_error
6807,Laurie Anderson,American,Female,1947.0,,,,api_error
6808,Jr. Arnold,American,,1915.0,1991.0,,,api_error
6809,John Ashbery,American,Male,1927.0,,,,api_error
6810,Bern Boyle,American,Male,1951.0,1992.0,,,api_error
6811,Lucinda Childs,American,Female,1940.0,,,,api_error
6812,Jane Comfort,American,Female,1945.0,,,,api_error
6813,R. Crumb,American,Male,1943.0,,,,api_error
6814,Harvey Pekar,American,Male,1939.0,,,,api_error
6815,Jimmy DeSana,American,Male,1950.0,1990.0,,,api_error
6816,Evergon,Canadian,Male,1946.0,,,,api_error
6817,Jayme Odgers,American,Female,1939.0,,,,api_error
6818,Martha Holt,American,Female,1945.0,,,,api_error
6819,James Hong,American,Male,1948.0,,,,api_error
6820,Betsey Johnson,American,Female,1942.0,,,,api_error
6821,Sonia Katchian,Nationality unknown,Female,1947.0,,,,api_error
6822,Stephanie Brody Lederman,American,Female,1939.0,,,,api_error
6823,Jacqueline Livingston,American,Female,1943.0,,,,api_error
6824,Joan Livingstone,American,Female,1948.0,,,,api_error
6825,David Lusby,American,Male,1954.0,,,,api_error
6826,Joseph Masheck,American,Male,1942.0,,,,api_error
6827,Judith Mcwillie,American,Female,1946.0,,,,api_error
6828,Joan Nelsen,American,Female,1937.0,,,,api_error
6829,Richard Olson,American,Male,1938.0,,,,api_error
6830,Kingsley Parker,American,Male,1947.0,,,,api_error
6831,Don Rodan,American,Male,1950.0,,,,api_error
6832,Martha Rosler,American,Female,1943.0,,,,api_error
6833,Michael Sorkin,American,Male,1948.0,,,,api_error
6834,Soul Artists,American,,,,,,api_error
6835,Lee Ufan,Korean,Male,1936.0,,,,api_error
6836,Futura 2000,American,,1955.0,,,,api_error
6837,Ali,American,,1956.0,,,,api_error
6838,Fred,American,,1956.0,,,,api_error
6840,Dondi (Donald Joseph White),American,Male,1961.0,1998.0,,,api_error
6841,Zephyr,American,,1960.0,,,,api_error
6842,Haze,American,,1961.0,,,,api_error
6843,Stanley Stellar,American,Male,1945.0,,,,api_error
6844,Benedict Tisa,American,Male,1942.0,,,,api_error
6845,Curtis Van Buren,American,Male,1950.0,,,,api_error
6846,Philip Warner,American,Male,1947.0,,,,api_error
6847,Wenda Von Weise,American,Female,1941.0,,,,api_error
6848,Harry Anderson,American,Male,1943.0,,,,api_error
6849,Karl Opfermann,German,Male,1891.0,1960.0,,,api_error
6850,Gerhardt von Ruckteschell,German,Male,1882.0,1941.0,,,api_error
6851,Heinrich Stegemann,German,Male,1888.0,1945.0,,,api_error
6852,Willi Titze,German,Male,1890.0,1979.0,,,api_error
6853,Siegfried Schott,German,Male,1897.0,1971.0,,,api_error
6854,Paul R. Meltsner,American,Male,1905.0,1959.0,,,api_error
6855,Gretchen Bender,American,Female,1951.0,2004.0,,,api_error
6856,Edward Dwurnik,Polish,Male,1943.0,,,,api_error
6857,Stanislaw Fijalkowski,Polish,Male,1922.0,,,,api_error
6858,Izabella Gustowska,Polish,Female,1948.0,,,,api_error
6859,Andrzej Kalina,Polish,Male,1952.0,,,,api_error
6860,Paul Marcus,American,Male,1953.0,,,,api_error
6861,Jaume Plensa,Spanish,Male,1955.0,,,,api_error
6862,Anna Sobol,Polish,Female,1946.0,,,,api_error
6863,Robert Stackhouse,American,Male,1942.0,,,,api_error
6864,Jan Tarasin,Polish,Male,1926.0,2009.0,,,api_error
6865,Jerome Schueger,American,Male,,,,,api_error
6866,Antoinette Araco,American,Female,,,,,api_error
6867,Leonard Dryansky,American,Male,,,,,api_error
6868,Kenneth Fritch,American,Male,,,,,api_error
6869,Richard Lazzaro,American,Male,,,,,api_error
6870,Daniel Rohn,American,Male,,,,,api_error
6871,Else Alfelt,Danish,Female,1910.0,1974.0,,,api_error
6872,Ejler Bille,Danish,Male,1910.0,2004.0,,,api_error
6873,Jacques Doucet,French,Male,1924.0,1994.0,,,api_error
6874,Sonja Ferlov,Danish,Female,1911.0,,,,api_error
6875,Stephen Gilbert,British,Male,1910.0,,,,api_error
6876,Egill Jacobsen,Danish,Male,,1998.0,,,api_error
6877,Chin Hsiao,Chinese,Male,1935.0,,,,api_error
6880,Charles Schenk,American,Male,,,,,api_error
6881,IMEC,American,,,,,,api_error
6888,Michael Bierut,American,Male,1957.0,,,,api_error
6889,Victor Schrager,American,Male,1950.0,,,,api_error
6890,Arkadii Shaikhet,Russian,Male,1889.0,1959.0,,,api_error
6891,Victor Skrebneski,American,Male,1929.0,,,,api_error
6892,Miro Svolik,Czech,Male,1960.0,,,,api_error
6893,Zofia Rydet,Polish,Female,1911.0,1997.0,,,api_error
6894,Eva Lipman,American,Female,1946.0,,,,api_error
6895,James Casebere,American,Male,1953.0,,,,api_error
6896,Edward Cheney,British,Male,1800.0,1866.0,,,api_error
6897,Mariana Cook,American,Female,1955.0,,,,api_error
6898,Marcus Kutter,Swiss,Male,1925.0,,,,api_error
6900,Pierre Neumann,Swiss,Male,1951.0,,,,api_error
6902,Glenn Ligon,American,Male,1960.0,,,,api_error
6903,Lesley Dill,American,Female,1949.0,,,,api_error
6905,Damien Hirst,British,Male,1965.0,,,,api_error
6906,Silvia Kolbowski,Argentine,Female,1953.0,,,,api_error
6907,Tadaaki Kuwayama,Japanese,Male,1932.0,,,,api_error
6908,Marc Quinn,British,Male,1964.0,,,,api_error
6909,Gavin Turk,British,Male,1965.0,,,,api_error
6910,Rachel Whiteread,British,Female,1963.0,,,,api_error
6911,Tullio d'Albisola (Tullio Spartaco Mazzotti),Italian,Male,1899.0,1971.0,,,api_error
6912,Maya Deren,American,Female,1917.0,1961.0,,,api_error
6913,Darrel Ellis,American,Male,1958.0,1992.0,,,api_error
6914,Bruce Gilden,American,Male,1946.0,,,,api_error
6915,Eberhard Grames,German,Male,1953.0,,,,api_error
6916,Kati Horna,Mexican,Female,1912.0,2000.0,,,api_error
6917,Abelardo Morell,American,Male,1948.0,,,,api_error
6918,Vincent Alan W,American,Male,1960.0,1995.0,,,api_error
6919,Boris Yaro,American,Male,1938.0,,,,api_error
6920,Keith Coventry,British,Male,1958.0,,,,api_error
6921,Steven Pippin,British,Male,1960.0,,,,api_error
6922,Lucia Moholy,British,Female,1894.0,1989.0,,,api_error
6923,Carl Pope,American,Male,1961.0,,,,api_error
6924,Paul Shambroom,American,Male,1956.0,,,,api_error
6925,Patrick Bailly-Maitre-Grand,French,Male,1945.0,,,,api_error
6926,Ellen Brooks,American,Female,1946.0,,,,api_error
6927,Paul D'Amato,American,Male,1956.0,,,,api_error
6928,Philip Elliott,American,Male,1903.0,1985.0,,,api_error
6929,Trix Wetter,Swiss,,,,,,api_error
6932,Priscilla T. Forthman,American,Female,1958.0,,,,api_error
6933,G. B. Gething,British,,,,,,api_error
6934,Roberto Burle Marx,Brazilian,Male,1909.0,1994.0,,,api_error
6935,Maria Benktzon,Swedish,Female,1946.0,,,,api_error
6936,David Bush,Canadian,Male,1948.0,,,,api_error
6938,Brian Lepine,Canadian,Male,1952.0,,,,api_error
6939,Michael Zimmerman,American,Male,1956.0,,,,api_error
6941,Samuel Schellink,Danish,Male,1876.0,1958.0,,,api_error
6942,Hiroaki Kozu,Japanese,Male,1959.0,,,,api_error
6943,David Lewis,British,Male,1939.0,2011.0,,,api_error
6944,Steve McGugan,American,Male,1960.0,,,,api_error
6946,Marcel Kunz,Swiss,Male,,,,,api_error
6947,Peter Moser,,Male,,,,,api_error
6950,Peter Cook,British,Male,1936.0,,,,api_error
6951,Elizabeth Diller,American,Female,1954.0,,,,api_error
6952,Ricardo Scofidio,American,Male,1935.0,,,,api_error
6953,Zaha Hadid,British,Female,1950.0,2016.0,,,api_error
6954,Fumihiko Maki,Japanese,Male,1928.0,,,,api_error
6955,OMA (Office for Metropolitan Architecture),Dutch,,1975.0,,,,api_error
6956,Rem Koolhaas,Dutch,Male,1944.0,,,,api_error
6957,Madelon Vriesendorp,Dutch,Female,1945.0,,,,api_error
6958,Stephen Armellino,American,Male,1955.0,,,,api_error
6959,Les Broersma,American,Male,,,,,api_error
6960,John R. Morgan,American,Male,,,,,api_error
6965,Georgii Stenberg,Russian,Male,1900.0,1933.0,,,api_error
6966,Edward Larrabee Barnes,American,Male,1915.0,2004.0,,,api_error
6967,Kisho Kurokawa,Japanese,Male,1934.0,2007.0,,,api_error
6968,Santiago Calatrava,Spanish,Male,1951.0,,,,api_error
6969,Peter Eisenman,American,Male,1932.0,,,,api_error
6970,Ari 't Hart,Dutch,Male,1936.0,,,,api_error
6971,Jacob Jongert,Dutch,Male,1883.0,1942.0,,,api_error
6972,Juan Hidalgo,Spanish,Male,1927.0,,,,api_error
6974,Deborah Kass,American,Female,1952.0,,,,api_error
6975,Via Lewandowsky,German,Male,1963.0,,,,api_error
6976,Bernhard Luginbühl,Swiss,Male,1929.0,2011.0,,,api_error
6977,Ronald Jones,American,Male,1952.0,,,,api_error
6978,Fallon Horne,British,Male,1814.0,1858.0,,,api_error
6979,Markéta Luskacová,Czech,Female,1944.0,,,,api_error
6980,William Preston Mayfield,American,Male,1896.0,1974.0,,,api_error
6981,H. Scott Orr,British,Male,,,,,api_error
6982,Thomas Ruff,German,Male,1958.0,,,,api_error
6983,Leslie Starobin,American,Female,1955.0,,,,api_error
6984,Jindrich Streit,Czech,Male,1946.0,,,,api_error
6985,Robert Aller,American,Male,1947.0,,,,api_error
6986,Peter Brown,American,Male,1948.0,,,,api_error
6987,Robert Dawson,American,Male,1950.0,,,,api_error
6988,Dennis Farber,American,Male,1946.0,,,,api_error
6989,Paola Ferrario,Italian,Female,1963.0,,,,api_error
6990,Robert Kozma,American,Male,1951.0,,,,api_error
6991,John Murray,British,Male,1809.0,1898.0,,,api_error
6992,Gundula Schulze-Eldowy,German,Female,1954.0,,,,api_error
6993,Laura Volkerding,American,Female,1939.0,,,,api_error
6994,Gaston Darbour,Nationality unknown,Male,,,,,api_error
6995,Jules Allen,American,Male,1947.0,,,,api_error
6996,Bruce Bennet,American,Male,1961.0,,,,api_error
6997,C. Léandre,Nationality unknown,,,,,,api_error
6998,E. A. Wéry,Nationality unknown,,,,,,api_error
6999,Armand Point,Nationality unknown,Male,,,,,api_error
7000,Francois Deschamps,American,Male,1946.0,,,,api_error
7001,Vernon Heath,British,Male,1819.0,1895.0,,,api_error
7002,Humphrey Jennings,British,Male,1907.0,1950.0,,,api_error
7003,Markus Oehlen,German,Male,1956.0,,,,api_error
7004,Leon Kossoff,British,Male,1926.0,,,,api_error
7005,Matthew Barney,American,Male,1967.0,,,,api_error
7006,Suzanne McClelland,American,Female,1959.0,,,,api_error
7007,Cildo Meireles,Brazilian,Male,1948.0,,,,api_error
7008,Jean Pierre Pincemin,French,Male,1944.0,2005.0,,,api_error
7009,Roberto Ciaccio,Italian,Male,1951.0,,,,api_error
7010,Sergei Gitman,Russian,Male,,,,,api_error
7011,David Levinthal,American,Male,1949.0,,,,api_error
7012,Esther Parada,American,Female,1938.0,2005.0,,,api_error
7013,Tofik Shakhverdiev,Russian,Male,,,,,api_error
7014,Valery Shchekoldin,Russian,Female,1946.0,,,,api_error
7015,Laurie Simmons,American,Female,1949.0,,,,api_error
7016,Penelope Umbrico,American,Female,1957.0,,,,api_error
7017,Adrian Piper,American,Female,1948.0,,,,api_error
7018,Andres Serrano,American,Male,1950.0,,,,api_error
7019,Rudolph Von Ripper,American,Male,1905.0,1960.0,,,api_error
7020,Unknown Mexican Artist,Mexican,,,,,,api_error
7023,Sebastião Salgado,Brazilian,Male,1944.0,,,,api_error
7025,Carl Chiarenza,American,Male,1935.0,,,,api_error
7026,Gordon Coster,American,Male,1906.0,1988.0,,,api_error
7027,Philip-Lorca diCorcia,American,Male,1951.0,,,,api_error
7028,Robert Flynt,American,Male,1956.0,,,,api_error
7029,Connie Imboden,American,Female,1953.0,,,,api_error
7030,Karen Klugman,American,Female,1946.0,,,,api_error
7031,W. H. Pigou,British,Male,1818.0,1858.0,,,api_error
7032,U.S. Army Signal Corps,American,,,,,,api_error
7033,Hermann Forsterling,German,Male,1955.0,,,,api_error
7034,William K. Greiner,American,Male,1957.0,,,,api_error
7035,Gregory Crewdson,American,Male,1962.0,,,,api_error
7036,Barbara Jaffe,American,Female,1942.0,,,,api_error
7037,Herbert G. Ponting,British,Male,1871.0,1935.0,,,api_error
7038,Michal Rovner,Israeli,Female,1957.0,,,,api_error
7039,Ken Schles,American,Male,1960.0,,,,api_error
7040,Barbel Scianghetti,American,Female,1939.0,,,,api_error
7041,Madoka Takagi,Japanese,Female,1956.0,2015.0,,,api_error
7042,Ruud Jan Kokke,Dutch,Male,1956.0,,,,api_error
7044,Junichi Arai,Japanese,Male,1932.0,,,,api_error
7045,Reiko Sudo,Japanese,Female,1953.0,,,,api_error
7046,Peter Cohen,American,Male,1955.0,,,,api_error
7047,Christian Leborg,Norwegian,Male,1966.0,,,,api_error
7048,B. Tillmann,Swiss,,1947.0,,,,api_error
7049,Charles Ray,American,Male,1953.0,,,,api_error
7050,Nikos HadjiKyriakos-Ghika,Greek,Male,1906.0,1994.0,,,api_error
7051,Betty Woodman,American,Female,1930.0,,,,api_error
7052,François Aubert,French,Male,1839.0,1900.0,,,api_error
7053,Dawoud Bey,American,Male,1953.0,,,,api_error
7054,Vincent Borrelli,American,Male,1960.0,,,,api_error
7055,Tadao Ando,Japanese,Male,1941.0,,,,api_error
7056,Bernard Tschumi,,Male,1944.0,,,,api_error
7057,Willie Cole,American,Male,1955.0,,,,api_error
7058,Tony Fitzpatrick,American,Male,1958.0,,,,api_error
7060,Margaret Lanzetta,American,Female,1957.0,,,,api_error
7061,William Morris,British,Male,1834.0,1896.0,,,api_error
7062,Peter Karpf,Danish,Male,1940.0,,,,api_error
7063,J. & J. Kohn,Austrian,,1867.0,,,,api_error
7064,Rolf Kothrade,German,Male,1946.0,,,,api_error
7065,Kyoko Kumai,Japanese,Female,1943.0,,,,api_error
7066,Faith Ringgold,American,Female,1930.0,,,,api_error
7067,Alison Saar,American,Female,1956.0,,,,api_error
7068,Juan Sánchez,American,Male,1954.0,,,,api_error
7070,Paula Scher,American,Female,1948.0,,,,api_error
7071,Gary Essert,American,Male,1938.0,1992.0,,,api_error
7072,John Cline,American,Male,,,,,api_error
7073,Dahlgren,American,,,,,,api_error
7074,Jima,American,,,,,,api_error
7075,Mortimer,American,,1941.0,,,,api_error
7076,Mike Salisbury,American,Male,,,,,api_error
7077,Gustav Stickley,American,Male,1858.0,1942.0,,,api_error
7078,Ekkeland Götze,German,Male,1948.0,,,,api_error
7079,Heribert Ottersbach,German,Male,1960.0,,,,api_error
7080,Robert Therrien,American,Male,1947.0,,,,api_error
7081,Olaf Wegewitz,German,Male,1949.0,,,,api_error
7084,Anton van Dalen,American,Male,1938.0,,,,api_error
7085,Paul Castrucci,American,Male,1978.0,,,,api_error
7086,John Fekner,American,Male,1950.0,,,,api_error
7087,Eric Drooker,American,Male,1958.0,,,,api_error
7088,Stash Two (Josh Franklin),American,Male,1967.0,,,,api_error
7089,Tom McGlynn,American,Male,1958.0,,,,api_error
7090,Emily Carter,American,Female,,,,,api_error
7091,Dennis Thomas,American,Male,1955.0,,,,api_error
7092,Day Gleeson,American,Male,1948.0,,,,api_error
7093,Nadia Coën,American,Female,1961.0,,,,api_error
7094,Martin Wong,American,Male,1946.0,1999.0,,,api_error
7095,Miguel Piñero,American,Male,,,,,api_error
7096,Andrew Castrucci,American,Male,1961.0,,,,api_error
7097,Betzaida Concepción,American,Female,1977.0,,,,api_error
7098,Seth Tobocman,American,Male,1958.0,,,,api_error
7099,Sabrina Jones,American,Female,1960.0,,,,api_error
7100,Red David Rodriguez,American,Male,1958.0,,,,api_error
7101,James Romberger,,Male,,,,,api_error
7102,Neighborhood News,American,,,,,,api_error
7103,Lee Quinones,American,Male,1960.0,,,,api_error
7104,Lady Pink,American,Female,,,,,api_error
7105,Sebastian Schroder,German,Male,1961.0,,,,api_error
7106,Missing Foundation,American,,,,,,api_error
7107,Walter Sipser,American,Male,1961.0,,,,api_error
7108,Bruce Witsiepe,American,Male,1951.0,,,,api_error
7109,Will Sales,American,Male,1928.0,,,,api_error
7110,Avram Finkelstein,American,Male,1952.0,,,,api_error
7111,Vincent Gagliostro,,Male,,,,,api_error
7112,Marguerite van Cook,American,Female,,,,,api_error
7113,Eduardo Galeano,American,Male,,,,,api_error
7114,Chinn Yuen-Yuei,Chinese,,1923.0,,,,api_error
7115,Tony Bevan,British,Male,1951.0,,,,api_error
7116,Judith Francisca Baca,American,Female,1946.0,,,,api_error
7117,Mel Chin,American,Male,1951.0,,,,api_error
7118,Gonzalo Diaz,Chilean,Male,1947.0,,,,api_error
7119,Mike Glier,American,Male,1953.0,,,,api_error
7120,Alexander Kosolopov,Russian,Male,1943.0,,,,api_error
7122,Guillermo Kuitca,Argentine,Male,1961.0,,,,api_error
7123,Walther Ruttmann,German,Male,1887.0,1941.0,,,api_error
7124,Otto Fried,German,Male,1922.0,,,,api_error
7125,Keith Morrow Martin,American,Male,1911.0,1983.0,,,api_error
7126,Houston Conwill,American,Male,1947.0,,,,api_error
7127,Dan Stoenescu,American,Male,1921.0,,,,api_error
7128,Chas Laborde (Charles Laborde),French,Male,1886.0,1941.0,,,api_error
7129,Hin Bredendieck,German,Male,1904.0,1995.0,,,api_error
7130,Karin Sander,German,Female,1957.0,,,,api_error
7131,Guy Teschmacher,American,Male,1939.0,,,,api_error
7132,Dieter Wackerlin,Swiss,Male,,,,,api_error
7133,Robert Welch,British,Male,1929.0,2000.0,,,api_error
7134,Joseph Schlinger,American,Male,,,,,api_error
7136,Manfred Malzacher,American,Male,1926.0,,,,api_error
7137,Jack Stringer,American,Male,1927.0,,,,api_error
7138,Carl Norby,American,Male,1935.0,,,,api_error
7139,Javier Carvajal,Spanish,Male,1927.0,,,,api_error
7140,"The Custanite Corp., Brooklyn, NY",,,1952.0,,,,api_error
7142,Robert Dumas-Hermes,French,Male,1917.0,,,,api_error
7144,Louis J. Zerbee,American,Male,,,,,api_error
7145,Ulm Hochschule für Gestaltung,German,,1953.0,,,,api_error
7146,Thomas V. Paulson,American,Male,1925.0,,,,api_error
7147,Reinhold Weiss,German,Male,1934.0,,,,api_error
7148,Eric Randmark,Swedish,Male,,,,,api_error
7149,Frank Heacox,American,Male,1923.0,,,,api_error
7150,Flemming Bo Hansen,Danish,Male,1955.0,,,,api_error
7152,Bill Stewart,American,Male,1920.0,,,,api_error
7153,Moshe Zabari,American,Male,1935.0,,,,api_error
7154,Yong Soon Min,American,Female,1953.0,,,,api_error
7155,Patricia Dalzell,American,Female,1938.0,,,,api_error
7156,Charles J. Mauro,American,Male,,,,,api_error
7157,Pierangela d'Aniello,Italian,Female,1939.0,,,,api_error
7158,Perry King,British,Male,1938.0,,,,api_error
7159,Peter Hujar,American,Male,1934.0,1987.0,,,api_error
7160,Geoffrey James,Canadian,Male,1942.0,,,,api_error
7161,"Pulos Design Associates, Inc.",American,,,,,,api_error
7162,Richard Lowrie,American,Male,,,,,api_error
7163,Richard N. Naylor,American,Male,1943.0,,,,api_error
7164,Corrado Aroldi,Italian,Male,1936.0,,,,api_error
7165,Cesare Leonardi,Italian,Male,1935.0,,,,api_error
7166,Ludwig Mies van der Rohe,American,Male,1886.0,1969.0,,,api_error
7167,Dante Bandini,Italian,Male,1940.0,,,,api_error
7168,Livio Castiglioni,Italian,Male,1911.0,1979.0,,,api_error
7169,Ambrogio Tresoldi,Italian,Male,,,,,api_error
7170,Tony Esposito,Canadian,Male,1943.0,,,,api_error
7171,Robert Siegel,American,Male,1939.0,,,,api_error
7172,John E. Mullin,American,Male,1963.0,,,,api_error
7173,Eric Paddock,American,Male,1954.0,,,,api_error
7174,John Pinderhughes,American,Male,1946.0,,,,api_error
7175,Toshio Shibata,Japanese,Male,1949.0,,,,api_error
7176,Craig Schuster,Australian,Male,1960.0,,,,api_error
7177,Carrie Mae Weems,American,Female,1953.0,,,,api_error
7178,Popovi Da,American,Male,1931.0,1971.0,,,api_error
7180,"Pininfarina (Battista ""Pinin"" Farina)",Italian,Male,1893.0,1966.0,,,api_error
7182,Peter Hiort-Loerenzen,Danish,Male,1947.0,,,,api_error
7183,Olivier,French,,,,,,api_error
7186,Antonio Macchi Cassia,Italian,Male,1937.0,,,,api_error
7187,Gugelot Institute,German,,,,,,api_error
7188,Hancock Laverne,American,Male,1926.0,,,,api_error
7189,Roberto Lucci,Italian,Male,,,,,api_error
7190,Allen John Bootroyd,British,Male,1943.0,,,,api_error
7191,Kurt Steisslinger,German,Male,,,,,api_error
7192,Paul D. Miller,American,Male,1943.0,,,,api_error
7194,Harry V. Cremonese,American,Male,1939.0,,,,api_error
7195,Michael Alan Cousins,American,Male,1938.0,,,,api_error
7196,M & Co,American,,,,,,api_error
7198,Eric Rivkin,American,Male,1951.0,,,,api_error
7199,Kent Macintosh,American,Male,,,,,api_error
7200,Torsten Thorup,Danish,Male,1944.0,,,,api_error
7201,Wassili Luckhardt,German,Male,1899.0,1972.0,,,api_error
7202,Herbert H. Schultes,German,Male,1938.0,,,,api_error
7203,Norbert Schlagheck,German,Male,1925.0,,,,api_error
7204,Hap Sakwa,American,Male,1950.0,,,,api_error
7205,Hosowo Tomohiro,Japanese,Male,1953.0,,,,api_error
7206,"Bell Laboratories, company design",American,,1974.0,,,,api_error
7207,Stephen Hobson,American,Male,1942.0,,,,api_error
7208,Glenn Edens,American,Male,1952.0,,,,api_error
7209,Giotto Stoppino,Italian,Male,1926.0,,,,api_error
7210,Shiro Kuramata,Japanese,Male,1934.0,1991.0,,,api_error
7211,Jan Matthias,Austrian,,,,,,api_error
7212,Koen De Winter,Belgian,Male,1943.0,,,,api_error
7213,Roberto Ubaldi,Italian,Male,1940.0,,,,api_error
7214,Umberto Orsoni,Italian,Male,1940.0,,,,api_error
7215,Gianni Pareschi,Italian,Male,1940.0,,,,api_error
7216,Gianfranco Facchetti,Italian,Male,1939.0,,,,api_error
7217,Peter L. Zane,American,Male,1950.0,,,,api_error
7218,Bengt Palmgren,Swedish,Male,1944.0,,,,api_error
7219,Kevan Laycraft,Canadian,Male,1955.0,,,,api_error
7220,John Lonczak,American,Male,1954.0,,,,api_error
7221,Roald Steen Hansen,Danish,Male,1942.0,,,,api_error
7222,Mary Kocol,American,Female,1962.0,,,,api_error
7223,Davide Mercatali,Italian,Male,1948.0,,,,api_error
7225,Carmen Basile,American,Female,1947.0,,,,api_error
7226,Jacobus Lucas Verhoog,Danish,Male,1878.0,,,,api_error
7227,"Unknown Designer, Chinese",Chinese,,,,,,api_error
7229,Rafael Viñoly,American,Male,1944.0,,,,api_error
7232,Giuseppe Cappelli,Italian,Male,,,,,api_error
7233,William de Vries,Dutch,Male,,,,,api_error
7234,Earl Childress,American,Male,1956.0,,,,api_error
7235,"Robert Kahn Architects, New York",,,,,,,api_error
7236,"Nageli & Vallebuona Architekten, Berlin",German,,,,,,api_error
7238,Stephen Peart,British,Male,1958.0,,,,api_error
7239,Steven T. Kaneko,American,Male,1962.0,,,,api_error
7240,Robert J. King,American,Male,1917.0,,,,api_error
7241,Panasonic,Japanese,,1918.0,,,,api_error
7242,Kari Virtanen,Finnish,Male,1948.0,,,,api_error
7245,Giuseppe Pensotti,Italian,Male,1939.0,,,,api_error
7246,Gruppo G14,Italian,,,,,,api_error
7247,Paulus van Leeuwen,Dutch,Male,1955.0,,,,api_error
7248,Alexander Blomberg,German,Male,1949.0,,,,api_error
7249,Alice von Pechmann,American,Female,1906.0,,,,api_error
7252,Unknown Designer,Japanese,,,,,,api_error
7261,Poul Henningsen,Danish,Male,1894.0,1967.0,,,api_error
7264,Unknown Designer,Austrian,,,,,,api_error
7275,John Barnard,British,Male,1946.0,,,,api_error
7276,FM Designs,British,,1988.0,,,,api_error
7277,Alberto Meda,Italian,Male,1945.0,,,,api_error
7278,Franco Raggi,Italian,Male,1945.0,,,,api_error
7279,Denis Santachiara,Italian,Male,1950.0,,,,api_error
7280,Tim Parsey,British,Male,1960.0,,,,api_error
7281,Mark Sanders,British,Male,1956.0,,,,api_error
7282,Bashir Zivari,American,Male,1961.0,,,,api_error
7283,Masuteru Aoba,Japanese,Male,1939.0,,,,api_error
7290,Emile-Jacques Ruhlmann,French,Male,1879.0,1933.0,,,api_error
7295,Unknown Designer,Czech,,,,,,api_error
7308,Jürgen Greubel,German,Male,,,,,api_error
7312,Charles O. Perry,American,Male,1929.0,2011.0,,,api_error
7316,Paolo Lomazzi,Italian,Male,1936.0,,,,api_error
7317,Donato D'Urbino,Italian,Male,1935.0,,,,api_error
7319,Ugo La Pietra,Italian,Male,1938.0,,,,api_error
7327,Lynn Alexander,American,Female,,,,,api_error
7329,Emily Belding,American,Female,1904.0,1999.0,,,api_error
7330,Yvonne Dellatre,Swiss,Female,,,,,api_error
7333,Alexander Girard,American,Male,1907.0,1993.0,,,api_error
7336,Eszter Haraszty,American,Female,1920.0,1994.0,,,api_error
7338,Jack Lenor Larsen,American,Male,1927.0,,,,api_error
7340,Klearflax Linen Looms,American,,,,,,api_error
7341,Martin,Nationality unknown,Male,,,,,api_error
7342,Sven Markelius,Swedish,Male,1889.0,1972.0,,,api_error
7344,Dorothy Liebes,American,Female,1899.0,1972.0,,,api_error
7346,Astrid Sampe,Swedish,Female,1909.0,2002.0,,,api_error
7348,Joel Robinson,American,Male,,,,,api_error
7350,Ada Louise Huxtable,American,Female,1921.0,2013.0,,,api_error
7351,Lodovico Meneghetti,Italian,Male,1926.0,,,,api_error
7353,Heinz Rasch,German,Male,1902.0,1996.0,,,api_error
7355,Sigurd Persson,Swedish,Male,1914.0,,,,api_error
7357,Angelo Testa,American,Male,1921.0,1984.0,,,api_error
7359,Basil Spence,British,Male,1907.0,1976.0,,,api_error
7360,Ellen Siegel,American,Female,,,,,api_error
7364,Vera (Vera Neumann),American,Female,1909.0,1993.0,,,api_error
7365,Gretl Wollner,Austrian,Female,1920.0,2006.0,,,api_error
7378,Roger Tallon,French,Male,1929.0,,,,api_error
7381,Bertel Gardberg,Finnish,Male,1916.0,,,,api_error
7386,Warren Platner,American,Male,1919.0,2006.0,,,api_error
7387,Willa Percival,American,Female,,,,,api_error
7388,Matthew Abbott,British,Male,1965.0,,,,api_error
7389,Petah Coyne,American,Female,1953.0,,,,api_error
7390,Moustapha Dimé,Senegalese,Male,1952.0,1998.0,,,api_error
7391,Marisa Merz,Italian,Female,1931.0,,,,api_error
7392,Donald T. Chadwick,American,Male,1936.0,,,,api_error
7393,William Stumpf,American,Male,1936.0,2006.0,,,api_error
7395,The Stanley Works,American,,1843.0,,,,api_error
7397,Werner Büttner,German,Male,1954.0,,,,api_error
7400,Marc van de Loo,Swiss,Male,1966.0,,,,api_error
7401,Steve Jobs,American,Male,1955.0,,,,api_error
7402,Jerry Manock,American,Male,,,,,api_error
7403,Walter Ballmer,Swiss,Male,1923.0,,,,api_error
7404,Peggy Diggs,American,Female,1946.0,,,,api_error
7406,Tadeusz Myslowski,American,Male,1943.0,,,,api_error
7407,Jaune Quick-to-see Smith,American,Female,1940.0,,,,api_error
7408,Ann Hamilton,American,Female,1956.0,,,,api_error
7409,Cecil Stephenson,British,Male,1889.0,1965.0,,,api_error
7410,Miguel Angel Rios,Argentine,Male,1943.0,,,,api_error
7411,Atelier de Creation Graphique,French,,,,,,api_error
7412,Tsuguya Inone,Japanese,Female,,,,,api_error
7413,Toshifumi Kawahara,Japanese,Male,,,,,api_error
7414,Akio Okumura,Japanese,Male,,,,,api_error
7415,Shinro Otake,Japanese,Male,,,,,api_error
7416,Gary Hill,American,Male,1951.0,,,,api_error
7417,Otto Struck,German,Male,,,,,api_error
7418,Chuck Hoberman,American,Male,1956.0,,,,api_error
7419,Scott Marble,American,Male,1960.0,,,,api_error
7420,Yoshito Takahashi,Japanese,Male,1962.0,,,,api_error
7421,Jacques Herzog,Swiss,Male,1950.0,,,,api_error
7422,Pierre de Meuron,Swiss,Male,1950.0,,,,api_error
7423,Karen Fairbanks,American,Female,1959.0,,,,api_error
7424,George Howe,American,Male,1886.0,1955.0,,,api_error
7425,William Lescaze,American,Male,1896.0,1969.0,,,api_error
7426,Martin Diethelm,Swiss,Male,,,,,api_error
7427,Hans Gantert,German,Male,1934.0,,,,api_error
7428,José Bedia,Cuban,Male,1959.0,,,,api_error
7429,Vijay Kumar,Indian,Male,1942.0,,,,api_error
7431,Giulio Aristide Sartorio,Italian,Male,1860.0,1932.0,,,api_error
7432,Walter Pfeiffer,,Male,,,,,api_error
7433,J. Van Der Wal,Nationality unknown,,,,,,api_error
7434,Bureau,American,,,,,,api_error
7435,Donald Moffett,American,Male,1955.0,,,,api_error
7436,Marlene McCarty,American,Female,1957.0,,,,api_error
7439,Marco Ferreri,Italian,Male,1958.0,,,,api_error
7440,Kazuo Kawasaki,Japanese,Male,1949.0,,,,api_error
7441,Ross Lovegrove,British,Male,1958.0,,,,api_error
7442,Lella Vignelli,Italian,Female,1934.0,2016.0,,,api_error
7443,David Law,American,Male,1937.0,,,,api_error
7445,Johann Loetz,American,Male,1848.0,1933.0,,,api_error
7446,Moira Dryer,Canadian,Female,1957.0,1992.0,,,api_error
7447,Mona Hatoum,British,Female,1952.0,,,,api_error
7448,Rodolfo Bretzel,Italian,Male,1966.0,,,,api_error
7449,Thomas Eriksson,Swedish,Male,1959.0,,,,api_error
7450,Jean Nouvel,French,Male,1945.0,,,,api_error
7451,Vincent de Rijk,Dutch,Male,1962.0,,,,api_error
7452,Arribas,Spanish,,,,,,api_error
7453,Arturo Ballester,Spanish,Male,1890.0,1979.0,,,api_error
7454,Boni,Spanish,,,,,,api_error
7455,J. Briones,Spanish,,,,,,api_error
7456,Art Chantry,American,Male,1954.0,,,,api_error
7457,Jose Espert,Spanish,Male,,,,,api_error
7458,Francisco Rivero Gil,Spanish,Male,1899.0,1972.0,,,api_error
7459,Juan Parrilla,Spanish,Male,,,,,api_error
7460,Simon Leung,American,Male,1964.0,,,,api_error
7461,Gabriel Orozco,Mexican,Male,1962.0,,,,api_error
7462,Kim Jones,American,Male,1944.0,,,,api_error
7463,Sara Sosnowy,American,Female,1957.0,,,,api_error
7464,Bill Traylor,American,Male,1854.0,1947.0,,,api_error
7465,Elyn Zimmerman,American,Female,1945.0,,,,api_error
7466,Cliff Chi,American,Male,1964.0,,,,api_error
7467,René Herbst,French,Male,1891.0,1982.0,,,api_error
7468,Charles B. Kaufmann,American,Male,1890.0,1957.0,,,api_error
7470,Christian de Portzamparc,French,Male,1944.0,,,,api_error
7471,Hélène Delprat,German,Female,1957.0,,,,api_error
7472,Gordon Cook,American,Male,1927.0,1985.0,,,api_error
7473,Grenville Davey,British,Male,1961.0,,,,api_error
7474,General Idea,Canadian,Male,,,,,api_error
7476,Federico Guzmán,Spanish,Male,1964.0,,,,api_error
7477,Alfredo Jaar,Chilean,Male,1956.0,,,,api_error
7478,Richard Mock,American,Male,1944.0,,,,api_error
7479,Rirkrit Tiravanija,Thai,Male,1961.0,,,,api_error
7480,Enrique Chagoya,Mexican,Male,1953.0,,,,api_error
7481,Lucien Pissarro,French,Male,1863.0,1944.0,,,api_error
7482,Daniel Lang,American,Male,1935.0,2013.0,,,api_error
7483,James Kearns,American,Male,1924.0,,,,api_error
7484,(follower of) José-Guadalupe  Posada,Mexican,Male,1852.0,1913.0,,,api_error
7485,Luis Alberto Wells,Argentine,Male,1940.0,,,,api_error
7487,Tom Friedman,American,Male,1965.0,,,,api_error
7488,Doris Salcedo,Colombian,Female,1958.0,,,,api_error
7489,Tony Oursler,American,Male,1957.0,,,,api_error
7490,Kcho (Alexis Leyva Machado),Cuban,Male,1970.0,,,,api_error
7491,Simon Patterson,British,Male,1967.0,,,,api_error
7492,Kay Rosen,American,Female,1947.0,,,,api_error
7493,Alexis Smith,American,Female,1949.0,,,,api_error
7494,Sue Williams,American,Female,1954.0,,,,api_error
7495,Giulio Paolini,Italian,Male,1940.0,,,,api_error
7496,Gilbert & George,British,Male,,,,,api_error
7497,Karen Kunc,American,Female,,,,,api_error
7498,Douglas Blau,American,Male,1955.0,,,,api_error
7499,Paul Balluriau,French,Male,1860.0,1917.0,,,api_error
7500,Raymond Pettibon,American,Male,1957.0,,,,api_error
7501,Toba Khedoori,Australian,Female,1964.0,,,,api_error
7502,Rebecca Horn,German,Female,1944.0,,,,api_error
7503,Roni Horn,American,Female,1955.0,,,,api_error
7504,Phyllis Bramson,American,Female,1941.0,,,,api_error
7505,Koichi Yoshimura,Japanese,Male,1940.0,,,,api_error
7506,Yamazaki Vellodo Co. Ltd.,Japanese,,,,,,api_error
7507,Eiji Miyamoto,Japanese,Male,1948.0,,,,api_error
7510,Ritva Puotila,Finnish,Female,1935.0,,,,api_error
7512,Edward William Godwin,British,Male,1833.0,1886.0,,,api_error
7513,Harry J. Powell,British,Male,1855.0,1922.0,,,api_error
7514,Tomoyuki Sugiyama,Japanese,Male,1954.0,,,,api_error
7515,Sir William Lyons,British,Male,1901.0,1985.0,,,api_error
7516,Malcolm Sayer,British,Male,1916.0,1970.0,,,api_error
7517,Cyan,German,,1992.0,,,,api_error
7518,Jennifer Morla,American,Female,1955.0,,,,api_error
7520,Luc Tuymans,Belgian,Male,1958.0,,,,api_error
7521,Marlene Dumas,South African,Female,1953.0,,,,api_error
7522,Nobuyoshi Araki,Japanese,Male,1940.0,,,,api_error
7523,Willie Birch,American,Male,1942.0,,,,api_error
7524,Minnie Evans,American,Female,1892.0,1987.0,,,api_error
7525,Andrea Zittel,American,Female,1965.0,,,,api_error
7526,Toyo Ito,Japanese,Male,1941.0,,,,api_error
7527,Daniel Libeskind,American,Male,1946.0,,,,api_error
7528,Cesar Pelli,American,Male,1926.0,,,,api_error
7529,Ben van Berkel,Dutch,Male,1957.0,,,,api_error
7530,Mehrdad Yazdani,Iranian,Male,1959.0,,,,api_error
7531,Bernhard Fuchs,Austrian,Male,1971.0,,,,api_error
7532,Nan Goldin,American,Female,1953.0,,,,api_error
7533,Jean-Luc Moulène,French,Male,1955.0,,,,api_error
7534,Julião Sarmento,Portuguese,Male,1948.0,,,,api_error
7535,Christian Schumann,American,Male,1970.0,,,,api_error
7537,Mikko Heikkinen,Finnish,Male,1949.0,,,,api_error
7539,Markku Komonen,Finnish,Male,1945.0,,,,api_error
7540,Stuart Brisley,British,Male,1933.0,,,,api_error
7541,Don Brown,British,Male,1962.0,,,,api_error
7542,Helen Chadwick,British,Female,1953.0,1996.0,,,api_error
7545,Tracey Emin,British,Female,1963.0,,,,api_error
7546,Angus Fairhurst,British,Male,1966.0,2008.0,,,api_error
7547,Liam Gillick,British,Male,1964.0,,,,api_error
7548,Gary Hume,British,Male,1962.0,,,,api_error
7550,Sam Taylor-Wood,British,Female,1967.0,,,,api_error
7556,John Biggers,American,Male,1924.0,2001.0,,,api_error
7557,Franz West,Austrian,Male,1947.0,2012.0,,,api_error
7558,Elia Zenghelis,British,Female,1937.0,,,,api_error
7559,Zoe Zenghelis,British,Female,1937.0,,,,api_error
7560,Gwathmey Siegel & Associates Architects,American,,1967.0,,,,api_error
7561,Laurids Ortner,Austrian,Male,1941.0,,,,api_error
7562,Manfred Ortner,Austrian,Male,1943.0,,,,api_error
7563,Kazuyo Sejima & Associates,Japanese,,1987.0,,,,api_error
7564,Marc Tsurumaki,American,Male,1965.0,,,,api_error
7565,Jonathan Crary,American,Male,1951.0,,,,api_error
7566,Joel Sanders,American,Male,1956.0,,,,api_error
7567,"Herzog & de Meuron, Basel",Swiss,,1978.0,,,,api_error
7568,Thomas Blossfeldt,Swiss,Male,1950.0,,,,api_error
7569,Norman Foster,British,Male,1935.0,,,,api_error
7570,James Wines,American,Male,1932.0,,,,api_error
7571,Harry C. Wolf,American,Male,1935.0,,,,api_error
7572,Wolf D. Prix,Austrian,Male,1942.0,,,,api_error
7573,Helmut Swiczinsky,Polish,Male,1944.0,,,,api_error
7574,Ortner & Ortner,Austrian,,1987.0,,,,api_error
7575,Winy Maas,Dutch,Male,1959.0,,,,api_error
7576,Elizabeth Alford,American,Female,1967.0,,,,api_error
7577,Ray Maggiore,American,Male,1964.0,,,,api_error
7578,Vince Scirano,American,Male,1966.0,,,,api_error
7579,Ron Steiner,American,Male,1952.0,,,,api_error
7581,Xaveer de Geyter,Dutch,Male,1970.0,,,,api_error
7583,Rody Graumans,Dutch,Male,1968.0,,,,api_error
7584,Hella Jongerius,Dutch,Female,1963.0,,,,api_error
7585,Tejo Remy,Dutch,Male,1960.0,,,,api_error
7586,Arian Brekveld,Dutch,Male,1968.0,,,,api_error
7587,Jos van der Meulen,Dutch,Male,1958.0,,,,api_error
7588,Marcel Wanders,Dutch,Male,1963.0,,,,api_error
7590,Studio Tetrarc,Italian,,1969.0,,,,api_error
7592,Paolo Rizzatto,Italian,Male,1941.0,,,,api_error
7594,Maurizio Ficcadenti,Italian,Male,1970.0,,,,api_error
7595,David Moreno,American,Male,1957.0,,,,api_error
7596,Florence Knoll,American,Female,1917.0,,,,api_error
7597,Patti Smith,American,Female,1946.0,,,,api_error
7598,Bent Hedegaard Nobert,Danish,Male,1959.0,,,,api_error
7599,Montse Padrós i Marqués,Spanish,Male,1952.0,,,,api_error
7600,Carlos Riart,Spanish,Male,1944.0,,,,api_error
7601,Ben Faydherbe,Dutch,Male,1958.0,,,,api_error
7602,Wout De Vringer,Dutch,Male,1959.0,,,,api_error
7603,Opera,Dutch,,1985.0,,,,api_error
7604,Ton Homburg,Dutch,Male,1952.0,,,,api_error
7605,Emil Hoppe,Austrian,Male,1876.0,1957.0,,,api_error
7606,Robert A. M. Stern,American,Male,1939.0,,,,api_error
7607,Marcel Kammerer,Austrian,Male,1878.0,1969.0,,,api_error
7608,Otto Schönthal,Austrian,Male,1878.0,1961.0,,,api_error
7609,Steven Holl Architects,American,,1976.0,,,,api_error
7610,Stephen Cassell,American,Male,1963.0,,,,api_error
7611,Pier Copat,American,Male,,,,,api_error
7612,Bryan Bell,American,Male,,,,,api_error
7613,Peter Lynch,American,Male,,,,,api_error
7614,Pieter Laurens Mol,Dutch,Male,1946.0,,,,api_error
7615,Waltercio Caldas,Brazilian,Male,1946.0,,,,api_error
7616,Lari Pittman,American,Male,1952.0,,,,api_error
7617,Nancy Rubins,American,Female,1952.0,,,,api_error
7618,Nicola Tyson,British,Female,1960.0,,,,api_error
7619,Lex Reitsma,Dutch,Male,1958.0,,,,api_error
7620,Studio Boot,Dutch,,1992.0,,,,api_error
7621,Edwin Vollebergh,,Male,,,,,api_error
7622,Pietra Jansen,,Female,,,,,api_error
7623,Una,Dutch,,1992.0,,,,api_error
7624,Will De L'ecluse,Dutch,Male,1951.0,,,,api_error
7625,Jan van Toorn,Dutch,Male,1932.0,,,,api_error
7627,Rudolf Stingel,Italian,Male,1956.0,,,,api_error
7629,Carol Hepper,American,Female,1953.0,,,,api_error
7630,Hale Woodruff,American,Male,1900.0,1980.0,,,api_error
7631,Yasumasa Morimura,Japanese,Male,1951.0,,,,api_error
7632,Wild Plakken,Dutch,,1977.0,,,,api_error
7633,Lies Ros,Dutch,Male,1952.0,,,,api_error
7634,Frank Beekers,Dutch,Male,,,,,api_error
7635,Rob Schroder,Dutch,Male,1950.0,,,,api_error
7636,IBM Corporation,American,,1911.0,,,,api_error
7637,Paul McCarthy,American,Male,1945.0,,,,api_error
7638,Roger Ballen,South African,Male,1950.0,,,,api_error
7639,Ellen Gallagher,American,Female,1965.0,,,,api_error
7640,Steve Wolfe,American,Male,1955.0,2016.0,,,api_error
7641,Gerald Brockhurst,American,Male,1890.0,1978.0,,,api_error
7642,Yvonne Droge-Wendel,German,Female,1961.0,,,,api_error
7644,Elaine Lustig Cohen,American,Female,1927.0,2016.0,,,api_error
7646,Frank Paulin,American,Male,1926.0,,,,api_error
7647,Dieter Appelt,German,Male,1935.0,,,,api_error
7648,Shimon Attie,American,Male,1957.0,,,,api_error
7649,Per Bernsten,Norwegian,Male,1942.0,,,,api_error
7650,Bruce Charlesworth,American,Male,1950.0,,,,api_error
7651,David Goldes,American,Male,1947.0,,,,api_error
7652,Geoffrey Biddle,American,Male,1950.0,,,,api_error
7653,Rudy Burckhardt,American,Male,1914.0,1999.0,,,api_error
7654,Carl Martin,American,Male,1958.0,,,,api_error
7655,Floris M. Neusüss,German,Male,1937.0,,,,api_error
7656,Melissa Ann Pinney,American,Female,1953.0,,,,api_error
7657,Gabrielle Russomagno,American,Female,1963.0,,,,api_error
7658,Shelly Rusten,American,Male,1938.0,,,,api_error
7659,Herman Schervee,Norwegian,Male,1867.0,1923.0,,,api_error
7660,Christer Strömholm,Swedish,Male,1918.0,2002.0,,,api_error
7661,Aldo Rossi,Italian,Male,1931.0,1997.0,,,api_error
7662,Franz Erhard Walther,German,Male,1939.0,,,,api_error
7663,Joel Leivick,American,Male,1951.0,,,,api_error
7664,John Claude White,British,Male,1853.0,1918.0,,,api_error
7665,Eduardo Arroyo,Spanish,Male,1937.0,,,,api_error
7666,Eugène Druet,French,Male,1868.0,1917.0,,,api_error
7667,Horst P. Horst,American,Male,1906.0,1999.0,,,api_error
7668,Robert Howlett,British,Male,1831.0,1858.0,,,api_error
7669,Calvert Richard Jones,British,Male,1802.0,1877.0,,,api_error
7670,Drahomir Joseph Ruzicka,American,Male,1870.0,1960.0,,,api_error
7671,Frank Meadow Sutcliffe,British,Male,1853.0,1941.0,,,api_error
7672,Léon Vidal,French,Male,1833.0,1906.0,,,api_error
7673,Fred Tomaselli,American,Male,1956.0,,,,api_error
7674,Sylvie Fleury,Swiss,Female,1961.0,,,,api_error
7675,Louis Legrand,French,Male,1863.0,1951.0,,,api_error
7676,Antonio Muntadas,Spanish,Male,1942.0,,,,api_error
7677,Alyson Shotz,American,Female,1964.0,,,,api_error
7678,Martin Walde,Austrian,Male,1957.0,,,,api_error
7679,Kara Walker,American,Female,1969.0,,,,api_error
7680,Michael Joaquin Grey,American,Male,1961.0,,,,api_error
7681,Paulina Wallenberg-Olsson,,Female,,,,,api_error
7682,Group Material,American,,1979.0,1996.0,,,api_error
7683,Helga von Eicken-Kopperl,Canadian,Female,,,,,api_error
7684,Equipo Crónica,Spanish,Male,1964.0,1981.0,,,api_error
7685,Peter Nadin,American,Male,1954.0,,,,api_error
7686,Rafael Solbes,Spanish,Male,1940.0,1981.0,,,api_error
7687,Barbara Blondeau,American,Female,1938.0,1974.0,,,api_error
7688,Adam Bartos,American,Male,1953.0,,,,api_error
7689,Yukinori Yanagi,Japanese,Male,1959.0,,,,api_error
7691,Kevin Bubriski,American,Male,1954.0,,,,api_error
7692,Terry Evans,American,Female,1944.0,,,,api_error
7693,Adolphe-Léon Willette,French,Male,1857.0,1926.0,,,api_error
7694,Jay DeFeo,American,Female,1929.0,1989.0,,,api_error
7695,José Gabriel Gonzáles,Peruvian,Male,1900.0,1978.0,,,api_error
7696,Nicholas Grimshaw,British,Male,1939.0,,,,api_error
7697,Eric Rondepierre,French,Male,1950.0,,,,api_error
7698,David Spear,American,Male,1937.0,,,,api_error
7699,Paul Jeuffrain,French,Male,,1916.0,,,api_error
7700,François Kollar,French,Male,1904.0,1979.0,,,api_error
7701,Herbert List,German,Male,1903.0,1975.0,,,api_error
7702,John Milisenda,American,Male,1947.0,,,,api_error
7703,Margaret Moulton,American,Female,1956.0,,,,api_error
7704,Susan Weil,American,Female,1930.0,,,,api_error
7705,Frank Sellitto,American,Male,1951.0,,,,api_error
7706,Wojciech Prazmowski,Polish,Male,1949.0,,,,api_error
7707,Mike and Doug Starn,American,Male,1961.0,,,,api_error
7708,"U.S. Geological Survey and NASA, Surveyor III",American,,,,,,api_error
7709,Jay Wolke,American,Male,1954.0,,,,api_error
7710,Shikanosuke Yagaki,Japanese,Male,1897.0,1966.0,,,api_error
7711,Jerry Schatzberg,American,Male,1927.0,,,,api_error
7712,Carolee Schneemann,American,Female,1939.0,,,,api_error
7714,Graham Smith,British,Male,1947.0,,,,api_error
7715,Hélio Oiticica,Brazilian,Male,1937.0,1980.0,,,api_error
7716,Paul Vanderbilt,American,Male,1905.0,1992.0,,,api_error
7717,Catherine Wagner,American,Female,1953.0,,,,api_error
7718,Mogens Balle,Danish,Male,1921.0,1988.0,,,api_error
7719,Sven Dalsgaard,Danish,Male,1914.0,,,,api_error
7720,Knud Jans,Danish,Male,,,,,api_error
7721,Niels Jensen,Danish,Male,,,,,api_error
7722,Bago Nielsen,Danish,,,,,,api_error
7723,Axel Wilmar,Danish,Male,,,,,api_error
7724,Johs Jensen,Danish,Male,,,,,api_error
7725,Raphael Drouart,French,Male,1884.0,,,,api_error
7726,Jeanne Bardey,French,Female,1872.0,1954.0,,,api_error
7727,Maurice Asselin,French,Male,1882.0,1947.0,,,api_error
7728,Willibald Kramm,German,Male,1891.0,,,,api_error
7730,Georg Meistermann,German,Male,1911.0,,,,api_error
7731,Emil Kiess,German,Male,1930.0,,,,api_error
7732,Hubertus von Pilgrim,German,Male,1931.0,,,,api_error
7733,Rigaud Benoit,Haitian,Male,1911.0,1986.0,,,api_error
7734,Dieudonne Cedor,Haitian,Male,1925.0,2010.0,,,api_error
7735,Gabriel Alix,Haitian,Male,1930.0,1998.0,,,api_error
7736,Arnold Lafontant,Haitian,Male,,,,,api_error
7737,Gabriel Lévêque,Haitian,Male,1923.0,,,,api_error
7738,Lusimond Merelus,Haitian,Male,,,,,api_error
7739,Denis Vergin,Haitian,Male,,,,,api_error
7740,Jacob Burck,American,Male,1907.0,1982.0,,,api_error
7741,Russell Limbach,American,Male,1904.0,1971.0,,,api_error
7742,Robert Walters,American,Male,1925.0,2008.0,,,api_error
7753,Jack Garver,American,Male,,,,,api_error
7756,John Wood,American,Male,,,,,api_error
7803,Frederick Franck,American,Male,1909.0,2006.0,,,api_error
7804,Stephan Balkenhol,German,Male,1957.0,,,,api_error
7805,Douglas Gordon,Scottish,Male,1966.0,,,,api_error
7806,Andreas Gursky,German,Male,1955.0,,,,api_error
7807,Jerry Cooke,American,Male,1922.0,2005.0,,,api_error
7808,Imi Knoebel,German,Male,1940.0,,,,api_error
7810,Sarah Lucas,British,Female,1962.0,,,,api_error
7811,Jessie Tarbox Beals,American,Female,1870.0,1942.0,,,api_error
7812,Juan Muñoz,Spanish,Male,1953.0,2001.0,,,api_error
7813,Clements,American,Male,,,,,api_error
7814,Jean-Luc Mylayne,French,Male,1946.0,,,,api_error
7815,Tommaso Cuccioni,Italian,Male,,1864.0,,,api_error
7816,VALIE EXPORT,Austrian,Female,1940.0,,,,api_error
7817,Cady Noland,American,Female,1956.0,,,,api_error
7818,Vik Muniz,Brazilian,Male,1961.0,,,,api_error
7819,Kirill Rozhdestvenskii,Russian,Male,1932.0,,,,api_error
7820,Alexander Slussarev,Russian,Male,1944.0,,,,api_error
7821,R.J. Waters & Co.,American,,,,,,api_error
7822,Giorgio Sommer,Italian,Male,1834.0,1914.0,,,api_error
7823,Franco Zecchin,Italian,Male,1953.0,,,,api_error
7824,Roman Signer,Swiss,Male,1938.0,,,,api_error
7825,Thomas Struth,German,Male,1954.0,,,,api_error
7826,Jeff Wall,Canadian,Male,1946.0,,,,api_error
7827,Uta Barth,American,Female,1958.0,,,,api_error
7828,Tria Giovan,American,Female,1961.0,,,,api_error
7829,Kurt Kranz,German,Male,1910.0,1997.0,,,api_error
7830,Erwin Smith,American,Male,1886.0,1947.0,,,api_error
7831,Gerd Bonfert,Romanian,Male,1953.0,,,,api_error
7833,Manuel Valdes,Spanish,Male,1942.0,,,,api_error
7834,Rose Mandel,American,Female,1910.0,2002.0,,,api_error
7835,Peter Klasen,German,Male,1935.0,,,,api_error
7836,David Swedlow,American,Male,,,,,api_error
7837,Peter Stampfli,Swiss,Male,1937.0,,,,api_error
7838,Étienne-Jules Marey,French,Male,1830.0,1904.0,,,api_error
7839,George Demeny,,Male,,,,,api_error
7840,Ava Gerber,American,Female,1961.0,,,,api_error
7841,Sean Mellyn,American,Male,1965.0,,,,api_error
7842,Jonathan Seliger,American,Male,1955.0,,,,api_error
7843,Frank K. Bacher,Nationality unknown,Male,,,,,api_error
7844,Katy Schimert,American,Female,1963.0,,,,api_error
7845,Diana Michener,American,Female,1940.0,,,,api_error
7846,Bernard Rancillac,French,Male,1931.0,,,,api_error
7847,Rafael Montañez Ortiz,American,Male,1934.0,,,,api_error
7848,Dörte Eissfeldt,German,Female,1950.0,,,,api_error
7849,Sharon Harper,American,Female,1966.0,,,,api_error
7850,Sanjeev Saith,Indian,Male,1958.0,,,,api_error
7851,Frances Benjamin Johnston,American,Female,1864.0,1952.0,,,api_error
7852,Bastienne Schmidt,German,Male,1961.0,,,,api_error
7853,Colette Alvarez Urbajtel,French,Female,1934.0,,,,api_error
7854,Nicholas Dean,American,Male,1933.0,,,,api_error
7855,Rachel Harrison,American,Female,1966.0,,,,api_error
7856,Herb Snitzer,American,Male,1932.0,,,,api_error
7857,The Group,Finnish,,,,,,api_error
7858,Juha Kaakko,Finnish,,1964.0,,,,api_error
7859,Kimmo Liimatainen,Finnish,,1965.0,,,,api_error
7860,Jari Tirkkonen,Finnish,,1965.0,,,,api_error
7861,Ilkka Laine,Finnish,Female,1964.0,,,,api_error
7862,Heikkinen Komonen Architects,Finnish,,1974.0,,,,api_error
7863,Seiichi Furuya,Japanese,Male,1950.0,,,,api_error
7864,Vladimir Syomin,Russian,Male,1938.0,,,,api_error
7865,Amy Arbus,American,Female,1954.0,,,,api_error
7866,Accra Shepp,American,Male,1962.0,,,,api_error
7867,Bertien van Manen,Dutch,Female,1942.0,,,,api_error
7868,Judith Rothschild,American,Female,,,,,api_error
7869,Power Boothe,American,Male,1945.0,,,,api_error
7870,Naomi Boretz,American,Female,1935.0,,,,api_error
7871,Marvin Brown,American,Male,1943.0,,,,api_error
7872,Kenneth Bushnell,,Male,1933.0,,,,api_error
7873,Jean Cohen,American,Female,,,,,api_error
7874,Ruth Eckstein,American,Female,1916.0,2011.0,,,api_error
7875,Gabriele Evertz,American,Female,,,,,api_error
7876,Helen Gilbert,American,Female,,,,,api_error
7877,James Gross,American,Male,,,,,api_error
7878,Paul Heald,American,Male,,,,,api_error
7879,Ward Jackson,American,Male,1929.0,2004.0,,,api_error
7880,James Juszczyk,American,Male,,,,,api_error
7881,Martha Keller,American,Female,,,,,api_error
7882,Jane Logemann,American,Female,1942.0,,,,api_error
7883,Katinka Mann,American,Female,,,,,api_error
7884,Nancy Manter,American,Female,,,,,api_error
7885,Hiroshi Murata,Japanese,Male,1941.0,,,,api_error
7886,Mary Obering,American,Female,,,,,api_error
7887,Joan Webster Price,American,Female,,,,,api_error
7888,Raquel Rabinovich,American,Female,,,,,api_error
7889,Beatrice Riese,American,Female,1917.0,2004.0,,,api_error
7890,Ce Roser,American,Female,1930.0,,,,api_error
7891,Irene Rousseau,American,Female,,,,,api_error
7892,Wilfred Graf Schwerin Von Krosigk,American,Male,,,,,api_error
7894,Peter Stroud,American,Male,,,,,api_error
7895,Mac Wells,American,Male,,,,,api_error
7896,Stephen Westfall,American,Male,,,,,api_error
7897,Teiji Furuhashi,Japanese,Male,1960.0,1995.0,,,api_error
7898,Bill Viola,American,Male,1951.0,,,,api_error
7899,Maya Ying Lin,American,Female,1959.0,,,,api_error
7900,Tom Slaughter,American,Male,1955.0,,,,api_error
7901,An-My Lê,American,Female,1960.0,,,,api_error
7902,Kenzo Okada,American,Male,1902.0,1982.0,,,api_error
7904,Henri-Victor Regnault,French,Male,1810.0,1878.0,,,api_error
7905,Adolphe Terris,French,Male,1820.0,1900.0,,,api_error
7906,Ming Smith,American,Female,,,,,api_error
7907,René Ravo,French,Male,1904.0,1998.0,,,api_error
7908,Vivian Cherry,American,Female,1920.0,,,,api_error
7909,Valdir Cruz,Brazilian,Male,1952.0,,,,api_error
7910,Rudolf Schwarzkogler,Austrian,Male,1940.0,1969.0,,,api_error
7911,Charles Long,American,Male,1958.0,,,,api_error
7912,Mikhail Razulevich,Russian,Male,1904.0,1993.0,,,api_error
7913,Werner Rohde,German,Male,1906.0,1990.0,,,api_error
7914,Ian Wallace,Canadian,Male,1943.0,,,,api_error
7915,Stanisław Ignacy Witkiewicz,Polish,Male,1885.0,1939.0,,,api_error
7916,Mariana Yampolsky,Mexican,Female,1925.0,2002.0,,,api_error
7917,Not Vital,Swiss,Male,1948.0,,,,api_error
7918,Jill Baroff,American,Female,1954.0,,,,api_error
7919,William Kentridge,South African,Male,1955.0,,,,api_error
7920,Maria Serebriakova,Russian,Female,1965.0,,,,api_error
7921,Lola Alvarez Bravo,Mexican,Female,1907.0,1993.0,,,api_error
7922,Roger Cutforth,British,Male,1944.0,,,,api_error
7923,Hope Sandrow,American,Female,1951.0,,,,api_error
7924,Bogdan Achimescu,Romanian,Male,1965.0,,,,api_error
7925,Deborah Oropallo,American,Female,1954.0,,,,api_error
7926,Terry Adkins,American,Male,1953.0,2014.0,,,api_error
7927,Rona Pondick,American,Female,1952.0,,,,api_error
7928,Louise Lawler,American,Female,1947.0,,,,api_error
7929,Joseph Grigely,American,Male,1956.0,,,,api_error
7930,Jonas Mekas,Lithuanian,Male,1922.0,,,,api_error
7931,Luca Buvoli,Italian,Male,1963.0,,,,api_error
7933,Neil M. Denari,American,Male,1957.0,,,,api_error
7935,Werner Aisslinger,German,Male,1964.0,,,,api_error
7936,Wendell Castle,American,Male,1932.0,,,,api_error
7938,Tom Dixon,British,Male,1959.0,,,,api_error
7941,Jacques Lowe,American,Male,1924.0,,,,api_error
7942,Charles Moore,American,Male,1931.0,2010.0,,,api_error
7954,Lew Thomas,American,Male,1932.0,,,,api_error
7958,José Leonilson,Brazilian,Male,1957.0,1993.0,,,api_error
7959,Jean-Michel Othoniel,French,Male,1964.0,,,,api_error
7960,Elaine Reichek,American,Female,1943.0,,,,api_error
7961,Mira Schendel,Brazilian,Female,1919.0,1988.0,,,api_error
7962,Sarah Sze,American,Female,1969.0,,,,api_error
7963,James Castle,American,Male,1900.0,1977.0,,,api_error
7964,Dennis Hopper,American,Male,1936.0,2010.0,,,api_error
7965,Lisa Yuskavage,American,Female,1962.0,,,,api_error
7967,Chris Ofili,British,Male,1968.0,,,,api_error
7968,Jim Shaw,American,Male,1952.0,,,,api_error
7969,Gary Simmons,American,Male,1964.0,,,,api_error
7970,Katharina Bosse,German,Female,1968.0,,,,api_error
7971,Ernest Cole,South African,Male,1940.0,1990.0,,,api_error
7973,Yevgeny Khaldei,Russian,Male,1916.0,1998.0,,,api_error
7974,Ivan Shagin,Russian,Male,1904.0,1982.0,,,api_error
7975,Arkadii Shishkin,Russian,Male,1899.0,,,,api_error
7976,Anatolli Skurikhin,Russian,Male,1900.0,1991.0,,,api_error
7977,Aleksandr Ustinov,Russian,Male,1909.0,,,,api_error
7978,Georgi Zelma,Russian,Male,1906.0,1984.0,,,api_error
7979,interware SARL,French,Male,2000.0,,,,api_error
7980,Jasper Morrison,British,Male,1959.0,,,,api_error
7981,Serge Mouille,French,Male,1922.0,1988.0,,,api_error
7982,Jean Prouvé,French,Male,1901.0,1984.0,,,api_error
7983,"Sony Corporation, company design",Japanese,,1946.0,,,,api_error
7984,Bas Oudt,Dutch,Male,1956.0,,,,api_error
7986,Cedric Price,British,Male,1934.0,2003.0,,,api_error
7987,Michael Webb,British,Male,1937.0,,,,api_error
7988,Mathias Ungers,German,Male,1926.0,2007.0,,,api_error
7991,Franco Albini,Italian,Male,1905.0,1977.0,,,api_error
7992,Simon Ungers,German,Male,1957.0,2006.0,,,api_error
7993,Constantin Boym,American,Male,1955.0,,,,api_error
7994,Laurene Leon Boym,American,Female,1964.0,,,,api_error
7995,Michel Bufet,French,Male,,,,,api_error
7996,Antonio Citterio,Italian,Male,1950.0,,,,api_error
7997,Glen Oliver Löw,German,Male,1959.0,,,,api_error
7998,Lyn Godley,American,Female,1956.0,,,,api_error
7999,Marc Newson,Australian,Male,1963.0,,,,api_error
8000,Johannes Potente,German,Male,1908.0,1987.0,,,api_error
8001,Jhoon Rhee,American,,1932.0,,,,api_error
8002,Paul Schudel,Dutch,Male,1951.0,,,,api_error
8003,Hans Maier-Aichen,German,Male,1940.0,,,,api_error
8005,Sebastian Bergne,British,Male,1966.0,,,,api_error
8007,Santina Bonini,Italian,Female,1961.0,,,,api_error
8008,Claudio Cesar,American,Male,1955.0,,,,api_error
8010,Bob Evans,American,Male,1950.0,,,,api_error
8012,Gordon Randall Perry,American,Male,1943.0,,,,api_error
8013,Figla Research Center,Japanese,,,,,,api_error
8014,Joseph Forakis,American,Male,1962.0,,,,api_error
8015,Eric Goetz,American,Male,1949.0,,,,api_error
8016,Howatt Archery,Nationality unknown,,,,,,api_error
8017,Lawrence Lam,American,Male,1960.0,,,,api_error
8018,Lloyd Schwan,American,Male,1955.0,2001.0,,,api_error
8019,Ernesto Spicciolato,Italian,Male,1957.0,,,,api_error
8020,Takeshi Ishiguro,Japanese,Male,1969.0,,,,api_error
8021,Per Jari,Swedish,,1951.0,,,,api_error
8022,Jan Ohrn,Swedish,,1943.0,,,,api_error
8023,Doug Olson,American,Male,1961.0,,,,api_error
8024,Lawrence Livermore National Laboratory,American,,1952.0,,,,api_error
8026,Christopher Connell,Australian,Male,1954.0,,,,api_error
8028,Noriaki Okabe,Japanese,Male,1931.0,,,,api_error
8029,Sanford Redmond,American,Male,1924.0,,,,api_error
8030,Scott Riegleman,American,Male,1957.0,,,,api_error
8031,Marc Sadler,French,Male,1946.0,,,,api_error
8032,Belkis Ayón,Cuban,Female,1967.0,1999.0,,,api_error
8033,Fiona Banner,British,Female,1966.0,,,,api_error
8034,Karen Kilimnik,American,Female,1955.0,,,,api_error
8035,Emros Team,Japanese,Male,,,,,api_error
8036,Wayman R. Spence,American,Male,1934.0,,,,api_error
8037,Giorgio Gurioli,Italian,Male,1957.0,,,,api_error
8038,Francesco Scansetti,Italian,Male,1955.0,,,,api_error
8039,Bradford Bissell,American,Male,1957.0,,,,api_error
8040,Charles S. Anderson,American,Male,1958.0,,,,api_error
8041,Tracey Moffatt,Australian,Female,1960.0,,,,api_error
8042,Elizabeth Peyton,American,Female,1965.0,,,,api_error
8043,Ugo Rondinone,Swiss,Male,1964.0,,,,api_error
8044,Wolfgang Tillmans,German,Male,1968.0,,,,api_error
8045,Hans-Peter Feldmann,German,Male,1941.0,,,,api_error
8046,Luba Lukova,American,Female,1960.0,,,,api_error
8048,Ralph Schraivogel,Dutch,Male,1960.0,,,,api_error
8050,Marlene Streeruwitz,Austrian,Female,1950.0,,,,api_error
8051,Wiel Arets,Dutch,Male,1955.0,,,,api_error
8052,Dominique Perrault,French,Male,1953.0,,,,api_error
8053,"Dominique Perrault Architecture, Paris",French,,1981.0,,,,api_error
8055,Taniguchi & Associates,Japanese,,,,,,api_error
8056,Yoshio Taniguchi,Japanese,Male,1931.0,,,,api_error
8057,Bernard Tschumi Architects,Swiss,,,,,,api_error
8059,Lilly Reich,German,Female,1885.0,1947.0,,,api_error
8061,Osvaldo Borsani,Italian,Male,1911.0,1985.0,,,api_error
8062,Hans Coray,Swiss,Male,1906.0,1991.0,,,api_error
8063,Ghislain Uhry,French,,1932.0,,,,api_error
8064,Antoine-Francois-Jean Claudet,French,Male,1797.0,1867.0,,,api_error
8066,Arnold Crane,American,Male,1932.0,,,,api_error
8067,Robert Adamson,British,Male,1821.0,1848.0,,,api_error
8068,Jorge Ribalta,Spanish,Male,1963.0,,,,api_error
8069,Abraham Shterenberg,Russian,Male,1894.0,1978.0,,,api_error
8070,Charles Thurston Thompson,British,Male,1816.0,1868.0,,,api_error
8071,Oliver Wasow,American,Male,1960.0,,,,api_error
8072,"Prefecture of Police, Paris",,,,,,,api_error
8073,Cai Guo-Qiang,Chinese,Male,1957.0,,,,api_error
8074,Jitka Hanzlová,Czech,Female,1958.0,,,,api_error
8075,Otto Muehl,Austrian,Male,1925.0,2013.0,,,api_error
8077,Fritz Schleifer,German,Male,1903.0,1977.0,,,api_error
8078,Gerhard Rühm,Austrian,Male,1930.0,,,,api_error
8079,Merry Alpern,American,Female,1955.0,,,,api_error
8080,Thomas Geismar,American,Male,1931.0,,,,api_error
8081,Bruce Blackburn,American,Male,1938.0,,,,api_error
8082,Thomas Mohr,American,Male,1948.0,,,,api_error
8083,Gordon Parks,American,Male,1912.0,2006.0,,,api_error
8084,John Szarkowski,American,Male,1925.0,2007.0,,,api_error
8085,Sari Dienes,American,Female,1898.0,1992.0,,,api_error
8086,Gosbert Adler,German,Male,1956.0,,,,api_error
8087,Peter Doig,British,Male,1959.0,,,,api_error
8088,Bing Wright,American,Male,1958.0,,,,api_error
8089,Christopher Bucklow,British,Male,1957.0,,,,api_error
8090,Miyako Ishiuchi,Japanese,Female,1947.0,,,,api_error
8091,Julia Fish,American,Female,1950.0,,,,api_error
8092,Suzan Frecon,American,Female,1941.0,,,,api_error
8093,Marcia Hafif,American,Female,1929.0,,,,api_error
8094,Marco Breuer,German,Male,1966.0,,,,api_error
8095,Hilla Becher,German,Female,1934.0,2015.0,,,api_error
8096,Jeanne Dunning,American,Female,1960.0,,,,api_error
8097,Eve Laramee,American,Female,1956.0,,,,api_error
8098,Osamu Shiihara,Japanese,Male,1905.0,1974.0,,,api_error
8100,Hans Poelzig,German,Male,1869.0,1936.0,,,api_error
8101,Paolo Soleri,American,Male,1919.0,2013.0,,,api_error
8102,Paul Nelson,American,Male,1895.0,1979.0,,,api_error
8103,Oscar Niemeyer,Brazilian,Male,1907.0,2012.0,,,api_error
8104,Charles Zimmerman,,Male,1942.0,,,,api_error
8106,Kohei Sugiura,Japanese,Male,1932.0,,,,api_error
8108,Andrea Branzi,Italian,Male,1938.0,,,,api_error
8109,Yona Friedman,French,Male,1923.0,,,,api_error
8110,Wallace K. Harrison,American,Male,1895.0,1981.0,,,api_error
8112,Cornelis van Eesteren,Dutch,Male,1897.0,1988.0,,,api_error
8113,Ron Herron,British,Male,1930.0,1994.0,,,api_error
8114,Rodolfo Machado,American,Male,1942.0,,,,api_error
8115,Max Peintner,Austrian,Male,1937.0,,,,api_error
8119,Mark Bennett,American,Male,1956.0,,,,api_error
8120,Michael Ray Charles,American,Male,1967.0,,,,api_error
8121,Julia Jacquette,American,Female,1964.0,,,,api_error
8122,Fabian Marcaccio,Argentine,Male,1963.0,,,,api_error
8123,Mariko Mori,Japanese,Female,1967.0,,,,api_error
8124,George Hoyningen-Huene,American,Male,1900.0,1968.0,,,api_error
8125,Massimo Scolari,Italian,Male,1943.0,,,,api_error
8126,Julian Opie,British,Male,1958.0,,,,api_error
8130,Jorge Silvetti,American,Male,1942.0,,,,api_error
8131,Gianni Braghieri,Italian,Male,1945.0,,,,api_error
8132,Jorge Pardo,American,Male,1963.0,,,,api_error
8133,Cornelia Parker,British,Female,1956.0,,,,api_error
8134,Robert Cole,,Male,,,,,api_error
8135,Shoji Sadao,American,Male,1927.0,,,,api_error
8136,Charles Spurrier,Swiss,Male,1930.0,,,,api_error
8137,Allyson Strafella,American,Female,1969.0,,,,api_error
8138,Charles Norman Sladen,American,Male,1858.0,1949.0,,,api_error
8139,Rineke Dijkstra,Dutch,Female,1959.0,,,,api_error
8140,Mario Gabinio,Italian,Male,1871.0,1938.0,,,api_error
8141,Peter Goin,American,Male,1951.0,,,,api_error
8142,Wilhelm Ebentreich,German,Male,1952.0,,,,api_error
8143,Detlef Fiedler,German,Male,1955.0,,,,api_error
8144,Daniela Haufe,German,Female,1966.0,,,,api_error
8145,Siegfried Jablonsky,German,Male,1950.0,,,,api_error
8146,Sophie Alex,German,Female,1967.0,,,,api_error
8148,Guglielmo Berchicci,Italian,Male,1957.0,,,,api_error
8149,Konstantin Grcic,German,Male,1965.0,,,,api_error
8150,James Thrall Soby,American,Male,1906.0,1979.0,,,api_error
8151,Kunié Sugiura,American,Female,1942.0,,,,api_error
8152,Vera Lutter,German,Female,1960.0,,,,api_error
8153,Stan Douglas,Canadian,Male,1960.0,,,,api_error
8154,Andreas Slominski,German,Male,1959.0,,,,api_error
8155,Wijnanda Deroo,Dutch,Female,1955.0,,,,api_error
8156,Beat Streuli,Swiss,Male,1957.0,,,,api_error
8157,Giovanni Guerrini,Italian,Male,1887.0,1972.0,,,api_error
8158,Mario Romano,Italian,Male,,,,,api_error
8160,Stefano Giovannoni,Italian,Male,1954.0,,,,api_error
8164,Harmony Korine,American,Male,1973.0,,,,api_error
8168,Boris Mikhailov,Ukrainian,Male,1938.0,,,,api_error
8169,Langlands & Bell,British,,1978.0,,,,api_error
8170,Gordon Bunshaft,American,Male,1909.0,1990.0,,,api_error
8173,Götz Keller,German,,1958.0,,,,api_error
8174,Marty Kohn,Canadian,Male,1953.0,,,,api_error
8175,Jeroen Thomas,Dutch,Male,1952.0,,,,api_error
8176,Garciella Torre,Spanish,Female,1959.0,,,,api_error
8177,Willem Jan Neutelings,Dutch,Male,1959.0,,,,api_error
8178,Brigitte Kochta,German,Female,1958.0,,,,api_error
8179,Luc Reuse,Belgian,Male,1955.0,,,,api_error
8180,M. Bosshard,Italian,Male,,,,,api_error
8181,Jacques-Philippe Potteau,French,,1807.0,1876.0,,,api_error
8182,Josef Kohn,Austrian,Male,1817.0,1884.0,,,api_error
8183,Eleanor Antin,American,Female,1935.0,,,,api_error
8184,Phel Steinmetz,American,Male,1944.0,,,,api_error
8186,Micha Bar-Am,Israeli,Female,1930.0,,,,api_error
8187,Laurenz Berges,German,Male,1966.0,,,,api_error
8188,E. V. Day,American,Female,1968.0,,,,api_error
8189,Guy Bourdin,French,Male,1933.0,1991.0,,,api_error
8190,Catherine Opie,American,Female,1961.0,,,,api_error
8191,Inka Essenhigh,American,Female,1969.0,,,,api_error
8192,Eberhard Havekost,German,Male,1967.0,,,,api_error
8193,James Welling,American,Male,1951.0,,,,api_error
8194,Michael Wesely,German,Male,1963.0,,,,api_error
8195,Claude Cahun (Lucy Schwob),French,Female,1894.0,1954.0,,,api_error
8196,Lygia Pape,Brazilian,Female,1927.0,2004.0,,,api_error
8197,Shahzia Sikander,Pakistani,Female,1969.0,,,,api_error
8198,Do Ho Suh,Korean,Male,1962.0,,,,api_error
8199,Lynne Yamamoto,Nationality unknown,Female,,,,,api_error
8200,David Byrne,American,Male,1952.0,,,,api_error
8201,Bruce Pearson,American,Male,,,,,api_error
8202,Nari Ward,American,Male,1963.0,,,,api_error
8203,Kevin Appel,American,Male,1967.0,,,,api_error
8204,Willi Baum,Swiss,Male,,,,,api_error
8205,John M. Dillon,American,Male,,,,,api_error
8206,Gabriele Nothhelfer,German,Female,1945.0,,,,api_error
8207,Helmut Nothhelfer,German,Male,1945.0,,,,api_error
8208,Samuel A. King,British,Male,1828.0,1914.0,,,api_error
8209,Beryl Marton,American,Female,,,,,api_error
8210,John Ross,American,Male,,,,,api_error
8211,Giovanni Anselmo,Italian,Male,1934.0,,,,api_error
8212,Pino Pascali,Italian,Male,1935.0,1968.0,,,api_error
8213,Venturi and Rauch,American,,1964.0,1979.0,,,api_error
8214,John Rauch,American,Male,1930.0,,,,api_error
8215,"Venturi, Rauch and Scott Brown",American,,1980.0,,,,api_error
8216,Denise Scott Brown,American,Female,1931.0,,,,api_error
8218,Thom Mayne,American,Male,1944.0,,,,api_error
8219,Erich Mendelsohn,American,Male,1887.0,1953.0,,,api_error
8220,Alessandro Magris,Italian,Male,1941.0,,,,api_error
8221,Roberto Magris,Italian,Male,1935.0,,,,api_error
8222,Gian Piero Frassinelli,Italian,Male,1939.0,,,,api_error
8223,Adolfo Natalini,Italian,Male,1941.0,,,,api_error
8224,Cristiano Toraldo di Francia,Italian,Male,1941.0,,,,api_error
8225,Alison Sky,American,Female,,,,,api_error
8226,Michelle Stone,American,Female,1944.0,,,,api_error
8227,Emilio Sousa,American,Male,1944.0,,,,api_error
8228,Alessandro Poli,Italian,Male,,,,,api_error
8229,Peter Wollbrandt,,Male,,,,,api_error
8230,Wilhelm Heuschen,,Male,,,,,api_error
8231,Henny Cahn,Dutch,Male,,,,,api_error
8232,Toni Del Renzio,Nationality unknown,,,,,,api_error
8233,John (born Helmut Herzfelde) Heartfield,German,Male,1891.0,1968.0,,,api_error
8234,Robert M. Jones,Nationality unknown,Male,,,,,api_error
8235,R. Schwarzkopf,Nationality unknown,,,,,,api_error
8236,Walter Seifert,German,Male,,,,,api_error
8237,Hajo Rose,German,Male,1910.0,1989.0,,,api_error
8238,Franz Wilhelm Seiwert,German,Male,1894.0,1933.0,,,api_error
8239,Anton Stankowski,German,Male,1906.0,1998.0,,,api_error
8240,Richard Gangle,American,Male,1918.0,,,,api_error
8241,Ken Grant,British,Male,1967.0,,,,api_error
8242,Paula Horn Kotis,American,Female,1922.0,2013.0,,,api_error
8243,Martin Manz,German,Male,1954.0,,,,api_error
8244,Alessandra Sanguinetti,American,Female,1968.0,,,,api_error
8245,Susan Unterberg,American,Female,1941.0,,,,api_error
8246,Z. Robaszek,Nationality unknown,,,,,,api_error
8247,Harry Shunk,French,Male,1924.0,2006.0,,,api_error
8248,Thomas Kinslow,,Male,,,,,api_error
8249,J. da Nobrega,Italian,,1945.0,,,,api_error
8250,J. Charters,Italian,,1945.0,,,,api_error
8251,František Kalivoda,Czech,Male,1913.0,1971.0,,,api_error
8252,Mac Adams,American,Male,1943.0,,,,api_error
8254,Zdenek Rossmann,Czech,Male,1905.0,1984.0,,,api_error
8255,Solomon Telingater,Russian,Male,1903.0,1969.0,,,api_error
8256,Leonid A. Voronov,Russian,Male,,,,,api_error
8257,Armando Testa,Italian,Male,1917.0,,,,api_error
8259,Willem Hendrik Gispen,Dutch,Male,1890.0,1981.0,,,api_error
8260,Doug Aitken,American,Male,1968.0,,,,api_error
8261,Vanessa Beecroft,Italian,Female,1969.0,,,,api_error
8262,Yves José Zimmerman,Swiss,Male,1937.0,,,,api_error
8263,Gérard Miedinger,Swiss,Male,1912.0,,,,api_error
8264,Nikolai Kuleshov,Russian,Male,,,,,api_error
8265,Wes Wilson,American,Male,1937.0,,,,api_error
8266,Jake Chapman,British,Male,1966.0,,,,api_error
8267,Dinos Chapman,British,Male,1962.0,,,,api_error
8268,Klaus Staeck,German,Male,1938.0,,,,api_error
8269,Eryk Lipinski,Polish,Male,1908.0,1991.0,,,api_error
8270,Jacek Neugebauer,Polish,Male,1934.0,,,,api_error
8271,Edward Fella,American,Male,1938.0,,,,api_error
8272,Walter Diethelm,Swiss,Male,1913.0,1986.0,,,api_error
8273,Josef Flejšar,Czech,Male,1922.0,2010.0,,,api_error
8274,Zdenĕk Ziegler,Czech,Male,1932.0,,,,api_error
8275,Nicola Constantino,Argentine,Female,1964.0,,,,api_error
8276,Thomas Hirschhorn,Swiss,Male,1957.0,,,,api_error
8277,Horst Hoheisel,German,Male,1944.0,,,,api_error
8278,Michael Joo,American,Male,1966.0,,,,api_error
8279,Dan Olson,American,Male,1955.0,,,,api_error
8283,Todd Piper-Hauswirth,,Male,,,,,api_error
8285,Kerry James Marshall,American,Male,1955.0,,,,api_error
8286,Jason Rhoades,American,Male,1965.0,2006.0,,,api_error
8287,Lisa Ruyter,American,Female,1968.0,,,,api_error
8288,Richard Billingham,British,Male,1970.0,,,,api_error
8292,Janine Antoni,Bahamian,Female,1964.0,,,,api_error
8293,Peter Bradley,American,Male,1940.0,,,,api_error
8294,Jose Antonio Fernández-Muro,Argentine,Male,1920.0,,,,api_error
8295,Henry Markowitz,American,Male,1930.0,1981.0,,,api_error
8296,Judy Stern,,Female,,,,,api_error
8297,Pipilotti Rist,Swiss,Female,1962.0,,,,api_error
8298,Ken Miller,American,Male,1958.0,,,,api_error
8299,Richard Mantel,American,Male,1941.0,,,,api_error
8300,Leslie Sweet,American,Male,1958.0,,,,api_error
8301,Jean Crotti,French,Male,1878.0,1958.0,,,api_error
8302,Suzanne Duchamp,French,Female,1889.0,1963.0,,,api_error
8303,Frank Benedict,American,Male,1951.0,,,,api_error
8304,Los Carpinteros,Cuban,,,,,,api_error
8305,Marco Castillo,Cuban,Male,1971.0,,,,api_error
8306,Alexandre Arrechea,Cuban,Male,1970.0,,,,api_error
8307,Dagoberto Rodriguez,Cuban,Male,1969.0,,,,api_error
8309,Eberhard Marhold,German,Male,1943.0,,,,api_error
8310,Roswitha Marhold,German,Female,,,,,api_error
8311,Christa Ehrlich,Dutch,Female,1903.0,1995.0,,,api_error
8312,Max Morise,French,Male,1900.0,1973.0,,,api_error
8313,Pierre Naville,French,Male,1900.0,1993.0,,,api_error
8315,Greta Knutson,Swedish,Female,1899.0,1983.0,,,api_error
8316,Esteban Francés,Spanish,Male,1913.0,1976.0,,,api_error
8317,Remedios Varo,Spanish,Female,1908.0,1963.0,,,api_error
8318,Jeannette Ducrocq Tanguy,French,Female,1896.0,1977.0,,,api_error
8319,Fred Mayer,Swiss,Male,1938.0,,,,api_error
8320,John Morris,American,Male,1965.0,,,,api_error
8321,Emmanuel Yevzerikhin,Russian,Male,1911.0,1984.0,,,api_error
8322,Georgy Khomzor,Russian,Male,1914.0,1990.0,,,api_error
8323,Renata Grindler,German,Female,1940.0,,,,api_error
8324,John Van Hamersveld,American,Male,1941.0,,,,api_error
8326,Rudolf Bircher,Swiss,Male,,,,,api_error
8327,José Toirac,Cuban,Male,1966.0,,,,api_error
8328,Polly Apfelbaum,American,Female,1955.0,,,,api_error
8330,Maurizio Cattelan,Italian,Male,1960.0,,,,api_error
8331,Diana Thater,American,Female,1962.0,,,,api_error
8332,Clementine Helene Dufau,French,Female,1869.0,1937.0,,,api_error
8333,Robert Overby,American,Male,1935.0,1993.0,,,api_error
8334,Walther Koch,Swiss,Male,1875.0,1915.0,,,api_error
8335,Victor Ancona,American,Male,1912.0,1998.0,,,api_error
8337,Wilhelm Langloh,German,Male,,,,,api_error
8338,Eva Schoeler,,Female,,,,,api_error
8339,Leo Gantenbein,Swiss,Male,1920.0,,,,api_error
8340,Winfried Holtz,German,Female,1937.0,,,,api_error
8341,Siegfried Himmer,German,Male,1935.0,,,,api_error
8342,Hans Buschfeld,German,Male,1939.0,,,,api_error
8343,Heinz Lippert,German,Male,1938.0,,,,api_error
8344,Coort von Mannstein,German,Male,1937.0,,,,api_error
8345,Karl Michel,German,Male,1895.0,,,,api_error
8346,Hans Michel,German,Male,1920.0,,,,api_error
8347,Brian Tattersfield,British,Male,1936.0,,,,api_error
8348,Heini Fischer-Corso,Swiss,,1921.0,1990.0,,,api_error
8349,Shirin Neshat,Iranian,Female,1957.0,,,,api_error
8350,Nicolaus Ott,German,Male,1949.0,,,,api_error
8351,Alfred Bernard Stein,German,Male,1947.0,,,,api_error
8365,René Georges Hermann-Paul,French,Male,1864.0,1940.0,,,api_error
8366,Kilian Breier,German,Male,1931.0,,,,api_error
8367,Eleanore Bujatti,Austrian,Female,1919.0,,,,api_error
8368,Rudi Feld,American,Male,1896.0,1994.0,,,api_error
8369,Matthew Smith,British,Male,1879.0,1959.0,,,api_error
8370,Miroslaw Balka,Polish,Male,1958.0,,,,api_error
8372,I. Stepanov,Russian,,,,,,api_error
8373,Betty Goodwin,Canadian,Female,1923.0,2008.0,,,api_error
8375,Éva Kémeny,Hungarian,Female,1929.0,2011.0,,,api_error
8376,Yakov Ruklevsky,Russian,Male,1884.0,1965.0,,,api_error
8377,Billy Sullivan,American,Male,1946.0,,,,api_error
8378,Efim Mezhbarg,Russian,Male,1912.0,1937.0,,,api_error
8381,Lorenzo Goñi,Spanish,Male,1911.0,1992.0,,,api_error
8382,Juan Antonio Morales,Spanish,Male,1909.0,1984.0,,,api_error
8383,Francis Alÿs,Belgian,Male,1959.0,,,,api_error
8384,Francis Meynell,British,Male,1891.0,1975.0,,,api_error
8385,Frank Newbould,British,Male,1887.0,1951.0,,,api_error
8386,Pierre Fix-Masseau,French,Male,1869.0,1937.0,,,api_error
8388,Josep Subirats Samora,Spanish,Male,1914.0,1997.0,,,api_error
8391,Wilhelm Friedrich Bürger,Swiss,Male,1882.0,1964.0,,,api_error
8392,Marek Freudenreich,Polish,Male,1939.0,,,,api_error
8393,Hans Hartmann,Swiss,Male,1913.0,,,,api_error
8394,Bonnie Maclean,American,Female,1949.0,,,,api_error
8395,Alton Kelley,American,Male,1940.0,2008.0,,,api_error
8396,John H. Myers,American,Male,,,,,api_error
8397,Emil Ruder,Swiss,Male,1914.0,1970.0,,,api_error
8398,Werner Zryd,Swiss,Male,1923.0,,,,api_error
8399,Pierre Gauchat,Swiss,Male,1902.0,1956.0,,,api_error
8400,Heinz Fuchs,German,Male,1886.0,1961.0,,,api_error
8401,Marfurt,Nationality unknown,,,,,,api_error
8402,Maciej Zbikowski,Polish,Male,1935.0,,,,api_error
8403,Marguerite Delorme,Nationality unknown,,,,,,api_error
8404,Jöran Lindvall,Swedish,,,,,,api_error
8405,Sture Balgård,,Male,,,,,api_error
8406,Eva Björklund,,Female,,,,,api_error
8407,Anibal Gil,Colombian,Male,1932.0,,,,api_error
8408,Kurt Wenzel,Danish,Male,1899.0,1996.0,,,api_error
8409,Makoto Saito,Japanese,Male,1952.0,,,,api_error
8410,A. Wagner,German,,,,,,api_error
8411,Kevin Dwyer,American,Male,1952.0,,,,api_error
8412,Haus-Rucker-Co,Austrian,,1967.0,1992.0,,,api_error
8413,Günter Zamp Kelp,Austrian,Male,1941.0,,,,api_error
8414,Klaus Pinter,Austrian,Male,1940.0,,,,api_error
8415,Carl Jacobs,Danish,Male,1925.0,,,,api_error
8416,Giovanni Patrone,Italian,Male,1904.0,1963.0,,,api_error
8417,Harri Koskinen,Finnish,Male,1970.0,,,,api_error
8418,Philippe Starck,French,Male,1949.0,,,,api_error
8419,Akihiro Kaneko,Japanese,Male,1961.0,,,,api_error
8420,Yoshihiro Kimura,Japanese,Male,1947.0,,,,api_error
8421,Osamu Mita,Japanese,Male,,,,,api_error
8422,Keiji Otani,Japanese,Male,1967.0,,,,api_error
8426,Bruce Ancona,American,Male,1956.0,,,,api_error
8427,Louis Henry,American,Male,1971.0,,,,api_error
8428,Ron Arad,British,Male,1951.0,,,,api_error
8429,Marc Berthier,French,Male,1935.0,,,,api_error
8430,Cesare Casati,Italian,Male,1936.0,2015.0,,,api_error
8431,Gruppo DAM (Designer Associati Milano),Italian,,,,,,api_error
8432,Art Fry,American,Male,1931.0,,,,api_error
8433,Grete Jalk,Danish,Female,1920.0,2006.0,,,api_error
8434,Pentagram,American,,1972.0,,,,api_error
8435,Gerald Summers,British,Male,1899.0,1967.0,,,api_error
8436,Andries Van Onck,Dutch,Male,1928.0,,,,api_error
8437,Shichiro Imatake,Japanese,Male,1905.0,2000.0,,,api_error
8439,John Tang,American,Male,1959.0,,,,api_error
8440,Peter Cazalet,American,Male,1969.0,,,,api_error
8441,Benjamin Chia,,Male,,,,,api_error
8442,Russell Crotty,American,Male,1956.0,,,,api_error
8443,Merce Cunningham,American,Male,1919.0,2009.0,,,api_error
8444,John Currin,American,Male,1962.0,,,,api_error
8445,Margherita Manzelli,Italian,Female,1968.0,,,,api_error
8446,Jodiah Jacobs,American,Male,1962.0,,,,api_error
8447,Arthur S. Mole,American,Male,1889.0,1983.0,,,api_error
8448,John D. Thomas,American,Male,,1947.0,,,api_error
8449,Johann Palisa,Austrian,Male,1848.0,1925.0,,,api_error
8450,Max Wolf (Maximilian Franz Joseph Cornelius),Austrian,Male,1863.0,1932.0,,,api_error
8451,Dieter Rams,German,Male,1932.0,,,,api_error
8452,Jockum Nordström,Swedish,Male,1963.0,,,,api_error
8454,Mikael Björnstjerna,Swedish,Male,1945.0,,,,api_error
8455,Ford Madox Brown,British,Male,1821.0,1893.0,,,api_error
8456,Fernando Campana,Brazilian,Male,1961.0,,,,api_error
8457,Humberto Campana,Brazilian,Male,1953.0,,,,api_error
8458,Godtfred Kirk Christiansen,Danish,Male,1920.0,1995.0,,,api_error
8464,Hércules Barsotti,Brazilian,Male,1914.0,2010.0,,,api_error
8465,David Bates,American,Male,1952.0,,,,api_error
8466,Leslie Evans,British,,1945.0,,,,api_error
8468,Estella Conwill Majozo,American,Female,1949.0,,,,api_error
8470,John Bock,German,Male,1965.0,,,,api_error
8471,Christopher Brown,American,Male,1951.0,,,,api_error
8472,Cecily Brown,British,Female,1969.0,,,,api_error
8473,Janet Cardiff,Canadian,Female,1957.0,,,,api_error
8474,Willys de Castro,Brazilian,Male,1926.0,1988.0,,,api_error
8475,Nikolai Lavrent'ev,Russian,Male,,,,,api_error
8476,Varvara Alexandrovna Rodchenko,Russian,Female,1925.0,,,,api_error
8477,Anna Maria Maiolino,Brazilian,Female,1942.0,,,,api_error
8478,Christian Marclay,American,Male,1955.0,,,,api_error
8479,Beatriz Milhazes,Brazilian,Female,1960.0,,,,api_error
8480,Takashi Murakami,Japanese,Male,1962.0,,,,api_error
8484,P. Suvorov,Nationality unknown,,,,,,api_error
8485,Gillian Wearing,British,Female,1963.0,,,,api_error
8486,Pae White,American,Female,1963.0,,,,api_error
8487,Jerome Olivet,,Male,,,,,api_error
8490,Richard Hell,American,Male,1949.0,,,,api_error
8493,Paolo Lombardi,Italian,Male,1827.0,1890.0,,,api_error
8494,Nedko Solakov,Bulgarian,Male,1957.0,,,,api_error
8496,Dan Walsh,American,Male,1960.0,,,,api_error
8497,Rudolf Bonvie,German,Male,1947.0,,,,api_error
8499,Claude-Joseph-Désiré Charnay,French,Male,1828.0,1915.0,,,api_error
8500,Christopher Giglio,American,Male,1964.0,,,,api_error
8501,Associated Press,,,,,,,api_error
8502,George Grantham Bain,American,Male,1865.0,1914.0,,,api_error
8503,Alex Anderson/The New York Times,Nationality unknown,Male,,,,,api_error
8504,Acme News Pictures,,,,,,,api_error
8505,Eddie Adams / Associated Press,American,Male,1933.0,2004.0,,,api_error
8506,"Abraham Zapruder / Life Magazine, Time Inc.",American,Male,,,,,api_error
8507,William H. Gallagher/Associated Press,Nationality unknown,Male,,,,,api_error
8508,Automatic Camera/Photomaton,,,,,,,api_error
8509,Bangs Studio,,,,,,,api_error
8510,Dominique Berretty/Black Star Publishing Co.,French,Female,1925.0,1980.0,,,api_error
8511,Bettmann/United Press International,,,,,,,api_error
8512,Neal Boenzi/The New York Times,American,Male,1925.0,,,,api_error
8513,"Blackstar Publishing Co., Inc.",Nationality unknown,,,,,,api_error
8514,Rene Portocarrero,Cuban,Male,1914.0,1985.0,,,api_error
8515,British Official Radiophoto/The New York Times,,,,,,,api_error
8516,Arthur Brower/The New York Times,American,Male,1916.0,1974.0,,,api_error
8517,Brown Brothers,American,Male,1904.0,,,,api_error
8518,Pat Burns/The New York Times,American,Male,1909.0,1973.0,,,api_error
8519,Chuck Burton/Associated Press,American,Male,1955.0,,,,api_error
8520,Camera Arts Studios,,,,,,,api_error
8521,Anthony Camerano/Associated Press,American,Male,1909.0,1973.0,,,api_error
8522,Pat Candido/The New York Daily News,Nationality unknown,,,,,,api_error
8523,Peter Carroll/Associated Press,Nationality unknown,Male,,,,,api_error
8524,Don Hogan Charles/The New York Times,American,Male,1938.0,,,,api_error
8525,Alan Chin,Nationality unknown,Male,,,,,api_error
8526,Bill Cunningham/The New York Times,American,Male,1929.0,,,,api_error
8527,Francesca Woodman,American,Female,1958.0,1981.0,,,api_error
8528,Committee on Public Information,,,,,,,api_error
8529,London Daily Mirror,,,,,,,api_error
8530,Suzanne De Chillo/The New York Times,Nationality unknown,Female,,,,,api_error
8531,Vic Delucia/The New York Times,American,Male,1933.0,,,,api_error
8532,Fehim Demir/Agence France-Presse,Bosnian,Male,1959.0,,,,api_error
8533,Doty/Times Wide World Press,Nationality unknown,,,,,,api_error
8534,Richard Drew/Associated Press,American,Male,1946.0,,,,api_error
8535,"Fairchild Aerial Surveys, Inc.",,,,,,,api_error
8536,Sam Falk/The New York Times,American,Male,1901.0,1991.0,,,api_error
8537,John Filo/Valley Daily News via Associated Press,American,Male,1948.0,,,,api_error
8538,Stanley J. Forman/Boston Herald via Associated Press,American,Male,1945.0,,,,api_error
8539,Berlin Foto Senneke,,,,,,,api_error
8540,Fotograms,,,,,,,api_error
8541,Fox News,,,,,,,api_error
8542,French Pictorial Service,,,,,,,api_error
8543,Carl T. Gosset Jr./The New York Times,American,Male,1924.0,1985.0,,,api_error
8544,Eddie McGovern,Nationality unknown,Male,,,,,api_error
8545,Art Greenspon/Associated Press,American,Male,1942.0,,,,api_error
8546,Horst Faas,German,Male,1933.0,2012.0,,,api_error
8547,James C. Hare/Colliers Weekly,American,Male,1856.0,1946.0,,,api_error
8548,Susan Harris/The New York Times,American,Female,1954.0,,,,api_error
8549,Marc Allégret,French,Male,1900.0,1973.0,,,api_error
8550,Harris & Ewing/Times World Wide Photos,American,,,,,,api_error
8551,Eddie Hausner/The New York Times,American,Male,1926.0,,,,api_error
8552,Albert Hilsher/Times Wide World,Nationality unknown,Male,,,,,api_error
8553,Bruce Hoertel/The New York Times,American,Male,1923.0,,,,api_error
8555,Hoffman/International Press Studio,,,,,,,api_error
8557,John Hubbard/Black Star Publishing Co.,American,Male,1939.0,,,,api_error
8558,Auguste Adolphe Bertsch,French,Male,,1871.0,,,api_error
8559,Barney Ingoglia/The New York Times,American,Male,1928.0,,,,api_error
8560,International News Photo,,,,,,,api_error
8562,International Newsreel,,,,,,,api_error
8563,Bob Jackson,American,Male,1934.0,,,,api_error
8564,Norman M. Jeannero/Times World Wide Photos,American,Male,1889.0,1954.0,,,api_error
8565,Edward Keating/The New York Times,American,Male,1956.0,,,,api_error
8566,Arthur Wesley Dow,American,Male,1857.0,1922.0,,,api_error
8567,Keystone View Company,American,,1892.0,1972.0,,,api_error
8568,Seydou Keïta,Malian,Male,1923.0,2001.0,,,api_error
8569,Mike Lien/The New York Times from CBS News,American,Male,1936.0,1977.0,,,api_error
8570,Lechner/The New York Times,Nationality unknown,,,,,,api_error
8571,Jay King,American,Male,1944.0,,,,api_error
8573,Meyer Liebowitz/The New York Times,American,Male,1906.0,1976.0,,,api_error
8574,Franz Lowy/Times Wide World,Austrian,Male,,,,,api_error
8575,Herbert Krenchel,Danish,Male,1922.0,,,,api_error
8576,Arturo Mari/L'Osservatore Romano,Italian,Male,,,,,api_error
8577,S.L.A. Marshall,American,Male,1900.0,1977.0,,,api_error
8578,Peter Pelzel,Italian,Male,1937.0,,,,api_error
8579,Medem Photo Service,Nationality unknown,,,,,,api_error
8580,Ministere De La Guerre,Nationality unknown,,,,,,api_error
8581,Larry C. Morris/The New York Times,American,Male,1924.0,1987.0,,,api_error
8582,Yasuki Nagao/United Press International,Japanese,Male,,,,,api_error
8583,NASA,American,,,,,,api_error
8584,Richard Rothman,American,Male,1956.0,,,,api_error
8585,Günther Ssymmank,German,Male,1920.0,,,,api_error
8586,Fred Hansen/Pacific and Atlantic Photos,Nationality unknown,Male,,,,,api_error
8587,The New York Daily News,,,,,,,api_error
8588,Martine Barrat,French,Female,1943.0,,,,api_error
8590,Peter G. Kayafas,American,Male,1971.0,,,,api_error
8591,The New York Times Studio,,,,,,,api_error
8592,Cal Osbon,American,Male,,,,,api_error
8593,Pacific & Atlantic Photos,,,1921.0,1932.0,,,api_error
8594,Keith Pannel/Mail on Sunday,British,Male,1956.0,,,,api_error
8595,Unknown photographer,,,,,,,api_error
8596,Bill Parsons / Nancy Palmer Agency,Nationality unknown,Male,,,,,api_error
8597,Maria Martinez-Cañas,Cuban,Female,1960.0,,,,api_error
8598,Glen Pettit/The New York Times,American,Male,1971.0,,,,api_error
8599,The Pictoral News Company,,,,,,,api_error
8600,Igor Moukhin,Russian,Male,1961.0,,,,api_error
8601,Douglas C. Pizac/Associated Press,American,Male,1954.0,,,,api_error
8602,Kent Porter/The Press Democrat via Assocated Press,American,Male,1962.0,,,,api_error
8603,Press Illustrating Company,,,,,,,api_error
8604,Presse Bild Zentrale,,,,,,,api_error
8605,Moscow Presse Cliche,,,,,,,api_error
8606,Red Cross Institute for Crippled and Disabled Men,,,,,,,api_error
8607,Robert Riger,American,Male,1924.0,1995.0,,,api_error
8608,Rollins/Associated Press,Nationality unknown,,,,,,api_error
8609,Osamu Kanemura,Japanese,Male,1964.0,,,,api_error
8610,Librado Romero/Associated Press,American,Male,1942.0,,,,api_error
8611,Thomas Demand,German,Male,1964.0,,,,api_error
8612,Joe Rosenthal/Times World Wide Photos,American,Male,1911.0,,,,api_error
8613,Alex J. Rota/The New York Times,Nationality unknown,Male,,,,,api_error
8615,Henry Ruschin,Nationality unknown,Male,,,,,api_error
8616,William E. Sauro/The New York Times,American,Male,1929.0,2001.0,,,api_error
8617,Cliff Schiappa/Associated Press,American,Male,1957.0,,,,api_error
8618,Sammy Schulman/International News Photo,American,Male,1906.0,1980.0,,,api_error
8619,Barton Silverman/The New York Times,American,Male,1942.0,,,,api_error
8620,Ernie Sisto/The New York Times,American,Male,1904.0,1989.0,,,api_error
8621,J.C.P. Skottowe/Times Wide World Photos,American,Male,,,,,api_error
8622,Dana Stone/United Press International,Nationality unknown,Female,,,,,api_error
8623,Stork Club News Service,,,,,,,api_error
8624,Captain Cecil W. Stoughton,American,Male,1920.0,2008.0,,,api_error
8625,Stroop Report,Nationality unknown,Male,,,,,api_error
8626,Ray Stubblebine/Associated Press,American,Male,1946.0,,,,api_error
8627,Kryn Taconis/Magnum Photos Co.,Dutch,Male,1918.0,,,,api_error
8628,George Tames/The New York Times,American,Male,1914.0,1994.0,,,api_error
8629,Glenn Rudolph,American,Male,1946.0,,,,api_error
8630,Paul Thompson,American,Male,,,,,api_error
8631,Times Photo Service,,,,,,,api_error
8632,Times Wide World Photos,American,,1919.0,1941.0,,,api_error
8633,Caroline Feyt,French,Female,1965.0,,,,api_error
8634,Mario Cravo Neto,Brazilian,Male,1947.0,2009.0,,,api_error
8635,Jean Christian Bourcart,French,Male,1960.0,,,,api_error
8636,Bob Beerman,American,Male,,,,,api_error
8637,Topical Press Agency,,,,,,,api_error
8638,United Press International,,,,,,,api_error
8639,U.S. Army Air Force,American,,,,,,api_error
8640,U.S. Coast Guard,American,,,,,,api_error
8641,Robert Walker/The New York Times,American,Male,1926.0,1979.0,,,api_error
8642,Marilynn K. Yee/The New York Times,American,Female,1950.0,,,,api_error
8643,Yerkes Observatory,,,,,,,api_error
8644,Bert Six,American,Male,1902.0,1967.0,,,api_error
8645,Freda Diamond,American,Female,1905.0,1998.0,,,api_error
8646,Heinreich Löffelhardt,German,Male,1901.0,1979.0,,,api_error
8647,Tzarskoe Selo C.E. de Hahn & Co.,,,,,,,api_error
8648,International Film Service Company/Hearst,,,,,,,api_error
8649,Radio Corporation of America,American,,,,,,api_error
8650,Anne Marie Fishbein,American,Female,1958.0,,,,api_error
8651,Matthias Hoch,German,Male,1958.0,,,,api_error
8652,Curt Richter,American,Male,1956.0,,,,api_error
8653,Carlo Mazzeri,Italian,Male,1927.0,,,,api_error
8654,Lutz Dille,Canadian,Male,1922.0,,,,api_error
8655,Linnaeus Tripe,British,Male,1822.0,1902.0,,,api_error
8656,Georgina Starr,British,Female,1968.0,,,,api_error
8657,Dan Grossi/Associated Press,Nationality unknown,Male,,,,,api_error
8658,Katherine Turczan,American,Female,1965.0,,,,api_error
8659,Tom Wood,British,Male,1951.0,,,,api_error
8660,Raymond Riley,American,Male,1958.0,,,,api_error
8661,David Shen,American,Male,1958.0,,,,api_error
8665,Theodore C. Brookhart,American,Male,1898.0,1942.0,,,api_error
8675,"L.M. Ericsson Telephone Company, company design",Swedish,,1876.0,,,,api_error
8676,Hugo Blomberg,Swedish,Male,1897.0,,,,api_error
8677,Ralph Lysell,Swedish,Male,1907.0,,,,api_error
8678,Hans Gösta Thames,Swedish,Male,1916.0,,,,api_error
8680,"Architetti Montagni, Berizzi, Butte",Italian,,1950.0,,,,api_error
8681,Dario Montagni,Italian,Male,1929.0,,,,api_error
8682,Sergio Berizzi,Italian,Male,1930.0,1976.0,,,api_error
8683,Cesare Butté,Italian,Male,1930.0,,,,api_error
8685,A. L. Pugh,American,,,,,,api_error
8686,S. J. Stein,,,,,,,api_error
8688,Jens H. Quistgaard,Danish,Male,1919.0,2008.0,,,api_error
8691,Michio Arai,Japanese,Male,1938.0,,,,api_error
8692,IDEO,,,1991.0,,,,api_error
8695,William Campbell,American,Male,1954.0,,,,api_error
8696,Michael Cohen,American,Male,,,,,api_error
8697,Ergonomi Design Gruppen (now Veryday),Swedish,,1969.0,,,,api_error
8698,Giovanni Bassi,Italian,Male,1926.0,,,,api_error
8699,Gianfranco Masi,Italian,Male,,,,,api_error
8700,Saul Nesbitt,American,Male,1925.0,,,,api_error
8701,Franca Stagi,Italian,Male,1937.0,,,,api_error
8702,Paolo Orlandini,Italian,Male,,,,,api_error
8703,Kikukawa Katsuyoshi,Japanese,Female,1935.0,,,,api_error
8704,Martijn Wegman,Danish,Male,1955.0,,,,api_error
8705,John Mascheroni,American,Male,1932.0,,,,api_error
8706,Gianni Passini,Italian,Male,1941.0,,,,api_error
8707,Diller + Scofidio,American,,1979.0,,,,api_error
8708,Ernst Lieser,Swedish,Male,1940.0,,,,api_error
8709,Julius Barnes,,Male,,,,,api_error
8713,William M. Heynes,British,Male,1903.0,1989.0,,,api_error
8716,"Atelier d'Architecture Christian de Portzamparc, Paris",,,,,,,api_error
8722,United Nations Headquarters Board of Design,,,,,,,api_error
8805,Rafael Viñoly Architects,American,,,,,,api_error
8811,Taller de Arquitectura,,,,,,,api_error
8822,Gregory Baird,,Male,,,,,api_error
8823,Rogelio Jimenez,,Male,,,,,api_error
8836,Juan Herreros,Spanish,Male,1958.0,,,,api_error
8837,Iñaki Ábalos,Spanish,Male,1956.0,,,,api_error
8838,"Abalos&Herreros, Madrid",Spanish,,1984.0,,,,api_error
8841,Hugo Herdeg,Nationality unknown,Male,,,,,api_error
8845,Jacob Kohn,Austrian,Male,1791.0,1868.0,,,api_error
8855,Tod Williams Billie Tsien and Associates,,,,,,,api_error
8879,"Massachusetts Institute of Technology, Cambridge, MA",American,,1861.0,,,,api_error
8885,G. Geist,,,,,,,api_error
8886,J. Sawade,,,,,,,api_error
8902,Terence Riley,American,Male,1954.0,,,,api_error
8928,Coop Himmelb(l)au,Austrian,,1968.0,,,,api_error
8933,Yushi Uehara,Japanese,Male,1964.0,,,,api_error
8944,Dave Stewart,,Male,1952.0,,,,api_error
8958,Kazuyo Sejima,Japanese,Female,1956.0,,,,api_error
8987,"Toyo Ito & Associates, Architects",Japanese,,1971.0,,,,api_error
8988,Renzo Piano,Italian,Male,1937.0,,,,api_error
8996,Alfred Roth,Swiss,Male,1930.0,1998.0,,,api_error
8998,"Asymptote Architecture, New York",,,1989.0,,,,api_error
8999,"Tiffany Studios, New York, NY",,,,,,,api_error
9000,"Nuutajärvi Glass Works, Wärtsilä, Finland",,,,,,,api_error
9002,"Danese S.r.l., Italy",Italian,,1955.0,,,,api_error
9004,"Cassina, S.p.A., Milan",,,,,,,api_error
9005,"Corning Glass Works, Corning, NY",American,,1851.0,,,,api_error
9007,"Bonniers, Inc., New York",,,,,,,api_error
9009,"Slazengers Ltd., England",British,,1881.0,,,,api_error
9010,"Necchi, S.p.A., Pavia, Italy",,,,,,,api_error
9011,"Werkstätte Carl Auböck, Vienna",,,,,,,api_error
9015,"Poltronova, Italy",,,,,,,api_error
9016,"Focus Belysning, Denmark",,,1975.0,,,,api_error
9018,"Tupper Corporation, Farnumsville, MA",,,,,,,api_error
9019,"Robinson, Lewis and Rubin, Inc., Brooklyn, NY",,,,,,,api_error
9020,"AMAC Plastic Products Corp., Sausalito, California",,,,,,,api_error
9021,"Thomas Der Rosenthal A.G., Selb, West Germany (now Germany)",,,,,,,api_error
9022,"Stirex Innovation AB, Spanga, Sweden",,,,,,,api_error
9024,"Hedwin Corp., Baltimore, MD",,,,,,,api_error
9025,"Oy Fiskars Ab, Helsinki",,,,,,,api_error
9026,"Georg Jensen Sølvsmedie, Copenhagen, Denmark",,,,,,,api_error
9029,"Fuso Gomu Ind. Co., Ltd., Tokyo",,,,,,,api_error
9031,"Plastic Productions Co., Redwood City, CA",,,,,,,api_error
9032,"Plastic Production Co., Redwood City, CA",,,,,,,api_error
9033,"Helit, Ulm, Germany",,,,,,,api_error
9034,"Mepalservice b.v. Lochem (gld), The Netherlands",,,,,,,api_error
9035,"Fratelli Guzzini, Italy",,,,,,,api_error
9036,"Rosenthal Porzellan A.G., Selb, Germany",,,,,,,api_error
9037,"Libbey Glass Company Division, Owens-Illinois Co., Toledo, OH, established 1818",American,,,,,,api_error
9038,"Cristalleria Nason e Moretti, Venezia-Murano, Italy",,,,,,,api_error
9040,"Venini & Co., Murano, Italy",,,1921.0,,,,api_error
9042,"Aoshima Shoten Co., Ltd., Japan",,,,,,,api_error
9058,"Bauhaus, Dessau",,,,,,,api_error
9062,"Westinghouse Electric & Mfg. Co., NY",American,,,,,,api_error
9066,"Neselco, Copenhagen",,,,,,,api_error
9072,"Alias SpA, Bergamo, Italy",Italian,,1979.0,,,,api_error
9078,"C & B Italia, Como, Italy",,,,,,,api_error
9081,"AB Gustavsberg Fabriker, Sweden",Swedish,,,,,,api_error
9083,"Brionvega S.p.A., Italy",,,,,,,api_error
9084,"Treitel-Gratz Co., Inc., New York, NY",,,,,,,api_error
9088,"Folmer Christensen, Vanlose, Denmark",,,,,,,api_error
9097,"J.P. Kayser Sohn, Cologne",,,1814.0,,,,api_error
9100,"Gavina, Italy",,,,,,,api_error
9101,"Sculpture House, New York, NY",,,,,,,api_error
9102,"Benedikt von Poschinger Kristallwarenfabric, Oberzwieslau, Germany",,,,,,,api_error
9103,"Peter Hamburger Designs, New York, NY",,,,,,,api_error
9104,"Zanotta S.p.A., Italy",,,,,,,api_error
9110,"GNT Automatic A/S, Soeborg, Denmark",,,,,,,api_error
9112,"Braun AG, Frankfurt, Germany, est. 1921",,,,,,,api_error
9113,"Moss Tent Works, Camden, ME",,,,,,,api_error
9114,"Kimura Glass Co. Ltd., Tokyo",,,,,,,api_error
9115,"Louis Poulsen & Co., Copenhagen, Denmark",,,,,,,api_error
9118,"Cini & Nils, Milan",,,,,,,api_error
9128,"Heath Ceramics, Sausalito, CA",,,,,,,api_error
9130,"Bruno Danese, Milan, Italy",,,,,,,api_error
9139,"R.E.M. di Rossetti Enrico, Italy",,,,,,,api_error
9140,"Terraillon S.L.R., Italy",,,,,,,api_error
9143,"Gufram S.R.L., Italy",,,,,,,api_error
9150,Unknown Japanese Manufacturer,Japanese,,,,,,api_error
9154,"George Kovacs, Lighting Inc., New York, NY",,,,,,,api_error
9156,"Vereinigte Lausitzer Glaswerke A.G., Weisswasser, Germany",,,,,,,api_error
9160,Unknown American Manufacturer,American,,,,,,api_error
9163,"Aurora S.p.A., Torino, Italy",,,,,,,api_error
9168,"Alfred H. Barr, Jr.",American,Male,1902.0,1981.0,,,api_error
9175,"Sitterle Ceramics, Croton Falls, NY",,,,,,,api_error
9177,"Flexform, Italy",,,,,,,api_error
9178,"Habitat, Inc., New York, NY",,,,,,,api_error
9179,"American Optical Corp., Southbridge, MA",American,,1850.0,,,,api_error
9184,"Cleto Munari, Venice",,Male,,,,,api_error
9188,"Wiener Werkstätte, Vienna",,,,,,,api_error
9191,"C. Hugo Pott, Solingen, Germany",,Male,,,,,api_error
9194,"Herman Miller Furniture Co., Zeeland, MI",,,,,,,api_error
9197,"Vortice Elettrosociali, S.p.A., Italy",,,,,,,api_error
9199,"Bang & Olufsen, Struer, Denmark",,,1925.0,,,,api_error
9202,"Iittala Glassworks, Iittala, Finland",,,,,,,api_error
9206,S.M. Hexter Company,,,,,,,api_error
9210,"Ceramic Japan Co. Ltd., Aichi-ken, Japan",,,,,,,api_error
9213,"Lucie Rie Pottery, London",,,,,,,api_error
9216,"Akzo Nobel Geosynthetics Company, Asheville, NC",American,,,,,,api_error
9219,"Kartell S.p.A., Milan, Italy",,,,,,,api_error
9220,"Beylerian Ltd., New York, NY",,,,,,,api_error
9221,Flos S.p.A.,Italian,,1962.0,,,,api_error
9222,"Konwiser Inc., New York, NY",American,,,,,,api_error
9224,"Nikon (Nippon Kogaku K.K.), Tokyo",Japanese,,1917.0,,,,api_error
9228,"Elberel Italiana, Italy",,,,,,,api_error
9230,"Revere Copper and Brass, Inc., Rome, NY",American,,1929.0,,,,api_error
9231,"Campeggi, Milan",,,,,,,api_error
9237,"Matsushita Electrical Industrial Company, Osaka",,,,,,,api_error
9238,"Nemo S.r.L., Rovallesca, Italy",,,,,,,api_error
9239,"Eimer & Amend, New York, NY",American,,,,,,api_error
9240,"IBM, East Fishkill, NY",,,,,,,api_error
9241,"International Business Machines Corp., Armonk, NY",American,,1914.0,,,,api_error
9242,"Bracciodiferro S.r.L., Genoa, Italy",,,,,,,api_error
9244,"L. Anton Maix Fabrics, New York, NY",,,,,,,api_error
9246,"Württembergische Metallwarenfabrik, Geislingen, Germany",,,,,,,api_error
9255,"Staatliche Porzellan-Manufaktur, Berlin (now Konigliche Porzellan-Manufaktur)",,,,,,,api_error
9257,"Gerhardi & Co., Ludenscheid, Germany",,,,,,,api_error
9259,"Ekco Products Co., Chicago, IL",American,,1888.0,,,,api_error
9262,"Elco Bellato, Venice",,,,,,,api_error
9263,"Two's Company, Mount Vernon, NY",,,,,,,api_error
9264,"Silkar Studios, New York, NY",,,,,,,api_error
9266,"Lomonosov Porcelain Factory, Leningrad (now St. Petersburg)",,,,,,,api_error
9269,"SIG Workshop Co. Ltd., Ishikawa, Japan",,,,,,,api_error
9272,"Ruppelwerk GmbH, Gotha, Germany",,,,,,,api_error
9276,"Italjet S.p.A., Bologna",,,,,,,api_error
9277,"J.P. Kayser-Sohn Krefeld-Brockman, Germany",,,,,,,api_error
9279,"Glass Com Production, Kimura Glass Co. Ltd.,Tokyo",,,,,,,api_error
9280,"Gebrüder Thonet A.G., Germany",,,,,,,api_error
9281,"Poggi, Italy",,,,,,,api_error
9284,"Laverne Originals, New York, NY",,,,,,,api_error
9286,"Anoishi Saw Manufacturing Co., Japan",,,,,,,api_error
9289,"Cappellini S.p.A., Milan, Italy",,,,,,,api_error
9292,"Alessi S.p.A., Italy",Italian,,,,,,api_error
9294,"Artemide S.p.A., Milan, Italy",,,,,,,api_error
9300,"Iittala, New York, NY",,,,,,,api_error
9304,"Synthetic Industries, Chattanooga, TN",American,,1969.0,,,,api_error
9305,Seneca Glass Co.,American,,,,,,api_error
9307,"Bauhaus Metal Workshop, Germany",,,,,,,api_error
9308,"Knoll Associates, New York, NY",,,,,,,api_error
9310,"Metallwerkstätte, Staatliches Bauhaus, Germany",,,,,,,api_error
9311,"Svenska Artek, Hedemora, Sweden",,,,,,,api_error
9312,"Isabel Scott Fabrics, New York, NY",,,,,,,api_error
9316,Baralan International S.p.a. Containers for the Cosmetic Industry,,,,,,,api_error
9318,"Estler-Regale G.m.b.H., Berlin",,,,,,,api_error
9325,"Japan Victor Corporation (JVC), Japan",,,,,,,api_error
9331,"Arabia, Wärtsilä Ab, Helsinki, Finland",Finnish,,1874.0,,,,api_error
9337,"Torben Örskov & Co. A/S, Copenhagen",,,,,,,api_error
9339,"Coors Porcelain Co., Golden, CO",American,,1910.0,,,,api_error
9341,"The Knoll Group, New York, NY",,,,,,,api_error
9342,Hoechst Trevira GmbH,German,,1946.0,,,,api_error
9345,"Allgemeine Elektricitäts Gesellschaft (A.E.G.), Germany",German,,,,,,api_error
9347,"J. & L. Lobmeyr, Vienna",,,,,,,api_error
9348,"Evans Products Co., Molded Plywood Div., Venice, CA",,,,,,,api_error
9354,Fritz Hansen,,,,,,,api_error
9356,"Hats Incredible, Inc., Braintree, MA",,,,,,,api_error
9358,"Knoll Textiles, New York, NY",,,1947.0,,,,api_error
9361,"Knoll International, Inc., New York, NY",,,,,,,api_error
9362,"Dovoplast, Vienna",,,,,,,api_error
9367,"Printex Corporation of America, Ossining, NY",,,,,,,api_error
9381,"Gebrüder Thonet, Vienna, Austria",,,,,,,api_error
9384,"Laverne Inc., New York, NY",,,,,,,api_error
9386,Bent Nobert MDD Industrial Design APS,,,,,,,api_error
9389,"Kandya, England",,,,,,,api_error
9391,"Svenskt Tenn, Stockholm",,,,,,,api_error
9392,"The Watertown Manufacturing Co., Watertown, CT",American,,,,,,api_error
9393,"Angelo Testa Co., Chicago",,,,,,,api_error
9396,Mobles 114,,,,,,,api_error
9397,"Design House Stockholm AB, Stockholm",,,,,,,api_error
9399,"Zenith Radio Corporation, Chicago, IL",,,1923.0,,,,api_error
9400,Easy Edges Inc.,,,,,,,api_error
9401,"Luceplan, S.p.A., Italy",,,1978.0,,,,api_error
9403,"Fasem International srl, Vicopisano, Italy",,,1976.0,,,,api_error
9405,"Chemex Corp., New York, NY",,,,,,,api_error
9406,Hilde Hubbuch,German,Female,1905.0,1971.0,,,api_error
9407,San Lorenzo SRL,,,,,,,api_error
9409,"Danese S.r.l., Italy",,,,,,,api_error
9418,"Stendig, Inc., New York, NY",,,,,,,api_error
9419,"Alberto Bazzini, Milan, Italy",,Male,,,,,api_error
9423,"Driade S.p.A., Italy",,,,,,,api_error
9424,"Firma Karl Mathsson, Varnamo, Sweden",,,,,,,api_error
9427,"FlosUSA, Huntington Station, NY",,,,,,,api_error
9431,"OWO (now XO), Brie-Comte-Robert, France",,,,,,,api_error
9433,"Aram Designs Ltd., London",,,,,,,api_error
9436,"Officina Alessi, Italy",,,,,,,api_error
9439,"OWO, Montfort-l'Amaury, France",,,,,,,api_error
9441,"Ritz-Italora, Milan, Italy",,,,,,,api_error
9442,"Agfa-Gevaert AG, Munich",German,,,,,,api_error
9444,"B & B Italia, S.p.A., Como, Italy",,,,,,,api_error
9447,"Ing C. Olivetti & C., S.p.A., Ivrea, Italy",,,,,,,api_error
9448,"Ing. C. Olivetti & C. S.p.A., Ivrea, Italy",,,,,,,api_error
9454,"Unknown British Manufacturer, England",British,,,,,,api_error
9456,"Haagsche Plateelbakkerig Rozenburg, The Hague",,,,,,,api_error
9457,"Dorothy Liebes Textiles Inc., New York, NY",,,,,,,api_error
9460,Unknown Czechoslovakian Manufacturer,Czechoslovakian,,,,,,api_error
9461,"Heller, New York, NY",,,,,,,api_error
9465,"Alfi, Wertheim, Germany",German,,,,,,api_error
9467,"Thomson Consumer Electronics, France for Saba, France",,,,,,,api_error
9471,"Braquette, Inc., New York, NY",,,,,,,api_error
9475,"Berthold Palme, Czech Republic",,,,,,,api_error
9478,"Ficks Reed Co., Cincinnati, OH",,,,,,,api_error
9481,"Brunschwig & Fils, New York, NY",,,,,,,api_error
9483,Unknown German Manufacturer,German,,,,,,api_error
9484,"Vitra AG, Switzerland",,,,,,,api_error
9491,"Joaquin Pottery Co., Stockton, CA",American,,,,,,api_error
9495,"Kosta Glasbruk, Sweden",,,,,,,api_error
9502,"Artek-Pascoe, Inc., New York, NY",,,,,,,api_error
9506,"Blenko Glass Co., Inc., Milton, WV",American,,1893.0,,,,api_error
9508,"Stadler Werkstätten, Nonnenhorn, Germany",,,,,,,api_error
9511,"The Isokon Furniture Company, London",,,,,,,api_error
9512,"Superior Toy and Mfg., Co., Chicago, IL",,,,,,,api_error
9519,"Shoe Form Co., Inc., Utility Box Div., Auburn, NY",American,,,,,,api_error
9522,"Alessi, Crusinallo, Italy",Italian,,1921.0,,,,api_error
9527,"Klise Manufacturing Co., Grand Rapids, MI",,,,,,,api_error
9529,"Chas. D. Briddell, Inc., Crisfield, MD",,,,,,,api_error
9548,Flos USA,,,,,,,api_error
9550,"W.R. Case & Sons Cutlery Co., Bradford, PA",American,,1889.0,,,,api_error
9552,"Nessen Studio, Inc. (now Nessen Lamps, Inc.), New York",,,,,,,api_error
9554,"Crayonne Ltd., Sudbury-on-Thames, England",,,,,,,api_error
9555,"Technics, Secaucus, NJ",,,,,,,api_error
9556,France Fluocaril,,,,,,,api_error
9557,"Mardigian Corp., Detroit, MI",,,,,,,api_error
9561,"W. Rosenlew and Co., Finland",,,,,,,api_error
9562,"Imperial Glass Corp., Bellaire, OH",American,,,,,,api_error
9567,"Johannes Hansen, Denmark",,Male,1940.0,,,,api_error
9569,"Kensington, Inc., New Kensington, PA",American,,,,,,api_error
9571,"Kaneko Orimono Co., Ltd., Gumma, Japan",Japanese,,,,,,api_error
9572,"Kimura Senko Co., Ltd., Shinga, Japan",,,,,,,api_error
9573,"Mitasho Co., Ltd., Gunma, Japan",,,,,,,api_error
9575,"Landers, Frary & Clark, New Britain, CT",American,,,,,,api_error
9576,"NUNO Corporation, Tokyo, Japan",,,,,,,api_error
9577,"Umentani Craft, Kyoto",,,,,,,api_error
9578,"Lenox, Inc., Trenton, NJ",American,,1889.0,,,,api_error
9580,"Seguso S.R.L., Murano, Italy",Italian,,1933.0,,,,api_error
9581,"Sakase Adtech Co., Fukui, Japan",Japanese,,,,,,api_error
9584,Klearflax Linen Looms Inc.,,,,,,,api_error
9585,"Urase Co., Ltd., Fukui, Japan",Japanese,,,,,,api_error
9586,"Yamazaki Vellodo Co., Ltd.",,,,,,,api_error
9589,"Tsuguo Co., Ltd., Yamanashi, Japan",,,,,,,api_error
9592,"S. Yoshimura Co., Ltd., Fukui City, Japan",,,,,,,api_error
9594,"Marrell Studios, San Francisco, CA",,,,,,,api_error
9595,"Seiren Co., Ltd., Fukui, Japan",,,,,,,api_error
9600,"Tiffany Glass & Decorating Co., New York, NY",,,,,,,api_error
9602,"Lenore Tawney, New York, NY",,,,,,,api_error
9604,"The Gorham Co., Providence, RI",,,,,,,api_error
9607,"Werkstätten Karl Hagenauer, Vienna",,,,,,,api_error
9608,"General Lighting Co., Brooklyn, NY",,,,,,,api_error
9609,"Harvill Corp., Los Angeles, CA",American,,,,,,api_error
9611,R.A. Frederick Co.,,,,,,,api_error
9616,"The Hobart Manufacturing Company, Troy, Ohio, established 1897",,,,,,,api_error
9618,Unknown Russian manufacturer,Russian,,,,,,api_error
9620,"BP Solar (British Petroleum Solar), Aylesbury, England",,,,,,,api_error
9626,"Metal-Lite Products, Inc., Bay City, MI",,,,,,,api_error
9627,"Sony Corporation of America, Park Ridge, NJ",,,,,,,api_error
9629,"G.M. Thurnauer Co., Czechoslovakia",Czech,,,,,,api_error
9632,"Neuzeughammer Ambosswerk, Austria",,,,,,,api_error
9633,"Yamaha Corporation, Hamamatsu, Japan",,,1887.0,,,,api_error
9641,Vitra International AG,,,,,,,api_error
9646,"Embru-Werke Mantel & Cie., Rüti, Switzerland",,,,,,,api_error
9647,NEC Corporation,Japanese,,,,,,api_error
9650,"Tiroler Glashütte, Claus Joseph Riedel K.G., Kufstein/Tirol, Austria",,,,,,,api_error
9656,Gaudí's Workshop,,,,,,,api_error
9661,"Emor Radio Company, Ltd., England",,,,,,,api_error
9663,"Karhula Glassworks, Finland",,,,,,,api_error
9674,"Rookwood Pottery, Cincinnati, OH",,,,,,,api_error
9677,"Lohmann GmbH and Co., Neuwield, Germany",German,,,,,,api_error
9678,"Liberty & Co., Ltd., London",,,1875.0,,,,api_error
9679,"Vereinigte Werkstätten für Kunst im Handwerk, Munich",,,,,,,api_error
9682,"Daum Frères, Nancy, France",French,,1875.0,,,,api_error
9686,"Jaguar Ltd., Coventry, England",,,,,,,api_error
9688,"Jenaer Glaswerk, Schott & Genossen, Jena, Germany",,,,,,,api_error
9691,"Nakayamafuku Company, Ltd., Osaka",,,,,,,api_error
9692,"Miyashin Co., Ltd., Tokyo",,,,,,,api_error
9693,"Karlsson & Nilsson, Sweden",Swedish,,,,,,api_error
9696,"Popeet Container Corp., Verona, NJ",,,,,,,api_error
9698,"Whitefriars Glassworks, England",,,,,,,api_error
9700,"Kenco Products Corp., New Kensington, PA",,,,,,,api_error
9702,"Heuer-Leonidas S.A., Bienne, Switzerland",,,,,,,api_error
9703,U.S. Armor Corporation,American,,,,,,api_error
9705,"Woodnotes Oy, Helsinki",,,,,,,api_error
9711,"Bell Sports, Inc., California",,,,,,,api_error
9712,"N.V. Schlegel S.A., Gistel, Belgium",Belgian,,,,,,api_error
9716,"Craftsman Workshops, Eastwood, New York",,,,,,,api_error
9719,"Mindset Corporation, Sunnyvale, CA",,,,,,,api_error
9721,"A. Michelsen Silversmith, Denmark",,,,,,,api_error
9723,"I.P. Lunds, Denmark",,,,,,,api_error
9724,"Lalance & Grosjean Mfg. Co., Woodhaven, NY",American,,,,,,api_error
9725,"Sears Roebuck Co., USA",,,,,,,api_error
9726,"Robert Barber, Inc., New York, NY",,,,,,,api_error
9735,"Dunbar Furniture Manufacturing Corp., Berne, IN",,,,,,,api_error
9739,"Langbein, Giftwares Div., Brooklyn, NY",,,,,,,api_error
9740,"Maison B. Bottet Père, Lyon",,,,,,,api_error
9747,"Bell Helicopter Inc., Buffalo, NY",,,,,,,api_error
9751,"Race Furniture Ltd., Sheerness, England",,,,,,,api_error
9752,"INAX Corporation, Tokoname, Japan",,,,,,,api_error
9753,"Widdicomb Furniture Co., New York, NY",,,,,,,api_error
9754,"Wärtsilä-Koncernen AB, Notsjö Glasbruk, Finland",,,,,,,api_error
9755,"Toray Industries, Inc., Tokyo",Japanese,,1926.0,,,,api_error
9757,"Joseph Franken Decorative Accessories, New York, NY",,,,,,,api_error
9759,"Dansk Aluminum Industri N/S, Copenhagen, Denmark",,,,,,,api_error
9760,"N.V. Koninklijke Nederlandse Glasfabriek, Leerdam, The Netherlands",,,,,,,api_error
9762,Lemurian Crafts,,,,,,,api_error
9765,"André Giraud & Brousseau, Limoges, France",French,,,,,,api_error
9766,"Stede, Inc., Chicago",,,,,,,api_error
9768,Raymond Loewy,American,Male,1893.0,1986.0,,,api_error
9770,"The Hallicrafters Co., Chicago, IL",,,,,,,api_error
9772,"Fabry Associates, Inc., New York, NY",,,,,,,api_error
9774,"A. Bianchi srl/Bilumen, Milan",,,,,,,api_error
9775,"McDonnell Aircraft Corp., St. Louis, MO",American,,1939.0,,,,api_error
9777,"Amefa Alpeldoornse, Apeldoorne, The Netherlands",,,1931.0,,,,api_error
9779,"Kromex Sales Co., Cleveland, OH",,,,,,,api_error
9780,"Porzellanfabrik, Arzberg, Germany",,,,,,,api_error
9782,"ETAC, Sweden",,,,,,,api_error
9784,"Alsterfors, Sweden",Swedish,,,,,,api_error
9788,"Tendo Co., Ltd., Tokyo",,,,,,,api_error
9789,"Herman Miller, Inc., Zeeland, MI",,,,,,,api_error
9791,"Bieffeplast S.p.A., Padua, Italy",,,,,,,api_error
9796,"Haussmann & Haussmann, Zurich",,,,,,,api_error
9798,"The Gillette Company, Boston, MA",,,,,,,api_error
9800,"Carrollton Metal Products Company, Carrollton, OH",,,,,,,api_error
9821,"Bruno Ninaber Van Eyben Design & Production, Boxtel, Holland",,,,,,,api_error
9822,"Almo, New York",American,,,,,,api_error
9830,Collins Tools,American,,1826.0,,,,api_error
9832,"Swift & Anderson, Inc., Boston, MA",American,,,,,,api_error
9833,"RFSU Rehab, Stockholm, Sweden",Swedish,,,,,,api_error
9835,"Sylvania Electric Products, Inc., New York, NY",American,,,,,,api_error
9837,"Bridges Musical Instruments, Canada",,,,,,,api_error
9842,"Thonet Frères, Paris, France",,,,,,,api_error
9845,"Canon, Inc., Japan",Japanese,,1947.0,,,,api_error
9846,"Swedese Mobler AB, Sweden",,,,,,,api_error
9861,"Jacob & Josef Kohn, Vienna",,,,,,,api_error
9863,"E. Bakalowitz Söhne, Vienna",,,,,,,api_error
9865,"SIGG, Switzerland",,,,,,,api_error
9872,"Stelton A/S, Copenhagen, Denmark",,,,,,,api_error
9875,"Bang & Olufsen of America, Mount Prospect, IL",,,,,,,api_error
9878,Gerard van de Groenekan,,Male,,,,,api_error
9880,"Cravell, Inc., Long Island, NY",American,,,,,,api_error
9882,"G. Soderstrom, Helsinki",,,,,,,api_error
9883,"Creative Playthings, Princeton, New Jersey",,,1949.0,,,,api_error
9885,"Kurt Versen Co., Englewood, NJ",,,,,,,api_error
9886,"Gerber Legendary Blades, Portland, OR",,,,,,,api_error
9887,"A.L. Hirsch & Co., New York, NY",American,,,,,,api_error
9889,"Viking Glass Co., New Martinsville, WV",,,,,,,api_error
9891,"Menlo Textiles, Menlo Park, CA",,,,,,,api_error
9897,Maurice Rheims,,Male,,,,,api_error
9901,"William Hutton & Sons, Sheffield, England",,,,,,,api_error
9903,"Konrad König, Munich",,Male,,,,,api_error
9905,"Frantz Hingelberg, Aarhus, Denmark",,Male,,,,,api_error
9911,"Dresdner Werkstätten für Handwerkskunst, Dresden",,,,,,,api_error
9917,"Louisville Tackle Co., Louisville, KY",American,,,,,,api_error
9919,"The Silex Company Boston, MA (now Silex & Equipment Div., Bloomfield Industries, New York, NY)",,,,,,,api_error
9923,"Markle Featherlite Products Corp., Rochester (later in Oak Park), MI",,,,,,,api_error
9931,"The Van Dorn Iron Works Co., Cleveland, OH",,,,,,,api_error
9932,"Deutsche Werkstaetten GmbH, Hellerau, Germany",,,,,,,api_error
9933,"Deutsche Werkstätten für Handwerkskunst, Germany",,,,,,,api_error
9941,"Nybro, Sweden",Swedish,,,,,,api_error
9948,"Iroquois China Co., Syracuse, NY",,,,,,,api_error
9951,"The Yale & Towne Mfg. Co., Stamford, CT",American,,,,,,api_error
9952,"Schwintzer & Gräff, Berlin",,,,,,,api_error
9953,"American Steel & Wire Co., Worcester, MA",American,,1898.0,,,,api_error
9954,Telex Electro Acoustic Division,,,,,,,api_error
9958,"Aluminum Company of America, Pittsburgh, Pennsylvania",American,,1888.0,,,,api_error
9961,"Riverside China, Riverside, CA",,,,,,,api_error
9962,"Körtig & Matthiesen, Leipzig, Germany",,,,,,,api_error
9968,"Bauhaus Weaving Workshops, Weimar",,,,,,,api_error
9970,"Karhula-Iittala, Iittala, Finland",,,,,,,api_error
9971,"Warehouse Point Co., Warehouse Point, CT",American,,,,,,api_error
9972,"Hemco Plastics Div. of Bryant Electrical Co., Bridgeport, CT",American,,,,,,api_error
9973,Eliot Noyes and Associates,American,,,,,,api_error
9979,"Asko, Lahti, Finland",,,,,,,api_error
9980,"Authentics artipresent GmbH, Germany",,,1981.0,,,,api_error
9983,"Unifor S.p.A., Turate, Italy",,,,,,,api_error
9984,"The Hartford Products Corp., Chicago, IL",,,,,,,api_error
9985,"Ansa Bottle Company, Inc., Muskogee, OK",,,,,,,api_error
9988,"Porzellanfabrik, Schoenwald, Germany",,,,,,,api_error
9989,"E. Kold Christensen, Copenhagen, Denmark",,,,,,,api_error
9995,"Alessi Fratelli S.p.A., Crusinallo, Italy",Italian,,,,,,api_error
9998,"Hospitalsartikler A/S, Solberg, Denmark",,,,,,,api_error
10001,"Tecno S.p.A., Milan",,,,,,,api_error
10004,"Carl Hansen and Son, Odense, Denmark",,,,,,,api_error
10009,"New City Editions, Venice, CA",,,,,,,api_error
10010,"Hudson Fixtures, USA",,,,,,,api_error
10012,"Hall's Wheels, Cambridge, MA",,,,,,,api_error
10013,"Hall China Co., East Liverpool, OH",,,,,,,api_error
10014,"Mutual Sunset Lamp Mfg. Co., New York, NY",,,,,,,api_error
10016,"Intel Corporation, Santa Clara, CA",American,,1968.0,,,,api_error
10022,Stanley-Bostitch,American,,,,,,api_error
10024,"Wohnbedarf AG, Zürich",,,,,,,api_error
10026,"Rudolf Held, Schelklingen, Germany",,Male,,,,,api_error
10027,"The Aluminum Cooking Utensil Co., New York, NY",American,,1901.0,,,,api_error
10029,"Küschall of America, Camarillo, CA",,,,,,,api_error
10030,"Antiference Ltd., Aylesbury, England",,,,,,,api_error
10031,"Prophylactic Brush Co., Prolon Div., Florence, MA",,,,,,,api_error
10032,"Olivetti Underwood Corporation, New York, NY",,,,,,,api_error
10033,"Design M Ingo Maurer GmbH, Munich",,,,,,,api_error
10034,Sargent & Co.,American,,,,,,api_error
10038,"Mitsuboshi Company, Seki-city, Gifu, Japan",,,1873.0,,,,api_error
10039,"Raymar Industries, Inc., New York, NY",,,,,,,api_error
10042,"Tyke Corporation, Chicago, IL",,,,,,,api_error
10044,"Brown & Sharpe Mfg. Co., Providence, RI",American,,1833.0,,,,api_error
10045,"West Bend Aluminum Co., Wisconsin",,,1911.0,,,,api_error
10050,"G. B. Plast, Bologna, Italy",,,,,,,api_error
10061,"Rossi & Arcandi, Vicenza, Italy",,,,,,,api_error
10065,"International Silver Co., Meriden, CT",,,1808.0,,,,api_error
10066,"Allan Adler Handwrought Silver, Hollywood, California",American,,,,,,api_error
10068,"Sinclair Radionics Ltd., Huntingdon, England",,,,,,,api_error
10069,"J.W. Hukin & J.T. Heath, London",,,,,,,api_error
10078,"Elkington & Co., England",,,,,,,api_error
10079,Alfred E. Knobler & Co.,,,,,,,api_error
10080,"Fopais Franchini, Milan",,,,,,,api_error
10081,"Godley-Schwan, PA",,Male,,,,,api_error
10082,"Anchor Tool Co., USA",American,,,,,,api_error
10085,Fortuny,,,,,,,api_error
10086,"Ishimaru Co., Japan",,,,,,,api_error
10090,"Escofet y Ca, Barcelona",,,,,,,api_error
10092,"Eugene Dietzgen Company, New York, NY",American,,,,,,api_error
10093,Victor Tool Co.,American,,,,,,api_error
10098,"Castleton China Co., New Castle, PA",,,,,,,api_error
10105,Hutzler Manufacturing Co.,American,,1938.0,,,,api_error
10106,"Wecolite Co., New York, NY",American,,,,,,api_error
10108,"Franz Schneider Brakel GmbH & Co., Germany",,,,,,,api_error
10109,"S.A. des Cabléries et Tréfileries Cossonay, Switzerland",,,,,,,api_error
10111,"Northampton Cutlery Company, Northampton, MA",,,,,,,api_error
10113,"S.K.F. Industries, Inc., Hartford, CT",American,,,,,,api_error
10115,"Emilio Lagostina, S.p.A., Italy",,,,,,,api_error
10116,"Chase Brass & Copper Co., Waterbury, CT",American,,1876.0,,,,api_error
10117,"Jernbolaget, Eskilstuna, Sweden",,,1868.0,,,,api_error
10118,"Federal Tool Co., Inc., Springfield, MA",American,,,,,,api_error
10119,"Rheemax, Inc., USA",,,,,,,api_error
10121,"Scovill Mfg. Co., Plumbers Brass Goods Div., Waterbury, CT",American,,1802.0,,,,api_error
10122,"Niels Vodder, Allerod, Denmark",,Male,,,,,api_error
10126,"Designum, The Netherlands",,,,,,,api_error
10129,"Neils Vodder, Cabinetmaker, Copenhagen",,,,,,,api_error
10130,"Manhattan Wire Goods Co., Inc., USA",,,,,,,api_error
10131,"Ciciban Shoe & Children's Ware Factory, Yugoslavia",,,,,,,api_error
10132,"Harry Allen and Associates, USA",American,,,,,,api_error
10133,"Goodell Co., Antrim, NH",American,,,,,,api_error
10134,"Baker Furniture, Inc., Grand Rapids, MI",,,,,,,api_error
10137,"Sandvikens Jernverks A.B., Sweden",,,,,,,api_error
10138,"Akari Associates, Long Island City, New York",American,,,,,,api_error
10143,"Artek Oy, Helsinki",,,,,,,api_error
10144,"Thyco Electrical Products, Inc., Los Angeles",,,,,,,api_error
10148,"Compagnie des Cristalleries de Baccarat, Paris",French,,1765.0,,,,api_error
10149,"The L.S. Starrett Co., Athol, MA",American,,1880.0,,,,api_error
10152,"Western Electric, New York, NY",,,,,,,api_error
10153,"Radius GmbH, Germany",,,,,,,api_error
10154,"Corning Glass Works--Steuben Division, Corning, NY",,,,,,,api_error
10157,"BioMechanical Composites, CA",American,,,,,,api_error
10160,"Gedy S.p.A., Milan",,,,,,,api_error
10161,"N.S. Gustin Co., New York",,,,,,,api_error
10162,"Middletown Mfg. Co., Middletown, NY",,,,,,,api_error
10164,"Josiah Wedgwood & Sons Ltd., Stoke-on-Trent, England",,,,,,,api_error
10165,Bell Laboratories,,,,,,,api_error
10166,"Cesar Color, Inc., USA",,,,,,,api_error
10168,"Künstlerwerkstätten Verein, Vienna",,,,,,,api_error
10169,Karl Krehan,,Male,,,,,api_error
10170,"Keramik Manufaktur Kupfermuehle, Germany",,,,,,,api_error
10171,"Jenaer Glaswerk Schott & Gen., Mainz, Germany",,,,,,,api_error
10176,"The Lancaster Lens Co., Lancaster, OH",,,,,,,api_error
10179,"BMI, Germany",German,,,,,,api_error
10190,"The Dow Chemical Company, USA",American,,1897.0,,,,api_error
10196,"Bob Evans Designs, Inc., USA",,,,,,,api_error
10198,"Vittorio Necchi, Pavia, Italy",,Male,,,,,api_error
10201,"Grasoli-Werk Gebr. Grah, Solingen, Germany",German,,,,,,api_error
10202,"Riihimäen Lasi Oy, Riihimäki, Finland",,,,,,,api_error
10206,"Designs for Vision, Inc., USA",,,,,,,api_error
10208,"Studio Fris, Edam, The Netherlands",,,,,,,api_error
10210,"Lecson Audio Limited, Cambridge, England",British,,,,,,api_error
10211,"Style, Milan",,,,,,,api_error
10215,"Figla Co., Ltd., Japan",,,,,,,api_error
10219,"Amcor, Ltd., Tel Aviv",,,,,,,api_error
10220,"Foscarini Murano S.p.A., Italy",,,1981.0,,,,api_error
10222,"Club Aluminum Products Co., Chicago, IL",,,,,,,api_error
10224,"Peill & Putzler, Düren, Germany",,,,,,,api_error
10226,"Eric Goetz Custom Sailboats, USA",,,,,,,api_error
10234,"P. Rigatti, Empoli, Italy",Italian,,,,,,api_error
10235,"Richard Süssmuth Glashütte, Immenhausen, Germany",,,,,,,api_error
10237,"Martin Archery, USA",,,,,,,api_error
10238,Unknown Italian Manufacturer,Italian,,,,,,api_error
10239,M. Katsuyoshi,,,,,,,api_error
10241,"Platinum Pen Company, Ltd., Tokyo",,,,,,,api_error
10242,"IBM Corporation, New York, NY",,,,,,,api_error
10243,"AB Strömbergshyttan, Hovmantorp, Sweden",Swedish,,,,,,api_error
10245,"Logitech, Inc.",American,,1981.0,,,,api_error
10246,"Gallowhur Chemical Corp., Windsor, VT",,,,,,,api_error
10247,"Vollrath Co., Sheboygan, WI",American,,1874.0,,,,api_error
10249,"Karhula-Iittala Glassworks, Iittala, Finland",,,,,,,api_error
10250,"Panasonic Company, Secaucus, NJ",,,,,,,api_error
10251,"Gilardi & Barzaghi, Italy",,,,,,,api_error
10253,Waltham Screw Co.,American,,,,,,api_error
10256,"Tobe Pascher Workshop, The Jewish Museum, New York, NY",,,,,,,api_error
10257,"Kodak A/G, Stuttgart",,,,,,,api_error
10258,"Mitsubishi Electric Corp., Tokyo",,,,,,,api_error
10261,"Yale Security Products, Ltd., England",,,,,,,api_error
10262,"Pacesetter AB, Sweden",,,,,,,api_error
10263,"Polar Ware Company, Sheboygan, WI",American,,,,,,api_error
10265,"Arteluce S.A., Milan",,,1936.0,,,,api_error
10266,"Ideal Toy Corporation, New York",,,,,,,api_error
10267,"MSA, Pittsburgh, PA",,,,,,,api_error
10269,"Sarvis, Finland",,,,,,,api_error
10270,"Innovations in Composites, Inc., CA",,,,,,,api_error
10273,"Poiret, Paris",,,,,,,api_error
10274,"Sasaki, Japan",,,,,,,api_error
10275,"Grand Bleu, Inc., Japan",,,,,,,api_error
10276,"Salviati & C., Venice, Italy",,,,,,,api_error
10277,"Beamo Corporation, Cambridge, MA",,,,,,,api_error
10278,"Casio Computer Co., Ltd., Tokyo",,,,,,,api_error
10279,"Fuso Gum Industry Co., Ltd., Japan",,,,,,,api_error
10281,"Ermenegildo Collini S.p.A., Milan, Italy",,,,,,,api_error
10286,"Mares Sport, Rapallo, Italy",,,,,,,api_error
10287,"AB Rörstrands Porslinsfabriker, Lidköping, Sweden",Swedish,,,,,,api_error
10289,"Tiffany Furnaces, Corona, NY",,,,,,,api_error
10290,"Zelco Industries, Inc.",American,,1976.0,,,,api_error
10291,"Peter Danko and Associates Inc., Clinton, MD",,,,,,,api_error
10292,Knoll In-house Design Team,,,,,,,api_error
10293,"Olivetti, Milan",,,,,,,api_error
10294,"Metal Office Furniture Co. (presently Steelcase, Inc.), New York, NY",,,,,,,api_error
10295,"Apple, Inc.",,,1976.0,,,,api_error
10296,"MAP (Merchants of Australian Products Pty., Ltd.)",,,1989.0,,,,api_error
10298,"Wenger, Switzerland",Swiss,,1893.0,,,,api_error
10299,"James Dixon & Sons, England",,,,,,,api_error
10301,"H.H. de Boer and Son, Bergum, The Netherlands",,,,,,,api_error
10302,"Owens-Illinois Glass Co., Toledo, OH",American,,1903.0,,,,api_error
10303,"St. Regis Paper Co., Panelyte Div., New York, NY",American,,,,,,api_error
10304,"J.A. Henckels Zwillingswerk AG, Solingen, West Germany (now Germany)",,,,,,,api_error
10305,"Rubycliff Ltd., England",,,,,,,api_error
10306,"Mazda Motor Corporation, California",American,,1920.0,,,,api_error
10308,"Askon Tehtaat OY, Lahti, Finland",,,,,,,api_error
10311,"Aizawa, Japan",Japanese,,,,,,api_error
10314,"Alias S.r.l., Italy",Italian,,,,,,api_error
10316,"The Steubenville Pottery Company, Steubenville, OH",,,,,,,api_error
10322,"Okamura Corporation, Japan",,,,,,,api_error
10325,George H. Hake Corp.,,,,,,,api_error
10326,"Diamond Plastic Box, Inc., Roanoke, VA",,,,,,,api_error
10328,Alvin Lustig,American,Male,1915.0,1955.0,,,api_error
10329,"Workshop of Gunta Stölzl, Zürich",,,,,,,api_error
10331,"H.P. Designs, The Netherlands",,,,,,,api_error
10336,"Skools, Inc., USA",,,,,,,api_error
10338,"E. Bakalowitz & Söhne, Vienna",,,,,,,api_error
10343,"Seiko Epson Corporation, Japan",,,,,,,api_error
10345,"The General Fireproofing Co., Youngstown, OH",,,,,,,api_error
10347,"WRS Sportsmed, Texas",,,,,,,api_error
10348,"Syn S.r.l., Italy",,,,,,,api_error
10350,"O'Neill, Inc.",American,,,,,,api_error
10351,"Wagner Mfg. Co., Sidney, OH",,,,,,,api_error
10352,"Orrefors, Sweden",,,,,,,api_error
10353,"Oy Airam Ab, Helsinki",,,,,,,api_error
10357,"Gross Wood & Co., San Francisco, CA",,,,,,,api_error
10358,"Azucena S.r.L., Milan",,,,,,,api_error
10360,"Charles Horner Ltd., Halifax",,,,,,,api_error
10361,"Cheney Greef & Co., New York, NY",American,,,,,,api_error
10363,"Design Frame Inc., New York, NY",,,,,,,api_error
10364,"Stockmann-Orno, Finland",,,,,,,api_error
10365,"Bear Archery Company, Grayling, MI",,,,,,,api_error
10370,"Edison Price, New York, NY",,,,,,,api_error
10371,"Bell-Toptex, Inc., Bell, CA",,,,,,,api_error
10372,"Paulson Manufacturing Corp., Fallbrook, CA",,,,,,,api_error
10374,Fratelli Grivel (now Grivel S.r.l.),Italian,,1818.0,,,,api_error
10378,"OY Tampella AB, Finland",,,,,,,api_error
10379,"Grohmann Knives, Ltd., Pictou, Canada",,,,,,,api_error
10381,"Blyde & Co. Ltd., England",,,,,,,api_error
10383,"Hämmerli, Ltd., Lenzburg, Switzerland",Swiss,,,,,,api_error
10385,"Head Ski Co., Timonium, MD",,,,,,,api_error
10386,"Hobie Surfboards, Dana Point, CA",,,,,,,api_error
10390,"Huonekalutehdas Korhonen Oy, Littoinen, Finland",,,,,,,api_error
10391,"Carl Zeiss, Inc.",German,,1846.0,,,,api_error
10398,"Shop of Samuel Gragg, Furniture Warehouse, Boston, MA",,,,,,,api_error
10399,"Swid Powell, New York",,,,,,,api_error
10401,"Kundalini srl. - Corpi di Illuminazione, Milan",,,,,,,api_error
10404,"Strategi/Holmback ApS, Copenhagen",,,,,,,api_error
10406,"Boda Nova, Sweden",,,1970.0,,,,api_error
10415,"Morris & Co., London",,,1862.0,1940.0,,,api_error
10416,"Campana Objetos, São Paulo, Brazil",,,,,,,api_error
10418,"FRZ-Metallwarenfabrik, Zuzenhausen, Germany",,,,,,,api_error
10419,"Edra Mazzei, Pisa, Italy",,Female,,,,,api_error
10420,"LEGO Group, Billund, Denmark",,,,,,,api_error
10421,"Gittler Guitar Inc., New York, NY",,,,,,,api_error
10422,"Riedel Crystal, Kufstein, Austria",,,,,,,api_error
10423,"Segno srl, Milan",,,,,,,api_error
10428,"Bamberg Metallwerkstätten, Berlin",,,,,,,api_error
10434,"Inoue Pleats Co., Ltd., Fukui, Japan",Japanese,,,,,,api_error
10435,"Porcelli Assoc., Inc., USA",,,,,,,api_error
10438,"Ingo Maurer GmbH, Germany",,,,,,,api_error
10440,"Van Keppel-Green, USA",,,,,,,api_error
10442,"Swatch AG, Switzerland",Swiss,,1983.0,,,,api_error
10449,"Guild of Handicraft Ltd., London",,,,,,,api_error
10450,"Design Research, New York",,,,,,,api_error
10453,"Kebe Møbler ApS, Copenhagen",,,,,,,api_error
10459,"Atelier Vitreon, North Haven, CT",,,,,,,api_error
10462,"La Société F.S.D., France",,,,,,,api_error
10465,"Studio Luce, Italy",,,,,,,api_error
10468,H. C. Craythorne,,,,,,,api_error
10473,"Giovannetti, Italy",,,,,,,api_error
10474,"Robeson Cutlery Co., Inc., Perry, NY",,,,,,,api_error
10477,"Interex Inc., New York, NY",,,,,,,api_error
10478,"Old Hall Works Tableware, Bloxwich, U.K.",,,,,,,api_error
10480,"Leif Wessman Associates, Inc., New York, NY",,,,,,,api_error
10481,"San Castings Corp., Brewster, NY",,,,,,,api_error
10482,"Longato Arredamenti S.p.A., Padua, Italy",,,,,,,api_error
10483,"Continental Can Co., USA",American,,,,,,api_error
10485,"Studio DA, Japan",,,,,,,api_error
10487,"Smith Metal Arts, Buffalo, NY",,,,,,,api_error
10489,"Metalcraft Studio, Konrad König, Munich",,,,,,,api_error
10490,"Loewe S.A., Madrid",,,,,,,api_error
10492,"Vacheron & Constantin-Le Coultre Watches, Inc., Switzerland",,,,,,,api_error
10495,"Heidi Weber, Zürich",,Female,,,,,api_error
10497,"Arflex, S.p.A., Italy",,,,,,,api_error
10501,"Vitra-Fehlbaum GmbH, Weil-am-Rhein, West Germany (now Germany)",,,,,,,api_error
10503,"Hermès, Paris",,,,,,,api_error
10505,"R. Kirsch, Germany",,,,,,,api_error
10507,"Transcriptors, Ltd., New York",,,,,,,api_error
10513,"Edelzinn E. Hueck, Lüdenscheid, Austria",,,,,,,api_error
10515,"Hammy Oy, Helsinki",,,,,,,api_error
10517,"Hackman & Co., Helsinki",,,,,,,api_error
10519,"Desny, Paris",French,,,,,,api_error
10522,"Anonima Castelli, Bologna, Italy",,,,,,,api_error
10523,"Gebrüder Junghans AG, Schramberg, Germany",,,,,,,api_error
10526,"Airborne, France",French,,,,,,api_error
10530,"Fontana Arte, Italy",,,1932.0,,,,api_error
10531,"Baldioli Eustasio & Figli, Omegna, Italy",Italian,,,,,,api_error
10538,"G. A. Van de Groenekan, Amsterdam, The Netherlands",,,,,,,api_error
10540,"Tensor Corporation, Brookyln, NY",,,,,,,api_error
10541,"Pirelli S.p.A., Milan",,,,,,,api_error
10543,"Randall Made Knives, Orlando, FL",,,,,,,api_error
10548,"Van Leer Vatenfabrieken N.V., Amstelveen, The Netherlands",Dutch,,,,,,api_error
10551,"F. M. Matsson, Sweden",,,,,,,api_error
10554,"Danese, Milan",,,,,,,api_error
10555,"Thonet, Germany",,,,,,,api_error
10559,"Dansk Forsolvnings Anstalt, Copenhagen",,,,,,,api_error
10561,"Arterior Textile GMBH, Wuppertal, Germany",,,,,,,api_error
10562,"Robert Murphy's Sons Co., Ayer, MA",,,,,,,api_error
10563,"Lightolier Inc., Jersey City, NJ",,,,,,,api_error
10565,"Kingsley Electronics, Taiwan",,,,,,,api_error
10567,"Progetti, Italy",,,,,,,api_error
10569,"Richard Perry, Son & Company, Wolverhampton, England",,,,,,,api_error
10582,"J. & J. Kohn, Vienna",,,,,,,api_error
10584,"OSRAM GmbH, Munich",,,,,,,api_error
10586,Microsoft Corporation,,,,,,,api_error
10588,Lehrwerkstatte fur Glasinstrumentmacher,,,,,,,api_error
10589,"Grossherzogliche Sächische Fachschule, Germany",,,,,,,api_error
10591,"Sointu Incorporated, New York, NY",,,,,,,api_error
10594,"Diehl Manufacturing Co., Elizabeth, NJ",,,,,,,api_error
10596,"Metz & Co., The Netherlands",,,,,,,api_error
10599,"Eschenbach Optik Nürnberg, Germany",,,,,,,api_error
10602,"Carrera International GmbH, Traun, Austria",,,,,,,api_error
10605,"Grid Systems Corp., Mountain View, CA",,,,,,,api_error
10607,"National Semiconductor Corporation, USA",American,,1959.0,,,,api_error
10609,"Barcalo Manufacturing Co., New York, NY",,,,,,,api_error
10610,"Drain-Dri Co., San Francisco, CA",American,,,,,,api_error
10612,"G.A. Van de Groenekan, De Bilt, The Netherlands",,,,,,,api_error
10613,"The Winsted Hardware Manufacturing Co., Winsted, CT",American,,,,,,api_error
10616,"Bayerische Massindustrie, Hersbruck, West Germany (now Germany)",,,,,,,api_error
10618,"Rietveld's Workshop, Utrecht",,,,,,,api_error
10619,"Red Wing Pottery, MN",,,,,,,api_error
10620,"Bernini, Italy",,,,,,,api_error
10622,Unknown Mexican Manufacturer,Mexican,,,,,,api_error
10628,"NY Form, Italy",,,,,,,api_error
10630,"S.p.A. Carrozzeria Pininfarina, Torino, Italy",,,,,,,api_error
10632,"Gruppo Industriale Busnelli S.p.A., Milan",,,,,,,api_error
10633,"Berliner Metallgewerbe Joseph Müller, Germany",,,,,,,api_error
10636,"Boffi S.p.A., Cesano Maderno, Italy",,,,,,,api_error
10637,"Scientific Optics Ltd., England",,,,,,,api_error
10638,"Vistosi, Italy",,,,,,,api_error
10639,"GAF Corporation, New York, NY",,,,,,,api_error
10642,"Dictaphone AG, Killwangen, Switzerland",,,,,,,api_error
10643,"Sambonet S.p.A., Vercelli, Italy",,,,,,,api_error
10645,"Snaidero, Italy",Italian,,1946.0,,,,api_error
10648,"Uncle Sam's Umbrella Shop, New York, NY",American,,,,,,api_error
10650,"Guzzini, Italy",,,,,,,api_error
10651,"Droog Design, the Netherlands",,,,,,,api_error
10652,"Sanka Oy Loviisa, Finland",,,,,,,api_error
10653,"Oak, Product Design and Consultancy, Rotterdam",,,,,,,api_error
10655,"Form GmbH, Germany",German,,,,,,api_error
10656,"Goods, Amsterdam, The Netherlands",,,,,,,api_error
10658,"Ideal Standard S.p.A., Milan",,,,,,,api_error
10661,"Howard Miller Clock Co., Zeeland, MI",,,,,,,api_error
10662,"Royal Crest Venetian Blind Co., Rossford, OH",,,,,,,api_error
10664,"ATH Design International, The Netherlands",,,,,,,api_error
10666,"Mallory Industries, Inc., Farmington, CT",American,,1956.0,,,,api_error
10667,"Industrie Formenti Italia, Milan",,,,,,,api_error
10671,Kristian Schneider,,Male,,,,,api_error
10672,"Bell Helmets, Inc., Norwalk, CA",,,,,,,api_error
10685,"Newton Plastics, Newton Upper Falls, MA",,,,,,,api_error
10688,"Fasttrack Enterprises, Ltd., Calgary",,,,,,,api_error
10696,"Belgian International Carpet, Belgium",,,,,,,api_error
10701,"Kelly & Thompson, USA",,,,,,,api_error
10702,"Theodore Müller, Belgium/Germany",,,,,,,api_error
10704,"Rosenthal Einrichtung, Munich",,,,,,,api_error
10705,"Shinseo Kogyo Co., Tokyo",,,,,,,api_error
10706,"Compagnia Italiana Lumi, Rome",,,,,,,api_error
10708,"Ferrari S.p.A., Maranello, Italy",,,1929.0,,,,api_error
10718,"frogdesign, Sunnydale, CA",American,,1969.0,,,,api_error
10724,"Metall-Arbeit Wiener Werkstätte, Vienna, Austria",,,,,,,api_error
10725,"Smart Design, New York",American,,1979.0,,,,api_error
10726,"OXO International, New York, NY",,,,,,,api_error
10727,Anonymous,,,,,,,api_error
10728,"Argentor, Vienna",,,,,,,api_error
10734,"Avard Inc., New York, NY",,,,,,,api_error
10735,"Stilnovo, Italy",,,,,,,api_error
10741,"Minerva, Milan, Italy",,,,,,,api_error
10742,"Casigliani S.p.A., Pisa",,,,,,,api_error
10745,"ICI Design Institute Inc., Osaka",,,,,,,api_error
10746,"Associated Spring Raymond Barnes Group, Inc., Dallas, TX",American,,,,,,api_error
10747,"Paul Mayen Designs, New York, NY",,,,,,,api_error
10749,"Bauhaus Ceramic Workshops, Weimar, Germany",,,,,,,api_error
10755,"Novelectric A.G., Zürich, Switzerland",,,,,,,api_error
10759,"Northern Plastics, Syracuse, NY",,,,,,,api_error
10761,CSS/Winfield,,,,,,,api_error
10762,"Siemens & Halske A.G., Munich",German,,1847.0,,,,api_error
10765,"Fratelli Fantini, S.p.A., Pella, Italy",,,,,,,api_error
10766,"Enorme, Italy",,,,,,,api_error
10769,"Fabbriche Elettrotecniche Riunite, S.p.A. (now Zerowatt, S.p.A.), Italy",,,,,,,api_error
10771,"Glasfabrik Johann Loetz Witwe, Klöstermühle, Austria",,,,,,,api_error
10772,Fratelli Chiminella,,,,,,,api_error
10776,"Oluce, Milan, Italy",,,,,,,api_error
10779,René d'Harnoncourt,American,Male,1901.0,1968.0,,,api_error
10780,"Yamakawa Rattan Co., Ltd., Japan",,,,,,,api_error
10782,"Kotobuki Corporation, Japan",,,,,,,api_error
10783,"Heifetz Mfg. Co., New York, NY",,,,,,,api_error
10789,"Simpson Sports, Torrance, CA",,,,,,,api_error
10790,Ldesign SARL,French,,,,,,api_error
10792,"Velca, Milan",,,,,,,api_error
10793,"Elektroakusticni Laboratorij, Ljubljana, Yugoslavia",,,,,,,api_error
10794,"Wings over the World Corporation, New York, NY",,,,,,,api_error
10796,"L'Atelier de Serge Mouille, France",,,,,,,api_error
10797,"Hudson Studios, Madison, NJ",,,,,,,api_error
10798,Karhulalittala,,,,,,,api_error
10800,"Ateliers Jean Prouvé, Nancy, France",,,,,,,api_error
10801,"J.G. Furniture Co., Brooklyn, NY",,,,,,,api_error
10804,"Sony Corporation, Creative Center",Japanese,,1961.0,,,,api_error
10806,"Raichle Boot Co. Ltd., Switzerland",,,,,,,api_error
10809,Rathcon Inc.,,,,,,,api_error
10810,"Simon International, San Lazzaro, Italy",,,,,,,api_error
10813,"Andrew Maclaren Ltd., England",,,,,,,api_error
10815,"Fibre Metal Products Company, Concordville, PA",,,,,,,api_error
10817,"Klem Systems, Vienna",,,,,,,api_error
10819,"Lamson & Goodnow, Shellberg Falls, MA",American,,1837.0,,,,api_error
10829,"Friedrich Herder A.G., Solingen, Germany",,,,,,,api_error
10831,Unknown Swiss Manufacturer,,,,,,,api_error
10833,"Holt Howard Associates, Stamford, CT",,,,,,,api_error
10834,"Plastic Dispensers Inc., Newark, NJ",,,,,,,api_error
10836,"AKG Akustische und Kino-Geräte, Vienna",Austrian,,,,,,api_error
10840,"Baccarat, France",,,,,,,api_error
10842,"Mastermotive, Inc., Savage, MN",,,,,,,api_error
10857,"J.A. Henckels, Solingen, Germany",,,,,,,api_error
10858,"Ehrhard & Söhne, Germany",,,,,,,api_error
10873,"Victoria-Werke, Baar, Switzerland",,,,,,,api_error
10876,"Tavaro S.A., Geneva",,,,,,,api_error
10877,"Giro Sport Design, Inc., a division of Bell Sports, Inc.",American,,1985.0,,,,api_error
10878,"Rome Manufacturing Co., Div. of Revere Copper and Brass, Inc., Rome, NY",,,,,,,api_error
10880,"Supreme Cutlery, Japan",,,,,,,api_error
10898,"Hudson Photographic Industries, Inc., New York",,,,,,,api_error
10900,"Fratelli Borletti, S.p.A., Milan",,,,,,,api_error
10901,"Koch Creations, Lynbrook, NY",,,,,,,api_error
10904,"Mort N. Marton Designs, NY",,,,,,,api_error
10909,"Kaplan/Aronson, New York, NY",,,,,,,api_error
10911,"TECTA Möbel, Lauenförde, Germany",,,,,,,api_error
10912,"O.C. Sedie Internazionale, Inc., Paramount, CA",,,,,,,api_error
10913,"G. Schanzenbach, Germany",,,,,,,api_error
10914,"Ditta Spoggi, Milan",,,,,,,api_error
10915,Lakota Corporation,,,,,,,api_error
10916,"Kanematsu Ind. Co. Ltd., Gifu Ken, Japan",,,,,,,api_error
10920,"DESTA (Deutsche Stahlmöbel), Berlin",,,,,,,api_error
10921,"Carlo Moretti, s.n.c., Venice",,,,,,,api_error
10922,"Minolta Camera Co., Ltd., Osaka",,,,,,,api_error
10923,"Gense, Sweden",,,,,,,api_error
10924,"United States Glass Co., Tiffin, OH",,,,,,,api_error
10927,"Rhythm Tech, Inc., Mamaroneck, NY",,,,,,,api_error
10928,"L. Hjorth's Terracotta-Fabrik, Ronne, Denmark",,,,,,,api_error
10931,"Ralph O. Smith Co., Los Angeles, CA",,,,,,,api_error
10933,"Gits Molding Corp., Chicago, IL",,,,,,,api_error
10935,"Sonic Sports, Inc., Los Angeles, CA",,,,,,,api_error
10939,"Nixalite of America, East Moline, IL",,,,,,,api_error
10943,"Meisterschule für das Kunsthandwerk, Berlin",,,,,,,api_error
10945,"Piquot-Meridian (International) SA, Switzerland",,,,,,,api_error
10946,"Baum-Mercier, Switzerland",Swiss,,,,,,api_error
10947,"Griswold Manufacturing Co., Erie, PA",American,,1884.0,,,,api_error
10948,"Gottlieb Hammes Fahr, Solingen-Foche, Germany",,,,,,,api_error
10949,"Roll Dippers Inc., (formerly the Zeroll Co.) Maumee, OH",,,,,,,api_error
10951,"Cocco, Italy",,,,,,,api_error
10952,"Metropolitan Wire Goods Corp, Brooklyn, NY",,,,,,,api_error
10953,"Foley Mfg. Co., Minneapolis, MN",,,,,,,api_error
10954,"Denominator Company, Inc., New York, NY",American,,1914.0,,,,api_error
10956,Unknown French Manufacturer,French,,,,,,api_error
10957,"Alcorn & Co., Boston, Massachusetts",American,,,,,,api_error
10960,"AT&T Bell Laboratories, Murray Hill, NJ",American,,1925.0,,,,api_error
10961,Westfield Manufacturing Corp.,,,,,,,api_error
10962,"Hammond Research Corp., Gloucester, MA",,,,,,,api_error
10965,"Hewlett-Packard Company, Santa Clara, CA",American,,1939.0,,,,api_error
10966,"Toronto Plastic Co., Toronto",,,,,,,api_error
10968,"University of Pennsylvania, USA",,,,,,,api_error
10969,"IMEC, USA",,,,,,,api_error
10972,"P. & W. Blattmann Metallwaren-Fabrik, Switzerland",,,,,,,api_error
10973,"LSI Logic Corporation, Milpitas, CA",American,,1981.0,,,,api_error
10979,"Motorola, Inc.",American,,1928.0,,,,api_error
10980,"Synaptics Incorporated, San Jose, CA",American,,,,,,api_error
10981,"Texas Instruments, Inc., Dallas, TX",American,,1930.0,,,,api_error
10982,"VLSI Technology, Inc., San Jose, CA",American,,,,,,api_error
10983,"Xerox Palo Alto Research Center, Palo Alto, CA",American,,1906.0,,,,api_error
10998,"Hukin & Heath, Birmingham, England",,,,,,,api_error
10999,"Tri-State Plastic Molding Co., Henderson, KY",American,,,,,,api_error
11003,Victorinox,Swiss,,1884.0,,,,api_error
11006,"Theodore Fahrner, Pforzheim, Germany",,,,,,,api_error
11010,Unknown Netherlandish Manufacturer,,,,,,,api_error
11012,"Plas-tex Corporation, Los Angeles, CA",American,,,,,,api_error
11016,"Ittala Glassworks, Ittala, Finland",,,,,,,api_error
11017,"Stanley Home Products, Easthampton, MA",American,,,,,,api_error
11019,"Pace Products, Chicago, IL",,,,,,,api_error
11021,Kenner Products Co.,,,,,,,api_error
11022,"Geomet Inc., New York, NY",,,1954.0,,,,api_error
11027,Bryce Brothers Co. for the Four Seasons,,,,,,,api_error
11033,"Rudolph de Harak Industrial Design, Inc., New York, NY",,,,,,,api_error
11034,"Oy Huonekalu-ja Rakennustyötehdas Ab, Turku, Finland",,,1910.0,,,,api_error
11039,"Best & Lloyd, Ltd., Birmingham, UK",,,1840.0,,,,api_error
11041,"August Sommer Co., Wurttemburg, Germany",,,,,,,api_error
11046,"Dansk Polyether Industri, Denmark",,,,,,,api_error
11047,"Korhonen OY, Finland",,,,,,,api_error
11048,"Eggers, WI",,,,,,,api_error
11049,"Brian Davis & Co., Pty Ltd., Victoria, Australia",,,,,,,api_error
11050,"Southern Highlanders, Inc., North Carolina",,,,,,,api_error
11052,"International Mobile Machines, USA",,,,,,,api_error
11053,"Ernest C. Higgins Co. (Allan Follet), Norwood, MA",,,,,,,api_error
11055,"AB Bahco Verktyg, Enkoping, Sweden",Swedish,,,,,,api_error
11056,"Sturm, Vienna",,,,,,,api_error
11058,"J.A. Henckels, USA",,,,,,,api_error
11060,"Cooper Canada Ltd., Toronto",,,,,,,api_error
11064,"The Richter & Phillips Co., Cincinatti, OH",American,,,,,,api_error
11066,"Sabattini Argenteria S.p.A., Como, Italy",,,,,,,api_error
11068,"Griscer Industries, Fort Wayne, IN",,,,,,,api_error
11070,"Mylec, Inc., Winchedon Springs, MA",,,,,,,api_error
11072,"KBL Corporation, Boston, MA",,,,,,,api_error
11073,"Valsts Electro-Techniska Fabrika, Riga, Latvia",,,,,,,api_error
11077,Swedlow Aeroplastics Corp.,,,,,,,api_error
11079,"M & M Mfg. Co., Chicago, IL",,,,,,,api_error
11085,"Heywood-Wakefield Co., Gardner, MA",,,,,,,api_error
11086,"Haskelite Manufacturing Corporation, Chicago, IL",,,,,,,api_error
11090,Red Lion Table Co.,,,,,,,api_error
11092,"Moss Rose Manufacturing Co., Philadelphia, PA",,,,,,,api_error
11093,"J.H. Thorp & Co., Inc., New York, NY",,,,,,,api_error
11094,"Cyrus Clark Co., Inc., New York, NY",,,,,,,api_error
11095,"Articoli Plastici Elettrici, Italy",,,,,,,api_error
11098,Guilford Art Company,,,,,,,api_error
11100,"Abstracta Structures Inc., New York, NY",American,,,,,,api_error
11108,"Welch Allyn Inc., Skaneateles Falls, NY",,,,,,,api_error
11109,"Robert Smith, Kentfield, CA",,Male,,,,,api_error
11111,"Concept Inc., St. Petersburg, FL",American,,,,,,api_error
11112,"The Subsidiary Co.(division of Artmongers and Manufactory Inc.), New York, NY",,,,,,,api_error
11116,"Italora S.p.A., Milan, Italy",,,,,,,api_error
11117,"A.V. Mazzega Vetri d'Arte, Murano, Italy",Italian,,,,,,api_error
11118,"Rochelt Design, Ulm, Germany",,,,,,,api_error
11119,"Columbian Bronze Corp., Freeport, NY",,,,,,,api_error
11124,"John Mascheroni Furniture Co., New York, NY",,,,,,,api_error
11125,"Neal Small Designs Inc., New York, NY",,,1965.0,1973.0,,,api_error
11128,"France and Son A/S, Denmark",,,,,,,api_error
11130,"Artifort, The Netherlands",,,,,,,api_error
11131,"Raumtechnik Staeger & Co. KG, Stuttgart",,,,,,,api_error
11134,"Paper Welder, Inc., Medina, NY",,,,,,,api_error
11135,"Società Italiana Telecomunicazioni Siemens, Milan, Italy",,,,,,,api_error
11136,"Bonniers International, Japan",Japanese,,,,,,api_error
11137,"Plastics, Inc., St. Paul, MN",American,,,,,,api_error
11138,Made in Japan for Fitz & Floyd,,,,,,,api_error
11139,"Frimu Company, Switzerland",Swiss,,,,,,api_error
11140,"G.P.M. Company, Germany",German,,,,,,api_error
11154,"Vitreria Vistosi, Murano, Italy",,,,,,,api_error
11156,"Schott & Gen. Jenaer Glaswerke, Mainz, Germany",,,,,,,api_error
11157,"Acordis Industrial Fibers, The Netherlands",Dutch,,1999.0,,,,api_error
11158,"Ekco Housewares, Franklin Park, IL",,,,,,,api_error
11159,"Lexon, France",,,1990.0,,,,api_error
11162,"Rosenthal, Germany",,,,,,,api_error
11164,"Modernariato-Gruppo Industriale Busnelli, Italy",,,,,,,api_error
11166,"Poul Jeppesen, Denmark",,Male,,,,,api_error
11168,"Think Outside, Inc., Carlsbad, CA",,,,,,,api_error
11176,"Richard Schultz Design, Palm, PA",,,,,,,api_error
11177,"Emeco, Hanover, Pennsylvania",,,,,,,api_error
11179,"Makers of Simple Furniture, Ltd., London",,,,,,,api_error
11180,"The Ironrite Ironer Co., Detroit, MI",American,,1911.0,,,,api_error
11181,"Lorraine Metal Mfg. Co., NY",American,,,,,,api_error
11183,"Cadoro Jewels, New York, NY",,,,,,,api_error
11189,"Fahr-Leuchten, Stuttgart",,,,,,,api_error
11190,"Tropi-Cal Company, Los Angeles, CA (now Fong Brothers Company, Los Angeles, CA)",,,,,,,api_error
11191,"The Afternoon Company, Omaha, Nebraska",American,,,,,,api_error
11192,"Rothschild Plastics Corp., Philadelphia, PA",,,,,,,api_error
11194,"Tendo Mokko, Inc., Yamagata-Ken, Japan",,,,,,,api_error
11195,"J. Merivaara Oy, Helsinki",,,,,,,api_error
11196,"Hessische Metallwerke (now Seibel Designpartner GmbH), Germany",,,,,,,api_error
11197,"Figli di Amedeo Cassina, Meda, Italy",,,,,,,api_error
11198,"Satisfaction, New York, NY",,,,,,,api_error
11199,"Ampex Corporation, Elk Grove Village, IL",,,,,,,api_error
11200,"Baltensweilder, Ebikon, Switzerland",,,,,,,api_error
11201,"Archent Limited, Sheffield, England",,,,,,,api_error
11223,"Mourlot, Paris",,,,,,,api_error
11277,George Him,British,Male,1900.0,1982.0,,,api_error
11278,Jan Lewitt,British,Male,1907.0,1991.0,,,api_error
11340,"The Baynard Press, London",,,,,,,api_error
11341,C. Tereshkovitch,,,,,,,api_error
11348,Christian Zervos,French,Male,1889.0,1970.0,,,api_error
11350,British War Office,,,,,,,api_error
11361,Imprimerie Champenois,,,,,,,api_error
11381,Royal Society for the Prevention of Accidents,,,,,,,api_error
11419,Ward and Saks Co.,,,,,,,api_error
11422,Patrick Cunningham,,Male,,,,,api_error
11426,Wolf Zimmerman,German,Male,1925.0,,,,api_error
11580,Anthon Beeke,Dutch,Male,1940.0,,,,api_error
11589,Hans Bockting,,Male,,,,,api_error
11596,R. Szayoo,,,,,,,api_error
11621,Tapio Salmelainen,Finnish,Male,1941.0,,,,api_error
11631,"Otto Beyer, Leipzig/Berlin",,,,,,,api_error
11663,Carl Van Vechten,American,Male,1880.0,1964.0,,,api_error
11799,Orell Füssli,Swiss,,,,,,api_error
11811,"A. Molling & Comp., Hannover, Germany",,,,,,,api_error
11860,Various Authors,,,,,,,api_error
11875,Kirill Zdanevich,Russian,Male,1892.0,1969.0,,,api_error
11900,Velimir Khlebnikov,Russian,Male,1885.0,1922.0,,,api_error
11904,Vladimir Mayakovsky,Russian,Male,1893.0,1930.0,,,api_error
11947,Natan Al'tman,Russian,Male,1889.0,1971.0,,,api_error
11967,Stéphane Mallarmé,French,Male,1842.0,1898.0,,,api_error
12001,Vladimir Burliuk,,Male,1886.0,1917.0,,,api_error
12025,Elena Guro,,Female,,,,,api_error
12074,"Maria Siniakova, Russian, 1898-1989",,Female,1898.0,1989.0,,,api_error
12101,Niele Toroni,Swiss,Male,1937.0,,,,api_error
12124,Pavel Filonov,,Male,1883.0,1941.0,,,api_error
12171,Nikolai Kul'bin,Russian,Male,1868.0,1917.0,,,api_error
12172,Iurii Annenkov,Russian,Male,1889.0,1974.0,,,api_error
12177,Lewis Carroll (Charles Lutwidge Dodgson),British,Male,1832.0,1898.0,,,api_error
12225,Nikolai Rogovin,,Male,,,,,api_error
12305,David Mamet,American,Male,1947.0,,,,api_error
12310,Lev Shekhtel [Lev Zhegin],,Male,,,,,api_error
12312,Vasilii Chekrygin,,Male,1897.0,1922.0,,,api_error
12315,Sergei Podgaevskii,,Male,,,,,api_error
12318,Sergei Bobrov,,Male,,,,,api_error
12328,Blaise Cendrars (Frédéric Sauser),French,Male,1887.0,1961.0,,,api_error
12382,Liz Larner,American,Female,1960.0,,,,api_error
12402,Joseph Blumenthal,,Male,,,,,api_error
12409,Aleksandr Shevchenko,,Male,,,,,api_error
12410,Illarion Skuie,,,,,,,api_error
12432,Vasilii Kamenskii,Russian,Male,1864.0,1961.0,,,api_error
12452,Nikolai Aseev,,Male,,,,,api_error
12472,Calvin Sumsion,,Male,,,,,api_error
12501,Gustav Klutsis,Latvian,Male,1895.0,1938.0,,,api_error
12508,Benjamin Péret,French,Male,1899.0,1959.0,,,api_error
12509,Igor' Terent'ev,Russian,Male,1892.0,1937.0,,,api_error
12515,Guido Ballo,Italian,Male,1914.0,,,,api_error
12556,John Moore,American,Male,,,,,api_error
12614,Harold Rosenberg,American,Male,1906.0,1978.0,,,api_error
12639,Iliazd (Il'ia Zdanevich),,Male,,,,,api_error
12650,Iraklii Gamrekeli,Georgian,Male,1894.0,1943.0,,,api_error
12660,Il'ia Zdanevich,French,Male,1894.0,1974.0,,,api_error
12704,Natan Vengrov,,Male,,,,,api_error
12727,Naum Granovskii,Russian,Male,1898.0,1971.0,,,api_error
12753,Antonin Artaud,French,Male,1896.0,1948.0,,,api_error
12868,Anonymous Authors,,,,,,,api_error
12924,Henri Floury,,Male,,,,,api_error
12945,Vladimir Lebedev,Russian,Male,1891.0,1967.0,,,api_error
12996,Mikhail Plaksin,,Male,,,,,api_error
12997,Natal'ia Nagorskaia,,Female,,,,,api_error
13003,Khabias [pseudonym Of Nina Komarova],,Female,,,,,api_error
13012,Aleksei Gan,,Male,,,,,api_error
13020,Peter Schjeldahl,American,Male,1942.0,,,,api_error
13056,Antonina Sofronova,,Female,,,,,api_error
13076,Boris Zemenkov,,Male,,,,,api_error
13088,Il'ia Erenburg,,Male,,,,,api_error
13108,Josef Eberg,,Male,,,,,api_error
13113,Grigorii Bershadskii,,Male,,,,,api_error
13163,Bradbury Thompson,American,Male,1911.0,1995.0,,,api_error
13206,Graeme Murray,,,,,,,api_error
13248,Paul Valéry,French,Male,1871.0,1945.0,,,api_error
13311,A. K. Barutchev,Russian,Male,1904.0,1976.0,,,api_error
13315,Nikolai Sedel'nikov,,Male,,,,,api_error
13325,N. Nekrasov,,,,,,,api_error
13398,Tristan Tzara,French,Male,1896.0,1963.0,,,api_error
13422,Columbia Records,,,1888.0,,,,api_error
13434,Moisei Levin,,Male,,,,,api_error
13470,Ivan Kliun,Russian,Male,1878.0,1943.0,,,api_error
13482,Nikolai Troshin,,Male,,,,,api_error
13483,Sergei Sen'kin,,Male,,,,,api_error
13488,"Tamarind Lithography Workshop, Inc., Los Angeles",,,,,,,api_error
13574,William S. Burroughs,American,Male,1914.0,1997.0,,,api_error
13677,Nikolai Kupreianov,Russian,Male,,,,,api_error
13678,Aleksei Chicherin,,Male,,,,,api_error
13705,Boris Naumov,,Male,,,,,api_error
13706,Franz Roh,German,Male,1890.0,1965.0,,,api_error
13807,Kornelii Zelinskii,,Male,,,,,api_error
13811,Anton Lavinskii,,Male,,,,,api_error
13816,Olga Deneiko,,Female,,,,,api_error
13880,"Éditions Surréalistes, Paris",,,,,,,api_error
13929,Russell Lynes,American,Male,1910.0,1991.0,,,api_error
13977,Michael Cardenza,,Male,,,,,api_error
14022,Shuzo Takiguchi,Japanese,Male,1903.0,1979.0,,,api_error
14107,"Dwan Gallery, New York",,,,,,,api_error
14137,Ben Langlands,British,Male,1955.0,,,,api_error
14138,Nikki Bell,British,Female,1959.0,,,,api_error
14161,Iurii Degen,,Male,,,,,api_error
14164,Michael McClure,American,Male,1932.0,,,,api_error
14185,Aleksei Remizov,,Male,1877.0,1957.0,,,api_error
14187,W. Baxter,,,,,,,api_error
14195,Eugène Delâtre,French,Male,,,,,api_error
14200,Aleksei Ganin,,Male,,,,,api_error
14213,Michel Seuphor,French,Male,1901.0,1999.0,,,api_error
14265,Guillaume Apollinaire,French,Male,1880.0,1918.0,,,api_error
14286,Maria Lagorio,,Female,,,,,api_error
14384,Nikolai Tikhonov,,Male,,,,,api_error
14423,Kiki (Kiki O. K.) Kogelnik,Austrian,Female,1935.0,1997.0,,,api_error
14426,Allan Kapprow,,Male,,,,,api_error
14428,Kuzma Petrov-Vodkin,Russian,Male,1878.0,1939.0,,,api_error
14450,"Librairie de France, Paris",,,,,,,api_error
14467,Félix Del-Marle,,Male,,,,,api_error
14520,"Propyläen-Verlag, Berlin",,,,,,,api_error
14558,Anne Waldman,American,Female,1945.0,,,,api_error
14561,A. Anatolev,,,,,,,api_error
14602,Sergei Chekhonin,,Male,,,,,api_error
14632,Boris Grigor'ev,,Male,,,,,api_error
14729,Fritz Zeymer,Austrian,Male,1886.0,1940.0,,,api_error
14744,Hr. Dubyns'kii,,,,,,,api_error
14976,Mikhail Tarkhanov,,Male,,,,,api_error
15005,Josaku Maeda,,,,,,,api_error
15146,Issacher Ber Ryback,,Male,,,,,api_error
15382,W. Mehl,,,,,,,api_error
15558,Francis Carco,French,Male,1886.0,1958.0,,,api_error
15634,Mariano Andre,,Male,,,,,api_error
15683,Irene Delano,American,Female,1919.0,1982.0,,,api_error
15685,Chas Laborde,,Male,,,,,api_error
15688,Pierre Falké,,Male,,,,,api_error
16189,Kay Sage,American,Female,1898.0,1963.0,,,api_error
16212,Nancy Holt,American,Female,1938.0,2014.0,,,api_error
16292,Philip L. Goodwin,American,Male,1885.0,1958.0,,,api_error
16479,Katherine S. Dreier,American,Female,1877.0,1952.0,,,api_error
16753,Museum Folkwang,,,,,,,api_error
16790,Anton Giulio Bragaglia,Italian,Male,1890.0,1960.0,,,api_error
16811,Sokyu Ueda,Japanese,Male,1900.0,1968.0,,,api_error
16943,Valentine Dudensing,,Male,,,,,api_error
17332,Bernhard Leitner,,Male,,,,,api_error
17416,Shirley C. Burden,American,Male,1908.0,1989.0,,,api_error
17469,Adrian Siegel,American,Male,,,,,api_error
17495,Jon Hendricks,American,Male,1939.0,,,,api_error
17509,Pywell,,,,,,,api_error
17572,Rolf Petersen,German,Male,1900.0,1990.0,,,api_error
17697,Wayne Miller,American,Male,1918.0,2013.0,,,api_error
17816,Richard Benson,American,Male,1943.0,,,,api_error
17910,Jerome Robbins,American,Male,1918.0,1998.0,,,api_error
17943,Krissy Clegg,,Female,,,,,api_error
17955,(Siegfried Klein) Khasaq,,,,,,,api_error
17993,Robert Flaherty,American,Male,1884.0,1951.0,,,api_error
18094,Robert Storr,,Male,,,,,api_error
18130,Paul A. McDonough,American,Male,1941.0,,,,api_error
18151,"Robert F. Sheehan, 3rd",American,Male,1922.0,1969.0,,,api_error
18214,Earle Brown,American,Male,1926.0,2002.0,,,api_error
18341,Charlie Chaplin,British,Male,1889.0,1977.0,,,api_error
18375,Herbert E. Grier,,Male,,,,,api_error
18376,Kenneth J. Germeshausen,,Male,,,,,api_error
18514,Alfred Hitchcock,British,Male,1899.0,1980.0,,,api_error
18539,Hannah Wilke,American,Female,1940.0,1993.0,,,api_error
18543,Bernardo Bertolucci,Italian,Male,1940.0,,,,api_error
18552,Unknown,,,,,,,api_error
18660,The New York Times,American,,1851.0,,,,api_error
18667,Reuters,,,,,,,api_error
18700,K. H. Hödicke,German,Male,1938.0,,,,api_error
18701,Arthur Köpcke,German,Male,1928.0,1977.0,,,api_error
18709,3M,American,,1902.0,,,,api_error
18838,Karl Nierendorf,,Male,,,,,api_error
18844,Ernst Caramelle,Austrian,Male,1952.0,,,,api_error
18963,John Wilson,American,Male,1922.0,2015.0,,,api_error
18996,Jürgen Klauke,German,Male,1943.0,,,,api_error
19039,Davi Det Hompson,,Male,,,,,api_error
19040,Ann Fessler,,Female,,,,,api_error
19041,Charles Brohawn,,Male,,,,,api_error
19042,Chris Mason,,Male,,,,,api_error
19043,Cliff Baldwin,,Male,,,,,api_error
19075,Rudi Molacek,Austrian,Male,1948.0,,,,api_error
19163,Michael Krebber,German,Male,1954.0,,,,api_error
19194,Hans Danuser,,Male,,,,,api_error
19235,Oskar Bangemann,,,,,,,api_error
19238,Tim Rollins,American,Male,1955.0,,,,api_error
19497,Forrest Myers,American,Male,1941.0,,,,api_error
19510,Winston Roeth,American,Male,1945.0,,,,api_error
19529,Felix Harlan,,Male,,,,,api_error
19545,Doris Simmelink,,Female,,,,,api_error
19561,Sheri Martinelli,,Female,,,,,api_error
19572,Nicole Eisenman,American,Female,1965.0,,,,api_error
19660,Annette Rosado,American,Female,1972.0,,,,api_error
19661,José Parissi,American,Male,1968.0,,,,api_error
19662,George Garces,American,Male,1972.0,,,,api_error
19663,Nelson Savinon,,Male,,,,,api_error
19664,Angel Abreu,American,Male,1974.0,,,,api_error
19667,Joseph De Pace,American,Male,1954.0,,,,api_error
19676,Island Records,,,1959.0,,,,api_error
19862,David Shrigley,British,Male,1968.0,,,,api_error
19882,Hans Weigand,Austrian,Male,1954.0,,,,api_error
19962,Hans-Ulrich Obrist,Swiss,Male,1968.0,,,,api_error
20080,Robert Blackburn,American,Male,1921.0,2003.0,,,api_error
20354,Alfredo Boulton,Venezuelan,Male,1908.0,1995.0,,,api_error
20416,Jack Carver,,Male,,,,,api_error
20503,Émile-René Ménard,French,,1862.0,1930.0,,,api_error
20631,Larry Mantello,American,Male,1964.0,,,,api_error
20722,Royal College of Art,British,,1837.0,,,,api_error
20731,"Hope (Sufferance) Press, London",,,,,,,api_error
20749,Paul E. Hultberg,American,Male,1922.0,2005.0,,,api_error
20769,René Block,,Male,,,,,api_error
20807,Roland Renrose,,Male,,,,,api_error
20811,Congo (a Chimpanzee),Nationality unknown,,1954.0,1965.0,,,api_error
20813,Adrian Nutbeam,,Male,,,,,api_error
20904,"Profil Magazine, Vienna",,,,,,,api_error
21088,"Salvatore Silkscreen Co., Inc.",,,,,,,api_error
21116,Benton,,,,,,,api_error
21121,Biddle,,,,,,,api_error
21199,AA Bronson,Canadian,Male,1946.0,,,,api_error
21255,"Fabric Frontline, Zürich",,,,,,,api_error
21325,Michael Baldwin,British,Male,1945.0,,,,api_error
21398,George Maciunas,American,Male,1931.0,1978.0,,,api_error
21439,Issey Miyake,Japanese,Male,1938.0,,,,api_error
21446,Jack Pierson,American,Male,1960.0,,,,api_error
21447,Jim Hodges,American,Male,1957.0,,,,api_error
21759,"Atelier d'Arts Appliqués, Cannes, France",,,,,,,api_error
21940,Kazuo Nakamura,Canadian,Male,1926.0,2002.0,,,api_error
22284,Masayuki Nagare,Japanese,Male,1923.0,,,,api_error
22436,Natsuyuki Nakanishi,Japanese,Male,1935.0,,,,api_error
22479,Ennio Chiggio,Italian,Male,1937.0,,,,api_error
22481,Manfredo Massironi,Italian,Male,1937.0,2011.0,,,api_error
22498,"Fratelli Brambilla, Milan",Italian,,,,,,api_error
22501,"Krystallglasmanufaktur Theresienthal Gmbh, Zweisel, Germany",,,,,,,api_error
22504,"Design Unit New York, New York, NY",,,,,,,api_error
22512,"G. Byrn Company, Copenhagen",Danish,,,,,,api_error
22522,"Veglia Borletti, Milan",,,,,,,api_error
22527,"L.M. Ericsson, Stockholm",,,,,,,api_error
22528,"ERCO Leuchten KG, Germany",,,,,,,api_error
22529,"Phonola, Milan",,,,,,,api_error
22530,"Rosenthal AG, Germany",,,,,,,api_error
22532,"Kooperative Förbundet (KF), Stockholm",,,,,,,api_error
22533,"International Resistance Co., Philadelphia, PA",,,,,,,api_error
22534,"John Hull Cutlers Corporation, New York, NY",,,,,,,api_error
22535,"Dansk International Designs, Ltd., Denmark",,,,,,,api_error
22538,"Arai Helmet Ltd., Japan",,,,,,,api_error
22542,Mathieu,,,,,,,api_error
22546,Bell Telephone Laboratories,American,,,,,,api_error
22547,Roger Riche,French,Male,1930.0,,,,api_error
22548,Raymond Loewy Associates,American,,1944.0,,,,api_error
22556,SHoP Architects PC,American,,1996.0,,,,api_error
22557,Brian Alexander,American,Male,1963.0,,,,api_error
22558,"Haworth Inc., USA",,,,,,,api_error
22559,Apple Industrial Design Group,American,,,,,,api_error
22563,Harman Kardon Co.,American,,1953.0,,,,api_error
22564,Teppo Asikainen,Finnish,Male,1968.0,,,,api_error
22565,"Snowcrash AB, Sweden",,,,,,,api_error
22566,Luigi Baroli,Italian,Male,1951.0,,,,api_error
22567,Baleri Italia S.p.A.,,,,,,,api_error
22568,Ayse Birsel,Turkish,Female,1964.0,,,,api_error
22569,Nick Butler,British,Male,1942.0,,,,api_error
22571,matali crasset,French,Female,1965.0,,,,api_error
22572,"Sas/OO, France",,,,,,,api_error
22573,Décolletage Plastique Design Team,French,,1945.0,,,,api_error
22574,Markus Nevalainen,Finnish,Male,1970.0,,,,api_error
22575,"Société Bic, France",,,,,,,api_error
22576,Rick Galezowski,Canadian,Male,1954.0,,,,api_error
22577,Kari Sivonen,Finnish,Female,1969.0,,,,api_error
22578,"Teknion Inc., USA",,,,,,,api_error
22579,Jens Risom,American,Male,1916.0,2016.0,,,api_error
22580,Fritz Haller,Swiss,Male,1924.0,,,,api_error
22581,"USM U. Schaerer Sons Inc., USA",,,,,,,api_error
22582,Sam Hecht,British,Male,1969.0,,,,api_error
22583,Chris Chapman,British,Male,1964.0,,,,api_error
22584,David Sandbach,British,Male,1963.0,,,,api_error
22585,"Electrotextiles Co. (now ElekSen Ltd.), England",,,,,,,api_error
22586,Vesa Hinkola,Finnish,,1970.0,,,,api_error
22587,Rane Vaskivuori,Finnish,,1967.0,,,,api_error
22588,Jay Kyu Lee,Korean,Male,1964.0,,,,api_error
22589,Torchco Ltd.,British,,,,,,api_error
22590,"Radice Snc, Italy",,,,,,,api_error
22591,Hajime Sorayama,Japanese,Male,1947.0,,,,api_error
22592,Albert Nagele,American,Male,1935.0,,,,api_error
22593,"Motorola, England",,,,,,,api_error
22594,Kimberly J. Holden,American,Female,1966.0,,,,api_error
22595,Gregg A. Pasquarelli,American,Male,1965.0,,,,api_error
22596,Maarten Van Severen,Belgian,Male,1956.0,2005.0,,,api_error
22597,"TM, Belgium",,,,,,,api_error
22598,Christopher R. Sharples,American,Male,1963.0,,,,api_error
22599,"Mahakit Rubber Co. Ltd., Thailand",,,,,,,api_error
22614,Annelies De Leede,Nationality unknown,,,,,,api_error
22617,Hani Rashid,Canadian,Male,1958.0,,,,api_error
22618,Lise Anne Couture,Canadian,Female,1959.0,,,,api_error
22621,Emil Roth,Swiss,Male,1896.0,1980.0,,,api_error
22627,J. S. Anderson,British,,,,,,api_error
22630,Marvin E. Newman,American,Male,1927.0,,,,api_error
22631,Koji Yamada,Japanese,Male,,,,,api_error
22660,Ugo Mulas,,Male,,,,,api_error
22663,Carel Blazer,,Female,,,,,api_error
22667,"Nitto Seimo Co. Ltd., company design",Japanese,,1910.0,,,,api_error
22668,Toyo Tire Cord Co. Ltd.,Japanese,,,,,,api_error
22669,Franz Ackermann,German,Male,1963.0,,,,api_error
22672,Ingrid Calame,American,Female,1968.0,,,,api_error
22676,Hendrik Van Keppel,American,Male,1914.0,,,,api_error
22677,Taylor Green,American,,1914.0,,,,api_error
22683,Iran do Espírito Santo,Brazilian,Male,1963.0,,,,api_error
22697,Brad Kahlhamer,American,Male,1956.0,,,,api_error
22701,Olga De Amaral,Colombian,Female,1932.0,,,,api_error
22703,Friederike Gross-Pietsche,,Male,,,,,api_error
22704,Thomas Gardner,,Male,,,,,api_error
22705,Mark Janson,,Male,,,,,api_error
22709,Joseph Fenton,,Male,,,,,api_error
22710,Suzanne Powadiuk,,Female,,,,,api_error
22713,James Rosen,,Male,,,,,api_error
22715,Laura Owens,American,Female,1970.0,,,,api_error
22719,Manfred Pernice,German,Male,1963.0,,,,api_error
22722,Alessandro Pessoli,Italian,Male,1963.0,,,,api_error
22724,Shirazeh Houshiary,British,Female,1955.0,,,,api_error
22731,Timothy Wood,,Male,,,,,api_error
22732,Peter Waldman,,Male,,,,,api_error
22733,Peter Carl,,Male,,,,,api_error
22734,Robert White,,Male,,,,,api_error
22735,Christopher Chimera,,Male,,,,,api_error
22737,Dan Asher,American,Male,1947.0,2010.0,,,api_error
22738,Nancy Haynes,American,Female,1947.0,,,,api_error
22739,David Jeffrey,American,Male,1956.0,,,,api_error
22740,Linda Lynch,American,Female,1958.0,,,,api_error
22744,Bruno Rousselot,French,Male,1957.0,,,,api_error
22747,Mark Sheinkman,American,Male,1963.0,,,,api_error
22750,Juul Kraijer,Dutch,Male,1970.0,,,,api_error
22751,Chris Finley,American,Male,1971.0,,,,api_error
22753,"Richard Meier & Partners, Architects",,,1963.0,,,,api_error
22754,"Richard Meier & Associates, Architects",,,1963.0,,,,api_error
22762,Romain Ruther,,Male,,,,,api_error
22769,Guenther,,,,,,,api_error
22780,"World Pictures, Copenhagen",,,,,,,api_error
22782,Kolatan / Mac Donald Studio,,,1988.0,,,,api_error
22783,Ayse Sulan Kolatan,American,,1958.0,,,,api_error
22785,Minsuk Cho,,,,,,,api_error
22786,Ferda Kolatan,,,,,,,api_error
22787,Chiakai Yang,,,,,,,api_error
22788,Anke Scheren,,,,,,,api_error
22789,Michael Kennedy,,Male,,,,,api_error
22790,George Grenier III,,Male,,,,,api_error
22791,Joseph Bula,,Male,,,,,api_error
22792,Baine Gaiser,,Male,,,,,api_error
22793,Patrick Kane,,Male,,,,,api_error
22794,Antonio Palladino,,Male,,,,,api_error
22795,Teresa Chang,,Female,,,,,api_error
22796,Gayle Tsern,,Female,,,,,api_error
22797,Long Hair George Krausas,,Male,,,,,api_error
22799,Development and Resource Corp.,,,,,,,api_error
22800,Hermann Finsterlin,German,Male,1887.0,1973.0,,,api_error
22801,Charles Forberg,American,Male,,,,,api_error
22810,Fred Taylor,,Male,,,,,api_error
22816,Kahn & Jacobs,,,,,,,api_error
22825,Art Zaaijer,Dutch,Male,1958.0,,,,api_error
22826,Xaveer de Geijter,Belgian,Male,1957.0,,,,api_error
22827,Georges Heinz,French,Male,1959.0,,,,api_error
22828,Heike Lohmann,German,Female,1960.0,,,,api_error
22829,Alex Wall,American,Male,1948.0,,,,api_error
22830,Christophe Cornubert,American,Male,1963.0,,,,api_error
22831,Ramon Klein,American,Male,1957.0,,,,api_error
22836,Gro Bonesmo,Norwegian,Female,1963.0,,,,api_error
22837,Julien Monfort,French,Male,1968.0,,,,api_error
22838,Yo Yamagata,Japanese,Male,1962.0,,,,api_error
22839,Jeanne Gang,American,Female,1964.0,,,,api_error
22840,Chris Dondorp,Dutch,Male,1970.0,,,,api_error
22843,Peter Rice (Ove Arup and Partners),,Male,,,,,api_error
22844,Nikken Sekkei Ltd.,,,,,,,api_error
22845,Renzo Piano Building Workshop,Italian,,1980.0,,,,api_error
22846,"Eisenman Architects, New York",,,1988.0,,,,api_error
22847,Richard Rosson,,Male,,,,,api_error
22848,Mark Wamble,American,Male,1959.0,,,,api_error
22849,Gregory Merryweather,,Male,,,,,api_error
22850,Nazli Gononsay,,Male,,,,,api_error
22866,Mrs. Truus Schröder-Schräder,,Female,,,,,api_error
22870,Laure Albin-Guillot,French,Female,1878.0,1962.0,,,api_error
22874,"Joel Sanders, Architect",,,,,,,api_error
22875,Ernest Guenzburger,,Male,,,,,api_error
22876,Sean Keller,,Male,,,,,api_error
22877,Dillon Kyle,,Male,,,,,api_error
22878,Cary Siress,,,,,,,api_error
22884,Andrew Zago,American,Male,1958.0,,,,api_error
22891,Lucio Costa,Brazilian,Male,1902.0,1998.0,,,api_error
22892,Carlos Leão,,Male,,,,,api_error
22893,Jorge Machado Moreira,Brazilian,Male,1904.0,1992.0,,,api_error
22894,Affonso Eduardo Reidy,Brazilian,Male,1909.0,1964.0,,,api_error
22895,Ernani Vasconcelos,,Male,,,,,api_error
22897,Kevin Roche,American,Male,1922.0,,,,api_error
22898,John Dinkeloo,American,Male,1918.0,1981.0,,,api_error
22899,Paul Schweiker,American,Male,1916.0,,,,api_error
22900,Winston Elting,,Male,,,,,api_error
22921,Franz Schulze,,Male,,,,,api_error
22934,Mark Mills,American,Male,1939.0,2010.0,,,api_error
22935,Matthew Ritchie,British,Male,1964.0,,,,api_error
22936,Darren Almond,British,Male,1971.0,,,,api_error
22938,Jørn Utzon,Danish,Male,1918.0,2008.0,,,api_error
22939,Jim Lambie,Scottish,Male,1964.0,,,,api_error
22941,Acharya Vyakul,Indian,Male,1930.0,2000.0,,,api_error
22945,William Sharples,American,Male,1963.0,,,,api_error
22950,Max Lenz,Swiss,Male,1918.0,,,,api_error
22953,George Krikorian,American,Male,1914.0,1977.0,,,api_error
22955,David Walter Beck,American,Male,1915.0,2001.0,,,api_error
22956,"Martec Engineering Corp., Long Beach, CA",,,,,,,api_error
22959,Nason & Moretti Studio,Italian,,,,,,api_error
22960,"Symanka Karbaum/Scharf Hagelbergerstr, Berlin",German,,,,,,api_error
22961,"H.E. Lauffer Co., Inc., West Germany (now Germany)",German,,,,,,api_error
22971,Laylah Ali,American,Female,1968.0,,,,api_error
22972,Davor Vrankic,Croatian,Male,1965.0,,,,api_error
22974,Mendell & Oberer,German,,1961.0,,,,api_error
22975,Klaus Oberer,Swiss,Male,1937.0,,,,api_error
22980,Mark Lombardi,American,Male,1951.0,2000.0,,,api_error
22982,Eugen Kirchner,German,Male,1865.0,1938.0,,,api_error
22983,Tacita Dean,British,Female,1965.0,,,,api_error
22989,William H. Johnson,American,Male,1901.0,1970.0,,,api_error
22997,Ibrahim Miranda,Cuban,Male,1969.0,,,,api_error
22999,Sarah Morris,American,Female,1967.0,,,,api_error
23001,Pravosudovich,,,,,,,api_error
23005,James Siena,American,Male,1957.0,,,,api_error
23007,Jessica Stockholder,American,Female,1959.0,,,,api_error
23016,Ken Lum,Canadian,Male,1956.0,,,,api_error
23025,Barbara Ambrosz,Austrian,Female,1972.0,,,,api_error
23026,"Glasatelier Steinschoenau, Austria",Austrian,,,,,,api_error
23028,Tibor Kalman,American,Male,1949.0,1999.0,,,api_error
23029,M & Co Labs,,,,,,,api_error
23035,"Iittala Lasitehdas, Finland",,,,,,,api_error
23036,"XO, France",,,,,,,api_error
23039,"Senken Co. Ltd., Fukui, Japan",,,,,,,api_error
23044,Studio Gruppo 14,Italian,,,,,,api_error
23047,"Fisher-Price Toys Inc., East Aurora, NY",American,,,,,,api_error
23048,"Rosendahl A/S, Lyngby, Denmark",,,,,,,api_error
23052,Anthony Maglica,American,Male,1930.0,,,,api_error
23053,"Mag Instrument, Inc., Ontario, CA",American,,1955.0,,,,api_error
23054,"Ranton & Co., United Kingdom",,,,,,,api_error
23055,Carl Hugo Pott,German,Male,1906.0,1985.0,,,api_error
23056,W. D. Slater,British,,1923.0,,,,api_error
23057,"Nottingham Rehab Ltd., England",,,,,,,api_error
23089,"Pizzi & Pizio, Milan-Rome",Italian,,,,,,api_error
23207,Erich Ludwig Stahl,German,Male,,,,,api_error
23208,Eugene Gise,,Male,,,,,api_error
23215,Kunsthandlung Würthle & Sohn,,,,,,,api_error
23216,"Bauhaus, Weimar",,,,,,,api_error
23251,Thomas Leeser,German,Male,1952.0,,,,api_error
23253,Preston Scott Cohen,American,Male,1961.0,,,,api_error
23257,Michael Maltzan,American,Male,1959.0,,,,api_error
23259,UN Studio Van Berkel & Bos,Dutch,,1988.0,,,,api_error
23260,Caroline Bos,Dutch,Female,1959.0,,,,api_error
23262,Ronan Bouroullec,French,Male,1971.0,,,,api_error
23263,Erwan Bouroullec,French,Male,1976.0,,,,api_error
23264,Claudy Jongstra,Dutch,Female,1963.0,,,,api_error
23265,"not tom dick & harry, The Netherlands",,,,,,,api_error
23267,Yuh Okano,Japanese,Male,1965.0,,,,api_error
23268,"Daito Pleats Co., Gumma, Japan",,,,,,,api_error
23270,Henk Stallinga,Dutch,Male,1962.0,,,,api_error
23271,"Stallinga BV, The Netherlands",,,,,,,api_error
23279,"Lindner GmbH, Bamberg, Germany",,,,,,,api_error
23294,"Cutco Division, The Aluminum Cooking Utensil Co., New Kensington, PA",,,,,,,api_error
23300,Aleksandr Andreev,,Male,,,,,api_error
23302,A. A. Nikolaev,,,,,,,api_error
23303,N. M. Siniagin,,,,,,,api_error
23304,Liudmila Shmit-Ryzhova,,Female,,,,,api_error
23305,Evgenii Vashchenko,,Male,,,,,api_error
23308,Unknown Artists,,,,,,,api_error
23313,Boris Anisfeld,,Male,,,,,api_error
23314,Vladimir Chembers,,Male,,,,,api_error
23315,Mstislav Dobuzhinskii,,Male,1875.0,1952.0,,,api_error
23316,Aleksandr Iakovlev,,Male,,,,,api_error
23317,Sergei Sudeikin,,Male,,,,,api_error
23323,Russian Book Collection,,,,,,,api_error
23327,Iosif Shkol'nik,,Male,,,,,api_error
23330,"Daum, France",,,,,,,api_error
23340,"Standard Möbel, Germany",,,,,,,api_error
23344,"Silicon Systems, Inc.",American,,,,,,api_error
23346,Spencer Silver,American,Male,1941.0,,,,api_error
23348,Pehr-Olof Nystrom,Finnish,Male,,,,,api_error
23349,Unknown Designer,Finnish,,,,,,api_error
23350,"AB Gustavsberg, Sweden",Swedish,,,,,,api_error
23353,Georgii Iakulov,,Male,,,,,api_error
23355,Vasyl' Krychevs'kyi,,Male,,,,,api_error
23361,Weber,Nationality unknown,,,,,,api_error
23362,Alfred Willimann,Swiss,Male,1900.0,1957.0,,,api_error
23367,Viktor Bart,,Male,1887.0,1954.0,,,api_error
23368,Anonymous Child,,,,,,,api_error
23370,Nadezhda Burliuk,,Female,,,,,api_error
23371,A. Gribatnikov,,,,,,,api_error
23372,Nikolai Grigoriev,,Male,,,,,api_error
23373,I. Mikhel'son,,,,,,,api_error
23374,N. Semenov,,,,,,,api_error
23377,Lev Zak,Russian,Male,1892.0,1980.0,,,api_error
23383,G. Robz,Russian,,,,,,api_error
23384,Marianna Erlikh,,Female,,,,,api_error
23386,Nadezhda Liubavina,,Female,,,,,api_error
23390,Unknown Artist,Nationality Unknown,,,,,,api_error
23392,Karin Apollonia Müller,German,Female,1963.0,,,,api_error
23397,P. Bakharev,Russian,,,,,,api_error
23398,Nina Kul'bina,,Female,,,,,api_error
23399,V. Ul'ianishchev,,,,,,,api_error
23402,Craigie Horsfield,British,Male,1949.0,,,,api_error
23404,Sandro Fazini,,Male,,,,,api_error
23413,Aristarkh Lentulov,Russian,Male,1882.0,1943.0,,,api_error
23416,Jose Burges,American,Male,1971.0,,,,api_error
23417,Robert Delgado,American,Male,1971.0,,,,api_error
23418,Richard Lulo,American,Male,1971.0,1988.0,,,api_error
23419,Nelson Montes,American,Male,1972.0,,,,api_error
23420,Carlos Rivera,American,Male,1971.0,,,,api_error
23421,Christina Ramberg,American,Female,1946.0,1995.0,,,api_error
23426,Elsa Fischer-Treyden,German,Female,1901.0,1995.0,,,api_error
23427,Margret Hildebrand,German,Female,1917.0,1998.0,,,api_error
23430,Laguiole,,,,,,,api_error
23439,Lev Bruni,Russian,Male,1894.0,1947.0,,,api_error
23443,Fedor Platov,,Male,,,,,api_error
23446,Georgii Zolotukhin,,Male,,,,,api_error
23448,Aleksandr Lopukhin,,Male,,,,,api_error
23451,Georgii Narbut,,Male,,,,,api_error
23457,Gushchin Nikolai,,,,,,,api_error
23461,Aleksei Den'shin,,Male,,,,,api_error
23468,Ivan Padalka,,Male,,,,,api_error
23471,Aleksei Grishchenko,,Male,,,,,api_error
23473,David Shterenberg,,Male,,,,,api_error
23480,Leonid Golubev-Bagriaporobnii,,Male,,,,,api_error
23485,Vera Mukhina,,Female,,,,,api_error
23495,Ekaterina Turova,,Female,,,,,api_error
23503,Kseniia Boguslavskaia,,Female,1892.0,1972.0,,,api_error
23504,Vladimir Kozlinskii,,Male,1891.0,1967.0,,,api_error
23505,Sergei Makletsov,,Male,,,,,api_error
23506,E. Ravdel,,,,,,,api_error
23507,A. Slavin,,,,,,,api_error
23508,N. Tsitskovskii,,,,,,,api_error
23509,Vitalii Usenko,,Male,,,,,api_error
23516,Volodymyr Bobryts'kyi,,Male,,,,,api_error
23518,Volodymyr Diakov,,Male,,,,,api_error
23519,Vasyl' Iermilov,,Male,1894.0,1968.0,,,api_error
23520,Aleksandr Gladkov,,Male,,,,,api_error
23521,Borys Kosariev,,Male,,,,,api_error
23522,Mane-Katz,Ukrainian,Male,1894.0,1962.0,,,api_error
23523,Miankal',,,,,,,api_error
23524,Mykola Myshchenko,,,,,,,api_error
23526,Boeslav Tsybys,,Male,,,,,api_error
23528,Lado Gudiashvili,Georgian,Male,1896.0,1980.0,,,api_error
23529,Vasilii Katanian,,Male,,,,,api_error
23530,Sigizmund Valishevskii,,Male,,,,,api_error
23540,Vadim Falileev,,Male,,,,,api_error
23546,Norsaki Yokosuka,Japanese,Male,,,,,api_error
23568,Valentina Khodasevich,,Female,,,,,api_error
23588,N. K.,,,,,,,api_error
23592,Atelier Müller-Brockmann,,,,,,,api_error
23599,Petr Konchalovskii,,Male,,,,,api_error
23600,Aleksei Morgunov,,Male,,,,,api_error
23601,N. Rozenfel'd,,,,,,,api_error
23602,Svetlov,,,,,,,api_error
23604,Viacheslav Ivanov,,,,,,,api_error
23608,Mykola Kalmykov,,,,,,,api_error
23609,Vasyl' Picheta,,Male,,,,,api_error
23613,Aleksandr Bazhbeuk-Melikov,,Male,1891.0,1966.0,,,api_error
23614,Mikhail Kalashnikov,,Male,,,,,api_error
23615,Il'ia Rogovin,,Female,,,,,api_error
23616,T. Balaginaia,,,,,,,api_error
23618,Liverii Bazankur,,,,,,,api_error
23628,Hryhorii Bondarenko,,Male,,,,,api_error
23630,Nikolai Chernyshev,,Male,1885.0,1973.0,,,api_error
23631,Sergei Gerasimov,,Male,1885.0,1964.0,,,api_error
23633,Georgii Echeistov,,Male,,,,,api_error
23635,Boris Erdman,,Male,,,,,api_error
23647,Howard York,,Male,,,,,api_error
23649,Art Goodman,,Male,,,,,api_error
23655,D. P. Gordeev,,,,,,,api_error
23665,Solomon Iudovin,,Male,1892.0,1954.0,,,api_error
23667,Vasilii Komardenkov,,Male,,,,,api_error
23668,Mikhail Gerasimov,,Male,,,,,api_error
23672,Weider,,,,,,,api_error
23699,N. Bugoslavskaia,,,,,,,api_error
23700,D. El'kina,,,,,,,api_error
23701,A. Kurskaia,,,,,,,api_error
23703,Aleksandr Volkov,,Male,,,,,api_error
23704,Vera Aleksandrova,,Female,,,,,api_error
23706,Il'ia Chashnik,Russian,Male,1902.0,1929.0,,,api_error
23712,Aleksandr Labas,,Male,,,,,api_error
23713,Marko Kyrnars'kyi,,Male,,,,,api_error
23718,Ben-Zion Tsukherman,,Male,,,,,api_error
23720,Grigorii Miller,,Male,,,,,api_error
23723,Viktor Pal'mov,,Male,1888.0,1929.0,,,api_error
23725,Illarion Pleshchinskii,,Male,,,,,api_error
23736,Adol'f Strakhov,,Male,,,,,api_error
23737,Unknown Author,,,,,,,api_error
23744,A. Vabbe,,,,,,,api_error
23746,M. Andreevskaia,,,,,,,api_error
23747,D. Fedorov,,,,,,,api_error
23749,Vera Vil'koviskaia,,Female,,,,,api_error
23750,N. S. Shikalov,,,,,,,api_error
23753,Ivan Bilibin,,Male,,,,,api_error
23754,Leonid Brailovskii,,Male,,,,,api_error
23755,L. E. Chirikov,,,,,,,api_error
23756,Boris Kustodiev,,Male,,,,,api_error
23757,Georgi Shlikht,,Male,,,,,api_error
23760,Boris Zenkevich,,Male,,,,,api_error
23764,Mikhail Babenchikov,,Male,,,,,api_error
23766,Aleksandr Arnshtam,,Male,,,,,api_error
23770,Aleksei Baev,,Male,,,,,api_error
23772,Elena Bedumovaia,,Female,,,,,api_error
23778,Iosef Chaikov,,Male,1888.0,1979.0,,,api_error
23779,Iurii Cherkesov,,Male,,,,,api_error
23797,N. Istselennov,,,,,,,api_error
23810,"Vserossiiskii soiuz poetov, Moscow",,,,,,,api_error
23811,Aleksei Kravchenko,Russian,Male,1889.0,1940.0,,,api_error
23819,David Bergelson,,Male,,,,,api_error
23820,Dvorye Chorol,,,,,,,api_error
23831,Vasilii Masiutin,,Male,,,,,api_error
23836,Iukhym Mykhailiv,,Male,,,,,api_error
23837,Viacheslav Pakulin,,Male,,,,,api_error
23839,Sergei Poliakov,,Male,,,,,api_error
23842,Mykhailo Semenko,,Male,,,,,api_error
23843,Oleh Shymkov,,,,,,,api_error
23845,Mikhail Sokolov,,Male,,,,,api_error
23851,N. Borovkov,,,,,,,api_error
23852,A. Nikitin,,,,,,,api_error
23853,V. Zhmurov,,,,,,,api_error
23857,Vera Pestel,,Female,,,,,api_error
23858,Sergei Romanovich,,Male,,,,,api_error
23865,Marko Epshtein,,Male,,,,,api_error
23866,Grigorii Roze,,Male,,,,,api_error
23876,Liubov' Kozintseva,,Male,,,,,api_error
23881,Viola Gråsten,Swedish,Female,1910.0,1994.0,,,api_error
23887,"Quaintance Fabrics, New York, NY",,,,,,,api_error
23888,Henke Meller,,Male,,,,,api_error
23891,Vadym Meller,,Male,,,,,api_error
23893,Ignatii Nivinskii,Russian,Male,1881.0,1933.0,,,api_error
23894,Carlo Gozzi,,Male,,,,,api_error
23895,Georgii Noskov,,Male,,,,,api_error
23897,A. Paramonov,,,,,,,api_error
23918,P. S. Chichkanov,,,,,,,api_error
23919,E. S. Samorodov,,,,,,,api_error
23920,V. I. Ter-Pogosov,,,,,,,api_error
23922,Samuil Adlivankin,Russian,Male,1897.0,1966.0,,,api_error
23925,Serhii Borovyi,,,,,,,api_error
23931,B. Efimov,Russian,Male,1900.0,2008.0,,,api_error
23932,Boris Ender,,Male,,,,,api_error
23933,Beno Gordeziani,,Male,,,,,api_error
23943,Ruvim Mazel,Russian,Male,1890.0,1964.0,,,api_error
23944,Anna Ostroumova-Lebedeva,,Female,,,,,api_error
23947,Sergei Pozharskii,,Male,,,,,api_error
23948,V. I. Pozharskii,,,,,,,api_error
23951,L. Ridiger,,,,,,,api_error
23956,Nikolai Sokolov,Russian,Male,1903.0,2000.0,,,api_error
23962,John Shaw Smith,Irish,Male,1811.0,1873.0,,,api_error
23980,Galina Chichagova,,Female,,,,,api_error
23981,Olga Chichagova,,Female,,,,,api_error
23983,Grigorii Zimin,,Male,,,,,api_error
23988,K.E.B.,,,,,,,api_error
23990,Evgenii Belukha,Russian,Male,1889.0,1943.0,,,api_error
23994,Vladimir Egorov,,Male,,,,,api_error
23995,P.A.F.,,,,,,,api_error
23996,Vladimir Favorskii,,Male,,,,,api_error
23998,Petr Galadzhev,,Male,,,,,api_error
24000,L. Horokh,,,,,,,api_error
24001,Vladimir Izenberg,,Male,,,,,api_error
24004,Valentina Kulagina-Klutsis,,Female,,,,,api_error
24008,D. M.,,,,,,,api_error
24010,Ivan Manatiev,,Male,,,,,api_error
24014,V. Gruental,,,,,,,api_error
24015,V. Kovrigin,,,,,,,api_error
24016,V. M. Elin,,,,,,,api_error
24018,Aleksandr Liubimov,,Male,,,,,api_error
24024,F.P.K.,,,,,,,api_error
24026,Ser-Gei [Sergei Skripitsyn],,Male,,,,,api_error
24029,Il'ia Mashkov,,Female,,,,,api_error
24045,Boris Titov,,Male,,,,,api_error
24048,Iurii Sadylenko,,Male,,,,,api_error
24049,O. Ruban,,,,,,,api_error
24063,B. Timov,,,,,,,api_error
24072,G. Riftin,,,,,,,api_error
24073,Aleksei Levin,,Male,,,,,api_error
24076,Leonid Khyzhins'kyi,,Male,,,,,api_error
24080,Gennadii Epifanov,,Male,,,,,api_error
24082,Valerian Dvorakovskii,,Male,,,,,api_error
24085,E. A. Brylov,,,,,,,api_error
24086,Aleksandr Tyshler,,Male,,,,,api_error
24089,Sophie Lissitsky,,Female,,,,,api_error
24090,Evgenii Goliakhovskii,,Male,,,,,api_error
24094,Nikolai Denisovskii,,Male,,,,,api_error
24098,A. Smolianskii,,,,,,,api_error
24100,A. Radishchev,,,,,,,api_error
24101,Sofiia Nalepins'ka,,Female,,,,,api_error
24103,Vasyl' Kasiian,,Male,,,,,api_error
24106,L. Epple,,,,,,,api_error
24107,B. Zhukov,,,,,,,api_error
24109,M. A. Zelikson,,,,,,,api_error
24117,Ivan Rerberg,,Male,,,,,api_error
24125,Grigorii Gidoni,,Male,,,,,api_error
24126,Moisei Fradkin,,Male,,,,,api_error
24130,Ir Shtemberg,,,,,,,api_error
24131,Vasyl' Sedliar,,Male,,,,,api_error
24142,K. A. Aivazovskii,Russian,,,,,,api_error
24144,Boris Voronetskii,,Male,,,,,api_error
24145,Leonid Akishin,,Male,,,,,api_error
24146,David Buryshkin,,Male,,,,,api_error
24147,The Decorative Arts Institute,,,,,,,api_error
24148,Duplitskii,,,,,,,api_error
24149,Izoram,,,,,,,api_error
24150,Sarra Lebedeva,,Female,,,,,api_error
24151,The October Brigade,,,,,,,api_error
24153,N. A. Trotskii,,,,,,,api_error
24162,Nisson Shifrin,Russian,Male,,,,,api_error
24163,Ia Rudens'kyi,,,,,,,api_error
24164,G. Roslov,,,,,,,api_error
24165,Dmitrii Stakhievich Moor,Russian,Male,1883.0,1946.0,,,api_error
24168,Ottomar Anschütz,German,Male,1846.0,1907.0,,,api_error
24173,V. A. Horovyts,,,,,,,api_error
24174,H. S. Hural'nik,,,,,,,api_error
24178,Boris Fridkin,,Male,,,,,api_error
24180,Georgii Fisher,,Male,,,,,api_error
24181,Leonid Zusman,,Male,,,,,api_error
24183,K. Zotov,,,,,,,api_error
24184,Various Unknown Artists,,,,,,,api_error
24186,El'brus Gutnov,,,,,,,api_error
24187,N. Spirov,,,,,,,api_error
24189,I. Roginskii,,,,,,,api_error
24204,Aleksandr Surikov,,Male,,,,,api_error
24210,Bor. R.,,,,,,,api_error
24211,Anatol' Petryts'kyi,,Male,,,,,api_error
24214,Tat'iana Mavrina,,Female,,,,,api_error
24215,Evgen Mei,,Male,,,,,api_error
24216,G. Krastashevskii,,,,,,,api_error
24223,P. Kharybin,,,,,,,api_error
24227,A. Karra,,,,,,,api_error
24230,Nikolai Il'in,,Male,,,,,api_error
24231,E. Shol'te,,,,,,,api_error
24237,Mecheslav Dobrokovskii,,,,,,,api_error
24246,V. Vorus'kii,,,,,,,api_error
24247,Aleksandr Deneika,,Male,,,,,api_error
24255,Oleksii Usachov,,Male,,,,,api_error
24257,Evgeniia Evenbakh,,Female,,,,,api_error
24260,Andronova,,,,,,,api_error
24261,Raspopina,,,,,,,api_error
24262,Sigina,,,,,,,api_error
24265,Mikhail Maslianenko,,Male,,,,,api_error
24268,M. Litvak,,,,,,,api_error
24276,Konstantin Rotov,,Male,,,,,api_error
24280,Valentin Kataev,,Male,,,,,api_error
24285,Georgii Tsapok,,Male,,,,,api_error
24286,I. Shlepianov,,,,,,,api_error
24295,G. I. Geronskii,,,,,,,api_error
24300,I. Sunderland,,,,,,,api_error
24316,Viktor Nikolaevich Deni,Russian,Male,1893.0,1946.0,,,api_error
24331,Dmitrii Sobolev,,Male,,,,,api_error
24332,Mykhailo Shcheglov,,Male,,,,,api_error
24341,Ivan Leonidov,Russian,Male,1902.0,1959.0,,,api_error
24342,Zinovii Gorbovets,,,,,,,api_error
24343,Evgenii Lansere,,,,,,,api_error
24344,A. Rozanova,,,,,,,api_error
24346,B. K.,,,,,,,api_error
24350,Iu Kri'd'n,,,,,,,api_error
24365,Oleksii Marenkov,,Male,,,,,api_error
24369,P. Moskalenko,,,,,,,api_error
24370,Otakar Mrkvicki,,Male,,,,,api_error
24376,Marianne Breslauer,German,Female,1909.0,2001.0,,,api_error
24378,"Proletkult, Leningrad",,,,,,,api_error
24385,Aleksandr Deineka,,Male,,,,,api_error
24386,Elizaveta Dorfman,,Female,,,,,api_error
24387,B. Tatarinov,,,,,,,api_error
24388,Mykola Kriukov,,,,,,,api_error
24389,R. Kh.,,,,,,,api_error
24391,M. Kraian,,,,,,,api_error
24393,Vera Ivanova,,Female,,,,,api_error
24394,Aurel Bauh,French,Male,1900.0,1964.0,,,api_error
24395,Andrei Gippius,,Male,,,,,api_error
24396,Lotte (Charlotte) Beese,German,Female,1903.0,1988.0,,,api_error
24401,Georges Blanc,French,Male,,,,,api_error
24409,Various Artists,,,,,,,api_error
24413,Karl Blossfeldt,German,Male,1865.0,1932.0,,,api_error
24414,Théo Blanc,French,Male,1891.0,1985.0,,,api_error
24417,Vasyl' Atamaniuk,,Male,,,,,api_error
24426,K. Turganov,,,,,,,api_error
24427,Edmund Collein,German,Male,1906.0,1992.0,,,api_error
24428,Heinz Loew,German,Male,1903.0,1981.0,,,api_error
24429,Erich Comeriner,German,Male,1907.0,1978.0,,,api_error
24430,Marjorie Content,American,Female,1895.0,1984.0,,,api_error
24431,Horacio Coppola,Argentine,Male,1906.0,2012.0,,,api_error
24434,Wenda Gu,Chinese,Male,1955.0,,,,api_error
24440,M. E.,,,,,,,api_error
24441,E. S. Minin,,,,,,,api_error
24450,Semyon Fridlyand,Russian,Male,1905.0,1964.0,,,api_error
24451,Alexander Hackenschmied,American,Male,1907.0,2004.0,,,api_error
24452,Sigurd Lewerentz,Swedish,Male,,,,,api_error
24453,Vladimir Roskin,,Male,,,,,api_error
24455,Jaroslava Hatláková,Czech,Female,1904.0,1989.0,,,api_error
24456,E. Rozhdestvenskaia,,,,,,,api_error
24457,Irene Hoffmann,German,Female,1903.0,1971.0,,,api_error
24458,Reinhard & Hofmeister,American,,,,,,api_error
24459,Olga Deineko,,Female,,,,,api_error
24462,Peter A. Juley,American,Male,1862.0,1937.0,,,api_error
24463,Roman Karmen,Russian,Male,1906.0,1978.0,,,api_error
24465,István Kerny,Hungarian,Male,1879.0,1963.0,,,api_error
24467,A. Gromov,,,,,,,api_error
24468,Edmund Kesting,German,Male,1892.0,1970.0,,,api_error
24469,L. Shteiner,,,,,,,api_error
24470,Imre Kinszki,Hungarian,Male,1901.0,1945.0,,,api_error
24471,K. Kuznetsov,,,,,,,api_error
24472,Pavel Sil'vanskii,,Male,,,,,api_error
24474,Fred Korth,American,Male,1902.0,1983.0,,,api_error
24477,Jiří Lehovec,Czech,Male,1909.0,1995.0,,,api_error
24478,Evgeniia Spas'ka,,Female,,,,,api_error
24486,Aleksei Radakov,,Male,,,,,api_error
24487,B. Popov,,,,,,,api_error
24488,Ilya Repin,,Male,,,,,api_error
24489,V. Zamiralio,,,,,,,api_error
24490,Otto Lindig,German,Male,1895.0,1966.0,,,api_error
24495,Eli Lotar,French,Male,1905.0,1969.0,,,api_error
24500,Felix H. Man,British,Male,1893.0,1985.0,,,api_error
24502,Ber Blank,Russian,Male,1897.0,1957.0,,,api_error
24503,Oleksandr Dovgal',,Male,,,,,api_error
24504,Mariia Kotliarevs'ka,,Female,,,,,api_error
24505,Werner Mantz,German,Male,1901.0,1983.0,,,api_error
24506,I. I. Brodskii,,,,,,,api_error
24507,A. Fedorski,,,,,,,api_error
24511,Hannes Meyer,Swiss,Male,1889.0,1954.0,,,api_error
24512,Avenir Chernomordik,Russian,Male,1897.0,1991.0,,,api_error
24513,Vs. Filippov,,,,,,,api_error
24514,N. Shebuev,,,,,,,api_error
24515,Lee Miller,American,Male,1907.0,1977.0,,,api_error
24522,Meer (Mark) Aksel'rod,,Male,,,,,api_error
24524,N. Golubchikov,,,,,,,api_error
24529,Jean Moral,French,Male,1906.0,1999.0,,,api_error
24532,Adolf Navara,Czech,Male,,,,,api_error
24533,Oskar Nerlinger,German,Male,1893.0,1969.0,,,api_error
24535,Gyula Pap,Hungarian,Male,1899.0,1983.0,,,api_error
24538,József Pécsi,Hungarian,Male,1889.0,1956.0,,,api_error
24540,Robert Petschow,German,Male,1888.0,1945.0,,,api_error
24542,Vladimir Roberg,,Male,,,,,api_error
24547,Lev Kaplan,,,,,,,api_error
24551,Edward W. Quigley,American,Male,1898.0,1977.0,,,api_error
24552,Leni Riefenstahl,German,Female,1902.0,2003.0,,,api_error
24554,Vitalii Lavrov,,Male,,,,,api_error
24555,Frieda Gertrud Riess,German,Female,1890.0,1957.0,,,api_error
24557,Evgenii Nekrasov,,,,,,,api_error
24558,Mykola Pavliuk,,,,,,,api_error
24568,Nikolai Alekseev,,Male,,,,,api_error
24570,Albert Rudomine,French,Male,1892.0,1975.0,,,api_error
24572,Gregor Schneider,German,Male,1969.0,,,,api_error
24573,Sasha Stone,American,Male,1895.0,1940.0,,,api_error
24574,Stefan Themerson,American,Male,1910.0,1988.0,,,api_error
24575,Dziga Vertov,Russian,Male,1895.0,1954.0,,,api_error
24576,František Vobecký,Czech,Male,1902.0,1991.0,,,api_error
24577,Wanda Wulz,Italian,Female,1903.0,1984.0,,,api_error
24578,Iwao Yamawaki,Japanese,Male,1898.0,1987.0,,,api_error
24579,Yva (Else Simon),German,Female,1900.0,1942.0,,,api_error
24580,Willy Zielke,German,Male,1902.0,1989.0,,,api_error
24581,Gertrud Arndt,German,Female,1903.0,2000.0,,,api_error
24582,Irene Bayer-Hecht,American,Female,1898.0,1991.0,,,api_error
24583,Vasili Elkin,,Male,,,,,api_error
24584,Gertrude LeRoy Brown,American,Female,1870.0,1934.0,,,api_error
24585,Clarence Sinclair Bull,American,Male,1896.0,1979.0,,,api_error
24586,Alma Siedhoff-Buscher,German,Female,1899.0,1944.0,,,api_error
24588,Lore Feininger,German,Female,1901.0,1991.0,,,api_error
24589,Hans Finsler,Swiss,Male,1891.0,1972.0,,,api_error
24590,Karl Grill,Austrian,Male,1889.0,1966.0,,,api_error
24591,Johan Hagemeyer,American,Male,1884.0,1962.0,,,api_error
24592,Paul Edmund Hahn,German,Male,1897.0,1960.0,,,api_error
24593,John P. Heins,American,Male,1896.0,1969.0,,,api_error
24594,J. Jay Hirz,American,,,,,,api_error
24595,Bernard Shea Horne,American,Male,1867.0,1933.0,,,api_error
24597,"Walter R. Latimer, Sr.",American,Male,1880.0,1924.0,,,api_error
24598,Paul Parker,American,Male,,,,,api_error
24599,Lotte Reiniger,German,Female,1899.0,1981.0,,,api_error
24600,Willi Ruge,German,Male,1882.0,1961.0,,,api_error
24601,Kate Steinitz,American,Female,1889.0,1975.0,,,api_error
24602,Andreas Walser,Swiss,Male,1908.0,1930.0,,,api_error
24605,Georgii Zimin,Russian,Male,1900.0,1985.0,,,api_error
24609,Antoine Demilly,French,Male,1892.0,1964.0,,,api_error
24610,Jean Painlevé,French,Male,1902.0,1989.0,,,api_error
24619,Flex Development B.V.,Dutch,,1988.0,,,,api_error
24620,"Cleverline, the Netherlands",,,,,,,api_error
24627,Jürgen Mayer H.,German,Male,1965.0,,,,api_error
24628,Sebastian Finckh,German,Male,1963.0,,,,api_error
24636,Elena Bortsova,,Female,,,,,api_error
24637,Tat’iana Glebova,,Female,,,,,api_error
24638,Nina Ivanova,,Female,,,,,api_error
24639,Efraim Lesov,,Male,,,,,api_error
24640,Mikhail Makarov,,Male,,,,,api_error
24641,Vladimir Meshkov,,Male,,,,,api_error
24642,Alisa Poret,,Female,,,,,api_error
24643,Nina Soboleva,,Female,,,,,api_error
24644,Liubov’ Tagrina,,,,,,,api_error
24645,Mikhail’ Tsybasov,,Male,,,,,api_error
24646,Konstantin Vakhremeev,,Male,,,,,api_error
24647,Sofia Zaklikovskaia,,Female,,,,,api_error
24648,Pavel Zal’tsman,,Male,,,,,api_error
24649,Collective of Masters of Analytical Art-Pavel Filonov’s School,,,,,,,api_error
24657,Adolf Meyer,German,Male,1881.0,1929.0,,,api_error
24658,"S.A. Loevy, Berlin, Germany",,,,,,,api_error
24669,Henry Ehlers,German,Male,1897.0,,,,api_error
24671,Fritz Landwehr,German,Male,1897.0,1966.0,,,api_error
24697,Tokujin Yoshioka,Japanese,Male,1967.0,,,,api_error
24704,Pandora Design,Italian,,1998.0,,,,api_error
24705,Giulio Iacchetti,Italian,Male,1966.0,,,,api_error
24706,Matteo Ragni,Italian,Male,1972.0,,,,api_error
24707,J. T. Snyder,,,,,,,api_error
24714,Gustave Falconnier,Swiss,Male,,,,,api_error
24729,"Toscano Manetti, Florence",,,,,,,api_error
24761,Atelier VNC,,,,,,,api_error
24770,Miriam Bäckström,Swedish,Female,1967.0,,,,api_error
24771,Oliver Boberg,German,Male,1965.0,,,,api_error
24772,Edward Burtynsky,Canadian,Male,1955.0,,,,api_error
24775,M. Brodskii,,,,,,,api_error
24777,Maria Magdalena Campos-Pons,Cuban,Female,1959.0,,,,api_error
24801,Paul Etienne Lincoln,British,Male,1959.0,,,,api_error
24859,Elinor Carucci,Israeli,Female,1971.0,,,,api_error
24860,"Willys-Overland Motors, Inc., Toledo, Ohio",American,,1909.0,,,,api_error
24863,"Micro Compact Car Smart GmbH, Renningen, Germany, and Hambach, France",,,1994.0,,,,api_error
24864,Ferdinand Porsche,German,Male,1875.0,1951.0,,,api_error
24866,"Volkswagenwerk, Germany",German,,1938.0,,,,api_error
24869,Yinka Shonibare,British,Male,1962.0,,,,api_error
24877,Charles Corte,American,Male,1913.0,1961.0,,,api_error
24881,George Mejat / Movietone News / Twentieth Century Fox,,,,,,,api_error
24885,John Waters,American,Male,1946.0,,,,api_error
24893,"Volkswagenwerk AG, Wolfsburg, West Germany",,,,,,,api_error
24938,"La Civiplast S.n.c. di Vittorio e Ciro Boschetti, Malgesso, Italy",,,,,,,api_error
25038,Porfiry Krylov,Russian,Male,1902.0,1990.0,,,api_error
25074,N. Danylov,,,,,,,api_error
25098,"Futuristy ""Gileia"", Moscow-Kherson",,,,,,,api_error
25103,Jutta Sika,Austrian,Female,1877.0,1964.0,,,api_error
25104,"Wiener Porzellanmanufaktur Josef Böck (Josef Böck Porcelain Factory, Vienna)",,,,,,,api_error
25138,Philip Webb,British,Male,1831.0,1915.0,,,api_error
25167,"J. Powell & Sons, London",,,,,,,api_error
25181,Michaël Borremans,Belgian,Male,1963.0,,,,api_error
25182,Mark Manders,Dutch,Male,1968.0,,,,api_error
25189,Ernesto Neto,Brazilian,Male,1964.0,,,,api_error
25190,Chloe Piene,American,Female,1972.0,,,,api_error
25254,Mei-mei Berssenbrugge,,Female,1947.0,,,,api_error
25298,Reinhard Mucha,German,Male,1950.0,,,,api_error
25299,Chéri Samba,Congolese,Male,1956.0,,,,api_error
25412,Ryan McGinness,American,Male,1972.0,,,,api_error
25414,Julie Mehretu,American,Female,1970.0,,,,api_error
25415,Roxy Paine,American,Male,1966.0,,,,api_error
25430,Jason Middlebrook,American,Male,1966.0,,,,api_error
25444,G. L. Kuz'min,,,,,,,api_error
25465,Huang Yong Ping,Chinese,Male,1954.0,,,,api_error
25478,Theodor Paul Etbauer,German,Male,1892.0,1975.0,,,api_error
25480,Daniel Zeller,American,Male,1965.0,,,,api_error
25515,Joey Kötting,British,Male,1966.0,,,,api_error
25520,Jerome Neuner,American,Male,1945.0,,,,api_error
25523,Yoshitomo Nara,Japanese,Male,1959.0,,,,api_error
25552,Gilbert Proesch,British,Male,1943.0,,,,api_error
25577,Robert Beck,American,Male,1959.0,,,,api_error
25581,Jonathan Hammer,American,Male,1960.0,,,,api_error
25582,Arturo Herrera,Venezuelan,Male,1959.0,,,,api_error
25599,Denise Green,Australian,Female,1946.0,,,,api_error
25615,Mackay Hugh Baillie Scott,British,Male,1865.0,1945.0,,,api_error
25817,Walter Hopps,,Male,,,,,api_error
25826,"Pyghtle Works, Bedford, England",,,,,,,api_error
25842,"Eileen Gray Workshop, Paris, France",,,,,,,api_error
25843,Jonathan Ive,British,Male,1967.0,,,,api_error
25860,Sergius Ruegenberg,German,Male,1903.0,1996.0,,,api_error
25956,Enrique Montenegro,American,Male,1917.0,2003.0,,,api_error
25964,Marlon Castellanos,Cuban,Male,1974.0,,,,api_error
25965,Sandra Ramos,Cuban,Female,1969.0,,,,api_error
25966,"John F. Simon, Jr.",American,Male,1963.0,,,,api_error
25967,Ruth Root,American,Female,1967.0,,,,api_error
25973,Paul Noble,British,Male,1963.0,,,,api_error
25977,Jessica Diamond,American,Female,1957.0,,,,api_error
25982,Olafur Eliasson,Icelandic,Male,1967.0,,,,api_error
25983,Rodney Graham,Canadian,Male,1949.0,,,,api_error
25997,Myron Goldsmith,American,,1918.0,1996.0,,,api_error
26078,Alex Gama,Brazilian,Male,1950.0,,,,api_error
26079,Yun-Fei Ji,Chinese,Male,1963.0,,,,api_error
26088,Harry Lachman,American,Male,1886.0,1975.0,,,api_error
26097,Kim Young Jin,Korean,Male,1965.0,,,,api_error
26098,GrandTec USA,,,,,,,api_error
26099,Markus Freitag,Swiss,Male,1971.0,,,,api_error
26100,Daniel Freitag,Swiss,Male,1972.0,,,,api_error
26101,"Freitag, Zurich, Switzerland",Swiss,,,,,,api_error
26103,Thomas Scheibitz,German,Male,1968.0,,,,api_error
26109,unpublished,,,,,,,api_error
26123,Paul Bonatz,German,Male,1877.0,1956.0,,,api_error
26124,Friedrich Eugen Scholer,German,Male,1874.0,1949.0,,,api_error
26125,G. Schleicher,,,,,,,api_error
26126,Konstanty Gutschow,German,Male,1902.0,1978.0,,,api_error
26128,Adolf Gustav Friedrich Schneck,German,Male,1883.0,1971.0,,,api_error
26129,Adolf Abel,German,Male,1882.0,1968.0,,,api_error
26130,Alfred Fischer,German,Male,1881.0,1950.0,,,api_error
26131,Richard Döcker,German,Male,1894.0,1968.0,,,api_error
26132,Wetzel,,,,,,,api_error
26133,Schuhmacher,,,,,,,api_error
26134,Ernst Stahl,German,Male,1882.0,1957.0,,,api_error
26145,Robert James Leonetti,American,Male,1965.0,,,,api_error
26152,James Dyson,British,Male,1947.0,,,,api_error
26153,"Dyson Ltd., England",,,1993.0,,,,api_error
26155,Fernando Bryce,Peruvian,Male,1965.0,,,,api_error
26156,npk industrial design b.v.,Dutch,,1979.0,,,,api_error
26158,Wolfram Peters,Dutch,Male,1952.0,,,,api_error
26159,Robert Sluijter,Dutch,Male,1967.0,,,,api_error
26160,Janwillem Bouwknegt,Dutch,,1973.0,,,,api_error
26161,Camille van den Brande,Dutch,Female,1966.0,,,,api_error
26162,Paul Groeneveld,Dutch,Male,1974.0,,,,api_error
26163,Dremefa b.v.,Dutch,,,,,,api_error
26166,Carl Auböck,Austrian,Male,1900.0,1957.0,,,api_error
26169,Ginny Bishton,American,Female,1967.0,,,,api_error
26171,George Dodson,,Male,,,,,api_error
26178,Kai Althoff,German,Male,1966.0,,,,api_error
26194,"Bauhaus Furniture Workshop, Dessau, Germany",,,,,,,api_error
26195,Charles LeDray,American,Male,1960.0,,,,api_error
26215,Susan Hambleton,American,Female,1940.0,,,,api_error
26216,Sang-Ah Choi,Korean,Female,1971.0,,,,api_error
26218,Benjamin Edwards,American,Male,1970.0,,,,api_error
26244,Abel Barroso,Cuban,Male,1971.0,,,,api_error
26245,Pierre Huyghe,French,Male,1962.0,,,,api_error
26246,Michael Raedecker,Dutch,Male,1963.0,,,,api_error
26247,Angela Bulloch,Canadian,Female,1966.0,,,,api_error
26263,"Duracell International Inc., Bethel, Connecticut",American,,1944.0,,,,api_error
26271,Vladimir Borissovitch Yankilevsky,Russian,,1938.0,,,,api_error
26273,Jules Séeberger (Séeberger Freres),French,Male,1872.0,1932.0,,,api_error
26275,J. J. Pieter Oud,Dutch,Male,1890.0,1963.0,,,api_error
26276,"W. H. Gispen & Company, Denmark",Dutch,,1916.0,,,,api_error
26279,Björn Roth,,Male,,,,,api_error
26287,Oswald Wiener,,,,,,,api_error
26299,Lebbeus Woods,American,Male,1940.0,2012.0,,,api_error
26336,Robin Page,British,Male,1932.0,,,,api_error
26342,Michael Kalil,American,Male,1943.0,1991.0,,,api_error
26359,John Wood,American,Male,1922.0,,,,api_error
26361,Jesse Reiser,American,Male,1958.0,,,,api_error
26362,Nanako Umemoto,American,Female,,,,,api_error
26363,Reiser + Umemoto RUR Architecture PC,American,,1986.0,,,,api_error
26369,Mako Idemitsu,Japanese,Female,1940.0,,,,api_error
26370,Li Yongbin,Chinese,Female,1963.0,,,,api_error
26371,Kristin Lucas,American,Female,1968.0,,,,api_error
26374,Edin Vélez,American,Male,1951.0,,,,api_error
26375,Zhang Peili,Chinese,Male,1957.0,,,,api_error
26376,Philip Vincent,British,Male,1908.0,1982.0,,,api_error
26377,Phil Irving,Australian,Male,1903.0,1992.0,,,api_error
26378,"Vincent-HRD Company Ltd., Stevenage, Herts, England",British,,1928.0,1955.0,,,api_error
26380,Alex Moulton,British,Male,1920.0,2012.0,,,api_error
26382,Marco Maggi,Uruguayan,Male,1957.0,,,,api_error
26393,Greg Lynn,American,Male,1964.0,,,,api_error
26398,United Architects,American,,2002.0,,,,api_error
26399,"Foreign Office Architects (FOA), London",,,1992.0,2011.0,,,api_error
26402,Imaginary Forces,American,,1996.0,,,,api_error
26418,Critical Art Ensemble,American,Male,1987.0,,,,api_error
26421,Louise Wilson,British,Female,1967.0,,,,api_error
26424,Jane Wilson,British,Female,1967.0,,,,api_error
26439,Marina Abramović,Yugoslav,Female,1946.0,,,,api_error
26440,Seoungho Cho,Korean,Male,1959.0,,,,api_error
26441,Paul Pfeiffer,American,Male,1966.0,,,,api_error
26442,Piotr Wyrzykowski,Polish,Male,1968.0,,,,api_error
26444,Cedric Buchet,Danish,Male,1974.0,,,,api_error
26446,Simone Nieweg,German,Female,1962.0,,,,api_error
26464,Eija-Liisa Attilah,,,,,,,api_error
26465,Josiah McElheny,American,Male,1966.0,,,,api_error
26470,Alejandro Ruiz,Argentine,Male,1958.0,,,,api_error
26479,Valérie Belin,French,Female,1964.0,,,,api_error
26480,Collier Schorr,American,Female,1963.0,,,,api_error
26482,"Alex Moulton Bicycles, England",British,,1958.0,,,,api_error
26488,David Childs,American,Male,1941.0,,,,api_error
26491,Francesco Binfaré,Italian,Male,1939.0,,,,api_error
26492,"Edra S.p.A., Italy",Italian,,1987.0,,,,api_error
26498,David Wark Griffith,American,Male,1874.0,1948.0,,,api_error
26508,Philip Johnson / Alan Ritchie Architects,American,,,,,,api_error
26512,Claude Closky,French,Male,1963.0,,,,api_error
26516,Robert Polidori,Canadian,Male,1951.0,,,,api_error
26520,Denier Studio,,,,,,,api_error
26521,Louis Séeberger (Séeberger Frères),French,Male,1874.0,1946.0,,,api_error
26522,Henri Séeberger (Séeberger Frères),French,Male,1876.0,1956.0,,,api_error
26523,Evelene Wechsler,American,Female,,,,,api_error
26529,John L. Dunmore,American,Male,,,,,api_error
26540,Martin Roberts,British,,1943.0,,,,api_error
26542,Cheryl Donegan,American,Female,1962.0,,,,api_error
26543,Peter Callas,Australian,Male,1952.0,,,,api_error
26544,John Pilson,American,Male,1968.0,,,,api_error
26545,Melinda Morey,American,Female,1963.0,,,,api_error
26555,Malick Sidibé,Malian,Male,1936.0,2016.0,,,api_error
26557,Robert P. Tennant,American,,1948.0,,,,api_error
26589,Bob Olodort,American,Male,1946.0,,,,api_error
26597,Bodo Rasch,German,Male,1903.0,1995.0,,,api_error
26601,Gerhard Behrend,,Male,,,,,api_error
26607,Fred Wilson,American,Male,1954.0,,,,api_error
26608,Stan Brakhage,American,Male,1933.0,2003.0,,,api_error
26612,Walt Disney,American,Male,1901.0,1966.0,,,api_error
26613,Clint Eastwood,American,Male,1930.0,,,,api_error
26614,Rainer Werner Fassbinder,German,Male,1945.0,1982.0,,,api_error
26616,Leandro Katz,Argentine,,1938.0,,,,api_error
26617,Álvaro Barrios,Colombian,Male,1945.0,,,,api_error
26620,Regina Silveira,Brazilian,Female,1939.0,,,,api_error
26625,Federico Fellini,Italian,Male,1920.0,1993.0,,,api_error
26626,Francis Ford Coppola,American,Male,1939.0,,,,api_error
26627,John Ford,American,Male,1894.0,1973.0,,,api_error
26632,Fabrice Hybert,French,Male,1961.0,,,,api_error
26637,Glen Luchford,British,Male,1968.0,,,,api_error
26650,Charles Currey,British,Male,1890.0,1973.0,,,api_error
26651,Stanley Kubrick,American,Male,1928.0,1999.0,,,api_error
26652,Louis Lumière,French,Male,1864.0,1948.0,,,api_error
26653,Leo McCarey,American,,1898.0,1969.0,,,api_error
26654,Vincente Minnelli,American,Male,1903.0,1986.0,,,api_error
26655,F.W. Murnau,German,Male,1888.0,1931.0,,,api_error
26657,Jean Renoir,French,Male,1894.0,1979.0,,,api_error
26658,Martin Scorsese,American,Male,1942.0,,,,api_error
26660,George Stevens,American,Male,1904.0,1975.0,,,api_error
26661,Agnès Varda,French,Female,1928.0,,,,api_error
26662,Orson Welles,American,Male,1915.0,1985.0,,,api_error
26678,Grace Note Windchimes,,,,,,,api_error
26679,Jeff Kile,,Male,,,,,api_error
26680,"Jakob Schläpfer AG, St.Gallen",,,,,,,api_error
26683,Joseph E. Yoakum,American,Male,1890.0,1972.0,,,api_error
26684,Moshekwa Langa,South African,Male,1975.0,,,,api_error
26685,Verne Dawson,American,Male,1961.0,,,,api_error
26686,Sid Kaplan,American,Male,1938.0,,,,api_error
26690,Hanna Schygulla,German,Female,1943.0,,,,api_error
26719,Erich von Stroheim,French,Male,1885.0,1957.0,,,api_error
26737,Todd Greene,American,Male,1967.0,,,,api_error
26738,"The HeadBlade Company, LLC, Los Angeles, CA",American,,2000.0,,,,api_error
26739,Julio Plaza,Brazilian,Male,1938.0,2003.0,,,api_error
26740,Dinh Q. Lê,American,Male,1968.0,,,,api_error
26770,José Antonio Suárez Londoño,Colombian,Male,1955.0,,,,api_error
26772,Warner Bros. Records,,,1958.0,,,,api_error
26783,Alan Ritchie,American,Male,1938.0,,,,api_error
26805,Franco Annoni,Swiss,Male,1924.0,1992.0,,,api_error
26808,Giorgio DeCurso,Italian,,1927.0,,,,api_error
26812,Archizoom Associati,Italian,,1966.0,1974.0,,,api_error
26816,"Idée (Kurosaki Trading Company), Japan",,,,,,,api_error
26820,"Piaggio S.p.A., Pontedera, Italy",Italian,,1884.0,,,,api_error
26821,Corradino D'Ascanio,Italian,Male,1891.0,1981.0,,,api_error
26838,Hugo Dreyfuss,,Male,,,,,api_error
26839,Fang Lijun,Chinese,Male,1963.0,,,,api_error
26840,Boris Berlin,Danish,Male,1953.0,,,,api_error
26841,Poul Christiansen,Danish,,1947.0,,,,api_error
26842,Komplot Design,Danish,,1987.0,,,,api_error
26850,"Weiss/Manfredi Architects, New York, NY",,,,,,,api_error
26852,Carme Pinos,Spanish,Female,1954.0,,,,api_error
26859,Adriaan Geuze,Dutch,Male,1960.0,,,,api_error
26860,"James Corner, Field Operations, New York",,,,,,,api_error
26866,Chris Johanson,American,Male,1968.0,,,,api_error
26867,Paul Chan,Chinese,Male,1973.0,,,,api_error
26871,Lars Tunbjörk,Swedish,Male,1956.0,2015.0,,,api_error
26883,"Unimark International Corporation, New York",American,,1964.0,,,,api_error
26884,Hong Hao,Chinese,Male,1965.0,,,,api_error
26900,Josef von Sternberg,Austrian,Male,1894.0,1969.0,,,api_error
26901,"Ro RC, Belgium",,,,,,,api_error
26932,Murray Broom,New Zealander,Male,1955.0,,,,api_error
26933,Clear Blue Hawaii,,,2001.0,,,,api_error
26934,Nick Schade,American,Male,1963.0,,,,api_error
26951,Andy Diaz Hope,American,Male,1967.0,,,,api_error
26954,Bayer Research Laboratories,German,,1863.0,,,,api_error
26958,Earle Dickson,American,Male,1891.0,1936.0,,,api_error
26959,"Johnson & Johnson Consumer Companies, Inc.",American,,1886.0,,,,api_error
26960,Coloplast A/S,Danish,,1957.0,,,,api_error
26965,Hermann Steiner,Swiss,,1913.0,,,,api_error
26966,"Steiner Lamello AG, Switzerland",,,,,,,api_error
26967,William Painter,American,Male,1838.0,1906.0,,,api_error
26969,Marc A. Chavannes,Swiss,Male,1896.0,1994.0,,,api_error
26970,Alfred W. Fielding,American,Male,1917.0,1994.0,,,api_error
26971,"Sealed Air Corporation, USA",,,,,,,api_error
26973,"Alcoa, Inc., USA",American,,,,,,api_error
26977,Enric Bernat i Fontlladosa,Spanish,Male,1923.0,2003.0,,,api_error
26978,"Chupa Chups S.A., Spain",,,,,,,api_error
26981,Jack Clements,American,Male,,,,,api_error
26982,"Solo Cup Company, USA",,,,,,,api_error
26983,Otto Wichterle,Czech,Male,1913.0,1998.0,,,api_error
26984,"Bausch & Lomb, USA",,,1853.0,,,,api_error
26985,Philips Research Laboratories,Dutch,,1891.0,,,,api_error
26987,"Sony Research Laboratories, company design",Japanese,,1946.0,,,,api_error
26988,"Philips & Co., Eindhoven, the Netherlands",,,1891.0,,,,api_error
26995,Walter Frederick Morrison,American,Male,1920.0,,,,api_error
26996,Warren Franscioni,American,Male,1917.0,1974.0,,,api_error
26997,"Wham-O, Inc., USA",,,,,,,api_error
27003,Noel Zeller,American,Male,1936.0,,,,api_error
27005,Herman Goelitz Rowland,American,Male,1941.0,,,,api_error
27006,"Herman Goelitz Candy Company; now Jelly Belly Candy Company, USA",,,,,,,api_error
27007,Kenji Ekuan,Japanese,Male,1929.0,,,,api_error
27008,"Kikkoman Corporation, Japan",,,,,,,api_error
27009,GK Design Group,Japanese,,1953.0,,,,api_error
27011,"Kokuyo Co., Japan",,,,,,,api_error
27018,Forrest Mars,American,Male,1904.0,1999.0,,,api_error
27019,"Mars, Inc., USA",,,,,,,api_error
27020,Charles B. Stilwell,American,Male,,,,,api_error
27023,GEM Manufacturing Ltd.,British,,,,,,api_error
27024,William Middlebrook,American,,,,,,api_error
27025,"ACCO Brands, Inc., USA",American,,,,,,api_error
27026,Hugh Moore,American,Male,,,,,api_error
27027,Lawrence Luellen,American,Male,,,,,api_error
27028,"Dixie Paper Cup Company; now Georgia-Pacific Corporation, USA",,,,,,,api_error
27031,"Faber-Castell, Germany",,,,,,,api_error
27032,Edwin Moore,American,Male,1878.0,1916.0,,,api_error
27033,"Moore Push-Pin Company, USA",,,,,,,api_error
27034,Leo Gerstenzang,American,Male,,,,,api_error
27035,"Leo Gerstenzang Infant Novelty Company; now Q-tips, Inc., USA",,,,,,,api_error
27037,Walter Hunt,American,Male,1795.0,1859.0,,,api_error
27038,"A. Meyers & Sons Corp., USA",American,,,,,,api_error
27040,Richard James,American,Male,1914.0,1975.0,,,api_error
27041,Betty James,American,Female,1918.0,2008.0,,,api_error
27042,"James Spring & Wire Company; later James Industries; now a brand of Poof-Slinky, Inc., USA",,,,,,,api_error
27049,Ruben Rausing,Swedish,Male,1895.0,1983.0,,,api_error
27050,Erik Wallenberg,Swedish,Male,1915.0,1999.0,,,api_error
27051,"Tetra Pak, Sweden",,,,,,,api_error
27052,Tetra Pak Research Laboratories,,,1951.0,,,,api_error
27057,Hymen Lipman,American,,,,,,api_error
27059,"Yaktrax, Inc.",American,,,,,,api_error
27060,"Ziploc, USA",,,,,,,api_error
27081,Daniel F. Cudzik,American,Male,1934.0,,,,api_error
27127,Beatrice Wood,American,Female,1893.0,1998.0,,,api_error
27139,Heinrich Hoerle,German,Male,1896.0,1936.0,,,api_error
27144,Eve Aschheim,American,Female,1958.0,,,,api_error
27148,Brad Brown,American,Male,1964.0,,,,api_error
27149,Hideo Kanbara,Japanese,Male,1978.0,,,,api_error
27150,"S.C. Johnson, company design",,,,,,,api_error
27153,Kenneth Capps,American,Male,1939.0,,,,api_error
27154,Anne Chu,American,Female,1959.0,2016.0,,,api_error
27155,Max Cole,American,Female,1937.0,,,,api_error
27161,Elena del Rivero,Spanish,Female,1949.0,,,,api_error
27162,Lee Etheredge IV,American,Male,1968.0,,,,api_error
27163,Kendra Ferguson,American,Female,1946.0,,,,api_error
27165,Cheryl Goldsleger,American,Female,1951.0,,,,api_error
27169,Teo González,Spanish,Male,1964.0,,,,api_error
27178,Christine Hiebert,American,Female,1960.0,,,,api_error
27179,Ann Ledy,American,Female,1952.0,,,,api_error
27183,Julia Mangold,German,Female,1966.0,,,,api_error
27184,Stefana McClure,Irish,Female,1959.0,,,,api_error
27185,Stephen Metts,American,Male,1968.0,,,,api_error
27186,Tatsuo Miyajima,Japanese,Male,1957.0,,,,api_error
27187,Deborah Gottheil Nehmad,American,Female,1952.0,,,,api_error
27188,Gloria Ortiz-Hernández,Colombian,Female,1943.0,,,,api_error
27189,Crown Beverage Packaging,American,,,,,,api_error
27190,Duro Bag Manufacturing Company,American,,1953.0,,,,api_error
27191,Flaminaire,French,,1939.0,,,,api_error
27194,Laurie Reid,American,Female,1964.0,,,,api_error
27195,Erik Saxon,American,Male,1941.0,,,,api_error
27196,Susan Schwalb,American,Female,1944.0,,,,api_error
27197,Adolf Rambold,German,Male,1900.0,1996.0,,,api_error
27198,Teepack Spezialmaschinen GmbH & Co. KG,German,,1948.0,,,,api_error
27203,Zwelethu Mthethwa,South African,Male,1960.0,,,,api_error
27204,Joan Waltemath,American,Female,1953.0,,,,api_error
27208,Bayer HealthCare AG,German,,,,,,api_error
27210,Mr. Malcolm Daniel,,Male,,,,,api_error
27233,William E. Massie,American,Male,1962.0,,,,api_error
27237,Victoria Sambunaris,American,Female,1964.0,,,,api_error
27240,Erwin Pfrang,German,Male,1951.0,,,,api_error
27243,D-L Alvarez,American,Male,1965.0,,,,api_error
27259,Lindy Roy,South African,Female,1963.0,,,,api_error
27261,Visual AIDS Artists Caucus,American,,1988.0,,,,api_error
27262,Thomas E. Noy,American,,1948.0,,,,api_error
27267,MTA New York City Transit Team,American,,1953.0,,,,api_error
27305,Marc Räder,German,Male,1966.0,,,,api_error
27307,Enrique Metinides,Mexican,Male,1934.0,,,,api_error
27315,William Bradford,American,Male,1823.0,1892.0,,,api_error
27325,Hans Watzek,Austrian,Male,1848.0,1903.0,,,api_error
27326,Hugo Henneberg,Austrian,Male,1863.0,1918.0,,,api_error
27331,Johan Niegeman,Dutch,Male,1902.0,1977.0,,,api_error
27343,René Clair,French,Male,1898.0,1981.0,,,api_error
27345,Dainese S.p.A.,Italian,,1972.0,,,,api_error
27393,Kumi Machida,Japanese,Female,1970.0,,,,api_error
27397,Teodoro González de León,Mexican,Male,1926.0,,,,api_error
27403,Walton Ford,American,Male,1960.0,,,,api_error
27411,Paul Bruno,German,Male,1874.0,1968.0,,,api_error
27420,Pierre Henri Puiseux,French,Male,1855.0,1928.0,,,api_error
27427,Mark Dion,American,Male,1961.0,,,,api_error
27431,Neo Rauch,German,Male,1960.0,,,,api_error
27433,Peter Frankfurt,American,Male,1958.0,,,,api_error
27434,Mikon van Gastel,Dutch,Male,1971.0,,,,api_error
27435,Kevin Kennon,American,Male,1958.0,,,,api_error
27436,Farshid Moussavi,Iranian,Female,1965.0,,,,api_error
27437,Alejandro Zaera-Polo,Spanish,Male,1963.0,,,,api_error
27445,Lygia Clark,Brazilian,Female,1920.0,1988.0,,,api_error
27446,Gyula Kosice (Fernando Fallik),Argentine,Male,1924.0,2016.0,,,api_error
27447,Armando Reverón,Venezuelan,Male,1889.0,1954.0,,,api_error
27457,"GUBI, Copenhagen, Denmark",,,1976.0,,,,api_error
27461,Alfredo Barbini,Italian,Male,1912.0,2007.0,,,api_error
27463,"Vitsœ, London, England",,,1959.0,,,,api_error
27464,Tord Boontje,Dutch,Male,1968.0,,,,api_error
27465,Emma Woffenden,British,Male,1962.0,,,,api_error
27466,Haresh Lalvani,American,Male,1955.0,,,,api_error
27467,Milgo/Bufkin,American,,1916.0,,,,api_error
27468,Josef Klima,Austrian,Male,,,,,api_error
27469,Christian Sander,Austrian,Male,1788.0,1874.0,,,api_error
27470,Unknown Designer,Romanian,,,,,,api_error
27476,Ryue Nishizawa,Japanese,Male,1966.0,,,,api_error
27479,Ole Scheeren,German,Male,1971.0,,,,api_error
27482,"Solari di Udine, Italy",Italian,,1948.0,,,,api_error
27485,Michael Landy,British,Male,1963.0,,,,api_error
27488,Jeanne Moutoussamy-Ashe,American,Female,1951.0,,,,api_error
27491,James F. Gibson,American,Male,,,,,api_error
27492,Valentina Kulagina,Russian,Female,1902.0,1987.0,,,api_error
27503,Alan Herman,American,Male,1947.0,,,,api_error
27506,Mac Gramlich,,,,,,,api_error
27524,Guy Nordenson,American,Male,1955.0,,,,api_error
27531,Jeffrey Ingram Stone,,Male,,,,,api_error
27532,Victoria Gil,Spanish,Female,1963.0,,,,api_error
27544,"Bauhaus Metal Workshop, Weimar, Germany",German,,,,,,api_error
27556,"Alsop Ltd., London, England",British,,,,,,api_error
27561,Kutlug Ataman,Turkish,Male,1961.0,,,,api_error
27589,Solange Fabião,Brazilian,Female,1963.0,,,,api_error
27596,Heike Baranowsky,German,Female,1967.0,,,,api_error
27624,Eve Sussman | Rufus Corporation,American,Female,,,,,api_error
27627,"Collinson & Lock, London",,,,,,,api_error
27641,GE Aircraft Engines,American,,1942.0,,,,api_error
27642,CFAN,American,,1974.0,,,,api_error
27656,Graham Little,British,Male,1972.0,,,,api_error
27660,Glenn A. Davis,,Male,,,,,api_error
27662,Vitra GmbH,,,,,,,api_error
27663,Jennifer Pastor,American,Female,1966.0,,,,api_error
27669,Barry McGee,American,Male,1966.0,,,,api_error
27671,"Clear Blue Hawaii, Honolulu",,,,,,,api_error
27680,Bruce Gitlin,American,,1942.0,,,,api_error
27683,Alex Kveton,American,,1948.0,,,,api_error
27684,Neil Katz,American,,1962.0,,,,api_error
27712,Marcel Dzama,Canadian,Male,1974.0,,,,api_error
27713,Trenton Doyle Hancock,American,Male,1974.0,,,,api_error
27724,fuseproject,,,1999.0,,,,api_error
27725,Biomega,Danish,,1998.0,,,,api_error
27730,Kosuke Tsumura,Japanese,Male,1959.0,,,,api_error
27731,"A-net, Inc.",Japanese,,,,,,api_error
27732,Cindy van den Bremen,Dutch,Female,1972.0,,,,api_error
27733,Hareide Designmill,Norwegian,,2000.0,,,,api_error
27734,Bård Løtveit,Norwegian,,1959.0,,,,api_error
27735,AutoSock AS,Norwegian,,,,,,api_error
27736,Startloop AS,Norwegian,,,,,,api_error
27737,Gerhard Heufler,Austrian,Male,1944.0,,,,api_error
27741,"Gad Shaanan Design, Inc.",American,,1981.0,,,,api_error
27743,"Med-Eng Systems, Inc.",Canadian,,1981.0,,,,api_error
27753,Jens Martin Skibsted,Danish,Male,1970.0,,,,api_error
27754,PUMA,German,,,,,,api_error
27755,"Sony Electronics, Inc.",,,1946.0,,,,api_error
27756,"…XYZ Dot Dot Dot Ex Why Zed Design, Ltd.",South African,,2000.0,,,,api_error
27758,Roelf Mulder,South African,Male,1959.0,,,,api_error
27759,Karim Rashid,Egyptian,Male,1960.0,,,,api_error
27763,"Vessel, Inc.",American,,2001.0,,,,api_error
27765,Matthias Megyeri,German,Male,1973.0,,,,api_error
27767,Mathieu Lehanneur,French,Male,1974.0,,,,api_error
27768,Schiebel Elektronische Geräte GmbH,Austrian,,1951.0,,,,api_error
27776,Jackie Piper,American,,1968.0,,,,api_error
27777,Marcus Willcocks,British,Male,1977.0,,,,api_error
27778,"Design Against Crime Research Initiative, Central Saint Martins College of Art and Design",British,,2000.0,,,,api_error
27781,Carolien Vlieger,Dutch,Female,1975.0,,,,api_error
27782,Hein van Dam,Dutch,Male,1974.0,,,,api_error
27783,Vlieger & Vandam,Dutch,,2004.0,,,,api_error
27786,Anthony Dunne,British,Male,1964.0,,,,api_error
27787,Fiona Raby,British,Female,1963.0,,,,api_error
27788,Dunne & Raby,British,,1994.0,,,,api_error
27791,Michael Rakowitz,American,Male,1973.0,,,,api_error
27792,Martín Ruiz de Azúa,Spanish,Male,1965.0,,,,api_error
27801,Humanscale,American,,1982.0,,,,api_error
27802,Freeplay Energy Plc.,South African,,1996.0,,,,api_error
27807,Médecins Sans Frontières (Doctors Without Borders),,,1971.0,,,,api_error
27808,Ouzak Design Formation,Japanese,,1996.0,,,,api_error
27809,Takefu Knife Village,Japanese,,,,,,api_error
27818,Roy Arden,Canadian,Male,1957.0,,,,api_error
27819,Robert Demachy,French,Male,1859.0,1936.0,,,api_error
27820,Tim Lee,Korean,Male,1975.0,,,,api_error
27821,Robin Rhode,South African,Male,1976.0,,,,api_error
27822,Melanie Smith,British,Female,1965.0,,,,api_error
27853,Kazuhiro Yamanaka,Japanese,Male,1971.0,,,,api_error
27854,Pallucco Italia S.p.A.,Italian,,1980.0,,,,api_error
27856,Artecnica,American,,1986.0,,,,api_error
27857,Gray Foy,American,Male,1922.0,2012.0,,,api_error
27863,"MAK, Vienna",,,,,,,api_error
27879,Hill Jephson Robb,Scottish,Male,1970.0,,,,api_error
27881,Paul Kirps,Luxembourgish,Male,1969.0,,,,api_error
27888,Ralph Borland,South African,Male,1974.0,,,,api_error
27898,Carl Mertens,German,Male,1919.0,,,,api_error
27904,Naoto Fukasawa,Japanese,Male,1956.0,,,,api_error
27905,"Ryohin Keikaku Co., Ltd., Tokyo, Japan",,,,,,,api_error
27918,Olivier Peyricot,French,Male,1969.0,,,,api_error
27926,"Adachi Shiki Kogyo Co., Ltd.",Japanese,,1942.0,,,,api_error
27934,Antenna Design,American,,1997.0,,,,api_error
27944,Duncan Turner,British,Male,1979.0,,,,api_error
27946,Clean Call,American,,1995.0,,,,api_error
27947,Elizabeth A. Wilkes,American,Female,1945.0,,,,api_error
27951,"McLaren Performance Technologies, Inc.",American,,,,,,api_error
27952,"Carlson Technology, Inc.",American,,1982.0,,,,api_error
27953,Jan Marcussen,Danish,,1957.0,,,,api_error
27958,Prestige Products,American,,,,,,api_error
27963,"RedStart Design, LLC",American,,2004.0,,,,api_error
27966,Nayland Blake,American,Male,1960.0,,,,api_error
27968,Safety 1st,American,,1984.0,,,,api_error
27971,Rivane Neuenschwander,Brazilian,Female,1967.0,,,,api_error
27980,"EMBT Miralles Tagliabue Arquitectes Associats, Barcelona",,,1992.0,,,,api_error
27983,West 8 Urban Design & Landscape Architecture BV,Dutch,,1987.0,,,,api_error
27989,Alfredo Volpi,Brazilian,Male,1896.0,1988.0,,,api_error
27990,"Leatherman Tool Group, Inc.",American,,1983.0,,,,api_error
27993,"Sam Medical Products, a division of The Seaberg Company, Inc.",American,,1985.0,,,,api_error
27997,Deborah Adler,American,Female,1975.0,,,,api_error
28002,Craig Grimes,American,Male,1956.0,,,,api_error
28003,Organ Recovery Systems,American,,1998.0,,,,api_error
28011,"Frabill, Inc.",American,,1944.0,,,,api_error
28015,Schoeller Textil AG,Swiss,,1868.0,,,,api_error
28019,Masamichi Udagawa,Japanese,Male,1964.0,,,,api_error
28020,Sigi Moeslinger,Austrian,Female,1968.0,,,,api_error
28048,Barry Frydlender,Israeli,Male,1954.0,,,,api_error
28050,Tomoko Sawada,Japanese,Female,1977.0,,,,api_error
28058,Avery Dennison,American,,,,,,api_error
28063,"e2v Technologies, Ltd.",British,,1947.0,,,,api_error
28064,Alloy Ltd. Total Product Design,British,,1999.0,,,,api_error
28066,"Blizzard Protection Systems, Ltd.",,,,,,,api_error
28073,"Brookdale International Systems, Inc., a DuPont Canada Company",Canadian,,,,,,api_error
28074,"Skystreme UK, Ltd.",British,,,,,,api_error
28075,Bernard William Hanning,British,,1942.0,,,,api_error
28076,Vernon Pascoe,New Zealander,Male,1942.0,1999.0,,,api_error
28078,NOAQ Flood Protection AB,Swedish,,2001.0,,,,api_error
28081,Dräger Safety AG & Co.,German,,,,,,api_error
28082,Jakob Wagner,Danish,Male,1963.0,,,,api_error
28084,Brunton,American,,1894.0,,,,api_error
28086,Stephan Augustin,German,Male,1967.0,,,,api_error
28093,UNICEF United Nations Children's Fund,,,1946.0,,,,api_error
28097,Wangechi Mutu,Kenyan,Female,1972.0,,,,api_error
28098,Mark Grotjahn,American,Male,1968.0,,,,api_error
28099,Dave Muller,American,Male,1964.0,,,,api_error
28105,Galya Rosenfeld,Israeli,Female,1977.0,,,,api_error
28107,"Westminster Industries, a division of Zelco Industries, Inc.",American,,,,,,api_error
28110,"Porzellan-Manufaktur Nymphenburg, Germany",German,,,,,,api_error
28113,Maharam,,,,,,,api_error
28119,Johannes Kahrs,German,Male,1965.0,,,,api_error
28123,Rainald Goetz,German,Male,1954.0,,,,api_error
28128,Paris Observatory,,,,,,,api_error
28138,Richard Dupont,American,Male,1968.0,,,,api_error
28146,Todd MacAllen,Canadian,Male,1966.0,,,,api_error
28147,Stephanie Forsythe,Canadian,Female,1970.0,,,,api_error
28148,"molo design, ltd., vancouver, canada",,,2004.0,,,,api_error
28150,Enric Miralles,Spanish,Male,1955.0,2000.0,,,api_error
28168,Lionel Theodore Dean,British,Male,1962.0,,,,api_error
28174,Ward Shelley,American,Male,1950.0,,,,api_error
28185,Paul Edmunds,South African,Male,1970.0,,,,api_error
28187,Lisa Fromartz,American,Female,1946.0,,,,api_error
28190,Philippe Parreno,French,Male,1964.0,,,,api_error
28195,Christiane Baumgartner,German,Female,1967.0,,,,api_error
28196,Sandile Goje,South African,Male,1972.0,,,,api_error
28197,Norman Catherine,South African,Male,1949.0,,,,api_error
28198,Robert Hodgins,South African,Male,1920.0,2010.0,,,api_error
28199,Diane Victor,South African,Female,1964.0,,,,api_error
28202,Dan Rakgoathe,South African,Male,1937.0,2004.0,,,api_error
28205,Abel Auer,German,Male,1974.0,,,,api_error
28206,Dorota Jurczak,Polish,Female,1978.0,,,,api_error
28207,Armin Krämer,German,Male,1973.0,,,,api_error
28209,Ted Muehling,American,Male,1953.0,,,,api_error
28211,"Plus Minus Zero Co., Ltd.",Japanese,,2003.0,,,,api_error
28214,Jacques Sicard,French,Male,1865.0,1923.0,,,api_error
28215,"S. A. Weller Pottery, Zanesville, Ohio",,,1872.0,1948.0,,,api_error
28216,Nomathemba Tana,South African,Female,1953.0,,,,api_error
28218,Claudette Schreuders,South African,Female,1973.0,,,,api_error
28219,Capsters,Dutch,,,,,,api_error
28222,Sue Williamson,South African,Female,1941.0,,,,api_error
28223,Jo Ractliffe,South African,Female,1961.0,,,,api_error
28224,Grayson Perry,British,Male,1960.0,,,,api_error
28229,Naúl Ojeda,American,Male,1939.0,2002.0,,,api_error
28230,Robert Siwangaza,South African,Male,1960.0,,,,api_error
28232,Bob Noorda,Dutch,Male,1927.0,,,,api_error
28249,"Design Continuum, Inc.",American,,1983.0,,,,api_error
28250,Master Lock Company,American,,1921.0,,,,api_error
28265,"Java Jacket, Inc.",American,,,,,,api_error
28272,"Hondatsuhin Kogyo Co., Ltd.",Japanese,,1974.0,,,,api_error
28274,Designskolen Kolding,Danish,,1967.0,,,,api_error
28279,Ronald J. French,American,,1938.0,,,,api_error
28280,Benjamin Rivera,American,Male,1967.0,,,,api_error
28316,Harvey Tulcensky,American,Male,1948.0,,,,api_error
28319,"Umbra, Buffalo, New York",,,1979.0,,,,api_error
28322,Laerdal Medical Corporation,American,,1967.0,,,,api_error
28325,Crye Associates,American,,2000.0,,,,api_error
28326,Caleb Crye,American,Male,1975.0,,,,api_error
28328,Eric Fehlberg,Canadian,Male,1976.0,,,,api_error
28330,Karen Chen,Taiwanese,,1977.0,,,,api_error
28331,Gregg Thompson,American,Male,1976.0,,,,api_error
28335,"Kokuyo S&T Co., Ltd.",Japanese,,,,,,api_error
28351,"Con Edison, Consolidated Edison Company of New York, Inc.",American,,1823.0,,,,api_error
28352,Neo Human Toys,Dutch,,2003.0,,,,api_error
28353,Twan Verdonck,Dutch,Male,1979.0,,,,api_error
28358,Braco Dimitrijević,Bosnian,Male,1948.0,,,,api_error
28379,"Global Village Shelters, LLC",American,,,,,,api_error
28380,Weyerhaeuser,American,,,,,,api_error
28381,Daniel Ferrara,American,,1941.0,,,,api_error
28382,Mia Ferrara,American,,1977.0,,,,api_error
28383,"Ferrara Design, Inc.",American,,1968.0,,,,api_error
28387,Architecture and Vision,German,,2003.0,,,,api_error
28388,Andreas Vogler,Swiss,Male,1964.0,,,,api_error
28389,Arturo Vittori,Italian,Male,1971.0,,,,api_error
28394,Viking Life-Saving Equipment A/S,Danish,,1960.0,,,,api_error
28395,Nikhil Garde,Danish,,1972.0,,,,api_error
28397,Aldo DiBelardino,American,,1969.0,,,,api_error
28398,Ezio DiBelardino,Italian,,1944.0,,,,api_error
28399,Andrew Ive,British,Male,1968.0,,,,api_error
28401,Grundfos Management A/S,Danish,,,,,,api_error
28410,Geraldo de Barros,Brazilian,Male,1923.0,1998.0,,,api_error
28422,Emily Jacir,American,Female,1970.0,,,,api_error
28426,Shirana Shahbazi,German,Female,1974.0,,,,api_error
28429,Raqib Shaw,Indian,Male,1974.0,,,,api_error
28435,Martin Szekely,French,Male,1956.0,,,,api_error
28439,Carlos Garaicoa,Cuban,Male,1967.0,,,,api_error
28459,E. Hoole,British,,,,,,api_error
28461,Mary Weatherford,American,Female,1963.0,,,,api_error
28467,Phillip Pisciotta,American,Male,1970.0,,,,api_error
28476,Adam Thorpe,British,,1969.0,,,,api_error
28477,Joe Hunter,British,,1967.0,,,,api_error
28478,Einar Hareide,Norwegian,Male,1959.0,,,,api_error
28479,Anders Hansen,Norwegian,,1971.0,,,,api_error
28492,Amanda Knox Sather,American,Female,1975.0,,,,api_error
28493,Kim Hoffmann,American,Female,1975.0,,,,api_error
28495,Sara Shaughnessy,American,Female,1979.0,,,,api_error
28498,The Pennsylvania State University,American,,1882.0,,,,api_error
28505,Martin Creed,British,Male,1968.0,,,,api_error
28512,DuCast,Emirati,,,,,,api_error
28513,Shanxi Yuansheng Industrial Co.,Chinese,,,,,,api_error
28514,ECCLES,Chinese,,,,,,api_error
28515,Gin L. Eng,American,,1950.0,,,,api_error
28516,Marco Meza,American,,1947.0,,,,api_error
28519,Bezalel Academy of Art and Design,Israeli,,1906.0,,,,api_error
28527,"Bezalel Labs Research & Development, Bezalel Academy of Art and Design",Israeli,,1906.0,,,,api_error
28538,Tomma Abts,German,Female,1967.0,,,,api_error
28539,Scoli Acosta,American,Male,1973.0,,,,api_error
28540,Lucas Ajemian,American,Male,1975.0,,,,api_error
28542,Ricci Albenda,American,Male,1966.0,,,,api_error
28543,Hurvin Anderson,British,Male,1965.0,,,,api_error
28544,Reed Anderson,American,Male,1969.0,,,,api_error
28545,Siegfried Anzinger,Austrian,Male,1953.0,,,,api_error
28546,Ryoko Aoki,Japanese,Female,1973.0,,,,api_error
28547,Philip Argent,British,Male,1962.0,,,,api_error
28548,Carla Arocha,Venezuelan,Female,1961.0,,,,api_error
28549,Martin Assig,German,Male,1959.0,,,,api_error
28550,assume vivid astro focus,,,,,,,api_error
28551,Nina Lola Bachhuber,German,Female,1971.0,,,,api_error
28552,Monika Baer,German,Female,1964.0,,,,api_error
28553,Chris Ballantyne,American,Male,1972.0,,,,api_error
28554,Joan Banach,American,Female,1953.0,,,,api_error
28555,Claire Barclay,Scottish,Female,1968.0,,,,api_error
28556,Hernan Bas,American,Male,1978.0,,,,api_error
28557,Gary Batty,American,Male,1970.0,,,,api_error
28558,Michael Gerald Bauer,American,Male,1982.0,,,,api_error
28559,Jarrod Beck,American,Male,1977.0,,,,api_error
28560,Julie Becker,American,Female,1972.0,2016.0,,,api_error
28561,Dirk Bell,German,Male,1969.0,,,,api_error
28562,Matthew Benedict,American,Male,1968.0,,,,api_error
28563,Ellen Berkenblit,American,Female,1958.0,,,,api_error
28564,Rebecca Bird,American,Female,1973.0,,,,api_error
28565,Norbert Bisky,German,Male,1970.0,,,,api_error
28566,Pearl Blauvelt,American,Female,1893.0,1987.0,,,api_error
28567,Cosima von Bonin,German,Female,1962.0,,,,api_error
28568,Monica Bonvicini,Italian,Female,1965.0,,,,api_error
28570,Carol Bove,American,Female,1971.0,,,,api_error
28571,Andrea Bowers,American,Female,1965.0,,,,api_error
28572,Marc Brandenburg,German,Male,1965.0,,,,api_error
28573,Sebastiaan Bremer,Dutch,Male,1970.0,,,,api_error
28574,Beth Brideau,American,Female,1976.0,,,,api_error
28575,Alex Brown,American,Male,1966.0,,,,api_error
28576,Maria Brunner,Austrian,Female,1962.0,,,,api_error
28577,Berlinde De Bruyckere,Belgian,Female,1964.0,,,,api_error
28578,Fritz Bultman,American,Male,1919.0,1985.0,,,api_error
28579,A.K. Burns,American,Female,1975.0,,,,api_error
28580,Kathy Butterly,American,Female,1963.0,,,,api_error
28581,Peter Cain,American,Male,1959.0,1997.0,,,api_error
28582,Ernesto Caivano,Spanish,Male,1972.0,,,,api_error
28583,Jonathan Callan,British,Male,1961.0,,,,api_error
28584,Beth Campbell,American,Female,1971.0,,,,api_error
28585,Davide Cantoni,Italian,Male,1965.0,,,,api_error
28586,Robert Chambers,American,Male,1958.0,,,,api_error
28587,Chivas Clem,American,Male,1977.0,,,,api_error
28588,Dawn Clements,American,Female,1958.0,,,,api_error
28589,Michael Cline,American,Male,1973.0,,,,api_error
28590,Prince Toffee,American,Male,1972.0,,,,api_error
28591,Nigel Cooke,British,Male,1973.0,,,,api_error
28592,Bjorn Copeland,American,Male,1975.0,,,,api_error
28593,Marti Cormand,Spanish,Male,1970.0,,,,api_error
28594,Benjamin Cottam,American,Male,1975.0,,,,api_error
28595,Ann Craven,American,Female,1967.0,,,,api_error
28596,Amy Cutler,American,Female,1974.0,,,,api_error
28597,Björn Dahlem,German,Male,1974.0,,,,api_error
28598,José Damasceno,Brazilian,Male,1968.0,,,,api_error
28599,Meredith Danluck,American,Female,1976.0,,,,api_error
28600,Henry Darger,American,Male,1892.0,1973.0,,,api_error
28601,Ele D'Artagnan (Michele Lombardi-Toscanini),Italian,Male,1911.0,1987.0,,,api_error
28602,Jaime Davidovich,American,Male,1936.0,2016.0,,,api_error
28603,Xiomara De Oliver,Canadian,Female,1967.0,,,,api_error
28604,Peter Dean,American,Male,1939.0,1993.0,,,api_error
28605,Benjamin Degen,American,Male,1976.0,,,,api_error
28606,Brian DeGraw,American,Male,1974.0,,,,api_error
28607,Kirsten Deirup,American,Female,1980.0,,,,api_error
28608,Damien Deroubaix,French,Male,1972.0,,,,api_error
28609,Steve DiBenedetto,American,Male,1958.0,,,,api_error
28610,Don Doe,American,Male,1963.0,,,,api_error
28611,Dr. Lakra (Jerónimo López Ramírez),Mexican,Male,1970.0,,,,api_error
28612,Jim Drain,American,Male,1975.0,,,,api_error
28613,Martin Eder,German,Male,1968.0,,,,api_error
28614,Marcel van Eeden,Dutch,Male,1965.0,,,,api_error
28615,Thomas Eggerer,German,Male,1963.0,,,,api_error
28616,Lori Ellison,American,Female,1958.0,,,,api_error
28617,Neil Farber,Canadian,Male,1975.0,,,,api_error
28618,Rachel Feinstein,American,Female,1971.0,,,,api_error
28619,Chad Ferber,American,Male,1975.0,,,,api_error
28620,Dan Fischer,American,Male,1977.0,,,,api_error
28621,Urs Fischer,Swiss,Male,1973.0,,,,api_error
28622,Christian Flamm,German,Male,1974.0,,,,api_error
28623,Caio Fonseca,American,Male,1959.0,,,,api_error
28624,Sideo Fromboluti,American,Male,1920.0,2014.0,,,api_error
28625,Barnaby Furnas,American,Male,1973.0,,,,api_error
28626,Franziska Furter,Swiss,Female,1972.0,,,,api_error
28627,Ingeborg Gabriel,German,Female,1951.0,1996.0,,,api_error
28628,Tim Gardner,Canadian,Male,1973.0,,,,api_error
28629,Amy Gartrell,American,Female,1974.0,,,,api_error
28630,Anna Gaskell,American,Female,1969.0,,,,api_error
28631,Tamara Gayer,American,Female,1969.0,,,,api_error
28632,Isa Genzken,German,Female,1948.0,,,,api_error
28633,Steve Gianakos,American,Male,1938.0,,,,api_error
28634,Ewan Gibbs,British,Male,1973.0,,,,api_error
28635,Graham Gillmore,Canadian,Male,1963.0,,,,api_error
28636,Bruno Gironcoli,Austrian,Male,1936.0,2010.0,,,api_error
28637,Victoria Gitman,Argentine,Female,1972.0,,,,api_error
28638,Judith Godwin,American,Female,1930.0,,,,api_error
28639,Anthony Goicolea,American,Male,1971.0,,,,api_error
28640,Greg Goldberg,American,Male,1973.0,,,,api_error
28642,Delia R. Gonzalez,American,Female,1972.0,,,,api_error
28643,Dryden Goodwin,Canadian,Male,1971.0,,,,api_error
28644,Sam Gordon,American,Male,1973.0,,,,api_error
28646,Matt Greene,American,Male,1972.0,,,,api_error
28647,Alex Grey,American,Male,1953.0,,,,api_error
28648,Kojo Griffin,American,Male,1971.0,,,,api_error
28649,Karl Haendel,American,Male,1976.0,,,,api_error
28650,Chris Hammerlein,American,Male,1962.0,,,,api_error
28651,Debra Hampton,American,Female,1971.0,,,,api_error
28652,Richard Hawkins,American,Male,1961.0,,,,api_error
28653,Gerald Hayes,American,Male,1940.0,,,,api_error
28654,Werner Haypeter,German,Male,1955.0,,,,api_error
28655,Karen Heagle,American,Female,1974.0,,,,api_error
28656,Lothar Hempel,German,Male,1966.0,,,,api_error
28657,Jonathan Herder,American,Male,1965.0,,,,api_error
28658,Jörg Herold,German,Male,1965.0,,,,api_error
28659,Christine Hill,American,Female,1968.0,,,,api_error
28660,Roger Hiorns,British,Male,1975.0,,,,api_error
28661,John Hodany,American,Male,1974.0,,,,api_error
28662,Julian Hoeber,American,Male,1974.0,,,,api_error
28663,Christian Holstad,American,Male,1972.0,,,,api_error
28664,Louise Hopkins,British,Female,1965.0,,,,api_error
28665,Violet Hopkins,American,Female,1973.0,,,,api_error
28666,Jonathan Horowitz,American,Male,1966.0,,,,api_error
28667,Shelby Hughes,American,Female,1981.0,2014.0,,,api_error
28668,Jim Isermann,American,Male,1955.0,,,,api_error
28669,Jun Iseyama,Japanese,Female,1975.0,,,,api_error
28670,Jason Jägel,American,Male,1971.0,,,,api_error
28671,Gareth James,British,Male,1970.0,,,,api_error
28672,Aaron Johnson,American,Male,1975.0,,,,api_error
28673,Jane Kaplowitz,American,Female,1949.0,,,,api_error
28674,Kerstin Kartscher,German,Female,1966.0,,,,api_error
28675,Axel Kasseböhmer,German,Male,1952.0,,,,api_error
28676,Kurt Kauper,American,Male,1966.0,,,,api_error
28677,Martin Kersels,American,Male,1960.0,,,,api_error
28678,Raoul De Keyser,Belgian,Male,1930.0,2012.0,,,api_error
28679,Thomas Kiesewetter,German,Male,1963.0,,,,api_error
28680,John Kleckner,American,Male,1978.0,,,,api_error
28681,Tom Knechtel,American,Male,1952.0,,,,api_error
28682,Philip Knoll,American,Male,1959.0,,,,api_error
28683,Takehito Koganezawa,Japanese,Male,1974.0,,,,api_error
28684,Terence Koh,Canadian,Male,1977.0,,,,api_error
28685,David Korty,American,Male,1971.0,,,,api_error
28686,Uwe Kowski,German,Male,1963.0,,,,api_error
28687,Friedrich Kunath,German,Male,1974.0,,,,api_error
28688,Peter Land,Danish,Male,1966.0,,,,api_error
28689,Wes Lang,American,Male,1972.0,,,,api_error
28690,William Leavitt,American,Male,1941.0,,,,api_error
28691,Marie Luise Lebschik,Austrian,Female,1952.0,,,,api_error
28692,Ghariokwu Lemi,Nigerian,Male,1955.0,,,,api_error
28693,Charlene Liu,Taiwanese,Female,1975.0,,,,api_error
28695,Andrew Lord,British,Male,1950.0,,,,api_error
28696,Nate Lowman,American,Male,1979.0,,,,api_error
28697,Cotter Luppi,American,Male,1966.0,,,,api_error
28698,John Lurie,American,Male,1952.0,,,,api_error
28699,Michael Magnan,American,Male,1977.0,,,,api_error
28700,Frank Magnotta,American,Male,1970.0,,,,api_error
28701,Ati Maier,German,Female,1962.0,,,,api_error
28702,Monica Majoli,American,Female,1963.0,,,,api_error
28703,Ján Mančuška,Czech,Male,1972.0,2011.0,,,api_error
28704,Marepe,Brazilian,Male,1970.0,,,,api_error
28705,Knox Martin,American,Male,1923.0,,,,api_error
28706,Alfredo Martinez,American,Male,1967.0,,,,api_error
28707,Yuri Masnyj,American,Male,1976.0,,,,api_error
28708,Nick Mauss,American,Male,1980.0,,,,api_error
28709,Carey Maxon,American,Female,1978.0,,,,api_error
28710,Keith Mayerson,American,Male,1966.0,,,,api_error
28711,Dan McCarthy,American,Male,1962.0,,,,api_error
28712,Kim McCarty,American,Female,1956.0,,,,api_error
28713,Keegan McHargue,American,Male,1982.0,,,,api_error
28714,Lucy McKenzie,British,Female,1977.0,,,,api_error
28715,Kelly McLane,American,Female,1968.0,,,,api_error
28717,Roy McMakin,American,Male,1956.0,,,,api_error
28718,Jason Meadows,American,Male,1972.0,,,,api_error
28719,Jonathan Meese,German,Male,1971.0,,,,api_error
28720,Birgit Megerle,German,Female,1975.0,,,,api_error
28721,Bjarne Melgaard,Norwegian,Male,1967.0,,,,api_error
28723,Matthew Monahan,American,Male,1972.0,,,,api_error
28724,Jonathan Monk,British,Male,1969.0,,,,api_error
28725,Meredith Monk,American,Female,1942.0,,,,api_error
28726,Jean-Francois Moriceau,French,,1974.0,,,,api_error
28727,Teresa Moro,Spanish,Female,1970.0,,,,api_error
28728,Paul Morrison,British,Male,1966.0,,,,api_error
28729,Aaron Morse,American,Male,1974.0,,,,api_error
28730,Sandeep Mukherjee,American,Male,1964.0,,,,api_error
28731,J.P. Munro,American,Male,1975.0,,,,api_error
28732,Scott Myles,Scottish,Male,1975.0,,,,api_error
28733,Rei Naito,Japanese,Female,1961.0,,,,api_error
28734,Tracy Nakayama,American,Female,1974.0,,,,api_error
28735,Graham Nickson,British,Male,1946.0,,,,api_error
28736,Carsten Nicolai,German,Male,1965.0,,,,api_error
28737,Frank Nitsche,German,Male,1964.0,,,,api_error
28738,David Noonan,Australian,Male,1969.0,,,,api_error
28740,John J. O'Connor,American,Male,1972.0,,,,api_error
28741,Marcel Odenbach,German,Male,1953.0,,,,api_error
28742,Paulina Olowska,Polish,Female,1976.0,,,,api_error
28743,David Opdyke,American,Male,1969.0,,,,api_error
28744,Renato Orara,American,Male,1961.0,,,,api_error
28745,Christopher Orr,British,Male,1967.0,,,,api_error
28746,Sally Osborn,Scottish,Female,1961.0,,,,api_error
28747,Paul P.,Canadian,Male,1977.0,,,,api_error
28748,Gina Pane,French,Female,1939.0,1990.0,,,api_error
28749,Erik Parker,American,Male,1968.0,,,,api_error
28750,Ester Partegàs,Spanish,Female,1972.0,,,,api_error
28751,Seb Patane,Italian,Male,1970.0,,,,api_error
28752,Toby Paterson,Scottish,Male,1974.0,,,,api_error
28753,Joyce Pensato,American,Female,1941.0,,,,api_error
28754,Simon Periton,British,Male,1964.0,,,,api_error
28755,Jenny Perlin,American,Female,1970.0,,,,api_error
28756,Philippe Perrot,French,Male,1967.0,,,,api_error
28758,Ara Peterson,American,Male,1973.0,,,,api_error
28759,Kembra Pfahler,American,Female,1967.0,,,,api_error
28760,Jerry Phillips,American,Male,1958.0,,,,api_error
28761,Richard Phillips,American,Male,1963.0,,,,api_error
28762,Gabriele Picco,Italian,Male,1974.0,,,,api_error
28763,Jody Pinto,American,Female,1942.0,,,,api_error
28764,Jane Piper,American,Female,1916.0,1991.0,,,api_error
28765,Magnus Plessen,German,Male,1967.0,,,,api_error
28766,Marjetica Potrc,Slovenian,Female,1953.0,,,,api_error
28768,Peggy Preheim,American,Female,1963.0,,,,api_error
28769,Tobias Putrih,Slovenian,Male,1972.0,,,,api_error
28770,Alessandro Raho,British,Male,1971.0,,,,api_error
28771,Tyson Reeder,American,Male,1974.0,,,,api_error
28772,Daniel Richter,German,Male,1962.0,,,,api_error
28773,Michael S. Riedel,German,Male,1972.0,,,,api_error
28775,Michael Rodriguez,American,Male,1964.0,,,,api_error
28776,Kirstine Roepstorff,Danish,Female,1972.0,,,,api_error
28778,Clare Rojas,American,Female,1976.0,,,,api_error
28779,Matthew Ronay,American,Male,1976.0,,,,api_error
28780,Alexander Ross,American,Male,1960.0,,,,api_error
28781,Eva Rothschild,British,Female,1972.0,,,,api_error
28783,Gavin R. Russom,American,Male,1974.0,,,,api_error
28784,Riiko Sakkinen,Finnish,Male,1976.0,,,,api_error
28785,Hiroe Saeki,Japanese,Female,1978.0,,,,api_error
28786,Mamoru Sakagawa,Japanese,Male,1979.0,,,,api_error
28787,Sam Salisbury,American,Male,1977.0,,,,api_error
28788,Wilhelm Sasnal,Polish,Male,1972.0,,,,api_error
28789,Yehudit Sasportas,Israeli,Female,1969.0,,,,api_error
28790,Shinako Sato,Japanese,Female,1965.0,,,,api_error
28791,Matt Saunders,American,Male,1975.0,,,,api_error
28792,David Scher,American,Male,1952.0,,,,api_error
28793,Jörg Schlick,Austrian,Male,1951.0,2005.0,,,api_error
28794,Mathias Schmied,Swiss,Male,1976.0,,,,api_error
28796,Lara Schnitger,Dutch,Female,1969.0,,,,api_error
28798,Dana Schutz,American,Female,1976.0,,,,api_error
28799,Michael Scoggins,American,Male,1973.0,,,,api_error
28800,Rachel Selekman,American,Female,1963.0,,,,api_error
28801,Randall Sellers,American,Male,1969.0,,,,api_error
28802,Bettina Sellmann,German,Female,1971.0,,,,api_error
28803,SEO (Seo Soo-Kyoung),Korean,Female,1977.0,,,,api_error
28804,David Shaw,American,Male,1965.0,,,,api_error
28805,Simone Shubuck,American,Female,1969.0,,,,api_error
28806,Andreas Siekmann,German,Male,1961.0,,,,api_error
28807,Paul Sietsema,American,Male,1968.0,,,,api_error
28808,Amy Sillman,American,Female,1955.0,,,,api_error
28809,Elizabeth Simonson,American,Female,1964.0,,,,api_error
28810,Daniel Sinsel,German,Male,1976.0,,,,api_error
28811,Sal Sirugo,American,Male,1920.0,,,,api_error
28812,Lucy Skaer,British,Female,1975.0,,,,api_error
28813,Torsten Slama,Austrian,Male,1967.0,,,,api_error
28814,Zak Smith,American,Male,1976.0,,,,api_error
28815,Stephen Sollins,American,Male,1967.0,,,,api_error
28817,Glenn Sorensen,Australian,Male,1968.0,,,,api_error
28818,Nora Speyer,American,Female,1923.0,,,,api_error
28819,Joseph Stalnaker,American,Male,1979.0,,,,api_error
28820,Frances Stark,American,Female,1967.0,,,,api_error
28821,Lyle Starr,American,Male,1962.0,,,,api_error
28822,Peter Stauss,German,Male,1966.0,,,,api_error
28824,Clare Stephenson,British,Female,1972.0,,,,api_error
28825,Xenon Straub,American,Female,1972.0,,,,api_error
28826,Katja Strunz,German,Female,1970.0,,,,api_error
28827,Peter Sullivan,American,Male,1958.0,,,,api_error
28828,Tony Swain,British,Male,1967.0,,,,api_error
28829,Ricky Swallow,Australian,Male,1974.0,,,,api_error
28830,Ena Swansea,American,Female,1966.0,,,,api_error
28831,Spencer Sweeney,American,Male,1973.0,,,,api_error
28832,Josephine Taylor,American,Female,1977.0,,,,api_error
28833,Yuken Teruya,Japanese,Male,1973.0,,,,api_error
28834,Cheyney Thompson,American,Male,1975.0,,,,api_error
28835,Tom of Finland,Finnish,Male,1920.0,1991.0,,,api_error
28836,Hayley Tompkins,Scottish,Female,1971.0,,,,api_error
28837,Tam Van Tran,American,Male,1966.0,,,,api_error
28838,Lane Twitchell,American,Male,1967.0,,,,api_error
28839,Donald Urquhart,Scottish,Male,1963.0,,,,api_error
28840,Lesley Vance,American,Female,1977.0,,,,api_error
28841,Chris Vasell,American,Male,1974.0,,,,api_error
28842,Nicolau Vergueiro,American,Male,1977.0,,,,api_error
28843,Jean-Luc Verna,French,Male,1966.0,,,,api_error
28844,Banks Violette,American,Male,1973.0,,,,api_error
28845,Reinhard Voigt,German,Male,1940.0,,,,api_error
28846,Charline von Heyl,German,Female,1960.0,,,,api_error
28847,Kelley Walker,American,Male,1969.0,,,,api_error
28848,Sarah Walker,American,Female,1963.0,,,,api_error
28849,Sam Watters,American,Male,1954.0,,,,api_error
28850,Peter Wegner,American,Male,1963.0,,,,api_error
28851,Paloma Varga Weisz,German,Female,1966.0,,,,api_error
28852,Andro Wekua,Georgian,Male,1977.0,,,,api_error
28853,Olav Westphalen,German,Male,1963.0,,,,api_error
28854,Benji Whalen,American,Male,1968.0,,,,api_error
28855,John Cerasulo,American,Male,1974.0,,,,api_error
28856,Jon Widman,Korean,Male,1972.0,,,,api_error
28857,T.J. Wilcox,American,Male,1965.0,,,,api_error
28858,Christopher Williams,American,Male,1956.0,,,,api_error
28859,Johannes Wohnseifer,German,Male,1967.0,,,,api_error
28860,William Wood,American,Male,1960.0,,,,api_error
28861,Lynne Woods Turner,American,Female,1951.0,,,,api_error
28862,Richard Wright,American,Male,1960.0,,,,api_error
28863,Katharina Wulff,German,Female,1968.0,,,,api_error
28864,Amelie von Wulffen,German,Female,1966.0,,,,api_error
28865,Erwin Wurm,Austrian,Male,1954.0,,,,api_error
28866,Ralf Ziervogel,German,Male,1975.0,,,,api_error
28867,Chris Hanson,Canadian,Male,1964.0,,,,api_error
28868,Hendrika Sonnenberg,Canadian,Female,1963.0,,,,api_error
28869,Claudia Müller,Swiss,Female,1964.0,,,,api_error
28870,Julia Müller,Swiss,Female,1965.0,,,,api_error
28871,Muntean/Rosenblum,,,,,,,api_error
28872,Dennis Loesch,German,Male,1979.0,,,,api_error
28874,Wade Guyton,American,Male,1972.0,,,,api_error
28875,Chris Marker,French,Male,1921.0,2012.0,,,api_error
28876,Katerina Lanfranco,Canadian,Female,1978.0,,,,api_error
28877,Jon Pylypchuk,Canadian,Male,1973.0,,,,api_error
28878,Christian Schwarzwald,Austrian,Male,1971.0,,,,api_error
28879,Michelle Segre,American,Female,1965.0,,,,api_error
28880,Dannielle Tegeder,American,Female,1971.0,,,,api_error
28881,Anonymouse,,Male,,,,,api_error
28883,Jay D. Sorensen,American,Male,1958.0,,,,api_error
28889,Charles Dudley Arnold,Canadian,Male,1844.0,1927.0,,,api_error
28890,"Siemens Transportation Systems, Inc.",American,,,,,,api_error
28898,Stefan Kürten,German,Male,1963.0,,,,api_error
28902,Dasha Shishkin,American,Female,1977.0,,,,api_error
28914,Klaus Rosburg,German,Male,1962.0,,,,api_error
28915,"Setco, Inc., a division of Kerr Group, Inc.",American,,,,,,api_error
28926,Ed Kilduff,American,Male,1970.0,,,,api_error
28927,Paul Treible,American,,1968.0,,,,api_error
28928,Jon Leyfert,American,,1963.0,,,,api_error
28929,Manuel Saez,Argentine,Male,1973.0,,,,api_error
28930,Marc Plawner,American,,1974.0,,,,api_error
28931,Erika Gerzsenyi,American,,1972.0,,,,api_error
28932,Pollen Design,American,,1997.0,,,,api_error
28933,"Computer Design, Inc.",American,,1988.0,,,,api_error
28934,John Swann,British,,,,,,api_error
28935,Ernest Kortschak,Canadian,,,,,,api_error
28936,Desmond Mayne,Canadian,,,,,,api_error
28937,Marcus Carius,Canadian,,,,,,api_error
28938,Vicki Theriault,Canadian,,,,,,api_error
28939,EVAC+ Design/Engineering Team,Canadian,,2001.0,,,,api_error
28940,De Wisselstroom,Dutch,,,,,,api_error
28941,IDSland,French,,2000.0,,,,api_error
28944,"SQUINT/OPERA, London, England",,,2002.0,,,,api_error
28956,Mika Rottenberg,Israeli,Female,1976.0,,,,api_error
28963,Oliver Payne,British,Male,1977.0,,,,api_error
28964,Nick Relph,British,Male,1979.0,,,,api_error
28972,Cristina Iglesias,Spanish,Female,1956.0,,,,api_error
28977,Edward G. Sutt Jr.,American,,1968.0,,,,api_error
28981,Carole Benzaken,French,Female,1964.0,,,,api_error
28982,Steve McQueen,British,Male,1969.0,,,,api_error
28988,Marbek,British,,,,,,api_error
28990,Keith Tyson,British,Male,1969.0,,,,api_error
28994,David Webster,American,Male,1947.0,,,,api_error
28997,Swoon,American,Female,1977.0,,,,api_error
28998,William J. Mac Donald,American,,1956.0,,,,api_error
29002,Laerdal Medical Corporation Design and Development Team,American,,1967.0,,,,api_error
29003,Jim Traut,American,,1956.0,,,,api_error
29005,James Lamb,British,,1971.0,,,,api_error
29006,Orly Genger,American,Female,1979.0,,,,api_error
29007,Aaron Young,American,Male,1972.0,,,,api_error
29010,Tom Wiscombe,American,Male,1970.0,,,,api_error
29021,Dennis Carlson,American,,1946.0,,,,api_error
29024,Eija-Liisa Ahtila,Finnish,Female,1959.0,,,,api_error
29031,Michael Anastassiades,Cypriot,Male,1967.0,,,,api_error
29032,Byron Qually,South African,,1973.0,,,,api_error
29033,Richard Perez,South African,,1970.0,,,,api_error
29034,Etienne Rijkheer,South African,,1949.0,,,,api_error
29036,John Hutchinson,South African,,1952.0,,,,api_error
29048,Barnabas Wetton,British,Male,1962.0,,,,api_error
29049,Elle-Mie Ejdrup Hansen,Danish,Female,1958.0,,,,api_error
29050,Michael Frederiksen,Danish,Male,1966.0,,,,api_error
29062,Crye Precision,American,,,,,,api_error
29068,North Safety Products Development and Manufacturing Team,American,,1973.0,,,,api_error
29069,North Safety Products,American,,1973.0,,,,api_error
29073,Lorraine Gamman,British,Female,1957.0,,,,api_error
29160,Arturo Bragaglia,Italian,Male,1893.0,1962.0,,,api_error
29177,Sture Johannesson,Swedish,Male,1935.0,,,,api_error
29180,Emissive Energy Corp.,American,,,,,,api_error
29181,Hiroyuki Tazawa,Japanese,Male,1948.0,,,,api_error
29209,Trapinex Sérigraphie-Offset,French,,,,,,api_error
29216,Multiple manufacturers,,,,,,,api_error
29218,Bård Eker Industrial Design,Norwegian,,1994.0,,,,api_error
29219,K8 Industridesign,Norwegian,,1998.0,,,,api_error
29220,Bjørn Refsum,Norwegian,,,,,,api_error
29221,Hilde Angelfoss Øxseth,Norwegian,,,,,,api_error
29230,Derek Ryden,British,,1956.0,,,,api_error
29233,Al Heenan,American,Male,1909.0,1997.0,,,api_error
29234,Sigurd Melin,Swedish,Male,1952.0,,,,api_error
29235,Anders Mohss,Swedish,,1958.0,,,,api_error
29240,Sam Scheinberg,American,,1941.0,,,,api_error
29241,Wisser Verpackungen GmbH,German,,,,,,api_error
29242,Greg Marting,American,,1960.0,,,,api_error
29245,Dr. Howard Wright,American,,1956.0,,,,api_error
29246,"Koller-Craft Manufacturing, Inc.",American,,,,,,api_error
29254,SenTechBioMed Corporation,American,,,,,,api_error
29260,Maria Jauhiainen,Finnish,Female,1971.0,,,,api_error
29282,Pete Docter,American,Male,1968.0,,,,api_error
29293,John Lasseter,American,Male,1957.0,,,,api_error
29294,Jan Pinkava,Czech,Male,1963.0,,,,api_error
29302,Andrew Stanton,American,Male,1965.0,,,,api_error
29354,MIT Media Laboratory,American,,1985.0,,,,api_error
29379,Joe Ranft,American,Male,1960.0,2005.0,,,api_error
29387,Peter Sohn,American,Male,1977.0,,,,api_error
29410,Dean Chapman,British,,1965.0,,,,api_error
29415,"Howard Leight Industries, LLC, a division of Bacou-Dalloz Hearing Safety Group",American,,1971.0,,,,api_error
29416,"Westone Laboratories, Inc.",American,,1959.0,,,,api_error
29423,Evermore Company,Chinese,,,,,,api_error
29425,Stokke AS,Norwegian,,,,,,api_error
29427,Milan Knížák,Czech,Male,1940.0,,,,api_error
29428,Peter Kogler,Austrian,Male,1959.0,,,,api_error
29429,Chad McCail,British,Male,1961.0,,,,api_error
29430,Dan Perjovschi,Romanian,Male,1961.0,,,,api_error
29431,Leonid Tishkov,Russian,Male,1953.0,,,,api_error
29439,Mangelos (Dimitrije Bašicevic),Croatian,Male,1921.0,,,,api_error
29442,"Art & Project, Amsterdam",,,1968.0,1989.0,,,api_error
29505,Eli Marmar,American,Male,1973.0,,,,api_error
29506,John Hunter,American,,1965.0,,,,api_error
29507,Andrew Burroughs,British,Male,1962.0,,,,api_error
29508,Dickon Isaacs,British,Male,1971.0,,,,api_error
29509,Stacy Benjamin,American,Female,1970.0,,,,api_error
29510,Dick Grant,British,Male,1950.0,,,,api_error
29511,John Grimley,American,Male,1971.0,,,,api_error
29512,Jerry O'Leary,British,Male,1976.0,,,,api_error
29513,Anton Schubert,British,Male,1968.0,,,,api_error
29514,Amy Schwartz,American,Female,1958.0,,,,api_error
29515,Paul South,British,Male,1959.0,,,,api_error
29516,Eric Sugalski,American,Male,1978.0,,,,api_error
29517,David Kravitz,American,Male,1957.0,,,,api_error
29518,Douglas Schein,American,Male,1973.0,,,,api_error
29519,John Brassil,American,Male,1959.0,,,,api_error
29522,Shigekazu Tanaka,Japanese,Male,1966.0,,,,api_error
29523,Chikara Ohtagaki,Japanese,Male,1971.0,,,,api_error
29528,Kevin & Jennifer McCoy,American,,,,,,api_error
29529,Niels Due Jensen,Danish,Male,1943.0,,,,api_error
29533,Thomas W. Fleming,American,,1944.0,,,,api_error
29534,Howard S. Leight,American,,1940.0,,,,api_error
29535,Colin Williams,American,,1948.0,,,,api_error
29536,"John A. Jenkins, Jr.",American,,1966.0,,,,api_error
29538,Nautic & Art,Canadian,,,,,,api_error
29541,Robert D. Galli,American,,1956.0,,,,api_error
29547,Kanji Hongu,Japanese,Male,1945.0,,,,api_error
29551,Frans Verdonck,Dutch,,,,,,api_error
29552,"Aero Sekur, Italy",Italian,,,,,,api_error
29558,Ken Solomon,American,Male,1971.0,,,,api_error
29563,Creswell Manufacturing,Indian,,,,,,api_error
29566,OFFECCT,Swedish,,1990.0,,,,api_error
29568,Mike Thomas,American,,1963.0,,,,api_error
29579,Marsha Cottrell,American,Female,1964.0,,,,api_error
29580,Douglas Kolk,American,Male,1963.0,,,,api_error
29581,Bernhard Martin,German,Male,1966.0,,,,api_error
29582,Rosalind Nashashibi,British,Female,1973.0,,,,api_error
29583,Susan Turcot,Canadian,Female,1966.0,,,,api_error
29584,Hanneline Visnes,Norwegian,Female,1972.0,,,,api_error
29590,Emily Feather,,Male,,,,,api_error
29591,Elliott Hundley,American,Male,1975.0,,,,api_error
29592,Thomas Locher,German,Male,1956.0,,,,api_error
29620,Winka Dubbeldam,Dutch,Female,1966.0,,,,api_error
29621,Matthew Buckingham,American,Male,1963.0,,,,api_error
29622,Anri Sala,Albanian,Male,1974.0,,,,api_error
29623,Leonor Caraballo,Argentine,Female,1971.0,,,,api_error
29624,Jen DeNike,American,Female,1971.0,,,,api_error
29625,Oliver Michaels,British,Male,1972.0,,,,api_error
29630,Yamagiwa Corporation,,,1994.0,,,,api_error
29631,Steven K. Levine,American,,1946.0,,,,api_error
29632,"Brandir International, Inc., New York",,,1979.0,,,,api_error
29640,Patricia Urquiola,Spanish,Female,1961.0,,,,api_error
29641,Eliana Gerotto,Italian,Female,1951.0,,,,api_error
29644,Abou Farman,Iranian,Male,1966.0,,,,api_error
29645,Misti (Ferdinand Miflienz),French,Male,1865.0,1923.0,,,api_error
29646,Fabio Lenci,Italian,Male,1935.0,,,,api_error
29654,John Lees,American,Male,1943.0,,,,api_error
29655,Jeanne Silverthorne,American,Female,1950.0,,,,api_error
29656,Daisy Youngblood,American,Female,1945.0,,,,api_error
29657,Francesca Gabbiani,Canadian,Female,1965.0,,,,api_error
29661,"Arnolfo di Cambio, Italy",,,,,,,api_error
29675,Clifford Ross,American,Male,1952.0,,,,api_error
29681,"grupo aranea, Alicante",,,1998.0,,,,api_error
29685,Juan Domingo Santos,Spanish,Male,1961.0,,,,api_error
29689,Fernando Martín Menis,Spanish,Male,1951.0,,,,api_error
29692,Francisco Leiva Ivorra,Spanish,Male,1972.0,,,,api_error
29705,"Mansilla+Tuñón, Arquitectos, Madrid",,,1992.0,,,,api_error
29706,Luis M. Mansilla,Spanish,Male,1959.0,2012.0,,,api_error
29707,Emilio Tuñón,Spanish,Male,1958.0,,,,api_error
29711,"Morphosis, Santa Monica, CA",,,1972.0,,,,api_error
29714,Benedetta Tagliabue,,,,,,,api_error
29717,"MTM arquitectos, Madrid",,,1993.0,,,,api_error
29718,Javier Peña,,,,,,,api_error
29719,Javier Fresneda,,,,,,,api_error
29720,Javier Sanjuan,,,,,,,api_error
29721,"Cloud 9, Barcelona",Spanish,,1997.0,,,,api_error
29722,Enric Ruiz-Geli,Spanish,Male,1968.0,,,,api_error
29725,SANAA,,,1995.0,,,,api_error
29730,Nicola López,American,Female,1975.0,,,,api_error
29732,Álvaro Siza,Portuguese,Male,1933.0,,,,api_error
29740,Fujiwara Dai,Japanese,Male,1967.0,,,,api_error
29741,"Issey Miyake, Inc., Tokyo, Japan",,,1970.0,,,,api_error
29742,Lee Jong-Ok,Korean,,1971.0,,,,api_error
29743,Yukiyo Matsushita,Japanese,Female,1970.0,,,,api_error
29744,"Ulji, Inc., Korea",,,1994.0,,,,api_error
29760,Jeff Davis,American,Male,1967.0,,,,api_error
29774,Gianni Gamberini,Italian,,,,,,api_error
29775,"Sormani Nucleo, Italy",,,,,,,api_error
29817,Xu Bing,Chinese,Male,1955.0,,,,api_error
29850,"RCR Arquitectes, Olot",,,1988.0,,,,api_error
29857,Michel Majerus,German,Male,1967.0,2002.0,,,api_error
29871,Ulli Maier,German,Female,1951.0,,,,api_error
29874,Paul Resika,American,Male,1928.0,,,,api_error
29875,Anon,,Male,,,,,api_error
29876,Coosje van Bruggen,American,Female,1942.0,2009.0,,,api_error
29877,"Atelier Martine, Paris, France",,,1911.0,1930.0,,,api_error
29918,Noriko Furunishi,Japanese,Female,1966.0,,,,api_error
29945,Ellen van Loon,,,,,,,api_error
29968,Jim Campbell,American,Male,1956.0,,,,api_error
29971,Slater Bradley,American,Male,1975.0,,,,api_error
29972,Kota Ezawa,German,Male,1969.0,,,,api_error
29979,IRWIN,Slovenian,,1983.0,,,,api_error
29982,Stanley Brouwn,Dutch,Male,1935.0,,,,api_error
29983,Gorgona artists group,Croatian,,1959.0,1966.0,,,api_error
30035,Scott McFarland,Canadian,Male,1975.0,,,,api_error
30060,Moroso S.p.A.,,,,,,,api_error
30065,Jonathan Barnbrook,British,Male,1966.0,,,,api_error
30071,Petra Mrzyk,German,,1973.0,,,,api_error
30072,Moriceau + Mrzyk,,,,,,,api_error
30073,Markus Muntean,Austrian,Male,1962.0,,,,api_error
30074,Adi Rosenblum,Israeli,Female,1962.0,,,,api_error
30075,Carmen Herrera,Cuban,Female,1915.0,,,,api_error
30077,Tim Bavington,British,Male,1966.0,,,,api_error
30081,Adam Dant,British,Male,1967.0,,,,api_error
30089,Gerard Petrus Fieret,Dutch,Male,1924.0,,,,api_error
30109,Nic Hess,Swiss,,1968.0,,,,api_error
30111,Matthew Brannon,American,Male,1971.0,,,,api_error
30112,Bernard Frize,French,Male,1949.0,,,,api_error
30113,Katharina Grosse,German,Female,1961.0,,,,api_error
30116,Heinrich Riebesehl,German,Male,1938.0,,,,api_error
30133,"Niels Borch Jensen Værksted for Koppertryk, Copenhagen",,,,,,,api_error
30156,Guy Tillim,South African,Male,1962.0,,,,api_error
30162,Janos Frecot,German,Male,1937.0,,,,api_error
30164,Dr. Emil Mayer,Austrian,Male,1871.0,1938.0,,,api_error
30166,Jeremy Deller,British,Male,1966.0,,,,api_error
30172,Charles Winter,French,Male,1821.0,1904.0,,,api_error
30187,Rudy VanderLans,Dutch,Male,1955.0,,,,api_error
30188,Zuzana Licko,Slovak,Female,1961.0,,,,api_error
30189,Emigre Inc.,American,,1987.0,,,,api_error
30202,Yaron Leshem,Israeli,Male,1972.0,,,,api_error
30203,"XPIRAL, Murcia",,,1997.0,,,,api_error
30204,"Acconci Studio, New York",American,,1988.0,,,,api_error
30205,Ruy Ohtake,Brazilian,Male,1938.0,,,,api_error
30219,Nicolas Lampert,American,Male,1969.0,,,,api_error
30223,Scott King,British,Male,1969.0,,,,api_error
30229,Mark Fox,American,Male,1963.0,,,,api_error
30271,Sze Tsung Leong,British,Male,1970.0,,,,api_error
30274,Olaf Nicolai,German,Male,1962.0,,,,api_error
30279,Sérgio Camargo,Brazilian,Male,1930.0,1990.0,,,api_error
30299,John Maeda,American,Male,1966.0,,,,api_error
30303,Heimo Zobernig,Austrian,Male,1958.0,,,,api_error
30306,Ivana Keser,Croatian,Female,1967.0,,,,api_error
30316,Sybil Andrews,British,Female,1898.0,1992.0,,,api_error
30365,Mikhael Subotzky,South African,Male,1981.0,,,,api_error
30424,Bob Kane,American,Male,1916.0,1998.0,,,api_error
30437,Julije Knifer,Yugoslav,Male,1924.0,2004.0,,,api_error
30445,Anders Petersen,Swedish,Male,1944.0,,,,api_error
30469,"Griffelkunst-Vereinigung, Hamburg",,,,,,,api_error
30473,Gert Tobias,German,Male,1973.0,,,,api_error
30474,Uwe Tobias,German,Male,1973.0,,,,api_error
30478,Rafael Lozano-Hemmer,Mexican,Male,1967.0,,,,api_error
30493,Wilson A. Bentley,American,Male,1865.0,1931.0,,,api_error
30506,Barbara Probst,German,Female,1964.0,,,,api_error
30583,"The Vanity Press, London",,,,,,,api_error
30602,"Stafford-Johnson Seating Corporation, Ionia, Michigan",,,,,,,api_error
30604,Carl Fischer,American,,1924.0,,,,api_error
30610,Jules Spinatsch,Swiss,Male,1964.0,,,,api_error
30612,Chris Miner,American,Male,1973.0,,,,api_error
30618,Carlos Amorales,Mexican,Male,1970.0,,,,api_error
30621,Adrian Paci,Albanian,Male,1969.0,,,,api_error
30623,Clemens von Wedemeyer,German,Male,1974.0,,,,api_error
30632,Ernie Gehr,American,Male,1941.0,,,,api_error
30644,Al Hansen,American,Male,1927.0,1995.0,,,api_error
30654,Gary Hincks,,,1949.0,,,,api_error
30658,Runa Islam,British,Female,1970.0,,,,api_error
30659,Thiago Rocha Pitta,Brazilian,Male,1980.0,,,,api_error
30660,Artur Zmijewski,Polish,Male,1966.0,,,,api_error
30664,Patrick Norguet,French,Male,1969.0,,,,api_error
30665,"Kvadrat, Ebeltoft, Denmark",,,1965.0,,,,api_error
30682,Stefan Sagmeister,American,Male,1962.0,,,,api_error
30694,Patrick Jouin,French,Male,1967.0,,,,api_error
30695,Materialise NV,Belgian,,1995.0,,,,api_error
30705,Luisa Cevese Riedizioni,Italian,Female,1955.0,,,,api_error
30717,Glenn Brown,British,Male,1966.0,,,,api_error
30723,Amanda Levete,British,Female,1959.0,,,,api_error
30724,Janne Kyttanen,Finnish,Male,1974.0,,,,api_error
30726,Plank Collezioni Srl,Italian,,1983.0,,,,api_error
30732,Joachim Schönfeldt,South African,Male,1958.0,,,,api_error
30733,Conrad Botes,South African,Male,1969.0,,,,api_error
30750,Reynold Reynolds,American,Male,1966.0,,,,api_error
30751,Patrick Jolley,Irish,Male,1965.0,2012.0,,,api_error
30755,Gottlieb Soland,Swiss,,1928.0,,,,api_error
30770,Anton Kannemeyer,South African,Male,1967.0,,,,api_error
30838,Gastone Rinaldi,Italian,Male,1920.0,,,,api_error
30844,Arthur Segal,Romanian,Male,1875.0,1944.0,,,api_error
30845,Fred W. McDarrah,American,Male,1926.0,2007.0,,,api_error
30847,Uli Aigner,Austrian,Female,1965.0,,,,api_error
30848,Hüseyin Bahri Alptekin,Turkish,Male,1957.0,2007.0,,,api_error
30849,Pawel Althamer,Polish,Male,1967.0,,,,api_error
30850,Maria Thereza Alves,,Female,,,,,api_error
30851,Ruth Anderwald,Austrian,Female,1976.0,,,,api_error
30852,Leonhard Grond,Austrian,Male,1977.0,,,,api_error
30853,Fareed Armaly,American,Male,1957.0,,,,api_error
30854,Isabelle Arthuis,Belgian,Female,1969.0,,,,api_error
30855,Sule Attems,Turkish,Female,1960.0,,,,api_error
30856,Christy Astuy,American,Female,1959.0,,,,api_error
30857,Fatih Aydogdu,Turkish,Female,1963.0,,,,api_error
30858,Zeigam Azizov,Azerbaijani,Male,1963.0,,,,api_error
30860,Ricardo Basbaum,Brazilian,Male,1961.0,,,,api_error
30861,Thomas Baumann,Austrian,Male,1967.0,,,,api_error
30862,Erick Beltran,Mexican,Male,1974.0,,,,api_error
30865,Fritz Bergler,,Male,1955.0,,,,api_error
30866,Bodo Hell,Austrian,Male,1943.0,,,,api_error
30867,Michael Blum,Israeli,Male,1966.0,,,,api_error
30868,Max Boehme,Austrian,Male,1965.0,,,,api_error
30869,Ecke Bonk,Egyptian,Male,1953.0,,,,api_error
30870,Luchezar Boyadjiev,Bulgarian,Male,1957.0,,,,api_error
30871,Christine Boyer,,Female,,,,,api_error
30872,Tim Brennan,British,Male,1966.0,,,,api_error
30873,Kathy McArdie,,Female,,,,,api_error
30874,Rosa Brückl,Austrian,Female,1970.0,,,,api_error
30875,Gregor Schmoll,Austrian,Male,1970.0,,,,api_error
30876,Frédéric Bruly-Bouabré,Ivorian,Male,1921.0,,,,api_error
30877,Pavel Büchler,Czech,Male,1952.0,,,,api_error
30878,Anne Burdick,,Female,,,,,api_error
30879,Mircea Cantor,Romanian,Male,1977.0,,,,api_error
30880,Georg Chaimowicz,Austrian,Male,1929.0,2003.0,,,api_error
30881,Hoy Cheong,Malaysian,Male,1960.0,,,,api_error
30882,Clegg and Guttmann,Irish,Male,1957.0,,,,api_error
30883,Nathan Coley,British,Male,1967.0,,,,api_error
30884,Patrick Corillon,Belgian,Male,1959.0,,,,api_error
30885,David Crow,Scottish,Male,,,,,api_error
30886,Oliver Croy,Austrian,Male,1970.0,,,,api_error
30887,Minerva Cuevas,Mexican,Female,1975.0,,,,api_error
30888,Roberto Cuoghi,Italian,Male,1973.0,,,,api_error
30889,Die Damen,,Female,,,,,api_error
30890,demonstate,,,,,,,api_error
30891,The Designers Republic,,,,,,,api_error
30892,Julius Deutschbauer,Austrian,Male,1961.0,,,,api_error
30893,Gerhard Spring,Austrian,Male,1962.0,,,,api_error
30894,Dezentrale Medien,,,,,,,api_error
30895,Mirjana Djordjevic,,Female,,,,,api_error
30896,Ingar Dragset,Norwegian,Male,1969.0,,,,api_error
30897,Michael Elmgreen,Danish,Male,1961.0,,,,api_error
30898,Heinrich Dunst,Austrian,Male,1955.0,,,,api_error
30899,Jimmie Durham,American,Male,1940.0,,,,api_error
30900,Daniel Egg,Austrian,Male,1973.0,,,,api_error
30901,Mehmet Emir,Turkish,Male,,,,,api_error
30902,Memed Erdener,Turkish,Male,1970.0,,,,api_error
30903,Annika Eriksson,,Female,,,,,api_error
30904,Ayse Erkmen,Turkish,Female,1949.0,,,,api_error
30905,Harun Farocki,German,Male,1944.0,2014.0,,,api_error
30906,Marina Faust,,Female,,,,,api_error
30907,Richard Fenwick,British,Male,,,,,api_error
30908,Gyula Fodor,Hungarian,Male,1953.0,,,,api_error
30909,Fork Unstable Media,,,,,,,api_error
30910,Andrea Fraser,American,Female,1965.0,,,,api_error
30911,Pia Gazzola,Italian,Female,,,,,api_error
30912,Ali Gedik,Turkish,Male,1972.0,,,,api_error
30913,Marcus Geiger,Swiss,Male,1957.0,,,,api_error
30914,Jochen Gerz,German,Male,1940.0,,,,api_error
30915,Jef Geys,Belgian,Male,1934.0,,,,api_error
30916,Simryn Gill,Singaporean,Female,1959.0,,,,api_error
30917,Dominique Gonzalez-Foerster,French,Female,1965.0,,,,api_error
30918,Richard Gordon,American,Male,,,,,api_error
30919,Heribert Schiedel,Austrian,Male,1967.0,,,,api_error
30923,Franz Graf,Austrian,Male,1954.0,,,,api_error
30924,Elisabeth Plank,,Female,,,,,api_error
30925,Dejan Grba,Serbian,Male,1967.0,,,,api_error
30926,Renée Green,American,Female,1959.0,,,,api_error
30927,Fritz Grohs,Austrian,Male,1955.0,2000.0,,,api_error
30928,Elisabeth Grübl,Austrian,Female,1961.0,,,,api_error
30929,Gruppe Or-Om,,,,,,,api_error
30930,Mauricio Guillen,Mexican,Male,1971.0,,,,api_error
30932,Jens Haaning,Danish,Male,1965.0,,,,api_error
30933,Maria Hahnenkamp,Austrian,Female,1959.0,,,,api_error
30934,Susan Hapgood,American,Female,,,,,api_error
30935,Mary Heilmann,American,Female,1940.0,,,,api_error
30936,Hil de Gard,Austrian,Male,1964.0,,,,api_error
30937,Susan Hiller,American,Female,1940.0,,,,api_error
30938,Noritoshi Hirakawa,Japanese,Male,1960.0,,,,api_error
30939,Richard Hoeck,Austrian,Male,1965.0,,,,api_error
30940,C. & I. Hohenbüchler,Austrian,Female,1964.0,,,,api_error
30941,Carsten Höller,Belgian,Male,1961.0,,,,api_error
30942,Edgar Honetschläger,Austrian,Male,1963.0,,,,api_error
30943,Horßkovß and Maurer,,,,,,,api_error
30944,Stephan von Huene,,Male,1932.0,2000.0,,,api_error
30945,Aleksandar Battista Ilic,Croatian,Male,1965.0,,,,api_error
30946,Sanja Iveković,Croatian,Female,1949.0,,,,api_error
30947,Cameron Jamie,American,Male,1969.0,,,,api_error
30948,Ann Veronica Janssens,,Female,,,,,api_error
30949,Anna Jermolaewa,Russian,Female,1970.0,,,,api_error
30950,Daniel Jewesbury,British,Male,,,,,api_error
30951,Adrian Jones,,Male,,,,,api_error
30952,Birgit Jürgenssen,Austrian,Female,1949.0,2003.0,,,api_error
30953,Sejla Kameric,Bosnian,Female,1976.0,,,,api_error
30954,Helmut Kandl,Austrian,Male,1953.0,,,,api_error
30955,Johanna Kandl,Austrian,Female,1964.0,,,,api_error
30956,Herwig Kempinger,Austrian,Male,1957.0,,,,api_error
30957,Udo Kittelmann,,Male,,,,,api_error
30958,Klub 2,,,,,,,api_error
30959,Alexander Kluge,German,Male,1932.0,,,,api_error
30960,Jan Knap,Czech,Male,1949.0,,,,api_error
30961,Jakob Kolding,Danish,Male,1971.0,,,,api_error
30962,Mads Ranch Kornum,Danish,Male,,,,,api_error
30963,Anna Kowalska,,Female,,,,,api_error
30964,Marek Kozera,,Male,1957.0,,,,api_error
30965,Reed Kram,Swedish,Male,1971.0,,,,api_error
30966,Gregor Kristof,,,,,,,api_error
30967,Elke Krystufek,Austrian,Female,1970.0,,,,api_error
30968,Hans Küng,Swiss,Male,1928.0,,,,api_error
30969,Gabriel Kuri,Mexican,Male,1970.0,,,,api_error
30970,Kurt & Plasto,,,,,,,api_error
30971,Gerhard Lang,German,Male,1963.0,,,,api_error
30972,Cornelia Lauf,,Female,,,,,api_error
30973,Vincent Leow,Singaporean,Male,1961.0,,,,api_error
30974,Erik van Lieshout,Dutch,Male,1968.0,,,,api_error
30975,Hans Peter Litscher,,Male,,,,,api_error
30976,Hubert Lobnig,Austrian,Male,1962.0,,,,api_error
30977,Logicaland,,,,,,,api_error
30978,Martin Löw-Beer,,,,,,,api_error
30980,Marko Lulic,Austrian,Male,1972.0,,,,api_error
30981,Juan Maidagan,Argentine,Male,,,,,api_error
30982,Dolores Zinny,Argentine,Female,1968.0,,,,api_error
30983,Boris Manner,Austrian,Male,1961.0,,,,api_error
30984,Dorit Margreiter,Austrian,Female,1967.0,,,,api_error
30985,Alexander and Susan Maris,,,,,,,api_error
30986,Michaela Math,Austrian,Female,1968.0,,,,api_error
30987,Stephen Mathewson,American,Male,1962.0,,,,api_error
30988,Leonore Mau,German,Female,1916.0,,,,api_error
30989,Lloyd de Mause,American,Male,1931.0,,,,api_error
30990,Robert Milin,French,Male,1951.0,,,,api_error
30991,J. Abbott Miller,American,Male,1963.0,,,,api_error
30992,Cornelia Mittendorfer,,Female,,,,,api_error
30994,Martin Mrazik,,,,,,,api_error
30995,Eva Mrazikova,,,,,,,api_error
30996,Otto Mühl,Austrian,Male,1925.0,2013.0,,,api_error
30997,Christian Philipp Müller,Swiss,Male,1957.0,,,,api_error
31000,Oswald Oberhuber,Italian,Male,1931.0,,,,api_error
31001,Walter Obholzer,Austrian,Male,1953.0,,,,api_error
31002,Melik Ohanian,French,Male,1969.0,,,,api_error
31003,Edith Payer,Austrian,Female,1975.0,,,,api_error
31004,Aleksandr Petljura,,Male,,,,,api_error
31005,Cathrin Pichler,,Female,,,,,api_error
31006,Paola Pivi,Italian,Female,1971.0,,,,api_error
31007,Lisl Ponger,Austrian,Female,,,,,api_error
31008,Tim Sharp,,Male,1974.0,,,,api_error
31009,Martin Prinzhorn,Austrian,Male,1957.0,,,,api_error
31010,August Ruhs,Austrian,Male,1946.0,,,,api_error
31011,Rob Pruitt,,Male,,,,,api_error
31012,Florian Pumhösl,Austrian,Male,1971.0,,,,api_error
31013,Doron Rabinovici,Austrian,Male,1961.0,,,,api_error
31014,L.A. Raeven,Dutch,Female,1971.0,,,,api_error
31015,Kerim Ragimov,Russian,Male,1970.0,,,,api_error
31016,Navin Rawanchaikul,Thai,Male,1971.0,,,,api_error
31017,Reala,,,,,,,api_error
31018,Jacques Le Rider,French,Male,1954.0,,,,api_error
31019,Jeroen de Rijke,Dutch,Male,1970.0,2006.0,,,api_error
31020,Willem de Rooij,Dutch,Male,1969.0,,,,api_error
31021,"2x4, Inc.",American,,1994.0,,,,api_error
31022,Michael Rock,American,Male,1959.0,,,,api_error
31023,Susan Sellers,American,Female,1967.0,,,,api_error
31024,Viktor Rogy,Austrian,Male,1924.0,2004.0,,,api_error
31025,Bella Ban,,Female,,,,,api_error
31026,Naomi Tereza Salmon,Israeli,Female,1965.0,,,,api_error
31027,Peter Sandbichler,Austrian,Male,1964.0,,,,api_error
31030,Bülent Sangar,Turkish,Male,1965.0,,,,api_error
31031,Eran Schaerf,German,Male,1962.0,,,,api_error
31032,Hans Scheugl,Austrian,Male,1940.0,,,,api_error
31033,Markus Schinwald,Austrian,Male,1973.0,,,,api_error
31034,Hubert Schmalix,Austrian,Male,1952.0,,,,api_error
31035,Ferdinand Schmatz,Austrian,Male,1953.0,,,,api_error
31036,Rudolf Schmitz,German,,,,,,api_error
31037,Walter Schmögner,Austrian,Male,1943.0,,,,api_error
31038,Wolfgang Schneider,German,,1950.0,,,,api_error
31039,Rainald Schumacher,German,Male,,,,,api_error
31040,Allan Sekula,American,Male,1951.0,2013.0,,,api_error
31041,Bruno Serralongue,,Male,,,,,api_error
31042,Jeffrey Shaw,Australian,Male,1944.0,,,,api_error
31043,Wolf Singer,German,Male,1943.0,,,,api_error
31044,Sean Snyder,American,Male,1972.0,,,,api_error
31045,Kim Sooja,Korean,Female,1957.0,,,,api_error
31046,Dr. Gerfried Sperl,Austrian,Male,1941.0,,,,api_error
31047,Spin,,,,,,,api_error
31048,Wolfgang Staehle,German,Male,,,,,api_error
31049,Isa Stech,,,,,,,api_error
31050,Dominik Steiger,Austrian,Male,1940.0,,,,api_error
31051,Bruce Sterling,American,Male,1954.0,,,,api_error
31053,Helmut Stockhammer,,,,,,,api_error
31054,Kamen Stoyanov,Bulgarian,Male,1977.0,,,,api_error
31055,Andrea van der Straeten,,Female,,,,,api_error
31056,Ingeborg Strobl,Austrian,Female,1949.0,,,,api_error
31057,Ernst Strouhal,,Male,,,,,api_error
31058,Beatrix Sunkovsky,,Female,,,,,api_error
31059,Violet Suk,,Female,,,,,api_error
31060,Martin Koch,,Male,,,,,api_error
31062,Christoph Tannert,,Male,1955.0,,,,api_error
31063,Tomato,,,,,,,api_error
31064,Alexei Tylevich,,Male,,,,,api_error
31065,Vectorama.org,,,,,,,api_error
31066,Marek Kvetan,,,,,,,api_error
31067,Wahlpartie,,,,,,,api_error
31068,Marius Watz,Norwegian,Male,1973.0,,,,api_error
31069,Peter Weibel,Ukrainian,Male,1944.0,,,,api_error
31070,Lois Weinberger,,Female,,,,,api_error
31071,Barbara Westman,,Female,,,,,api_error
31072,Krzysztof Wodiczko,Polish,Male,1943.0,,,,api_error
31073,Michel Würthle,Austrian,Male,1943.0,,,,api_error
31074,Cerith Wyn Evans,British,Male,1958.0,,,,api_error
31075,Jun Yang,Chinese,Male,1975.0,,,,api_error
31076,Lansheng Zhang,Chinese,Male,,,,,api_error
31077,Tiehai Zhou,Chinese,Male,1966.0,,,,api_error
31078,Beatrix Zobl,Austrian,Female,1970.0,,,,api_error
31079,Andreas Zybach,Swiss,Male,1975.0,,,,api_error
31080,Cornel Windlin,Swiss,Male,1964.0,,,,api_error
31151,Wendy Furman,,,,,,,api_error
31152,Roy Lichtenstein Foundation,,,,,,,api_error
31211,Charles Atlas,American,Male,1949.0,,,,api_error
31241,Djamshed Usmonov,Tajik,Male,1965.0,,,,api_error
31242,Bill Morrison,American,Male,1965.0,,,,api_error
31243,Yamina Bachir-Chouikh,Algerian,Female,1954.0,,,,api_error
31253,Kathleen Lindsley,,,,,,,api_error
31258,Luis Buñuel,Spanish,Male,1900.0,1983.0,,,api_error
31259,Rebecca Miller,American,Female,1962.0,,,,api_error
31260,Ross McElwee,,Male,,,,,api_error
31261,Stan Philips,,Male,,,,,api_error
31262,Mauritz Stiller,Finnish,Male,1883.0,1928.0,,,api_error
31263,David Maysles,American,Male,1931.0,1987.0,,,api_error
31264,Albert Maysles,American,Male,1926.0,,,,api_error
31265,Charlotte Zwerin,,Female,,,,,api_error
31268,Kevin Smith,American,Male,1970.0,,,,api_error
31271,Candy Kugel,American,Female,1951.0,,,,api_error
31272,Lee Tamahori,New Zealander,Male,1950.0,,,,api_error
31276,Marc Forster,German,Male,1969.0,,,,api_error
31278,Wolf Gremm,,Male,,,,,api_error
31280,Hayao Miyazaki,Japanese,Male,1941.0,,,,api_error
31281,Campbell Scott,American,Male,1961.0,,,,api_error
31283,Shirley Cheechoo,,Female,,,,,api_error
31284,Nicole Kassell,,Female,,,,,api_error
31292,Monika Sosnowska,Polish,Female,1972.0,,,,api_error
31297,Dee Dee Halleck,,Female,,,,,api_error
31298,David Thorne,American,Male,1960.0,,,,api_error
31299,Edward Herman,,Male,,,,,api_error
31300,Vincent Mosco,,Male,,,,,api_error
31301,Pierre Bourdieu,French,Male,1930.0,2002.0,,,api_error
31302,Jurgen Habermas,German,Male,1929.0,,,,api_error
31303,Bruno Latour,,Male,,,,,api_error
31304,Martine Aballea,,Female,1950.0,,,,api_error
31305,Peter Fend,,Male,,,,,api_error
31306,Robert McChesney,,Male,,,,,api_error
31307,Harald Szeemann,Swiss,Male,1933.0,2005.0,,,api_error
31308,Aloys Zötl,German,Male,1803.0,1897.0,,,api_error
31309,Paul Virilio,French,Male,1932.0,,,,api_error
31310,monochrom,,,,,,,api_error
31311,get to attack,,,,,,,api_error
31312,Koo Jeong a,Korean,Female,1967.0,,,,api_error
31313,Daniel Suter,Czech,Male,1960.0,,,,api_error
31316,Armand Mevis,Dutch,Male,1963.0,,,,api_error
31317,Linda van Deursen,Dutch,Female,1961.0,,,,api_error
31318,Emmerich Talos,,Male,,,,,api_error
31319,Theo Steiner,,Male,,,,,api_error
31320,Martin Adel,,Male,,,,,api_error
31321,Neal Ascherson,Scottish,Male,1932.0,,,,api_error
31322,Klaus Ottomeyer,,Male,,,,,api_error
31323,Slavoj Žižek,,Male,,,,,api_error
31324,Edi Rama,Albanian,Male,1964.0,,,,api_error
31325,Christoph Schlingensief,German,Male,1960.0,2010.0,,,api_error
31327,Daniel Blochwitz,German,Male,1973.0,,,,api_error
31328,Horit Herman Peled,Israeli,Female,,,,,api_error
31329,Deborah Kelly,Australian,Female,,,,,api_error
31330,Ellen Moffat,,Female,,,,,api_error
31331,Trebor Scholz,,Male,,,,,api_error
31332,Jill Dawsey,,Female,,,,,api_error
31333,Mary Jo Walters,,Female,,,,,api_error
31334,Pavel Humhal,Czech,Male,1965.0,,,,api_error
31335,Roman Ondák,Slovak,Male,1966.0,,,,api_error
31336,Martin Polak,Czech,,,,,,api_error
31337,Lukas Jasansky,Czech,,,,,,api_error
31338,Little Warsaw,,,,,,,api_error
31339,Katerina Seda,,Female,,,,,api_error
31340,Miklos Erhardt,Hungarian,Male,1966.0,,,,api_error
31341,Stano Filko,Slovak,Male,1937.0,2015.0,,,api_error
31342,Julius Koller,Slovak,Male,1939.0,2007.0,,,api_error
31343,Allan Currall,British,Male,1965.0,,,,api_error
31344,Michael Hvorecky,Slovak,Male,1976.0,,,,api_error
31345,Kirsten Pieroth,German,Female,,,,,api_error
31346,Jiri Skala,Czech,Male,1976.0,,,,api_error
31347,Silvie Vondrejcova,,Female,,,,,api_error
31348,Julie Ryan,,Female,,,,,api_error
31349,Alexandra Domanovic,,Female,,,,,api_error
31350,Alexander Felch,Austrian,Male,1978.0,,,,api_error
31351,Markus Leixner,,,,,,,api_error
31352,Sarah Schneider,,Female,,,,,api_error
31353,Chen Xi,Austrian,,1966.0,,,,api_error
31354,Markus Hanakam,German,Male,1979.0,,,,api_error
31355,Christoph Priglinger,,Male,,,,,api_error
31356,Roswitha Schuller,Austrian,Female,1984.0,,,,api_error
31357,Johanna Rille,German,Female,1980.0,,,,api_error
31358,Marianne Kampel,,Female,,,,,api_error
31359,Caroline E. Heider,,Female,,,,,api_error
31360,Pirmin Blum,Swiss,Male,1969.0,,,,api_error
31361,Natasa Berk,,Female,,,,,api_error
31362,Karin Aue,Austrian,Female,1981.0,,,,api_error
31363,Miriam Kathrein,,Female,,,,,api_error
31364,Magda Tothova,Slovak,Female,1979.0,,,,api_error
31365,Andrea Starl,,Female,,,,,api_error
31366,Vedra Pilipovic,,,,,,,api_error
31367,Katharina Ivansich,Austrian,Female,1983.0,,,,api_error
31368,Irma Tulek,,Female,,,,,api_error
31369,Julia Seyr,,Female,,,,,api_error
31370,Sofia Goscinski,,Female,,,,,api_error
31371,Katharina Hager,,Female,,,,,api_error
31372,Manuel Gorkiewicz,Austrian,Male,1976.0,,,,api_error
31373,Jakob Neulinger,Austrian,Male,1979.0,,,,api_error
31374,Lucas Zallmann,,,,,,,api_error
31375,Johanna Billing,Swedish,Female,1973.0,,,,api_error
31376,Maria Crista,,Female,,,,,api_error
31377,Jean Baudrillard,French,Male,1929.0,2007.0,,,api_error
31378,Roberto Ohrt,,Male,1954.0,,,,api_error
31379,Michel Onfray,French,Male,1959.0,,,,api_error
31380,Gilles Deleuze,French,Male,1925.0,1995.0,,,api_error
31381,Franz Kaltenbeck,Austrian,Male,,,,,api_error
31382,Yann Aussant,French,,,,,,api_error
31384,Deimantas Narkevicius,Lithuanian,Male,1964.0,,,,api_error
31385,Manfred Grübl,Austrian,Male,1967.0,,,,api_error
31408,Roberto Rossellini,Italian,,1906.0,1977.0,,,api_error
31420,Nancy Grossman,American,Female,1940.0,,,,api_error
31421,Marcel Bovis,French,Male,1904.0,1997.0,,,api_error
31430,Demakersvan,,,2004.0,,,,api_error
31431,Jeroen Verhoeven,Dutch,Male,1976.0,,,,api_error
31433,Rob Voerman,Dutch,Male,1966.0,,,,api_error
31442,Yang Fudong,Chinese,Male,1971.0,,,,api_error
31447,KDDI Corporation,Japanese,,1953.0,,,,api_error
31449,John Sennhauser,American,Male,1907.0,1978.0,,,api_error
31450,Francisco Castro Leñero,Mexican,Male,1954.0,,,,api_error
31455,Akihiko Kotani,Japanese,Male,1957.0,,,,api_error
31456,Tsuguyoshi Sadashima,Japanese,Male,1952.0,,,,api_error
31461,Ardegno Soffici,Italian,Male,1879.0,1964.0,,,api_error
31464,Hank Bull,Canadian,Male,1949.0,,,,api_error
31541,Ben Maddow,American,Male,1909.0,1992.0,,,api_error
31555,Jed Johnson,American,Male,1948.0,1996.0,,,api_error
31589,unknown,,,,,,,api_error
31610,"Airstream, Inc.",American,,1931.0,,,,api_error
31612,"RIMA, Padua, Italy",Italian,,1916.0,,,,api_error
31613,Alexander Taylor,British,Male,1975.0,,,,api_error
31614,Established & Sons,British,,2005.0,,,,api_error
31615,Claudio Salocchi,Italian,,1934.0,,,,api_error
31617,Coren Sharples,American,Female,1965.0,,,,api_error
31634,Barbara Bosworth,American,Female,1953.0,,,,api_error
31648,Ursula von Rydingsvard,American,Female,1942.0,,,,api_error
31652,John Reekie,American,,,,,,api_error
31672,Michel Parmentier,French,Male,1938.0,2000.0,,,api_error
31673,André Cadere,Romanian,Male,1934.0,1978.0,,,api_error
31677,Ceal Floyer,British,Female,1968.0,,,,api_error
31678,Cory Arcangel,American,Male,1978.0,,,,api_error
31697,Nina Bovasso,American,Female,1965.0,,,,api_error
31698,Gregory Green,American,Male,1959.0,,,,api_error
31699,Papo Colo,,Male,,,,,api_error
31706,Anthony Tennant,,,,,,,api_error
31732,Christoph Ruckhäberle,German,Male,1972.0,,,,api_error
31735,Santiago Cucullu,Argentine,Male,1969.0,,,,api_error
31737,Kayrock and Wolfy,American,Male,,,,,api_error
31742,Joëlle Tuerlinckx,Belgian,Female,1958.0,,,,api_error
31744,Albert York,American,Male,1928.0,,,,api_error
31784,Nasreen Mohamedi,Indian,Female,1937.0,1990.0,,,api_error
31875,Allan Dwan,Canadian,Male,1885.0,1982.0,,,api_error
31876,Eddie Dillon,American,Male,1879.0,1933.0,,,api_error
31879,Frank Powell,,Male,,,,,api_error
31880,Mack Sennett,American,Male,1880.0,1960.0,,,api_error
31881,Charles H. France,American,Male,1870.0,1940.0,,,api_error
31884,Charles J. Brabin,American,Male,1883.0,1957.0,,,api_error
31887,Frederick Thomson,American,Male,1869.0,1925.0,,,api_error
31889,George L. Tucker,American,Male,1872.0,1921.0,,,api_error
31891,Unknown Director,,,,,,,api_error
31892,Kenean Buel,American,Male,1873.0,1948.0,,,api_error
31897,Pathé Frères,French,,1896.0,,,,api_error
31898,Travers Vale,,Male,1865.0,1927.0,,,api_error
31901,Oscar Eagle,American,Male,1861.0,1930.0,,,api_error
31904,Edward Warren,American,Male,1857.0,1930.0,,,api_error
31906,John Harvey,American,Male,1881.0,1954.0,,,api_error
31908,Theodore Marston,American,Male,1868.0,1920.0,,,api_error
31909,Stuart Kinder,,Male,,,,,api_error
31912,Harry Lambert,,Male,1876.0,1949.0,,,api_error
31919,Lorimer Johnston,American,Male,1858.0,1941.0,,,api_error
31922,Dave Aylott,British,Male,1885.0,1969.0,,,api_error
31960,Jorge Macchi,Argentine,Male,1963.0,,,,api_error
31999,Yutaka Sone,Japanese,Male,1965.0,,,,api_error
32007,Louise Campbell,Danish,Female,1970.0,,,,api_error
32008,"HAY, Denmark",,,2002.0,,,,api_error
32031,Mamma Andersson,Swedish,Female,1962.0,,,,api_error
32032,Victor Grippo,Argentine,Male,1936.0,2002.0,,,api_error
32041,Robert Altman,American,Male,1925.0,2006.0,,,api_error
32051,Øivind Resch,Norwegian,,1961.0,,,,api_error
32059,Max Miedinger,Swiss,Male,1910.0,1980.0,,,api_error
32063,Philippe Apeloig,French,Male,1962.0,,,,api_error
32064,Martin Boykan,,,,,,,api_error
32067,"Given Imaging Ltd., Israel",Israeli,,1998.0,,,,api_error
32075,Abbas Kiarostami,Iranian,Male,1940.0,,,,api_error
32087,Scottie Wilson,Scottish,Male,1889.0,1972.0,,,api_error
32097,Craig Hodgetts,American,Male,1937.0,,,,api_error
32098,Robert Mangurian,American,Male,1944.0,,,,api_error
32099,Edouard Hoffmann,Swiss,,,,,,api_error
32101,Lacloche Gallery,,,,,,,api_error
32102,Giorgio Ceretti,Italian,Male,1932.0,,,,api_error
32103,Pietro Derossi,Italian,Male,1933.0,,,,api_error
32104,Riccardo Rosso,Italian,Male,,,,,api_error
32113,Charles Decroix,,Male,,,,,api_error
32115,John Muafangejo,Namibian,Male,1943.0,1987.0,,,api_error
32116,George Lessey,,Male,,,,,api_error
32121,James Young,,Male,,,,,api_error
32125,Harry Bedos,French,Male,,,,,api_error
32133,Shaun O'Dell,American,Male,1968.0,,,,api_error
32138,Glen Baldridge,American,Male,1977.0,,,,api_error
32147,Marchatti,,,,,,,api_error
32172,Harry d'Abbadie d'Arrast,Argentine,Male,1897.0,1968.0,,,api_error
32173,Rhonda Abrams,Canadian,Female,1960.0,,,,api_error
32174,Peggy Ahwesh,American,Female,1954.0,,,,api_error
32175,Woody Allen,American,Male,1935.0,,,,api_error
32176,Ant Farm,American,,,,,,api_error
32181,Laurence Attali,,,,,,,api_error
32182,Beth B,American,Female,1955.0,,,,api_error
32185,Reginald Barker,Canadian,Male,1886.0,1945.0,,,api_error
32186,Herbert J. Biberman,American,Male,1900.0,1971.0,,,api_error
32187,Kathryn Bigelow,American,Female,1951.0,,,,api_error
32188,G. W. Bitzer,American,Male,1872.0,1944.0,,,api_error
32189,Dan Boord,American,Male,1951.0,,,,api_error
32190,Luis Valdovino,Argentine,Male,1961.0,,,,api_error
32191,Lizzie Borden,American,Female,1958.0,,,,api_error
32192,Frank Borzage,American,Male,1893.0,1962.0,,,api_error
32193,Lino Brocka,,Male,,,,,api_error
32194,James Broughton,American,Male,1913.0,1999.0,,,api_error
32195,Karl Brown,American,Male,1896.0,1990.0,,,api_error
32196,Stephen R. Johnson,American,Male,1952.0,2015.0,,,api_error
32198,Frank Capra,American,Male,1897.0,1991.0,,,api_error
32201,Abigail Child,American,Female,1948.0,,,,api_error
32202,Shirley Clarke,American,Female,1919.0,1997.0,,,api_error
32203,Joseph Chaiken,American,Male,1935.0,2003.0,,,api_error
32204,Sam Shepard,American,Male,1943.0,,,,api_error
32206,Joel Coen,American,Male,1954.0,,,,api_error
32207,Ethan Coen,American,Male,1957.0,,,,api_error
32208,Jem Cohen,American,Male,1962.0,,,,api_error
32209,Cecelia Condit,American,Female,1947.0,,,,api_error
32211,Sofia Coppola,American,Female,1971.0,,,,api_error
32214,John Cromwell,American,Male,1887.0,1979.0,,,api_error
32215,Alan Crosland,American,Male,1894.0,1936.0,,,api_error
32216,Ximena Cuevas,Mexican,Female,1963.0,,,,api_error
32217,George Cukor,American,Male,1899.0,1983.0,,,api_error
32218,Michael Curtiz,Hungarian,Male,1886.0,1962.0,,,api_error
32219,William Keighley,American,Male,1889.0,1984.0,,,api_error
32221,Jules Dassin,American,Male,1911.0,2008.0,,,api_error
32222,Terence Davies,British,Male,1945.0,,,,api_error
32224,W. K. L. Dickson,French,Male,1860.0,1935.0,,,api_error
32226,William Dieterle,German,Male,1893.0,1972.0,,,api_error
32229,Nathaniel Dorsky,American,Male,1943.0,,,,api_error
32230,Alexander Dovzhenko,Ukrainian,Male,1894.0,1956.0,,,api_error
32231,Carl Theodor Dreyer,Danish,Male,1889.0,1968.0,,,api_error
32232,Roberto Gabetti,Italian,Male,1925.0,2000.0,,,api_error
32233,Aimaro Oreglia d'Isola,Italian,Male,1928.0,,,,api_error
32234,"Colli, Turin",,,,,,,api_error
32236,Ed Emshwiller,American,Male,1925.0,1990.0,,,api_error
32240,Dave Fleischer,American,Male,1894.0,1979.0,,,api_error
32241,Victor Fleming,American,Male,1889.0,1949.0,,,api_error
32244,Peter Fonda,American,Male,1940.0,,,,api_error
32245,Hermine Freed,American,Female,1940.0,1998.0,,,api_error
32246,Masaki Fujihata,Japanese,Male,1956.0,,,,api_error
32250,Jean-Luc Godard,French,Male,1930.0,,,,api_error
32251,Anne-Marie Miéville,Swiss,Female,1945.0,,,,api_error
32253,Shalom Gorewitz,American,Male,1949.0,,,,api_error
32255,Bill Gunn,American,Male,1934.0,1989.0,,,api_error
32256,William S. Hart,American,Male,1864.0,1946.0,,,api_error
32259,Howard Hawks,American,Male,1896.0,1977.0,,,api_error
32268,James Herbert,American,Male,1938.0,,,,api_error
32269,Jerome Hill,American,Male,1905.0,1972.0,,,api_error
32272,Faith Hubley,American,Female,1924.0,2001.0,,,api_error
32273,John Huston,American,Male,1906.0,1987.0,,,api_error
32278,Joris Ivens,Dutch,Male,1898.0,1989.0,,,api_error
32279,Ken Jacobs,American,Male,1933.0,,,,api_error
32280,Jim Jarmusch,American,Male,1953.0,,,,api_error
32281,Jia Zhangke,Chinese,Male,1970.0,,,,api_error
32282,Leopold Jessner,German,Male,1878.0,1945.0,,,api_error
32283,Paul Leni,German,,1885.0,1929.0,,,api_error
32284,Nathaniel Kahn,American,Male,1963.0,,,,api_error
32286,Tom Kalin,American,Male,1962.0,,,,api_error
32288,Buster Keaton,American,Male,1895.0,1966.0,,,api_error
32290,Clyde Bruckman,American,Male,1894.0,1955.0,,,api_error
32292,Krzysztof Kiéslowski,Polish,Male,1941.0,1996.0,,,api_error
32296,Herbert Kline,American,Male,1909.0,1999.0,,,api_error
32297,Paul Kos,American,Male,1942.0,,,,api_error
32299,Fritz Lang,Austrian,Male,1890.0,1976.0,,,api_error
32303,Charles Le Bargy,French,Male,1858.0,1936.0,,,api_error
32304,André Calmettes,French,Male,1861.0,1942.0,,,api_error
32305,Spike Lee,American,Male,1957.0,,,,api_error
32306,Barry Levinson,American,Male,1942.0,,,,api_error
32311,Ernst Lubitsch,American,Male,1892.0,1947.0,,,api_error
32312,Mary Lucier,American,Female,1944.0,,,,api_error
32313,Sidney Lumet,American,Male,1924.0,,,,api_error
32314,David Lynch,American,Male,1946.0,,,,api_error
32315,Donald Mackenzie,Scottish,Male,1879.0,1972.0,,,api_error
32316,Louis Gasnier,French,Male,1875.0,1963.0,,,api_error
32317,Sidney Meyers,American,Male,1906.0,1969.0,,,api_error
32318,Joseph Strick,American,Male,1923.0,,,,api_error
32321,Joseph L. Mankiewicz,American,Male,1909.0,1993.0,,,api_error
32324,Wallace McCutcheon,,Male,1858.0,1910.0,,,api_error
32325,Norman McLaren,Scottish,Male,1914.0,1987.0,,,api_error
32327,Orlando Mesquita,,,,,,,api_error
32331,Linda Montano,American,Female,1942.0,,,,api_error
32333,Fred Newmeyer,American,Male,1888.0,1967.0,,,api_error
32334,Fred Niblo,American,Male,1874.0,1948.0,,,api_error
32335,Max Ophuls,German,Male,1902.0,1957.0,,,api_error
32338,Paper Tiger Television,American,,1981.0,,,,api_error
32340,Alexander Payne,American,Male,1961.0,,,,api_error
32341,Edwin S. Porter,American,Male,1870.0,1941.0,,,api_error
32347,Yakov Protazanov,Russian,Male,1881.0,1945.0,,,api_error
32348,Vsevolod Pudovkin,Russian,Male,1893.0,1953.0,,,api_error
32349,Yvonne Rainer,American,Female,1934.0,,,,api_error
32351,Susan Raymond,American,Female,1945.0,,,,api_error
32352,Alan Raymond,American,Male,1943.0,,,,api_error
32353,Theodore Reed,American,Male,1887.0,1959.0,,,api_error
32354,Alain Resnais,French,Male,1922.0,,,,api_error
32356,Marlon Riggs,American,Male,1957.0,1994.0,,,api_error
32360,David O. Russell,American,Male,1958.0,,,,api_error
32361,John Sayles,American,Male,1950.0,,,,api_error
32362,Victor L. Schertzinger,American,Male,1890.0,1941.0,,,api_error
32363,Gustavo Serena,Italian,Male,1881.0,1970.0,,,api_error
32364,Bill Sherwood,American,Male,1952.0,1990.0,,,api_error
32365,Esther Shub,Ukrainian,Female,1894.0,1959.0,,,api_error
32366,Shelly Silver,American,Female,1957.0,,,,api_error
32367,Victor Sjöström,Swedish,Male,1879.0,1960.0,,,api_error
32369,Warren Sonbert,American,Male,1947.0,1995.0,,,api_error
32370,Steven Spielberg,American,Male,1946.0,,,,api_error
32372,Lisa Steele,Canadian,Female,1947.0,,,,api_error
32373,Whit Stillman,American,Male,1952.0,,,,api_error
32374,Oliver Stone,American,Male,1946.0,,,,api_error
32375,John Sturgeon,American,Male,1946.0,,,,api_error
32377,Rea Tajiri,American,Female,1958.0,,,,api_error
32378,Quentin Tarantino,American,Male,1963.0,,,,api_error
32379,Paolo Taviani,Italian,Male,1931.0,,,,api_error
32380,Vittorio Taviani,Italian,Male,1929.0,,,,api_error
32423,Jacques Tourneur,French,Male,1904.0,1977.0,,,api_error
32424,Stan VanDerBeek,American,,1927.0,1984.0,,,api_error
32427,Captain Beefheart (Don Van Vliet),American,Male,1941.0,2010.0,,,api_error
32428,Steina,Icelandic,Female,1940.0,,,,api_error
32430,Woody Vasulka,American,Male,1937.0,,,,api_error
32432,King Vidor,American,Male,1894.0,1982.0,,,api_error
32434,Raoul Walsh,American,Male,1887.0,1980.0,,,api_error
32435,William A. Wellman,American,Male,1896.0,1975.0,,,api_error
32443,David Williams,,,,,,,api_error
32447,Wu Wenguang,Chinese,Male,1965.0,,,,api_error
32448,William Wyler,American,Male,1902.0,1981.0,,,api_error
32449,Julie Zando,American,Female,1961.0,,,,api_error
32462,John Stezaker,British,Male,1949.0,,,,api_error
32464,Dan Miller,American,Male,1961.0,,,,api_error
32468,Matthew Carter,British,Male,1937.0,,,,api_error
32472,Experimental Jetset,Dutch,,1997.0,,,,api_error
32473,Sonic Youth,American,,1981.0,,,,api_error
32475,Robert del Naja,British,Male,1965.0,,,,api_error
32484,Hugo Häring,German,Male,1882.0,1958.0,,,api_error
32487,Tony Conrad,American,Male,1940.0,2016.0,,,api_error
32523,Reena Spaulings,,Female,,,,,api_error
32537,Hans Georg Schiebel,,,,,,,api_error
32559,Berni Searle,South African,Female,1964.0,,,,api_error
32560,Kohei Yoshiyuki,Japanese,Male,1946.0,,,,api_error
32568,Olav Christopher Jenssen,Norwegian,Male,1954.0,,,,api_error
32572,Sam Taylor,American,Male,1895.0,1958.0,,,api_error
32586,Vladimir Shukhov,Russian,Male,1853.0,1939.0,,,api_error
32607,Lin Tianmiao,Chinese,Female,1961.0,,,,api_error
32620,Tanyth Berkeley,American,Female,1969.0,,,,api_error
32621,Leslie Hewitt,American,Female,1977.0,,,,api_error
32624,David Leidig,,,,,,,api_error
32627,Steven B. Smith,American,Male,1963.0,,,,api_error
32631,Mark Lewis,Canadian,Male,1957.0,,,,api_error
32641,Mathias Bengtsson,Danish,Male,1971.0,,,,api_error
32652,Jeremy Blake,American,Male,1971.0,2007.0,,,api_error
32653,Alex Ku,American,Male,1966.0,,,,api_error
32654,Mark Wallinger,British,Male,1959.0,,,,api_error
32655,Rolf Harder,Canadian,Male,1929.0,2013.0,,,api_error
32656,Ernst Roch,Yugoslav,Male,1928.0,2003.0,,,api_error
32657,Design Collaborative Montreal Ltd.,,,1965.0,1977.0,,,api_error
32658,Rolf Harder & Associates Inc.,,,1978.0,,,,api_error
32672,Bernard Bohn,,,,,,,api_error
32684,Dara Friedman,German,Female,1968.0,,,,api_error
32685,Joanne Tatham,British,Female,1967.0,,,,api_error
32686,Tom O'Sullivan,British,Male,1967.0,,,,api_error
32690,Seth Price,American,Male,1973.0,,,,api_error
32691,Kate Gilmore,American,Female,1975.0,,,,api_error
32692,Natascha Sadr Haghighian,Iranian,Female,1953.0,,,,api_error
32706,KPN,,,,,,,api_error
32707,Louisiana Bendolph,American,Female,1960.0,,,,api_error
32708,Mary Lee Bendolph,American,Female,1935.0,,,,api_error
32709,Rebecca Warren,British,Female,1965.0,,,,api_error
32717,El Ultimo Grito,Spanish,,1997.0,,,,api_error
32718,Jerszy Seymour,German,Male,1968.0,,,,api_error
32719,"Kidrobot, New York",,,2002.0,,,,api_error
32723,Roberto Feo,Spanish,Male,1964.0,,,,api_error
32724,Rosario Hurtado,Spanish,Female,1966.0,,,,api_error
32725,Judith de Graauw,Dutch,Female,1976.0,,,,api_error
32726,"Montis b.v., the Netherlands",,,1975.0,,,,api_error
32731,Esterio Segura,Cuban,Male,1970.0,,,,api_error
32733,Paul Budnitz,American,Male,1967.0,,,,api_error
32734,Tristan Eaton,American,Male,1978.0,,,,api_error
32735,Frank Kozik,Spanish,Male,1962.0,,,,api_error
32736,Tilt,French,,,,,,api_error
32737,"DOMA, Argentina",,,,,,,api_error
32738,Cycle,American,,,,,,api_error
32739,David Flores,American,,,,,,api_error
32740,Deph,American,Male,1979.0,,,,api_error
32741,Kenzo Minami,Japanese,Male,1974.0,,,,api_error
32742,Thomas Han,Chinese,,1979.0,,,,api_error
32744,Huck Gee,British,Male,1973.0,,,,api_error
32750,Chip Lord,American,Male,1944.0,,,,api_error
32751,Doug Michels,American,Male,1943.0,2003.0,,,api_error
32758,Zhang Huan,Chinese,Male,1965.0,,,,api_error
32766,Bas Jan Ader,Dutch,Male,1942.0,1975.0,,,api_error
32768,Liz Deschenes,American,Female,1966.0,,,,api_error
32791,Keith Arnatt,British,Male,1930.0,2008.0,,,api_error
32792,David Askevold,American,Male,1940.0,2008.0,,,api_error
32793,Gianfredo Camesi,Swiss,Male,1940.0,,,,api_error
32794,Kenichiro Ina,Japanese,Male,1947.0,,,,api_error
32795,Yutaka Matsuzawa,Japanese,Male,1922.0,2006.0,,,api_error
32796,David Robilliard,British,Male,1952.0,1988.0,,,api_error
32799,Jaap Berghuis,Dutch,Male,1945.0,,,,api_error
32800,Alan Charlton,British,Male,1948.0,,,,api_error
32825,Nalini Malani,Indian,Female,1946.0,,,,api_error
32840,Luc Derycke,,,,,,,api_error
32856,Santiago Pol,Venezuelan,Male,1946.0,,,,api_error
32879,Martin Glanzman,American,,,,,,api_error
32882,Carlo Naya,,,,,,,api_error
32885,Ron Galella,American,Male,1931.0,,,,api_error
32896,Mike Disfarmer,American,Male,1884.0,1959.0,,,api_error
32897,William H. Martin,American,Male,1865.0,1940.0,,,api_error
32904,Pere Viladecans,,Male,,,,,api_error
32905,Daria Esteva,,Female,,,,,api_error
32907,David Maljkovic,Croatian,Male,1973.0,,,,api_error
32908,Eduardo Stupía,Argentine,Male,1951.0,,,,api_error
32909,Sandra Gamarra,Peruvian,Female,1972.0,,,,api_error
32932,Rizoto,,,,,,,api_error
32933,Tekin,,,,,,,api_error
32939,Louis Anquetin,French,Male,1861.0,1932.0,,,api_error
32944,Nice Style The World's First Pose Band,,,1971.0,1975.0,,,api_error
32945,Bruce McClain,Scottish,,1944.0,,,,api_error
32947,Nelson Ricardo Savinon,American,,1971.0,,,,api_error
32957,Julia Lohmann,German,Female,1977.0,,,,api_error
32964,Ben Fry,American,Male,1975.0,,,,api_error
32965,Noam Toran,American,Male,1975.0,,,,api_error
32968,Design Interactions Department,British,,1989.0,,,,api_error
32981,James Auger,British,Male,1970.0,,,,api_error
32982,Jimmy Loizeau,British,Male,1968.0,,,,api_error
32985,Bernd Ribbeck,German,Male,1974.0,,,,api_error
32989,Tisch School of the Arts,American,,1965.0,,,,api_error
32990,Interactive Telecommunications Program,American,,1979.0,,,,api_error
32993,Moritz Waldemeyer,German,Male,1974.0,,,,api_error
32996,"NTT DOCOMO, Inc.",Japanese,,1991.0,,,,api_error
32997,Oki Sato,Canadian,Male,1977.0,,,,api_error
32998,nendo,Japanese,,2002.0,,,,api_error
33000,Eyal Burstein,Israeli,Male,1977.0,,,,api_error
33001,Michele Gauler,German,Female,1973.0,,,,api_error
33002,Beta Tank,British,,2007.0,,,,api_error
33004,Susana Soares,Portuguese,Female,1977.0,,,,api_error
33005,Crisform,Portuguese,,,,,,api_error
33006,Vilabo,Portuguese,,,,,,api_error
33015,Philip Worthington,British,Male,1977.0,,,,api_error
33025,Ammar Eloueini,French,Male,1968.0,,,,api_error
33026,AEDS Ammar Eloueini Digit-all Studio,French,,1997.0,,,,api_error
33034,Joris Laarman,Dutch,Male,1979.0,,,,api_error
33035,Joris Laarman Studio,,,2006.0,,,,api_error
33046,Neri Oxman,American,Female,1976.0,,,,api_error
33050,Jayden D. Harman,Australian,,1949.0,,,,api_error
33051,"PAX Scientific, Inc.",American,,1997.0,,,,api_error
33052,"PAX Water Technologies, Inc.",American,,,,,,api_error
33069,Nhem Ein,Cambodian,Male,1959.0,,,,api_error
33070,Bertjan Pot,Dutch,,1975.0,,,,api_error
33071,Moooi,,,,,,,api_error
33072,Samuel Cabot Cochran,American,Male,1982.0,,,,api_error
33073,"SMIT Sustainably Minded Interactive Technology, LLC",American,,2005.0,,,,api_error
33078,Benjamin Aranda,American,Male,1973.0,,,,api_error
33079,Chris Lasch,American,Male,1972.0,,,,api_error
33080,Aranda/Lasch,American,,2003.0,,,,api_error
33082,International Electrotechnical Commission (IEC),Swiss,,1906.0,,,,api_error
33095,Oded Ezer,Israeli,Male,1972.0,,,,api_error
33097,James King,British,Male,1982.0,,,,api_error
33112,Tomáš Gabzdil Libertíny,Slovak,Male,1979.0,,,,api_error
33113,Studio Libertiny,,,2006.0,,,,api_error
33114,Simon Heijdens,Dutch,Male,1978.0,,,,api_error
33115,Rachel Wingfield,British,Female,1978.0,,,,api_error
33116,Mathias Gmachl,Austrian,Male,1974.0,,,,api_error
33117,"Loop, pH",British,,2003.0,,,,api_error
33129,Barrett Lyon,American,Male,1978.0,,,,api_error
33130,The Opte Project,American,,2003.0,,,,api_error
33131,Matthew Pillsbury,American,Male,1973.0,,,,api_error
33143,Lisa Strausfeld,American,Female,1964.0,,,,api_error
33145,Christian Marc Schmidt,German,Male,1977.0,,,,api_error
33146,Takaaki Okada,Japanese,Male,1978.0,,,,api_error
33147,Eben Eliason,American,Male,1982.0,,,,api_error
33148,Walter Bender,American,Male,1956.0,,,,api_error
33149,One Laptop per Child,American,,2005.0,,,,api_error
33150,Marco Pesenti Gritti,Italian,Male,1978.0,,,,api_error
33152,"Red Hat, Inc.",American,,1993.0,,,,api_error
33156,Jonathan Harris,American,Male,1979.0,,,,api_error
33158,Sep Kamvar,American,Male,1977.0,,,,api_error
33165,Fernanda Bertini Viégas,Brazilian,Female,1971.0,,,,api_error
33166,Martin Wattenberg,American,Male,1970.0,,,,api_error
33171,Aesthetics + Computation Group,American,,1996.0,,,,api_error
33190,Evan Roth,American,Male,1978.0,,,,api_error
33191,Theo Watson,British,Male,1981.0,,,,api_error
33195,Nicholas Negroponte,American,Male,1943.0,,,,api_error
33196,Mary Lou Jepsen,American,Female,1965.0,,,,api_error
33197,Yves Béhar,Swiss,Male,1967.0,,,,api_error
33198,Jacques Gagné,Canadian,,1959.0,,,,api_error
33199,Gecko Design,American,,1996.0,,,,api_error
33200,Bret Recor,American,,1974.0,,,,api_error
33201,Colin Bulthaup,American,,1976.0,,,,api_error
33202,Squid Labs,American,,2004.0,,,,api_error
33203,Quanta,Taiwanese,,1988.0,,,,api_error
33206,Tim Edler,German,Male,1965.0,,,,api_error
33207,Jan Edler,German,,1970.0,,,,api_error
33208,realities:united,German,,2000.0,,,,api_error
33210,Crispin Jones,British,Male,1974.0,,,,api_error
33214,Gregor Zivic,Austrian,Male,1965.0,,,,api_error
33215,Ines Lombardi,,Female,,,,,api_error
33216,G.R.A.M.,,,,,,,api_error
33217,Olaf Breuning,Swiss,Male,1970.0,,,,api_error
33218,Bernhard Fruehwirth,Austrian,Male,1968.0,,,,api_error
33219,Jack Hauser,,Male,,,,,api_error
33220,Barbara Kraus,,Female,,,,,api_error
33221,Jan Ritsema,Dutch,Male,1945.0,,,,api_error
33222,Maja Bajevic,Bosnian,Female,1967.0,,,,api_error
33226,Scott Christensen,American,Male,1964.0,,,,api_error
33245,Nicolas Roope,British,Male,1972.0,,,,api_error
33246,Hulger,British,,2004.0,,,,api_error
33278,Alejandro Xul Solar,Argentine,Male,1887.0,1963.0,,,api_error
33289,Laura Kurgan,South African,Female,1961.0,,,,api_error
33290,Eric Cadora,American,Male,1962.0,,,,api_error
33291,David Reinfurt,American,Male,1971.0,,,,api_error
33292,Sarah Williams,American,Female,1974.0,,,,api_error
33293,Spatial Information Design Lab,American,,2004.0,,,,api_error
33294,"Graduate School of Architecture, Planning and Preservation, Columbia University",American,,1881.0,,,,api_error
33301,Michael Watling,New Zealander,,1941.0,,,,api_error
33302,Opdo Limited,New Zealander,,2003.0,,,,api_error
33342,Google Inc.,American,,1998.0,,,,api_error
33354,the artist's studio,,,,,,,api_error
33357,Kazuhiro Ueno,Japanese,,,,,,api_error
33362,"IDEA International Co., Ltd.",,,,,,,api_error
33369,Josh Smith,American,Male,1976.0,,,,api_error
33370,Christopher Blizzard,American,,1973.0,,,,api_error
33371,Mark Foster,American,,1960.0,,,,api_error
33372,Rebecca Allen,American,Female,1953.0,,,,api_error
33373,Michail Bletsas,Greek,Male,1967.0,,,,api_error
33374,V. Michael Bove,American,Male,1960.0,,,,api_error
33386,Brian Belott,American,Male,1973.0,,,,api_error
33388,Paulo Mendes da Rocha,Brazilian,Male,1928.0,,,,api_error
33390,Carlo Bimbi,Italian,Male,1944.0,,,,api_error
33393,Mark Bradford,American,Male,1961.0,,,,api_error
33395,Joshua Mosley,American,Male,1974.0,,,,api_error
33398,Leo Matiz,Colombian,Male,1917.0,1998.0,,,api_error
33444,Decca Records,,,1929.0,,,,api_error
33445,Elmer Bernstein,American,Male,1922.0,2004.0,,,api_error
33449,Capitol Records,,,1942.0,,,,api_error
33470,Leszek Holdanowicz,Polish,Male,1937.0,,,,api_error
33473,Lech Majewski,Polish,Male,1953.0,,,,api_error
33474,Richard Davis,,Male,,,,,api_error
33501,Duke Ellington,American,Male,1899.0,1974.0,,,api_error
33646,Willie Doherty,Irish,Male,1959.0,,,,api_error
33647,Lonnie van Brummelen,Dutch,Female,1969.0,,,,api_error
33655,H.H. Blakesly,American,Male,1851.0,1930.0,,,api_error
33693,Irma Boom,Dutch,Female,1960.0,,,,api_error
33737,Robert Cahen,French,Male,1945.0,,,,api_error
33739,Jean Chetaille,,,,,,,api_error
33748,Mark Leckey,British,Male,1964.0,,,,api_error
33750,Paolo Canevari,Italian,Male,1963.0,,,,api_error
33751,Will Duke,British,Male,1973.0,,,,api_error
33760,Vuyile Voyiya,South African,Male,1961.0,,,,api_error
33798,Senzeni Marasela,South African,Female,1977.0,,,,api_error
33801,Internotredici Associati,Italian,,1970.0,1983.0,,,api_error
33802,Gianni Ferrara,Italian,,1928.0,,,,api_error
33803,Nilo Giocchini,Italian,,1946.0,,,,api_error
33812,Charles Nkosi,South African,Male,1949.0,,,,api_error
33825,Aleksandra Mir,American,Female,1967.0,,,,api_error
33830,Georgianna Stout,American,Female,1967.0,,,,api_error
33837,Geoffrey Mann,Scottish,Male,1980.0,,,,api_error
33845,John Hubley,American,Male,1914.0,1977.0,,,api_error
33849,Albin Johnson,American,Male,1887.0,1964.0,,,api_error
33865,Ivan Serpa,Brazilian,Male,1923.0,1973.0,,,api_error
33908,Jan De Cock,Belgian,Male,1976.0,,,,api_error
33913,Trisha Donnelly,American,Female,1974.0,,,,api_error
33915,Huma Bhabha,American,Female,1962.0,,,,api_error
33942,Karl-Peter Röhl,German,Male,1890.0,1975.0,,,api_error
33943,Alejandro Puente,Argentine,Male,1933.0,2013.0,,,api_error
33945,Abraham Palatnik,Brazilian,Male,1928.0,,,,api_error
33965,Sam Durant,American,Male,1961.0,,,,api_error
33981,Sara VanDerBeek,American,Female,1976.0,,,,api_error
33984,Kurt Schmidt,German,Male,1901.0,1991.0,,,api_error
33993,Antonio Manuel,Brazilian,Male,1947.0,,,,api_error
34027,Guyton\Walker,American,Male,,,,,api_error
34037,Emily Hubley,American,Female,1958.0,,,,api_error
34045,Richard Jost,American,Male,1942.0,,,,api_error
34054,Jack Strange,British,Male,1984.0,,,,api_error
34056,Steven Parrino,American,Male,1958.0,2005.0,,,api_error
34062,Frederick Wiseman,American,Male,1930.0,,,,api_error
34064,João Moreira Salles,Brazilian,Male,1962.0,,,,api_error
34065,Pere Portabella,Spanish,Male,1929.0,,,,api_error
34066,Milos Forman,Czech,Male,1932.0,,,,api_error
34067,David Strohmaier,,Male,,,,,api_error
34069,Gary Winick,American,Male,1961.0,2011.0,,,api_error
34070,Michael Mann,,Male,,,,,api_error
34071,Bill Condon,,Male,,,,,api_error
34072,John Woo,Chinese,Male,1946.0,,,,api_error
34073,Brad Silberling,,Male,,,,,api_error
34074,Mark Waters,,Male,,,,,api_error
34075,Richard Linklater,,Male,,,,,api_error
34076,Anthony Minghella,,Male,,,,,api_error
34077,Trey Parker,,Male,,,,,api_error
34078,Paul Greengrass,British,Male,1955.0,,,,api_error
34111,David Bowie,British,Male,1947.0,2016.0,,,api_error
34113,Robert Pasut,,,,,,,api_error
34124,Alina Szapocznikow,Polish,Female,1926.0,1973.0,,,api_error
34131,Wieki Somers,Dutch,Female,1976.0,,,,api_error
34141,Benjamin Wheeler Howes,American,Male,1983.0,,,,api_error
34147,Teddy Cruz,American,Male,1962.0,,,,api_error
34153,Estudio Teddy Cruz + Forman,American,,2000.0,,,,api_error
34168,Kengo Kuma & Associates,,,1990.0,,,,api_error
34174,Richard Hutten,Dutch,Male,1967.0,,,,api_error
34184,John Lloyd Wright,American,,1892.0,1972.0,,,api_error
34202,Zhang Dali,Chinese,Male,1963.0,,,,api_error
34210,"Porzellan Fabrik Gebrüder Bauscher, Weiden, Germany",,,,,,,api_error
34211,"Königliche Porzellanmanufaktur, Meissen, Germany",,,,,,,api_error
34217,Peter Haythornthwaite,New Zealander,,1944.0,,,,api_error
34218,Farkas Molnár,Hungarian,Male,1897.0,1945.0,,,api_error
34219,Zoe Leonard,American,Female,1961.0,,,,api_error
34220,Candida Höfer,German,Female,1944.0,,,,api_error
34221,Rong Rong,Chinese,Male,1968.0,,,,api_error
34222,Huang Yan,Chinese,Male,1966.0,,,,api_error
34247,Georg Teltscher,Austrian,Male,1904.0,1983.0,,,api_error
34250,Jonas Wood,American,Male,1977.0,,,,api_error
34296,Haythornthwaite//Creativelab,New Zealander,,2000.0,,,,api_error
34303,Sigalit Landau,Israeli,Female,1969.0,,,,api_error
34307,Andrew Haythornthwaite,New Zealander,,1980.0,,,,api_error
34308,David Haythornthwaite,New Zealander,,1978.0,,,,api_error
34309,Dean Edgington,New Zealander,Male,1976.0,,,,api_error
34310,William J. Russell,American,Male,,,,,api_error
34333,Z Corporation,American,,,,,,api_error
34389,Dara Birnbaum,American,Female,1946.0,,,,api_error
34407,"Gravure, New York",,,,,,,api_error
34409,Yael Bartana,Israeli,Female,1970.0,,,,api_error
34411,George Lois,American,,1931.0,,,,api_error
34413,Katarzyna Kobro,,Female,,,,,api_error
34415,BBPR,,,1932.0,,,,api_error
34418,Louis-Jacques-Mandé Daguerre,French,Male,1787.0,1851.0,,,api_error
34425,Gianluigi Banfi,Italian,Male,1910.0,1945.0,,,api_error
34426,Lodovico Barbiano di Belgiojoso,Italian,Male,1909.0,2004.0,,,api_error
34427,Enrico Peressutti,Italian,Male,1908.0,1976.0,,,api_error
34428,Ernesto Nathan Rogers,Italian,Male,1909.0,1969.0,,,api_error
34431,Eurocarbon BV,,,,,,,api_error
34451,Jennifer Allora,American,Female,1974.0,,,,api_error
34452,Guillermo Calzadilla,Cuban,Male,1971.0,,,,api_error
34459,Paul Sharits,American,Male,1943.0,1993.0,,,api_error
34460,Svetlana Alpers,American,Female,1936.0,,,,api_error
34462,Marine Hugonnier,French,Female,1969.0,,,,api_error
34464,James Hyde,American,Male,1958.0,,,,api_error
34465,Barney Kulok,American,,1981.0,,,,api_error
34468,Ben Rose,American,Male,1916.0,1980.0,,,api_error
34484,Katy Grannan,American,Female,1969.0,,,,api_error
34488,Xiao Lu,Chinese,Female,1962.0,,,,api_error
34494,Jamie Isenstein,American,Female,1975.0,,,,api_error
34528,Guy de Cointet,American,Male,1934.0,1983.0,,,api_error
34532,Isaac Julien,British,Male,1960.0,,,,api_error
34536,von Foerster,,Male,1911.0,2002.0,,,api_error
34537,Zeilinger,Austrian,Male,1945.0,,,,api_error
34539,iGuzzini illuminazione S.p.A.,,,1958.0,,,,api_error
34540,Beckermann,Austrian,Female,1952.0,,,,api_error
34541,Gilbert Bretterbauer,Austrian,Male,1957.0,,,,api_error
34542,Martin Bruch,Austrian,Male,1961.0,,,,api_error
34543,einLab,American,,,,,,api_error
34545,Endlicher,Austrian,Male,1960.0,,,,api_error
34548,Groting,German,Female,1961.0,,,,api_error
34549,Shini Pararajasingham,,,,,,,api_error
34551,Haim Steinbach,American,,1944.0,,,,api_error
34555,Charlotte Posenenske,German,Female,1930.0,1985.0,,,api_error
34557,Gilberto Corretti,Italian,,1941.0,,,,api_error
34558,Paolo Deganello,Italian,Male,1940.0,,,,api_error
34559,Massimo Morozzi,Italian,Male,1941.0,,,,api_error
34560,Dario Bartolini,Italian,Male,1943.0,,,,api_error
34561,Lucia Bartolini,Italian,Female,1944.0,,,,api_error
34577,Sabine Hornig,German,Female,1964.0,,,,api_error
34597,Anthony McCall,American,Male,1946.0,,,,api_error
34619,El Anatsui,Ghanaian,Male,1944.0,,,,api_error
34623,Robin Fletcher,,,,,,,api_error
34624,Gary Chitty,,,,,,,api_error
34625,Paul Richards,,,,,,,api_error
34626,Robert Koepke,German,Male,1893.0,1968.0,,,api_error
34638,Eric Convents,,Male,,,,,api_error
34639,Roger Steylaerts,,Male,,,,,api_error
34650,Slavs and Tatars,,,2005.0,,,,api_error
34660,"Gebrüder Thonet, Koritschan, Moravia (Czech Republic)",,,,,,,api_error
34671,The Beatles,,,1960.0,,,,api_error
34673,Residents,American,,1972.0,,,,api_error
34674,Devo,American,,1973.0,,,,api_error
34692,Miao Xiaochun,Chinese,Male,1964.0,,,,api_error
34699,Julius Shulman,American,Male,1910.0,2009.0,,,api_error
34708,Sterling Ruby,German,Male,1972.0,,,,api_error
34714,Diango Hernandez,Cuban,Male,1970.0,,,,api_error
34722,Ai Weiwei,Chinese,Male,1957.0,,,,api_error
34723,Hai Bo,Chinese,Male,1962.0,,,,api_error
34724,Hong Lei,Chinese,Male,1960.0,,,,api_error
34725,Pierre Missey,French,,,,,,api_error
34727,Mary Beth Edelson,American,Female,1933.0,,,,api_error
34728,Sheng Qi,Chinese,Male,1965.0,,,,api_error
34729,Weng Fen,Chinese,Male,1961.0,,,,api_error
34732,Zheng Guogu,Chinese,Male,1970.0,,,,api_error
34734,Ercole Brini,Italian,Male,1913.0,1989.0,,,api_error
34740,Philip Glass,American,,1937.0,,,,api_error
34742,Tino Sehgal,British,Male,1976.0,,,,api_error
34743,Jackson Mac Low,American,Male,1922.0,2004.0,,,api_error
34764,Wardell Milan,American,Male,1978.0,,,,api_error
34782,Lida Abdul,Afghan,Female,1973.0,,,,api_error
34784,Trisha Brown,American,Female,1936.0,,,,api_error
34785,Jessica Mein,Brazilian,Female,1975.0,,,,api_error
34787,Leo Villareal,American,Male,1967.0,,,,api_error
34788,Kalup Linzy,American,Male,1977.0,,,,api_error
34789,George Bures Miller,Canadian,Male,1960.0,,,,api_error
34790,Cabaret Voltaire,,,,,,,api_error
34791,Downtown Community TV Center,,,1972.0,,,,api_error
34792,Fishbone,,,,,,,api_error
34793,Raindance Corporation,,,,,,,api_error
34794,Test Dept.,British,,1981.0,,,,api_error
34795,The Coil,British,,1982.0,,,,api_error
34796,TVTV,American,,1972.0,,,,api_error
34797,Ulay,German,Male,1943.0,,,,api_error
34798,University Community Video,,,,,,,api_error
34799,Video Free America,,,,,,,api_error
34802,John Evan Hughes,,Male,,,,,api_error
34803,Marc Camille Chaimowicz,British,Male,1946.0,,,,api_error
34804,Shu Lea Cheang,Taiwanese,Female,1954.0,,,,api_error
34805,Stevenson J. Palfi,American,Male,1952.0,2005.0,,,api_error
34806,Doris Cross,American,,1906.0,,,,api_error
34807,Pierre Binggeli,,,,,,,api_error
34808,Jill Godmilow,,,,,,,api_error
34809,Joan La Barbara,American,Female,1947.0,,,,api_error
34810,Adam Friedman,,Male,,,,,api_error
34811,Akira Kurosaki,Japanese,Male,1937.0,,,,api_error
34812,Alex Weil,American,Male,1951.0,,,,api_error
34813,Angel Velasco Shaw,American,Female,1963.0,,,,api_error
34814,Annabel Jankel,British,Female,,,,,api_error
34816,Ardele Lister,Canadian,Female,1950.0,,,,api_error
34817,Arthur Ginsberg,American,Male,1941.0,,,,api_error
34818,Ayumi Shino,Japanese,Female,1959.0,,,,api_error
34819,Barbara Buckner,American,Female,1950.0,,,,api_error
34820,Bill Seaman,American,Male,1956.0,,,,api_error
34821,Bob Giraldi,American,Male,1939.0,,,,api_error
34822,Bob Sabiston,American,Male,1967.0,,,,api_error
34823,Branda Miller,American,Female,1952.0,,,,api_error
34824,Brice Dellsperger,French,Male,1971.0,,,,api_error
34825,Bruce Gowers,British,Male,,,,,api_error
34826,Charlie Levi,,Male,,,,,api_error
34827,Chen Jue,,,,,,,api_error
34828,Chuck Statler,,Male,,,,,api_error
34829,Claude Beller,American,Male,1945.0,,,,api_error
34830,Colin Campbell,Canadian,Male,1942.0,2001.0,,,api_error
34831,Dale Hoyt,American,Male,1961.0,,,,api_error
34832,Daniel Reeves,American,Male,1948.0,,,,api_error
34833,David Hogan,,Male,,,,,api_error
34834,David Mallet,,Male,,,,,api_error
34835,Davidson Gigliotti,American,Male,1939.0,,,,api_error
34836,Dean Winkler,,Male,,,,,api_error
34837,Diane Bonder,American,Female,1960.0,2006.0,,,api_error
34838,Dieter Meier,Swiss,Male,1945.0,,,,api_error
34839,Dmitry Troitsky,Russian,Male,1971.0,,,,api_error
34840,Don Munroe,,Male,,,,,api_error
34841,Donigan Cumming,American,Male,1947.0,,,,api_error
34842,Elsa Cayo,Peruvian,Female,1951.0,,,,api_error
34843,Frank Gillette,American,Male,1941.0,,,,api_error
34844,Fred Simon,American,Male,1945.0,,,,api_error
34845,Gary Glassman,,Male,,,,,api_error
34846,Graeme Whifler,American,Male,1951.0,,,,api_error
34847,Gregg Bordowitz,American,Male,1964.0,,,,api_error
34848,Greg Durbin,American,Male,1950.0,,,,api_error
34849,Helen De Michiel,American,Female,1953.0,,,,api_error
34850,Hitoshi Nomura,Japanese,Male,1945.0,,,,api_error
34851,Irit Batsry,Israeli,Female,1957.0,,,,api_error
34852,James Byrne,American,Male,1950.0,,,,api_error
34853,Jane Veeder,American,Female,1944.0,,,,api_error
34854,Jean-Bernard Menoud,,Male,,,,,api_error
34855,Jeff Stein,,Male,,,,,api_error
34856,Jim Mulligan,,Male,,,,,api_error
34857,Joan Logue,American,Female,1942.0,,,,api_error
34858,Joe Dea,American,Male,,,,,api_error
34859,John DeGraaf,,Male,,,,,api_error
34860,John Reilly,American,Male,1939.0,,,,api_error
34861,John Sanborn,American,Male,1954.0,,,,api_error
34862,Jon Alpert,American,Male,1948.0,,,,api_error
34863,Jud Yalkut,American,Male,1938.0,2013.0,,,api_error
34864,Judith Barry,American,Female,1949.0,,,,api_error
34865,Jules Backus,American,Male,1944.0,1996.0,,,api_error
34866,Keiko Tsuno,Japanese,Female,1944.0,,,,api_error
34867,Ken Feingold,American,Male,1952.0,,,,api_error
34868,Ken Kobland,American,Male,1946.0,,,,api_error
34869,Kevin Godley,British,Male,1945.0,,,,api_error
34870,Kyoko Michishita,Japanese,Female,1942.0,,,,api_error
34871,Lol Crème,British,Male,1947.0,,,,api_error
34872,Mao Kawaguchi,Japanese,Male,1951.0,,,,api_error
34873,Mark Magill,American,Male,1952.0,,,,api_error
34874,Mary McFerran,American,Female,,,,,api_error
34875,Matthew Geller,American,Male,1954.0,,,,api_error
34876,Michael Nesmith,American,Male,1942.0,,,,api_error
34877,Michael Shamberg,American,Male,1945.0,,,,api_error
34878,Michael Smith,American,Male,1951.0,,,,api_error
34879,Mickey McGowan,American,Female,1946.0,,,,api_error
34880,Mindy Faber,,Female,,,,,api_error
34881,Miranda July,American,Female,1974.0,,,,api_error
34882,Nancy Buchanan,American,Female,1946.0,,,,api_error
34883,Neil Goldberg,American,Male,1963.0,,,,api_error
34884,Norman Cohn,Canadian,Male,1946.0,,,,api_error
34885,Olga Stolpovskaya,Russian,Female,1969.0,,,,api_error
34886,Paul Dougherty,American,Male,1953.0,,,,api_error
34887,Paul Harrison,British,Male,1966.0,,,,api_error
34888,Paul Ryan,American,Male,1943.0,2013.0,,,api_error
34889,Peter Care,British,Male,1953.0,,,,api_error
34890,Péter Forgács,Hungarian,Male,1950.0,,,,api_error
34891,Philippe Gautier,,Male,,,,,api_error
34892,Phyllis Baldino,American,Female,1956.0,,,,api_error
34893,Pia Lindman,Finnish,Female,1965.0,,,,api_error
34894,Pratibha Parmar,British,Female,1955.0,,,,api_error
34896,Ralph Hocking,British,Male,1931.0,,,,api_error
34897,Richard Foreman,American,Male,1937.0,,,,api_error
34898,Richard Lowenstein,Australian,Male,1959.0,,,,api_error
34899,Robert Farber,American,Male,1948.0,1995.0,,,api_error
34900,Robert Withers,,Male,,,,,api_error
34901,Rocky Morton,British,Male,1955.0,,,,api_error
34902,Sadie Benning,American,Female,1973.0,,,,api_error
34904,Sandy McLeod,,Female,,,,,api_error
34906,Sherry Miller,,Female,,,,,api_error
34907,Shi Jian,Chinese,Male,1973.0,,,,api_error
34908,Simone Forti,American,Female,1935.0,,,,api_error
34909,Skip Blumberg,American,Male,1946.0,,,,api_error
34910,Skip Sweeney,American,Male,1946.0,,,,api_error
34911,Spike Jonze,American,Male,1969.0,,,,api_error
34912,Stefan Moore,American,Male,1944.0,,,,api_error
34913,Stephen Beck,American,Male,1950.0,,,,api_error
34914,Stephen Laub,American,Male,1945.0,,,,api_error
34915,Steve Reinke,Canadian,Male,1963.0,,,,api_error
34916,Stuart Marshall,British,Male,1949.0,1993.0,,,api_error
34917,Stuart Sherman,American,Male,1946.0,2001.0,,,api_error
34918,Susan Milano,,Female,,,,,api_error
34919,Teodoro Maus,Mexican,Male,1934.0,,,,api_error
34920,Thierry Kuntzel,French,Male,1948.0,2007.0,,,api_error
34921,Thomas Dolby,British,Male,1958.0,,,,api_error
34922,Toni Basil,American,Female,1943.0,,,,api_error
34923,Tsuneo Nakai,Japanese,Male,1947.0,,,,api_error
34924,Ulrike Rosenbach,German,Female,1943.0,,,,api_error
34925,Vanalyne Green,American,Female,1948.0,,,,api_error
34926,"Victor Masayesva, Jr.",Native American,Male,1951.0,,,,api_error
34928,William Dear,Canadian,Male,1944.0,,,,api_error
34929,Yasuo Shinohara,Japanese,Male,1952.0,,,,api_error
34930,Zacharias Kunuk,Canadian,Male,1957.0,,,,api_error
34931,Zbigniew Rybczynski,Polish,Male,1949.0,,,,api_error
34933,Mick Rock,British,Male,1949.0,,,,api_error
34934,Stanley Dorfman,,Male,,,,,api_error
34935,Jim Yukich,,Male,,,,,api_error
34936,Julien Temple,British,Male,1953.0,,,,api_error
34937,Tony Cokes,American,Male,1956.0,,,,api_error
34938,Tony Labat,American,Male,1951.0,,,,api_error
34939,Steve Barron,,Male,,,,,api_error
34940,Tim Pope,British,Male,1956.0,,,,api_error
34943,Jean Baptises-Mondino,,Male,,,,,api_error
34944,Gus Van Sant,American,Male,1952.0,,,,api_error
34945,Rudi Dolezal,Austrian,Male,1958.0,,,,api_error
34946,Hannes Rosacher,Austrian,Male,1952.0,,,,api_error
34947,Mark Romanek,American,Male,1959.0,,,,api_error
34948,Matthew Rolston,American,Male,,,,,api_error
34949,Sam Bayer,American,Male,,,,,api_error
34950,Floria Sigismondi,Italian,Female,,,,,api_error
34951,Dom + Nic,,,,,,,api_error
34952,Walter Stern,,Male,,,,,api_error
34953,Marcus Viner,,Male,,,,,api_error
34979,Louis Lafon,French,Male,1870.0,1890.0,,,api_error
34990,Arista Records,,,1974.0,,,,api_error
35002,Epic Records,,,1953.0,,,,api_error
35022,Virgin Records,,,1972.0,,,,api_error
35059,Typosophic Society,,,,,,,api_error
35060,Typosophes sans frontieres,,,,,,,api_error
35061,Malachi Farrell,Irish,Male,1970.0,,,,api_error
35062,Seamus Farrell,British,Male,1965.0,,,,api_error
35063,Filippo di Giovani,Italian,Male,,,,,api_error
35064,Fernando Palma de Rodriguez,Mexican,Male,,,,,api_error
35066,Hans Gross,Austrian,Male,1847.0,1915.0,,,api_error
35067,Peter Singer,Austrian,Male,1810.0,1882.0,,,api_error
35069,Hanns Horbiger,Austrian,Male,1860.0,1931.0,,,api_error
35070,Otto E. Rossler,German,Male,1940.0,,,,api_error
35075,Efrain Almeida,Brazilian,Male,1964.0,,,,api_error
35076,Gerhard Grossing,Austrian,Male,1957.0,,,,api_error
35080,Raimond Chaves,Colombian,Male,1963.0,,,,api_error
35082,Gilda Mantilla,Peruvian,Female,1967.0,,,,api_error
35086,Margaret E. Knight,American,Female,1838.0,1914.0,,,api_error
35105,Alfonso Bialetti,Italian,Male,1888.0,1970.0,,,api_error
35115,Karl Elsener,Swiss,,1860.0,1918.0,,,api_error
35122,Heinz Gappmayr,Austrian,Male,1925.0,,,,api_error
35129,"Bialetti Industrie Sp.A., Italy",,,1919.0,,,,api_error
35130,Gertrud Fischbacher,Austrian,Female,1967.0,,,,api_error
35134,Harrell Fletcher,American,Male,1967.0,,,,api_error
35135,Meubles TV,French,,,,,,api_error
35143,Diller Scofidio + Renfro,,,1979.0,,,,api_error
35145,Josephine Meckseper,German,Female,1964.0,,,,api_error
35152,Cao Guimarães,Brazilian,Male,1965.0,,,,api_error
35159,Cao Fei,Chinese,Female,1978.0,,,,api_error
35162,David Lamelas,Argentine,Male,1946.0,,,,api_error
35165,Brüder Rasch,German,,,,,,api_error
35204,Batiste Madalena,American,Male,1902.0,1988.0,,,api_error
35207,FXFOWLE,American,,1978.0,,,,api_error
35212,Shannon Ebner,American,Female,1971.0,,,,api_error
35225,Art Workers' Coalition,,,,,,,api_error
35251,Sergej Jensen,Danish,Male,1973.0,,,,api_error
35252,Aernout Mik,Dutch,Male,1962.0,,,,api_error
35266,Harry Dodge,American,Female,1966.0,,,,api_error
35267,Stanya Kahn,American,Female,1968.0,,,,api_error
35270,Yui Kugimiya,Japanese,Female,1981.0,,,,api_error
35282,Seher Shah,Pakistani,Female,1975.0,,,,api_error
35285,Walid Raad,Lebanese,Male,1967.0,,,,api_error
35288,Joachim Koester,Danish,Male,1962.0,,,,api_error
35295,Alex Hubbard,American,Male,1975.0,,,,api_error
35333,Beca Lipscombe,British,Female,1973.0,,,,api_error
35340,Amar Kanwar,Indian,Male,1964.0,,,,api_error
35343,Atelier,British,,,,,,api_error
35380,A. Lawrence Kocher,American,Male,1885.0,1969.0,,,api_error
35392,Bani Abidi,Pakistani,Female,1971.0,,,,api_error
35399,Peter Roehr,German,Male,1944.0,1968.0,,,api_error
35401,Magis SpA,,,1976.0,,,,api_error
35406,Liza Béar,British,Female,1955.0,,,,api_error
35409,Jarbes Lopes,Brazilian,Male,1964.0,,,,api_error
35419,Martin Campbell,New Zealander,Male,1943.0,,,,api_error
35420,Bonnie Camplin,British,,1970.0,,,,api_error
35421,Enrico David,Italian,Male,1966.0,,,,api_error
35422,Alasdair Gray,Scottish,,1934.0,,,,api_error
35423,Linder [Linda Sterling],British,Female,1954.0,,,,api_error
35425,Yeondoo Jung,,Male,,,,,api_error
35426,Patty Chang,American,Female,1972.0,,,,api_error
35427,David Kelley,American,Male,1972.0,,,,api_error
35429,Julian Jarrold,British,Male,1960.0,,,,api_error
35430,Joshua Marston,American,Male,1968.0,,,,api_error
35431,Robert Rodriguez,American,Male,1968.0,,,,api_error
35432,Frank Miller,American,Male,1957.0,,,,api_error
35433,Paul Auster,American,Male,1947.0,,,,api_error
35434,Robert Shaye,,Male,,,,,api_error
35435,Stephen Frears,British,Male,1941.0,,,,api_error
35436,Gavin Hood,,Male,,,,,api_error
35437,Roger Michell,,Male,,,,,api_error
35438,Ronald Bronstein,,Male,,,,,api_error
35439,Derek Jarman,British,Male,1942.0,1994.0,,,api_error
35440,Pascale Ferran,French,Female,1960.0,,,,api_error
35448,Alexander Roitburd,Ukrainian,Male,1961.0,,,,api_error
35449,Alix Pearlstein,American,Female,1962.0,,,,api_error
35450,Anne Ramsden,Canadian,Female,1952.0,,,,api_error
35452,Barbara Hammann,German,Female,1945.0,,,,api_error
35453,Bernar Hébert,Canadian,Male,1961.0,,,,api_error
35455,Bob Snyder,American,Male,,,,,api_error
35460,Bruce Yonemoto,American,Male,1949.0,,,,api_error
35461,Norman Yonemoto,American,Male,1946.0,2014.0,,,api_error
35462,Ou Ning,,,,,,,api_error
35463,Cara DeVito,American,Female,1951.0,,,,api_error
35465,Catalina Parra,Chilean,Female,1940.0,,,,api_error
35466,Chris Cunningham,British,Male,1970.0,,,,api_error
35467,Aphex Twin,British,Male,1971.0,,,,api_error
35468,Claudia Von Alemann,German,Female,1943.0,,,,api_error
35469,CADA (Colectivo Acciones de Arte),Chilean,,1979.0,1985.0,,,api_error
35470,Daizaburo Harada,Japanese,Male,1956.0,,,,api_error
35471,Haruhiko Shono,Japanese,Female,1960.0,,,,api_error
35472,Dan Sandin,American,Male,1942.0,,,,api_error
35473,Danièle Nyst,Belgian,Female,1942.0,1998.0,,,api_error
35474,Jacques Louis Nyst,Belgian,Male,1942.0,1995.0,,,api_error
35475,Danielle Jaeggi,Swiss,Female,1945.0,,,,api_error
35476,David Blair,,Male,,,,,api_error
35477,David Claerbout,Belgian,Male,1969.0,,,,api_error
35478,David Cort,American,Male,1935.0,,,,api_error
35479,Deanna Kamiel,Canadian,Female,,,,,api_error
35480,Dennis Day,Canadian,Male,1960.0,,,,api_error
35482,Dimitrije Martinovic,Yugoslav,Male,1951.0,,,,api_error
35483,Disarmament Video Survey Collection,,,,,,,api_error
35484,Donald Fagen,American,Male,1948.0,,,,api_error
35485,Doug Hall,American,Male,1944.0,,,,api_error
35486,Doug Melnyck,Canadian,Male,1952.0,,,,api_error
35487,Wim T Schippers,Dutch,Male,1942.0,,,,api_error
35496,Yoko Maruyama,,Female,,,,,api_error
35497,Karen Ranucci,,Female,,,,,api_error
35498,Victor Sanchez,,Male,,,,,api_error
35499,Duan Jinchuan,Chinese,Female,1962.0,,,,api_error
35500,Ed Bowes,American,Male,1944.0,,,,api_error
35501,Edward Rankus,American,Male,1953.0,,,,api_error
35502,Elizabeth van der Zaag,Canadian,Female,1952.0,,,,api_error
35503,Ellen Spiro,American,Female,1964.0,,,,api_error
35504,Enrique Aguerre,Uruguayan,Male,1964.0,,,,api_error
35505,Eric Metcalfe,Canadian,Male,1940.0,,,,api_error
35506,Ernest Gusella,Canadian,Male,1941.0,,,,api_error
35507,Francesc Torres,Spanish,Male,1948.0,,,,api_error
35508,Fujiko Nakaya,Japanese,Female,1933.0,,,,api_error
35509,Hakudo Kobayashi,Japanese,Male,1944.0,,,,api_error
35510,Gabor Body,Hungarian,Male,1946.0,1985.0,,,api_error
35511,Garth Jennings,British,Male,1972.0,,,,api_error
35512,R.E.M.,,,,,,,api_error
35513,Gloria Camiruaga,Chilean,Female,1940.0,2006.0,,,api_error
35514,Pablo Lavin,Chilean,Male,1948.0,,,,api_error
35515,Gusztáv Hámos,Hungarian,Male,1955.0,,,,api_error
35516,Guy Ben-Ner,Israeli,Male,1969.0,,,,api_error
35517,Hans Breder,German,Male,1935.0,,,,api_error
35518,Hironori Terai,Japanese,Male,1961.0,,,,api_error
35519,Hitoshi Takekiyo,Japanese,Male,1967.0,,,,api_error
35520,Ian Breakwell,British,Male,1943.0,2005.0,,,api_error
35522,Beryl Korot,American,Female,1945.0,,,,api_error
35523,Jan Peacock,Canadian,Female,1955.0,,,,api_error
35524,Jean Carlomusto,American,Female,1959.0,,,,api_error
35525,Jean-Baptiste Mondino,French,Male,1949.0,,,,api_error
35526,Jeanette Reinhardt,Canadian,Female,1954.0,,,,api_error
35529,Jöelle de la Casinière,French,Female,1944.0,,,,api_error
35530,John Adams,British,Male,1953.0,,,,api_error
35531,Jorge Furtado,Brazilian,Male,1959.0,,,,api_error
35532,Julie Gustafson,American,Female,1949.0,,,,api_error
35534,Jun Okazaki,Japanese,Male,1956.0,,,,api_error
35535,Emi Segawa,Japanese,Female,1959.0,1982.0,,,api_error
35537,Kathy High,American,Female,1954.0,,,,api_error
35538,Katsuhiro Yamaguchi,Japanese,Male,1928.0,,,,api_error
35539,Katsuya Taka,Japanese,Male,1963.0,,,,api_error
35540,Keigo Yamamoto,Japanese,Male,1936.0,,,,api_error
35541,Kit Galloway,American,Male,,,,,api_error
35542,Sherrie Rabinowitz,American,Female,,,,,api_error
35543,Klaudia Kemper,Chilean,Female,1966.0,,,,api_error
35544,Klaus vom Bruch,German,Male,1952.0,,,,api_error
35545,Heike-Melba Fendel,German,Female,1961.0,,,,api_error
35546,Ko Nakajima,Japanese,Male,1941.0,,,,api_error
35547,Koen Theys,Belgian,Male,1963.0,,,,api_error
35548,Kumiko Kushiyama,Japanese,Female,1959.0,,,,api_error
35549,Kunio Noda,Japanese,Male,1962.0,,,,api_error
35550,Laura Cottingham,American,Female,1959.0,,,,api_error
35551,Li Hong,Chinese,Female,1941.0,,,,api_error
35552,Liang Yue,Chinese,Female,1979.0,,,,api_error
35553,Linda Goode Bryant,American,Female,1949.0,,,,api_error
35554,Laura Poitras,American,Female,1964.0,,,,api_error
35555,Kim Tomczak,Canadian,Male,1952.0,,,,api_error
35557,Lu Chunsheng,Chinese,Female,1966.0,,,,api_error
35558,Luc Bourdon,Canadian,Male,,,,,api_error
35561,Lyn Blumenthal,American,Female,1949.0,1988.0,,,api_error
35562,Carole Klonarides,,Female,,,,,api_error
35563,Madelon Hooykaas,Dutch,Female,1942.0,,,,api_error
35564,Elsa Stansfield,Scottish,Female,1945.0,2004.0,,,api_error
35565,Makoto Shinkai,,,,,,,api_error
35566,Marcela Poch,Chilean,Female,1964.0,,,,api_error
35567,Marcelo Tas,Brazilian,Male,1959.0,,,,api_error
35568,Fernando Meirelles,Brazilian,Male,1955.0,,,,api_error
35569,Margaret Moores,Canadian,Female,,,,,api_error
35570,Max Almy,American,Female,1948.0,,,,api_error
35571,Maxi Cohen,American,Female,1949.0,,,,api_error
35573,Melodie McDaniel,,Female,,,,,api_error
35574,Michael Klier,Czech,Male,1943.0,,,,api_error
35575,Michel Gondry,French,Male,1963.0,,,,api_error
35576,Olivier Gondry,French,Male,,,,,api_error
35577,Michelle Parkerson,American,Female,,,,,api_error
35578,Morihiro Wada,Japanese,Male,1947.0,2007.0,,,api_error
35579,Nan Hoover,American,Female,1931.0,2008.0,,,api_error
35580,Naoko Karotsuka,Japanese,Female,,,,,api_error
35581,Naoko Tosa,Japanese,Female,1961.0,,,,api_error
35582,Nelson Henricks,Canadian,Male,1963.0,,,,api_error
35583,Nestor Olhagaray,Chilean,Male,1946.0,,,,api_error
35584,New Orleans Video Access Center,,,,,,,api_error
35585,Andy Kolker,,Male,,,,,api_error
35586,Louis Alvarez,,Male,,,,,api_error
35587,Nobuhiro Kawanaka,Japanese,Male,1941.0,,,,api_error
35588,Noriyuki Okuda,Japanese,Male,1940.0,,,,api_error
35591,Optic Nerve,,,,,,,api_error
35592,Lynn Adler,,Female,,,,,api_error
35593,Bill Bradbury,,Male,,,,,api_error
35594,Osamu Nagata,Japanese,Male,1950.0,,,,api_error
35597,Dimitri Devyatkin,American,Male,1949.0,,,,api_error
35599,Paul Wong,Canadian,Male,1954.0,,,,api_error
35600,Paulette Phillips,Canadian,Female,1956.0,,,,api_error
35601,Geoffrey Shea,Canadian,Male,1958.0,,,,api_error
35602,Philip G. Atwell,American,Male,,,,,api_error
35603,Dr. Dre,American,Male,1965.0,,,,api_error
35604,Philip Virus,German,Male,1971.0,,,,api_error
35605,Alec Empire,German,Male,1972.0,,,,api_error
35608,Rafael França,Brazilian,Male,1957.0,1991.0,,,api_error
35609,Robert Morin,Canadian,Male,1949.0,,,,api_error
35610,Roman Coppola,American,Male,1965.0,,,,api_error
35611,Roman Maskalev,Kyrgyzstani,Male,1977.0,,,,api_error
35612,Maxim Boronilov,Kyrgyzstani,Male,1980.0,,,,api_error
35613,Ros Barron,American,Female,1933.0,,,,api_error
35615,Sachiko Hamada,,Female,,,,,api_error
35616,Scott Sinkler,,Male,,,,,api_error
35617,Dalibor Martinis,Croatian,Male,1947.0,,,,api_error
35618,Sara Diamond,American,Female,1954.0,,,,api_error
35620,Satoshi Ono,Japanese,Male,1977.0,,,,api_error
35622,Shoichiro Azuma,Japanese,Male,1957.0,,,,api_error
35623,Shuntaro Tanikawa,Japanese,Male,1931.0,,,,api_error
35624,Shuji Terayama,Japanese,Male,1935.0,1983.0,,,api_error
35625,Ween,,,,,,,api_error
35626,Steve Fagin,American,Male,1946.0,,,,api_error
35627,Susan Rynard,Canadian,Female,1961.0,,,,api_error
35628,Takahiko Imura,,,,,,,api_error
35629,Tetsuo Mizuno,Japanese,Male,1948.0,,,,api_error
35630,Tim Hope,,Male,,,,,api_error
35631,King Biscuit Time,,,,,,,api_error
35632,Tirtza Even,Israeli,Female,1963.0,,,,api_error
35633,Tom Sherman,Canadian,Male,1947.0,,,,api_error
35634,Tsurumaki Kazuya,Japanese,Male,1966.0,,,,api_error
35635,Vern Hume,Canadian,Male,1956.0,,,,api_error
35636,Victor Huey,,Male,,,,,api_error
35637,Victor Lopes,Brazilian,Male,,,,,api_error
35638,Vincent Carelli,Brazilian,Male,1953.0,,,,api_error
35639,Wang Jianwei,Chinese,Male,1958.0,,,,api_error
35641,Xu Zhen,Chinese,Male,1977.0,,,,api_error
35642,Yang Zhenzhong,Chinese,Male,1968.0,,,,api_error
35643,Yau Ching,Chinese,Female,1966.0,,,,api_error
35644,Yoshiyuki Tomino,Japanese,Male,1941.0,,,,api_error
35645,Zhang Yuan,Chinese,Female,1963.0,,,,api_error
35646,Chi Jian,,Male,,,,,api_error
35647,Zhou Xiaohu,,Male,,,,,api_error
35660,Vega Films,,,,,,,api_error
35672,Bick Productions,,,,,,,api_error
35697,Perry Hoberman,American,Male,1954.0,,,,api_error
35717,Anita Thacher,,Female,,,,,api_error
35728,Willem de Ridder,Dutch,Male,1939.0,,,,api_error
35733,German Bobe,Chilean,Male,1963.0,,,,api_error
35734,Video Information Center,,,,,,,api_error
35744,deepdesign,,,1995.0,,,,api_error
35745,"Tecnodelta S.p.A., Italy",,,,,,,api_error
35746,Ivy Rutzky,,,,,,,api_error
35796,Henry Flynt,American,Male,1940.0,,,,api_error
35811,James Victore,American,Male,1962.0,,,,api_error
35817,Esther Bubley,American,Female,1921.0,1998.0,,,api_error
35850,Elias Hjörleifsson,Icelandic,,1945.0,2001.0,,,api_error
35858,Patrick Blackwell,,,,,,,api_error
35865,ACT UP (AIDS Coalition to Unleash Power),American,,,,,,api_error
35866,Matteo Bazzicalupo,Italian,Male,1966.0,,,,api_error
35867,Raffaella Mangiarotti,Italian,Female,1965.0,,,,api_error
35873,Clemens Weisshaar,German,Male,1977.0,,,,api_error
35874,Christoph Weisshaar,German,Male,1980.0,,,,api_error
35875,Charles Martin,French,Male,1884.0,1934.0,,,api_error
35890,Joseph Charles Parker,,,1924.0,,,,api_error
35895,Alfred Choubrac,French,Male,1853.0,1902.0,,,api_error
35898,Jorre van Ast,Dutch,Male,1980.0,,,,api_error
35902,Tabaimo,Japanese,Female,1975.0,,,,api_error
35906,Lotty Rosenfeld,Chilean,Female,1943.0,,,,api_error
35907,Eder Santos,Brazilian,Male,1960.0,,,,api_error
35908,Alan Scarritt,American,Male,1945.0,,,,api_error
35909,Sandra Llano-Mejia,Colombian,Female,1951.0,,,,api_error
35910,Alex Poruchnyk,,Male,,,,,api_error
35911,Diane Poitras,,Female,,,,,api_error
35912,Rita Myers,American,Female,1947.0,,,,api_error
35913,Margarita D'Amico,,Female,,,,,api_error
35914,Manuel Manzano,,Male,,,,,api_error
35916,Marc Paradis,,Male,,,,,api_error
35917,François Girard,Canadian,Male,1963.0,,,,api_error
35925,Alexander Isley,American,Male,1961.0,,,,api_error
35934,"bv Koninklijke van Kempen & Begeer, The Netherlands",,,,,,,api_error
35938,Diamond Match Company,,,,,,,api_error
35953,Silvia Bächli,Swiss,Female,1956.0,,,,api_error
35954,One Off Ltd.,,,,,,,api_error
35969,Barkow Leibinger Architects,,,1993.0,,,,api_error
35971,Frank Barkow,American,Male,1957.0,,,,api_error
35972,Regine Leibinger,German,Female,1963.0,,,,api_error
35975,Blake Rayne,American,Male,1969.0,,,,api_error
35977,Christian Jankowski,German,Male,1968.0,,,,api_error
35980,Gedi Sibony,American,Male,1973.0,,,,api_error
35982,Jordi Canudas,Spanish,Male,1975.0,,,,api_error
35983,Metalarte,,,1932.0,,,,api_error
35986,Klara Liden,Swedish,Female,1979.0,,,,api_error
35987,Lutz Mommartz,German,Male,1934.0,,,,api_error
35989,Andrei Monastyrski,Russian,Male,1949.0,,,,api_error
35990,The Collective Actions Group,,,,,,,api_error
35991,Susanne Bier,Danish,Female,1960.0,,,,api_error
35992,Bent Hamer,Norwegian,Male,1956.0,,,,api_error
35993,Daniel Burman,Argentine,Male,1973.0,,,,api_error
35994,Patrice Chéreau,French,Male,1944.0,,,,api_error
36000,Keith Fulton,American,Male,1965.0,,,,api_error
36001,Louis Pepe,American,Male,1966.0,,,,api_error
36002,Lars von Trier,Danish,Male,1956.0,,,,api_error
36003,Patrice Leconte,French,Male,1947.0,,,,api_error
36004,Hirokazu Koreeda,Japanese,Male,1962.0,,,,api_error
36005,Hans-Christian Schmid,German,Male,1965.0,,,,api_error
36006,Cédric Klapisch,French,Male,1961.0,,,,api_error
36007,Hans Weingartner,Austrian,Male,1970.0,,,,api_error
36008,Guy Maddin,Canadian,Male,1956.0,,,,api_error
36009,Ken Loach,British,Male,1936.0,,,,api_error
36010,Lukas Moodysson,Swedish,Male,1969.0,,,,api_error
36011,Kevin Macdonald,Scottish,Male,1967.0,,,,api_error
36012,Michael Cuesta,American,Male,1963.0,,,,api_error
36013,Alfonso Cuaron,Mexican,Male,1961.0,,,,api_error
36016,Jim Gaylord,American,Male,1974.0,,,,api_error
36025,Richard Tipping,Australian,Male,1949.0,,,,api_error
36070,Dean Lubensky,American,,1966.0,,,,api_error
36077,Judit Reigl,Hungarian,Female,1923.0,,,,api_error
36090,Feng Mengbo,Chinese,Male,1966.0,,,,api_error
36091,Kram/Weisshaar,,,2002.0,,,,api_error
36116,Rudolf Baschant,German,Male,1897.0,1955.0,,,api_error
36123,Moris (Israel Meza Moreno),Mexican,Male,1978.0,,,,api_error
36155,Tim Burton,American,Male,1958.0,,,,api_error
36157,Henry Selick,American,,1952.0,,,,api_error
36203,Edizioni Brogi,Italian,,1860.0,1929.0,,,api_error
36204,Carlo Brogi,Italian,Male,1850.0,1925.0,,,api_error
36206,H. William Tupper,American,,,,,,api_error
36218,Pach Brothers,American,,1867.0,1947.0,,,api_error
36236,Olaf Martin Peder Væring,Norwegian,Male,1837.0,1906.0,,,api_error
36251,Peter Downsbrough,American,Male,1940.0,,,,api_error
36254,Robert H. Bergman,American,Male,1944.0,,,,api_error
36259,Paul Gavarni,French,Male,1804.0,1866.0,,,api_error
36267,Adolf Fassbender,American,Male,1884.0,1980.0,,,api_error
36315,Adrien Tournachon,French,Male,1825.0,1903.0,,,api_error
36363,Matt Connors,American,Male,1976.0,,,,api_error
36415,Beatriz González,Colombian,Female,1938.0,,,,api_error
36422,Francesco Cangiullo,Italian,Male,1884.0,1977.0,,,api_error
36433,Ingrid Wiener,Austrian,Female,1942.0,,,,api_error
36442,Frank Lupo,American,Male,1950.0,,,,api_error
36443,Daniel Rowen,American,Male,1953.0,2009.0,,,api_error
36444,New York Architects,,,1984.0,1994.0,,,api_error
36471,Alison Knowles,American,Female,1933.0,,,,api_error
36476,John Moffat,Scottish,Male,1819.0,1894.0,,,api_error
36500,Robert Mallet-Stevens,French,Male,1886.0,1945.0,,,api_error
36505,Sue de Beer,American,Female,1973.0,,,,api_error
36511,Shay Alkalay,Israeli,Male,1976.0,,,,api_error
36533,Jonathan Runcio,Canadian,Male,1977.0,,,,api_error
36541,Lene Berg,Norwegian,Female,1965.0,,,,api_error
36548,Rosa Loy,German,Female,1958.0,,,,api_error
36550,Zachary Wollard,American,Male,1974.0,,,,api_error
36589,Mihály Biró,Hungarian,Male,1886.0,1949.0,,,api_error
36597,Unknown Artist,British,,,,,,api_error
36605,Amy Granat,American,Female,1976.0,,,,api_error
36606,Andrea Modica,American,Female,1960.0,,,,api_error
36607,Toshiko Okanoue,Japanese,Female,1928.0,,,,api_error
36614,Julian Rosefeldt,German,Male,1965.0,,,,api_error
36615,Guido van der Werve,Dutch,Male,1977.0,,,,api_error
36617,Edith Dekyndt,Belgian,Female,1960.0,,,,api_error
36619,Tomas Saraceno,Argentine,Male,1973.0,,,,api_error
36649,Fluxus Collective,,,,,,,api_error
36651,BBB Bonacina,,,,,,,api_error
36686,Ron Costley,British,,,,,,api_error
36687,Peter Lyle,,,,,,,api_error
36688,John Andrew,,,,,,,api_error
36690,Carl Heideken,,,,,,,api_error
36721,Grete Lihotzky,Austrian,Female,1897.0,2000.0,,,api_error
36724,Walter O. Grimm,German,Male,1894.0,1919.0,,,api_error
36726,Georg Tappert,German,Male,1880.0,1957.0,,,api_error
36727,Karl Jacob Hirsch,German,Male,1892.0,1952.0,,,api_error
36730,Josef Achmann,German,Male,1885.0,1958.0,,,api_error
36752,Georg Alexander Mathéy,German,Male,1884.0,1968.0,,,api_error
36765,Willi Zierath,German,Male,1890.0,1938.0,,,api_error
36776,Aloys Wach,Austrian,Male,1892.0,1940.0,,,api_error
36779,Irwin Gershen,,Male,,,,,api_error
36781,Grete Stern,Argentine,Female,1904.0,1999.0,,,api_error
36806,John Wood,British,Male,1969.0,,,,api_error
36808,Osiah Masekoameng,South African,Male,,,,,api_error
36828,Charlemagne Palestine,,,,,,,api_error
36834,Anna Halprin,,,,,,,api_error
36856,Kinya Tagawa,Japanese,Male,1976.0,,,,api_error
36879,Toshio Iwai,Japanese,Male,1962.0,,,,api_error
36881,Noémi Raymond,American,Female,1889.0,1980.0,,,api_error
36882,F. Schumacher & Co,,,1889.0,,,,api_error
36892,Song Dong,Chinese,Male,1966.0,,,,api_error
36921,Auguste Belloc,French,Male,1800.0,1867.0,,,api_error
36922,Paul Marcellin Berthier,French,Male,1822.0,1912.0,,,api_error
36924,Alphonse Bertillon,French,Male,1853.0,1914.0,,,api_error
36925,Eugène Constant,French,Male,1840.0,1879.0,,,api_error
36926,Louis-Joseph Deflube,French,Male,1797.0,1884.0,,,api_error
36927,Frédéric A. Flacheron,French,Male,1813.0,1883.0,,,api_error
36928,André Giroux,French,Male,1801.0,1879.0,,,api_error
36929,Paul Henry,French,Male,1848.0,1902.0,,,api_error
36930,Auguste Vacquerie,French,Male,1819.0,1895.0,,,api_error
36931,Louis Adolphe Humbert de Molard,French,Male,1800.0,1874.0,,,api_error
36932,Jean-Charles Langlois,French,Male,1789.0,1870.0,,,api_error
36939,Bengt af Klintberg,Swedish,Male,1938.0,,,,api_error
36940,Eric Andersen,Danish,Male,1940.0,,,,api_error
36941,Sylvano Bussotti,Italian,Male,1931.0,,,,api_error
36942,Henning Christiansen,Danish,Male,1932.0,2008.0,,,api_error
36943,Giuseppe Chiari,Italian,Male,1926.0,2007.0,,,api_error
36944,Philip Corner,American,Male,1933.0,,,,api_error
36946,Hi Red Center,,,1963.0,1964.0,,,api_error
36947,Toshi Ichiyanagi,Japanese,Male,1933.0,,,,api_error
36948,Terry Jennings,American,Male,1940.0,1981.0,,,api_error
36949,György Sándor Ligeti,Austrian,Male,1923.0,2006.0,,,api_error
36950,Yoriaki Matsudaira,Japanese,Male,1931.0,,,,api_error
36951,Pierre Mercure,Canadian,Male,1927.0,1966.0,,,api_error
36952,Heinz-Klaus Metzger,German,Male,1932.0,2009.0,,,api_error
36953,Gabriel de Rumine,Swiss,Male,1841.0,1871.0,,,api_error
36954,Pierre Trémaux,French,Male,1818.0,1895.0,,,api_error
36955,Tomas Schmit,German,Male,1943.0,2006.0,,,api_error
36956,Dieter Schnebel,German,Male,1930.0,,,,api_error
36957,Karlheinz Stockhausen,German,Male,1938.0,2007.0,,,api_error
36958,James Tenney,American,Male,1934.0,2006.0,,,api_error
36959,Yasunao Tone,Japanese,Male,1935.0,,,,api_error
36960,Michael Von Biel,German,Male,1937.0,,,,api_error
36961,George Yuasa,Japanese,Male,1929.0,,,,api_error
36962,Unknown Designer,Polish,,,,,,api_error
36965,Jerzy Flisak,Polish,Male,1930.0,2008.0,,,api_error
36973,Jutta Koether,German,Female,1958.0,,,,api_error
36978,"Kavalier, Sázava",,,,,,,api_error
36980,Walead Beshty,American,Male,1976.0,,,,api_error
36981,Daniel Gordon,American,Male,1980.0,,,,api_error
36982,Carter Mull,American,Male,1977.0,,,,api_error
36986,Rasch Brothers & Co.,,,,,,,api_error
36990,Renatus Kuno,,,,,,,api_error
36991,Kathy Acker,American,Female,1947.0,1997.0,,,api_error
36995,"Springer & Co, Loket, for Družstevní práce (Cooperative Work), Prague",,,,,,,api_error
36996,Shunji Yamanaka,Japanese,Male,1957.0,,,,api_error
36997,Jun Homma,Japanese,,1975.0,,,,api_error
36998,Leading Edge Design Corp.,Japanese,,1991.0,,,,api_error
36999,Genpei Akasegawa,Japanese,Male,1937.0,2014.0,,,api_error
37000,Jeff Berner,,Male,,,,,api_error
37001,Jack Coke’s Farmer’s Co-op,,,,,,,api_error
37002,Alice Hutchins,American,Female,1916.0,2009.0,,,api_error
37003,Jane Knížák,,Female,,,,,api_error
37004,Carla Liss,American,Female,1944.0,2012.0,,,api_error
37005,Larry Miller,American,Male,1944.0,,,,api_error
37006,Peter Moore,American,Male,1932.0,1993.0,,,api_error
37007,Jock Reynolds,American,Male,1947.0,,,,api_error
37008,Yoshi Wada,Japanese,Male,1943.0,,,,api_error
37009,Roman Polanski,Polish,Male,1933.0,,,,api_error
37011,Herman Seidl,,,,,,,api_error
37013,Robinson Devor,,Male,,,,,api_error
37015,Ivan Passer,Czech,Male,1933.0,,,,api_error
37017,Salvo (Salvatore Mangione),Italian,Male,1947.0,2015.0,,,api_error
37019,Costa Gavras,Greek,Male,1933.0,,,,api_error
37020,Sarah Watt,Australian,Female,1958.0,2011.0,,,api_error
37021,Shohei Imamura,Japanese,Male,1926.0,,,,api_error
37022,Mohammad Rasoulof,Iranian,Male,1972.0,,,,api_error
37024,Kelly Reichardt,American,Female,1964.0,,,,api_error
37025,Andrei Zvyagintsev,Russian,Male,1964.0,,,,api_error
37026,Mike Leigh,British,Male,1943.0,,,,api_error
37027,Darren Aronofsky,American,Male,1969.0,,,,api_error
37028,Richard Kern,American,Male,1954.0,,,,api_error
37034,Peter Hutton,American,Male,1944.0,2016.0,,,api_error
37038,Jennifer Grausman,,Female,,,,,api_error
37039,Todd McCarthy,,Male,,,,,api_error
37040,Carles Asensio Monrabà,,Male,,,,,api_error
37041,Antonio Campos,American,Male,1983.0,,,,api_error
37044,Jesper Just,Danish,Male,1974.0,,,,api_error
37045,Werner Schroeter,German,Male,1945.0,,,,api_error
37046,Klaus Wyborny,Austrian,Male,1945.0,,,,api_error
37048,Storm de Hirsch,American,Female,1912.0,2000.0,,,api_error
37049,David Cronenberg,Canadian,Male,1943.0,,,,api_error
37050,Jon Favreau,American,Male,1966.0,,,,api_error
37051,Gregory Hoblit,American,Male,1944.0,,,,api_error
37052,Wil Shriner,American,Male,1953.0,,,,api_error
37053,Bob Dolman,Canadian,Male,1949.0,,,,api_error
37054,Menno Meyjes,Dutch,Male,1954.0,,,,api_error
37055,Terrence Malick,American,Male,1943.0,,,,api_error
37057,David Dobkin,American,Male,1969.0,,,,api_error
37058,Todd Field,American,Male,1964.0,,,,api_error
37059,Chris Weitz,American,Male,1969.0,,,,api_error
37060,Adam Shankman,American,Male,1964.0,,,,api_error
37061,Peter Jackson,New Zealander,Male,1961.0,,,,api_error
37063,The Hallicrafters Company Design and Research Team,,,,,,,api_error
37067,Silvie Defraoui,Swiss,Male,1935.0,,,,api_error
37068,Didier Rittener,Swiss,Male,1969.0,,,,api_error
37071,Glenn O'Brien,American,Male,1947.0,,,,api_error
37079,R. H. Quaytman,American,Female,1961.0,,,,api_error
37087,Ericka Beckman,American,Female,1951.0,,,,api_error
37088,Talking Heads,,,,,,,api_error
37092,Blondie,,,1975.0,,,,api_error
37105,Lynne Tillman,American,Female,1947.0,,,,api_error
37116,Otto von Kursell,German,Male,1884.0,1967.0,,,api_error
37139,Giancarlo Mattioli,Italian,Male,1933.0,,,,api_error
37144,Kuniharu Akiyama,Japanese,Male,1929.0,1996.0,,,api_error
37145,William Pope.L,American,Male,1955.0,,,,api_error
37153,Emil Pottner,Austrian,Male,1872.0,1942.0,,,api_error
37154,Paul Bach,German,Male,1866.0,1919.0,,,api_error
37155,Adolf Edward Herstein,Polish,Male,1869.0,1932.0,,,api_error
37159,Doug Liman,American,Male,1965.0,,,,api_error
37166,Black Flag,,,,,,,api_error
37171,Frank Shepard Fairey,American,Male,1970.0,,,,api_error
37178,Paul Nadar,French,Male,1856.0,1939.0,,,api_error
37179,Martín Ramírez,Mexican,Male,1895.0,1963.0,,,api_error
37181,Laurel Nakadate,American,Female,1975.0,,,,api_error
37183,Julien Vallou de Villeneuve,French,Male,1795.0,1866.0,,,api_error
37205,Policeband,,,,,,,api_error
37228,David Musgrave,British,Male,1973.0,,,,api_error
37243,Thurston Moore,American,Male,1958.0,,,,api_error
37249,William Crosby Renwick,American,Male,1914.0,1992.0,,,api_error
37251,David Johnson,,,,,,,api_error
37256,Glenn Branca,American,,1948.0,,,,api_error
37258,Lydia Lunch,,,,,,,api_error
37260,Marquis de Villeneuve-Bargemont,French,Male,,,,,api_error
37262,Eduardo Costa,Argentine,Male,1940.0,,,,api_error
37280,Paul Wegener,German,,1874.0,1948.0,,,api_error
37281,Robert Wiene,German,Male,1873.0,1938.0,,,api_error
37287,Prospère Henry,French,Male,1849.0,1903.0,,,api_error
37288,Auguste Mestral,French,Male,1812.0,1884.0,,,api_error
37290,Werner Graul,German,Male,1905.0,1984.0,,,api_error
37299,Lorraine O'Grady,American,Female,1934.0,,,,api_error
37300,Sauerbruch Hutton,,,1989.0,,,,api_error
37301,Roberta Bayley,American,Female,1950.0,,,,api_error
37306,Edit DeAk,American,Female,1950.0,,,,api_error
37321,Beatriz Cifuentes,Spanish,Female,1975.0,,,,api_error
37322,Yoshiki Waterhouse,Canadian,Male,1973.0,,,,api_error
37325,Frank Stewart,American,Male,1949.0,,,,api_error
37334,Riccardo Blumer,Swiss,Male,1959.0,,,,api_error
37335,Matteo Borghi,Italian,Male,1976.0,,,,api_error
37336,Desalto,,,1991.0,,,,api_error
37338,Stephan Van Dam,American,Male,1959.0,,,,api_error
37354,Vipp,Danish,,1939.0,,,,api_error
37355,Ondi Timoner,American,Female,1972.0,,,,api_error
37356,Bruce Weber,American,Male,1946.0,,,,api_error
37357,Mira Nair,Indian,Female,1957.0,,,,api_error
37358,Amos Gitai,Israeli,Male,1950.0,,,,api_error
37360,Matthias Sauerbruch,German,Male,1955.0,,,,api_error
37361,Louisa Hutton,British,Female,1957.0,,,,api_error
37363,Olga Chernysheva,Russian,Female,1962.0,,,,api_error
37364,Barbara Hammer,American,Female,1939.0,,,,api_error
37365,Baz Luhrmann,Australian,Male,1962.0,,,,api_error
37367,Terry deRoy Gruber,American,Male,1953.0,,,,api_error
37368,Dankmar Adler,American,Male,1844.0,1900.0,,,api_error
37372,Iroje Architects & Planners,Korean,,1989.0,,,,api_error
37373,Seung H-Sang,Korean,Male,1952.0,,,,api_error
37374,Young Joon Kim,Korean,Male,1960.0,,,,api_error
37375,yo2 Architects Ltd.,,,1998.0,,,,api_error
37393,John Keenen,American,Male,1957.0,,,,api_error
37394,Keenen Riley Architects,,,1984.0,,,,api_error
37440,Edward Krasiński,Polish,Male,1925.0,2004.0,,,api_error
37483,Hai Quoc Tran,Vietnamese,Male,1960.0,,,,api_error
37484,Phu-Nam Thuc Ha,Vietnamese,,1974.0,,,,api_error
37485,Tuan Andrew Nguyen,American,Male,1976.0,,,,api_error
37495,György Konecsni,Hungarian,Male,1908.0,1970.0,,,api_error
37496,Majda Dobravec-Lajovic,Yugoslav,Female,1931.0,,,,api_error
37497,Bob Grimes,American,Male,,,,,api_error
37498,Greg Sharits,American,Male,1945.0,1980.0,,,api_error
37499,Dave Thompson,,Male,,,,,api_error
37500,Kate Millett,American,Female,1934.0,,,,api_error
37523,Elohim (Ely) Raman,Canadian,Male,1930.0,2007.0,,,api_error
37524,Jacqueline Humphries,American,Female,1960.0,,,,api_error
37535,Anton Furst,British,Male,1944.0,1991.0,,,api_error
37536,B. D. Fox Independent,,,,,,,api_error
37543,Juan Araujo,Venezuelan,Male,1971.0,,,,api_error
37545,Gianni-Emilio Simonetti,Italian,,1940.0,,,,api_error
37546,Martha Colburn,American,Female,1972.0,,,,api_error
37552,Leonard Freed,American,Male,1929.0,2006.0,,,api_error
37554,Sophie Tottie,Swedish,Female,1964.0,,,,api_error
37557,Holger Nielsen,Danish,Male,1917.0,1992.0,,,api_error
37558,"Nordiska Kompaniet Textilkammare, Stockholm",,,,,,,api_error
37577,Ranjani Shettar,Indian,Female,1977.0,,,,api_error
37582,Margaret Macdonald,British,Female,1865.0,1933.0,,,api_error
37586,Lacaton & Vassal Architectes,French,,1987.0,,,,api_error
37596,Leo Wollner,Austrian,,1925.0,1995.0,,,api_error
37601,Bo Welch,,,,,,,api_error
37602,Robert Dawson,,,,,,,api_error
37603,Tom Duffield,,Male,,,,,api_error
37604,Sam Winston,,Male,,,,,api_error
37615,Candice Breitz,South African,Female,1972.0,,,,api_error
37616,Ragnar Kjartansson,Icelandic,Male,1976.0,,,,api_error
37617,Igor Kopystiansky,American,Male,1954.0,,,,api_error
37618,Svetlana Kopystiansky,American,Female,1950.0,,,,api_error
37619,Ryan McNamara,American,Male,1979.0,,,,api_error
37620,Mickalene Thomas,American,Female,1971.0,,,,api_error
37621,Jan Tichy,Israeli,Male,1974.0,,,,api_error
37627,Freddie Yauner,British,Male,1982.0,,,,api_error
37639,Mai-Thu Perret,Swiss,Female,1976.0,,,,api_error
37642,Christien Meindertsma,Dutch,Female,1980.0,,,,api_error
37643,Julia Wachtel,American,Female,1956.0,,,,api_error
37653,Manufacturer: BLT and Associates,,,,,,,api_error
37661,Julie Joliat,Swiss,Female,1979.0,,,,api_error
37662,Bemis Balkind,,,,,,,api_error
37664,Hân Pham,Danish,Female,1971.0,,,,api_error
37665,Cornelia Blatter,American,Female,1960.0,,,,api_error
37666,Marcel Hermans,American,Male,1961.0,,,,api_error
37667,COMA Amsterdam / New York,,,1996.0,,,,api_error
37669,Lino Manfrotto,Italian,Male,1936.0,,,,api_error
37671,Gilberto Battocchio,Italian,Male,1941.0,,,,api_error
37679,Raymond Jacobs,American,Male,1923.0,1993.0,,,api_error
37681,Teresita Fernandez,American,Female,1968.0,,,,api_error
37691,Cyprien Gaillard,French,Male,1980.0,,,,api_error
37694,Jean Tschumi,Swiss,Male,1904.0,1962.0,,,api_error
37695,Edouard-Marcel Sandoz,Swiss,Male,1881.0,1971.0,,,api_error
37699,Harold Krieger,,,,,,,api_error
37701,Nye Ffarrabas (formerly Bici Forbes and Bici Forbes Hendricks),American,Female,1932.0,,,,api_error
37702,Jack Goldstein,Canadian,Male,1945.0,2003.0,,,api_error
37704,Katharina Sieverding,German,Female,1944.0,,,,api_error
37706,Elizaveta Ignatovich,Russian,Female,1903.0,1983.0,,,api_error
37708,"Infinitoy, San Mateo, CA",,,,,,,api_error
37709,"Manfrotto Feltre Production Facilities, Feltre, Italy",,,1972.0,,,,api_error
37712,Axel Schmid,German,Male,1971.0,,,,api_error
37719,Destroy All Monsters,,,,,,,api_error
37732,Ingmar Bergman,Swedish,Male,1918.0,2007.0,,,api_error
37733,Michael Almereyda,American,Male,1959.0,,,,api_error
37755,Jane Crawford,,,,,,,api_error
37764,Anne Lacaton,French,Female,1955.0,,,,api_error
37765,Jean Philippe Vassal,French,Male,1954.0,,,,api_error
37776,Iwan Baan,Dutch,Male,1975.0,,,,api_error
37779,Jeff Preiss,American,Male,1956.0,,,,api_error
37785,"Venesta, Estonia",Estonian,,,,,,api_error
37796,Goran Paskaljevic,Serbian,Male,1947.0,,,,api_error
37797,Jim Capobianco,American,Male,1969.0,,,,api_error
37798,Armando Iannucci,Scottish,Male,1963.0,,,,api_error
37799,Jan Troell,Swedish,Male,1931.0,,,,api_error
37800,Steven Soderbergh,American,Male,1963.0,,,,api_error
37801,Matteo Garrone,Italian,Male,1968.0,,,,api_error
37805,Peter Coffin,American,Male,1972.0,,,,api_error
37812,Arnaud Desplechin,French,Male,1960.0,,,,api_error
37813,Blutch,,Male,,,,,api_error
37814,Charles Burns,American,Male,1955.0,,,,api_error
37815,Marie Caillou,,Female,,,,,api_error
37816,Pierre Di Sciullo,,Male,,,,,api_error
37817,Lorenzo Mattotti,Italian,Male,1954.0,,,,api_error
37818,Richard McGuire,American,Male,1957.0,,,,api_error
37819,Ridley Scott,British,Male,1937.0,,,,api_error
37820,Brad Bird,American,Male,1957.0,,,,api_error
37821,Christopher Nolan,British,Male,1970.0,,,,api_error
37822,Ted Braun,American,Male,,,,,api_error
37823,David Fincher,American,Male,1962.0,,,,api_error
37824,David Yates,British,Male,1963.0,,,,api_error
37825,So Young Kim,Korean,Female,1968.0,,,,api_error
37826,Noam Gonick,Canadian,Male,1973.0,,,,api_error
37827,Robert Gardner,American,Male,1925.0,,,,api_error
37828,Azazel Jacobs,American,Male,1972.0,,,,api_error
37829,Stewart Bird,,Male,,,,,api_error
37830,Deborah Shaffer,,Female,,,,,api_error
37831,Ellen Kurras,American,Female,1959.0,,,,api_error
37833,Mariah Robertson,American,Female,1975.0,,,,api_error
37850,"LTL Architects, PLLC",,,,,,,api_error
37851,Paul Lewis,American,Male,1966.0,,,,api_error
37852,David J. Lewis,American,Male,1966.0,,,,api_error
37855,Kukryniksy (collective),Russian,,1924.0,,,,api_error
37857,Dmitrij Naumovich Babichenko,Russian,Male,1901.0,1991.0,,,api_error
37858,V. Pshenichnikov,Russian,,,,,,api_error
37861,Edgar Arceneaux,American,Male,1972.0,,,,api_error
37866,Sara Greenberger Rafferty,American,Female,1978.0,,,,api_error
37868,Donald Genaro,American,Male,1932.0,,,,api_error
37869,Sonia Švecová,,Female,1946.0,,,,api_error
37879,Chitra Ganesh,American,Female,1975.0,,,,api_error
37886,Chris Kabel,Dutch,Male,1975.0,,,,api_error
37887,Paul Cocksedge,British,Male,1978.0,,,,api_error
37888,Werkplaats Martin van Oel,Dutch,,1990.0,,,,api_error
37910,Vincent Fecteau,American,Male,1969.0,,,,api_error
37913,Pietro Gigli,Italian,Male,1897.0,1987.0,,,api_error
37919,Alfred Roller,Austrian,Male,1864.0,1935.0,,,api_error
37920,Bertalan Pór,Hungarian,Male,1880.0,1964.0,,,api_error
37922,Hermann Misler,German,Male,,,,,api_error
37923,F. Rubes,nationality unknown,,,,,,api_error
37925,H. Pinparra,nationality unknown,,,,,,api_error
37926,Fritz Hellmut Ehmcke,German,Male,1878.0,1965.0,,,api_error
37934,Haegue Yang,Korean,Female,1971.0,,,,api_error
37939,Tom-Arne Solhaug,Norwegian,Male,1969.0,,,,api_error
37940,Aleksander Borgenhov,Norwegian,Male,1971.0,,,,api_error
37941,Geir Eide,Norwegian,,1963.0,,,,api_error
37942,Lina Aker,Norwegian,,1979.0,,,,api_error
37943,Fredrik Brodtkorb,Norwegian,,1971.0,,,,api_error
37944,"Krabat AS, Norway",,,2006.0,,,,api_error
37946,Qiu Anxiong,Chinese,Male,1972.0,,,,api_error
37948,Pasqualino Cangiullo,Italian,Male,1900.0,1975.0,,,api_error
37949,Richard Schadewell,German,Male,,,,,api_error
37950,"H. Fuld & Co. Telefon und Telegraphenwerke AG, Frankfurt",,,,,,,api_error
37955,Helene Haasbauer-Wallrath,Swiss,Female,1885.0,1968.0,,,api_error
37958,Walter Cyliax,German,Male,1899.0,1945.0,,,api_error
37960,Ernst Fischer,German,Male,1910.0,2006.0,,,api_error
37964,Charles Henri Ford,American,Male,1908.0,2002.0,,,api_error
37966,Shahryar Nashat,Swiss,Male,1975.0,,,,api_error
37967,"VEB Ernst-Thälmann-Werke, Suhl, DDR East Germany",,,,,,,api_error
37983,Viktor Weixler,Austrian,Male,1883.0,1977.0,,,api_error
37984,Fritz Judtmann,German,Male,1899.0,1968.0,,,api_error
37992,Klaus Groh,Polish,,1936.0,,,,api_error
37999,Brian Buczak,,,,,,,api_error
38004,Ray Tomlinson,American,Male,1941.0,2016.0,,,api_error
38008,Nancy Azara,American,Female,1939.0,,,,api_error
38009,Betsy Damon,American,Female,1940.0,,,,api_error
38010,Lauren Ewing,American,Female,1946.0,,,,api_error
38011,Harmony Hammond,American,Female,1944.0,,,,api_error
38012,Diane Neumaier,American,Female,1946.0,,,,api_error
38013,Joan Semmel,American,Female,1932.0,,,,api_error
38014,Sylvia Sleigh,British,Female,1916.0,2010.0,,,api_error
38015,May Stevens,American,Female,1924.0,,,,api_error
38016,Athena Tacha,American,Female,1936.0,,,,api_error
38017,Martha Wilson,American,Female,1947.0,,,,api_error
38018,"Kotobuki, Japan",,,,,,,api_error
38019,"Teraoka Seiko Co., Ltd., Japan",,,,,,,api_error
38023,Frederic Lieberman,American,Male,1930.0,2013.0,,,api_error
38024,János Kender,Hungarian,Male,1937.0,2009.0,,,api_error
38027,Alex Prager,American,Female,1979.0,,,,api_error
38028,Elad Lassry,Israeli,Male,1977.0,,,,api_error
38029,Roe Ethridge,American,Male,1969.0,,,,api_error
38032,Juan Di Sandro,Argentine,Male,1898.0,1988.0,,,api_error
38036,Dmitri Baltermants,Russian,Male,1912.0,2000.0,,,api_error
38037,Enrico Imoda,Italian,Male,,1910.0,,,api_error
38039,Bob Peterson,American,Male,1961.0,,,,api_error
38040,Ludwig Gosewitz,German,Male,1937.0,2007.0,,,api_error
38041,François Dufrêne,French,Male,1930.0,1982.0,,,api_error
38042,Spike Jones,,,,,,,api_error
38045,Brooks Williams,American,,1958.0,,,,api_error
38046,Nancy McElroy,,,,,,,api_error
38052,Laurence Bradshaw,British,Male,1899.0,1978.0,,,api_error
38053,Mary Adshead,British,Female,1904.0,1995.0,,,api_error
38054,Eric Lombers,British,Male,1914.0,1978.0,,,api_error
38064,Verney L. Danvers,British,Male,1895.0,1973.0,,,api_error
38070,Frédéric Druot,French,Male,1958.0,,,,api_error
38080,Jeffrey Schier,,Male,,,,,api_error
38100,Bradford Smith,,Male,,,,,api_error
38104,George Landow,American,Male,1944.0,2011.0,,,api_error
38123,Jessica Jackson Hutchins,American,Female,1971.0,,,,api_error
38127,Jill Richards,,Female,,,,,api_error
38129,Herbert Tomlinson,British,Male,1902.0,,,,api_error
38140,Alexandre Singh,French,Male,1980.0,,,,api_error
38141,Danh Vo,Danish,Male,1975.0,,,,api_error
38143,James Fitton,British,Male,1899.0,1982.0,,,api_error
38149,F. Ernest Jackson,British,Male,1872.0,1945.0,,,api_error
38158,Jacob Gayer,American,Male,1884.0,1969.0,,,api_error
38159,Miriam Böhm,German,Female,1972.0,,,,api_error
38160,Jules Janssen,French,Male,1824.0,1907.0,,,api_error
38170,"United Democratic Front (UDF), South Africa",,,1983.0,1991.0,,,api_error
38174,"Congress of South African Trade Unions (COSATU), South Africa",,,1985.0,,,,api_error
38183,Yusuf Arakkal,Indian,Male,1945.0,,,,api_error
38184,Giselle Baillie,South African,Female,1971.0,,,,api_error
38187,Kim Berman,South African,Female,1960.0,,,,api_error
38188,Kanuge John Bosco,Ugandan,Male,1968.0,,,,api_error
38189,Tinus Boshoff,South African,Male,,,,,api_error
38190,Chris Diedericks,,Male,,,,,api_error
38191,Bronwen Findlay,South African,Female,1953.0,,,,api_error
38192,Alex Flett,Scottish,Male,,,,,api_error
38193,Vukile Teyise,South African,Male,,,,,api_error
38194,Sister Sheila Flynn,British,Female,1952.0,,,,api_error
38196,Penny George,South African,Female,,,,,api_error
38197,Deryck Healy,South African,Male,1937.0,2004.0,,,api_error
38198,Nyaniso Christopher Lindi,South African,Male,,,,,api_error
38199,Joseph Madisia,Namibian,Male,,,,,api_error
38200,Trevor Makhoba,South African,Male,1956.0,2003.0,,,api_error
38201,Judith Mason,South African,Female,1938.0,,,,api_error
38202,Sipho Mdanda,South African,Male,1960.0,,,,api_error
38203,Martin Moratillo,Peruvian,Male,1968.0,,,,api_error
38204,Gabisile Nkosi,South African,Female,1974.0,2008.0,,,api_error
38205,Daniel Ohene-Adu,Ghanaian,Male,1952.0,,,,api_error
38206,Carmen Perrin,Peruvian,Female,1953.0,,,,api_error
38207,Sthembiso Sibisi,South African,Male,1976.0,2006.0,,,api_error
38208,Dominic Thorburn,South African,Male,,,,,api_error
38209,Yusuf Vahed,South African,Male,1971.0,,,,api_error
38210,Amira Wasfy,Egyptian,Female,,,,,api_error
38211,Judy Woodborne,South African,Female,1966.0,,,,api_error
38212,Nhlanhla Xaba,South African,Male,1960.0,,,,api_error
38213,Mduduzi Xakaza,South African,Male,1965.0,,,,api_error
38214,BIG-Bjarke Ingels Group,,,2005.0,,,,api_error
38215,Bjarke Ingels,Danish,Male,1974.0,,,,api_error
38220,Cameron Platter,South African,Male,1978.0,,,,api_error
38224,Studio AR.DI.TI,Italian,,1969.0,,,,api_error
38227,Judy Seidman,American,Female,,,,,api_error
38229,Le Van Danh,Vietnamese,,1965.0,,,,api_error
38237,Don Lauffer,,,,,,,api_error
38239,Hans Leistikow,German,Male,1892.0,1962.0,,,api_error
38240,Laurence Humier,Belgian,Female,1976.0,,,,api_error
38241,Kudzanai Chiurai,Zimbabwean,Male,1981.0,,,,api_error
38242,Marco Cianfanelli,South African,Male,1970.0,,,,api_error
38243,Barthelemy Toguo,Cameroonian,Male,1967.0,,,,api_error
38245,Marcel Alocco,French,,1937.0,,,,api_error
38246,Ernestine White,South African,Female,1976.0,,,,api_error
38251,RCM di Bianco,,,,,,,api_error
38257,Billy Apple,New Zealander,Male,1935.0,,,,api_error
38258,David Thompson,,,,,,,api_error
38263,Virgilio Forchiassin,Italian,,,,,,api_error
38270,Philip Krumm,American,,1941.0,,,,api_error
38294,"Union Paper Bag Machine Company, Philadelphia, PA",,,1869.0,1999.0,,,api_error
38298,Thomas Hamilton,,,,,,,api_error
38326,Davorin Savnik,Slovenian,Male,1929.0,,,,api_error
38338,Susan Hefuna,German,Female,1962.0,,,,api_error
38368,Marie Cool,French,Female,1961.0,,,,api_error
38373,Thomas Heatherwick,British,Male,1970.0,,,,api_error
38395,Peter R. Meyer,,,,,,,api_error
38410,Moorhead & Moorhead,,,2000.0,,,,api_error
38411,Granger Moorhead,American,Male,1969.0,,,,api_error
38412,Robert Moorhead,American,Male,1972.0,,,,api_error
38423,Save The Press Campaign,,,1988.0,1990.0,,,api_error
38425,"Gardens Media Group, Cape Town",,,,,,,api_error
38427,"Medu Art Ensemble, Gaborone, Botswana",,,,,,,api_error
38456,"Brown Manufacturing Company, Decatur, GA",,,,,,,api_error
38463,Gerd Arntz,German,Male,1900.0,1988.0,,,api_error
38466,"Iskra, Ljubljana, Yugoslavia (now Slovenia)",,,,,,,api_error
38469,"Lerival, New York",,,2008.0,,,,api_error
38478,Tobias Frere-Jones,American,Male,1970.0,,,,api_error
38481,Jonathan Hoefler,American,Male,1970.0,,,,api_error
38483,Susan Kare,American,Female,1954.0,,,,api_error
38484,P. Scott Makela,American,Male,1960.0,1999.0,,,api_error
38485,Jeffery Keedy,American,Male,1957.0,,,,api_error
38486,Barry Deck,American,Male,1962.0,,,,api_error
38488,Albert-Jan Pool,Dutch,Male,1960.0,,,,api_error
38490,Erik Spiekermann,German,Male,1947.0,,,,api_error
38491,Neville Brody,British,Male,1957.0,,,,api_error
38492,Erik van Blokland,Dutch,Male,1967.0,,,,api_error
38493,Just van Rossum,Dutch,Male,1966.0,,,,api_error
38512,Inge Morath,Austrian,Female,1923.0,2002.0,,,api_error
38518,Tunga,Brazilian,Male,1952.0,,,,api_error
38524,Tomasz Sarnecki,Polish,Male,,,,,api_error
38549,De Wain Valentine,American,Male,1936.0,,,,api_error
38551,Rafael Ortega,Mexican,Male,1965.0,,,,api_error
38552,Olivier Debroise,,Male,,,,,api_error
38557,Paul Garrin,,Male,,,,,api_error
38563,American Type Founders,,,1892.0,,,,api_error
38608,Hans Werckmeister,,,,,,,api_error
38611,Ewald André Dupont,,,,,,,api_error
38612,Richard Eichberg,,,,,,,api_error
38613,Kurt Gerron,,,,,,,api_error
38614,Nicholas Kaufmann,,,,,,,api_error
38615,Wilhelm Prager,,,,,,,api_error
38619,F. Holland Day,American,Male,1864.0,1933.0,,,api_error
38623,Rudolf Eickemeyer Jr.,American,Male,,,,,api_error
38624,Joseph Turner Keiley,American,Male,1869.0,1914.0,,,api_error
38627,Emilie V. Clarkson,American,,,,,,api_error
38629,Rose Clark,American,Female,,,,,api_error
38631,Elizabeth Flint Wade,American,,,,,,api_error
38634,James Wells Champney,American,Male,1843.0,1903.0,,,api_error
38635,John E. Dumont,,Male,,,,,api_error
38636,William B. Dyer,,Male,,,,,api_error
38637,Charles I. Berg,American,Male,1856.0,1926.0,,,api_error
38638,William A. Fraser,,Male,,,,,api_error
38639,William D. Murphy,,Male,,,,,api_error
38655,Todd Haynes,American,Male,1961.0,,,,api_error
38659,Mathilde Weil,American,Female,1872.0,1918.0,,,api_error
38660,Emma Justine Farnsworth,American,Female,,,,,api_error
38672,Adolf Boehm,Austrian,Male,1861.0,1927.0,,,api_error
38676,Rita Ackermann,Hungarian,Female,1968.0,,,,api_error
38678,Mateo López,Colombian,Male,1978.0,,,,api_error
38687,Carmela Gross,Brazilian,Female,1946.0,,,,api_error
38694,Paula Hayes,American,Female,1958.0,,,,api_error
38695,Pierre Chareau,French,Male,1883.0,1950.0,,,api_error
38699,UN Studio,,,1998.0,,,,api_error
38708,Grace Jones,American,Female,1948.0,,,,api_error
38713,Beastie Boys,,,1979.0,,,,api_error
38715,Karen Finley,American,Female,1956.0,,,,api_error
38729,Dani Leventhal,American,Female,1972.0,,,,api_error
38736,Arthur Bedou,American,Male,1882.0,1966.0,,,api_error
38737,Mart Stam,Dutch,Male,1899.0,1986.0,,,api_error
38738,Annette Kelm,German,Female,1975.0,,,,api_error
38739,Hank Willis Thomas,American,Male,1976.0,,,,api_error
38741,Alex Dodge,American,,1977.0,,,,api_error
38765,Dita Moser,Austrian,Female,1883.0,1968.0,,,api_error
38770,Brian Eno,British,Male,1948.0,,,,api_error
38774,Sameer Makarius,Argentine,Male,1924.0,2009.0,,,api_error
38786,Weezer,,,,,,,api_error
38787,Public Enemy,,,1982.0,,,,api_error
38788,Fatboy Slim,,,,,,,api_error
38789,Björk,Icelandic,Female,1965.0,,,,api_error
38839,Daniel Joseph Martinez,American,Male,1957.0,,,,api_error
38842,Friedrich Froebel,German,Male,1782.0,1852.0,,,api_error
38851,Magda Mautner von Markhof,Austrian,Female,1881.0,1944.0,,,api_error
38854,Louis Emerman,American,Male,,,,,api_error
38858,Deana Lawson,American,Female,1979.0,,,,api_error
38859,Ilene Segalove,American,Female,1950.0,,,,api_error
38865,Revital Cohen,Israeli,Female,1981.0,,,,api_error
38880,PH Stalmobler,Danish,,,,,,api_error
38886,SUPERFLEX,Danish,,,,,,api_error
38897,Reid Miles,American,Male,1927.0,1993.0,,,api_error
38901,Adam Pendleton,American,Male,1984.0,,,,api_error
38908,Kerstin Brätsch,German,Female,1979.0,,,,api_error
38914,Andrea Geyer,German,Female,1971.0,,,,api_error
38915,Sharon Hayes,American,Female,1970.0,,,,api_error
38916,Ashley Hunt,American,Male,1970.0,,,,api_error
38917,Katya Sander,Danish,Female,1970.0,,,,api_error
38921,Emiliano Godoy,Mexican,Male,1974.0,,,,api_error
38922,Pirwi,,,2007.0,,,,api_error
38939,Ödön Palasovsky,Hungarian,Male,1899.0,1980.0,,,api_error
38941,William Plumb,American,Male,1932.0,,,,api_error
38942,Peter Hassmann,,,,,,,api_error
38943,Marek Piasecki,Polish,Male,1935.0,2011.0,,,api_error
38945,Kirsten Everberg,American,,1965.0,,,,api_error
38946,Cengiz Çekil,Turkish,Male,1945.0,2015.0,,,api_error
38949,Debnath Basu,Indian,,1961.0,,,,api_error
38950,Anandajit Ray,Indian,,1965.0,,,,api_error
38961,Kiyoji Otsuji,Japanese,Male,1923.0,2001.0,,,api_error
38968,Roger Deakins,British,Male,1949.0,,,,api_error
38978,Ludwig Hoffenreich,Austrian,,1902.0,1975.0,,,api_error
38991,Saburo Murakami,Japanese,Male,1925.0,1996.0,,,api_error
38998,Diana Balton,American,Female,1958.0,2013.0,,,api_error
39003,Frances Macdonald,British,,1873.0,1921.0,,,api_error
39007,Carl Becker,,,,,,,api_error
39008,Brett Murray,,,,,,,api_error
39013,Sophie Peters,,,,,,,api_error
39014,Grant Schreiber,,,,,,,api_error
39015,Jane Solomon,,,,,,,api_error
39027,Jacqueline Groag,British,Female,1903.0,1986.0,,,api_error
39032,Suirei Kubota,Japanese,,,,,,api_error
39034,J.L. Hammett Co.,,,,,,,api_error
39035,Colombini & Guzzetti,,,,,,,api_error
39036,"Milton Bradley Co., Springfield, MA",,,,,,,api_error
39037,E. Steiger and Co.,,,,,,,api_error
39039,Walter Kindler,,,,,,,api_error
39045,Franziska Krammel,,Female,,,,,api_error
39049,Michael Epp,,Male,,,,,api_error
39052,Max Penson,Russian,Male,1893.0,1959.0,,,api_error
39059,Top-System Burkhard Lübke,,,,,,,api_error
39061,Quasar (Nguyen Manh Khanh),Vietnamese,,1934.0,,,,api_error
39095,Franciszka Themerson,British,Female,1907.0,1988.0,,,api_error
39110,BERG,,,2005.0,,,,api_error
39112,Kacie Kinzer,American,Female,1983.0,,,,api_error
39113,Peter Opsvik,Norwegian,Male,1939.0,,,,api_error
39123,Golan Levin,American,Male,1972.0,,,,api_error
39128,Ayah Bdeir,Lebanese,Female,1982.0,,,,api_error
39147,Benjamin Dennel,French,Male,1983.0,,,,api_error
39150,Stefanie Posavec,American,Female,1981.0,,,,api_error
39151,Interaction Research Studio,,,,,,,api_error
39155,Nicholas Felton,American,Male,1977.0,,,,api_error
39156,Soner Ozenc,Turkish,Male,1980.0,,,,api_error
39160,Gabriele Basilico,Italian,Male,1944.0,2013.0,,,api_error
39162,Eugène Beaudouin,French,Male,1898.0,1983.0,,,api_error
39164,Munio Gitai Weinraub,Israeli,Male,1909.0,1970.0,,,api_error
39187,"PIKO, Sonneberg, Germany",,,,,,,api_error
39192,Manon de Boer,Dutch,Female,1966.0,,,,api_error
39193,Ion Grigorescu,Romanian,Male,1945.0,,,,api_error
39218,Maarten Baas,Dutch,Male,1978.0,,,,api_error
39223,Ushahidi,,,,,,,api_error
39233,Max Weisel,American,Male,1991.0,,,,api_error
39236,Bandai,Japanese,,1950.0,,,,api_error
39238,SWAMP,,,1999.0,,,,api_error
39258,Akira Ikeda Gallery,,,,,,,api_error
39262,Lettie A. Allen,,Female,,,,,api_error
39263,Elizabeth Hallenbeck,,Female,,,,,api_error
39264,Abbie Herrick,,Female,,,,,api_error
39265,Mary Ethel Thompson,,Female,,,,,api_error
39266,Auguste Cohn,,Male,,,,,api_error
39268,Ella Steigelman,American,Female,,,,,api_error
39270,Rose A. Craigan,,Female,,,,,api_error
39271,Stella C. Salisbury,,Female,,,,,api_error
39272,Dorothy Sullivan,,Female,,,,,api_error
39273,Whitney Nolte,,,,,,,api_error
39274,Elva L. Brownson,,Female,,,,,api_error
39275,Grace A. Snyder,,Female,,,,,api_error
39276,M. A. Dillon,,Female,,,,,api_error
39277,Edith M. Barber,,Female,,,,,api_error
39278,Fannie E. Kachline,American,Female,,,,,api_error
39279,Margaret Heeps,,Female,,,,,api_error
39280,B. Ferrari,,,,,,,api_error
39281,Florence E. Piper,,Female,,,,,api_error
39282,Mahthilde Evans,,Female,,,,,api_error
39283,Betsy Connors,,,,,,,api_error
39295,Kate Hartman,American,Female,1981.0,,,,api_error
39306,Julien Devaux,Belgian,Male,1975.0,,,,api_error
39325,Marc Bauer,Swiss,,1975.0,,,,api_error
39326,Philippe Decrauzat,Swiss,,1974.0,,,,api_error
39328,Heinrich Richter-Berlin,German,Male,1884.0,1981.0,,,api_error
39331,Charles Harry Jones,British,Male,1866.0,1959.0,,,api_error
39335,Grafton Architects,Irish,,1978.0,,,,api_error
39360,Marimekko,Finnish,,1951.0,,,,api_error
39361,Gloria Caranica,American,,1931.0,,,,api_error
39362,Mazzanti & Arquitectos,,,,,,,api_error
39377,Jack Schulze,British,Male,1976.0,,,,api_error
39380,Mr. Jones Design Ltd.,,,,,,,api_error
39391,Oscar Bony,Argentine,Male,1941.0,2002.0,,,api_error
39398,littleBits,,,,,,,api_error
39466,Jonathan Shapiro,,,,,,,api_error
39467,End Conscription Campaign (ECC),,,1983.0,,,,api_error
39470,Ron Gilad,Israeli,Male,1972.0,,,,api_error
39474,James Cameron,Canadian,Male,1954.0,,,,api_error
39475,Zach Lieberman,American,Male,1977.0,,,,api_error
39476,James Powderly,American,Male,1976.0,,,,api_error
39477,Chris Sugrue,American,Female,1978.0,,,,api_error
39478,TEMPT1,American,,,,,,api_error
39487,Armando Andrade Tudela,Peruvian,Male,1975.0,,,,api_error
39496,New York University,,,1831.0,,,,api_error
39505,Studio B/C,French,,2009.0,,,,api_error
39513,Kerry Tribe,American,Female,1973.0,,,,api_error
39544,Campbell Orme,British,Male,1982.0,,,,api_error
39560,Will Wright,American,Male,1960.0,,,,api_error
39561,Tarn Adams,American,Male,1978.0,,,,api_error
39562,Zach Adams,American,Male,1975.0,,,,api_error
39576,Erik Hersman,American,Male,1975.0,,,,api_error
39583,Shigeru Ishitsuka,Japanese,Male,1975.0,,,,api_error
39584,Misako Kirigaya,Japanese,Female,1985.0,,,,api_error
39585,Megahouse Corporation,Japanese,,1962.0,,,,api_error
39611,Matt Kenyon,American,Male,1977.0,,,,api_error
39612,Douglas Easterly,American,Male,1968.0,,,,api_error
39621,Lidy Prati,Argentine,Female,1921.0,2008.0,,,api_error
39633,Jacques Charlier,Belgian,Male,1939.0,,,,api_error
39635,Art & Language,,,,,,,api_error
39637,Gary Bigot,French,Male,1948.0,,,,api_error
39639,Robert De Boeck,,Male,1944.0,1999.0,,,api_error
39640,Martin Maloney,,,,,,,api_error
39641,Marcel Mariën,Belgian,Male,1920.0,1993.0,,,api_error
39642,Didier Vermeiren,Belgian,male,1951.0,,,,api_error
39643,Ian Wilson,,Male,1940.0,,,,api_error
39651,Anne Collier,American,Female,1970.0,,,,api_error
39654,Peter Saville,British,Male,1955.0,,,,api_error
39655,"Saunders Corporation, Yonkers, New York",,,1858.0,,,,api_error
39659,Nadia Kaabi-Linke,Tunisian,,1978.0,,,,api_error
39662,Michael Buthe,German,Male,1944.0,1994.0,,,api_error
39696,Lynn Hershman Leeson,American,Female,1941.0,,,,api_error
39719,Giancarlo Mazzanti,Colombian,Male,1963.0,,,,api_error
39740,Robert Faludi,American,Male,1966.0,,,,api_error
39741,Kati London,American,Female,1976.0,,,,api_error
39742,Rebecca Bray,American,Female,1974.0,,,,api_error
39762,T. R. Uthco,American,,,,,,api_error
39765,Andrzej Budek,Polish,Male,1959.0,,,,api_error
39770,Moyra Davey,Canadian,Female,1958.0,,,,api_error
39771,George Georgiou,British,Male,1961.0,,,,api_error
39772,Marguerite Humeau,French,Female,1986.0,,,,api_error
39780,Doug Rickard,American,Male,1968.0,,,,api_error
39781,Viviane Sassen,Dutch,Female,1972.0,,,,api_error
39822,Phil Collins,British,Male,1970.0,,,,api_error
39841,caraballo-farman,,,,,,,api_error
39845,Miloslav Prokop,Czech,Male,1896.0,1954.0,,,api_error
39853,Stephen Vitiello,American,Male,1964.0,,,,api_error
39855,"Ceramica Franco Pozzi, Gallarte, Italy",,,,,,,api_error
39856,Henry Patrick Raleigh,American,Male,1880.0,1945.0,,,api_error
39882,Luigi Ghirri,Italian,Male,1943.0,1992.0,,,api_error
39898,Robert Rotifer,Austrian,Male,1969.0,,,,api_error
39904,Walter Käch,Swiss,Male,1901.0,1970.0,,,api_error
39912,Andrei Ujica,Romanian,Male,1951.0,,,,api_error
39923,Hans Ehrich,Swedish,Male,1942.0,,,,api_error
39924,Tom Ahlström,Swedish,Male,1943.0,,,,api_error
39925,A&E Design,Swedish,,1968.0,,,,api_error
39926,"Lectus Produktion AB, Mönsterås, Sweden",,,1987.0,,,,api_error
39943,Ray Yoshida,American,Male,1930.0,2009.0,,,api_error
39951,Freddie Reeves,British,Male,,,,,api_error
39957,Ei Arakawa,Japanese,Male,1977.0,,,,api_error
39958,Nikolas Gambaroff,German,Male,1979.0,,,,api_error
39961,Tauba Auerbach,American,Female,1981.0,,,,api_error
39992,Paul Elliman,British,,1961.0,,,,api_error
39997,Nora Schultz,German,Female,1975.0,,,,api_error
39998,Henri Chopin,French,Male,1922.0,2008.0,,,api_error
40029,Zenon Januszewski,Polish,Male,1929.0,1983.0,,,api_error
40052,Prazsky,Czech,,,,,,api_error
40053,Filippo Romoli,Italian,Male,1901.0,1969.0,,,api_error
40054,Theo Doro (Théodore Pfeifer),French,Male,1896.0,1973.0,,,api_error
40057,Sanford Biggers,American,Male,1970.0,,,,api_error
40066,Joseph Albert,German,Male,1825.0,1886.0,,,api_error
40142,Jean Heiberg,Norwegian,Male,1884.0,1976.0,,,api_error
40161,Goldsmiths,,,1891.0,,,,api_error
40162,University of London,,,1836.0,,,,api_error
40190,Werner John,Swiss,Male,1941.0,,,,api_error
40207,Damián Ortega,Mexican,Male,1967.0,,,,api_error
40218,Fito Doring,,,,,,,api_error
40247,Mihajlo Arsovski,Croatian,Male,,,,,api_error
40257,Albert Lamorisse,French,,1922.0,1970.0,,,api_error
40293,Hans Brockhage,German,Male,1925.0,2009.0,,,api_error
40294,Erwin Andra,German,,1921.0,,,,api_error
40304,Bob Sheff,American,,1945.0,,,,api_error
40335,Tom DeFanti,American,Male,1948.0,,,,api_error
40336,Mimi Shevitz,,,,,,,api_error
40354,Yvonne Farrell,Irish,Female,1951.0,,,,api_error
40355,Shelley McNamara,Irish,Female,1952.0,,,,api_error
40383,Bill Rauhauser,American,Male,1918.0,,,,api_error
40384,Douglas Davis,American,Male,1933.0,,,,api_error
40391,Grand Openings,,,,,,,api_error
40392,Jay Sanders,American,Male,,,,,api_error
40394,Eichinger oder Knechtl,,,,,,,api_error
40396,Bazon Brock,German,,1936.0,,,,api_error
40397,Hans Joachim Dietrich,German,,1938.0,,,,api_error
40398,Rainer (Imi) Giese,German,Male,1942.0,1974.0,,,api_error
40399,Bernd Lohaus,German,Male,1940.0,2010.0,,,api_error
40400,Lambert Maria Wintersberger,German,,1941.0,,,,api_error
40407,Val Telberg,American,Male,1910.0,1995.0,,,api_error
40410,Alec Soth,American,Male,1969.0,,,,api_error
40411,Pieter Hugo,South African,Male,1976.0,,,,api_error
40424,Helen + Hard AS,Norwegian,,1996.0,,,,api_error
40428,Elliot Caplan,American,,,,,,api_error
40429,Les Rita Mitsouko,French,,1954.0,2007.0,,,api_error
40430,Michael Jackson,American,Male,1958.0,2009.0,,,api_error
40431,Siv Helene Stangeland,Norwegian,Female,1966.0,,,,api_error
40432,Reinhard Kropf,Austrian,Male,1967.0,,,,api_error
40434,Elektrisk Bureau,,,,,,,api_error
40442,David Chipperfield,British,Male,1953.0,,,,api_error
40445,Diamela Eltit,Chilean,Female,1949.0,,,,api_error
40446,Juan Castillo,Chilean,Male,1952.0,,,,api_error
40447,Raúl Zurita,Chilean,Male,1950.0,,,,api_error
40448,Fernando Balcells,Chilean,Male,1950.0,,,,api_error
40456,"Lamm S.p.A., Italy",,,1959.0,,,,api_error
40459,Snøhetta,,,1989.0,,,,api_error
40461,John Cavanaugh,,,,,,,api_error
40462,John Cale,Welsh,,1942.0,,,,api_error
40463,Pieter Vanderbeck,,,,,,,api_error
40470,Edo Jansen,,,,,,,api_error
40513,Boris Orlov,Russian,Male,1941.0,,,,api_error
40516,Spain Rodriguez,American,Male,1940.0,2012.0,,,api_error
40517,Anthony Cox,American,,,,,,api_error
40529,Ryan Gander,British,Male,1976.0,,,,api_error
40531,Senga Nengudi,American,Female,1943.0,,,,api_error
40534,Joe Bradley,American,Male,1975.0,,,,api_error
40536,Jazz Lee Alston,,,,,,,api_error
40544,Margaret Rose,,Female,,,,,api_error
40552,Quay Brothers,American,Male,1947.0,,,,api_error
40555,Sturtevant,American,Female,1924.0,2014.0,,,api_error
40556,Mariana Castillo Deball,Mexican,Female,1975.0,,,,api_error
40557,Stephen Kaltenbach,American,Male,1940.0,,,,api_error
40559,Mathias Poledna,Austrian,Male,1965.0,,,,api_error
40561,F. Bacon,British,,,,,,api_error
40564,Charles Gaines,American,Male,1944.0,,,,api_error
40568,Simon Fujiwara,,Male,1982.0,,,,api_error
40572,MOS Architects,,,2003.0,,,,api_error
40574,Hajra Waheed,Canadian,Female,1980.0,,,,api_error
40577,Norbert Schwontkowski,German,Male,1949.0,,,,api_error
40578,Thomas Huber,Swiss,Male,1955.0,,,,api_error
40579,Peter Piller,German,Male,1968.0,,,,api_error
40628,Pedro Almodóvar,Spanish,Male,1949.0,,,,api_error
40658,Emily Sundblad,Swedish,Female,1977.0,,,,api_error
40659,Stefan Tcherepnin,American,Male,1977.0,,,,api_error
40667,Frantisek Drtikol,Czech,Male,1883.0,1961.0,,,api_error
40680,Tomislav Gotovac,Croatian,Male,1937.0,2010.0,,,api_error
40704,Unknown designer,Hungarian,,,,,,api_error
40723,DAS INSTITUT,,,2007.0,,,,api_error
40732,Henri Gerbault,French,Male,1863.0,1930.0,,,api_error
40733,Henri-Patrice Dillon,French,Male,1851.0,1909.0,,,api_error
40734,Louis Abel-Truchet,French,Male,1857.0,1918.0,,,api_error
40735,Tancrède Synave,French,Male,1860.0,1936.0,,,api_error
40736,Ernest La Jeunesse,French,Male,1874.0,1917.0,,,api_error
40737,Maxime Dethomas,French,Male,1867.0,1929.0,,,api_error
40740,Joseph Sattler,German,Male,1867.0,1931.0,,,api_error
40742,Gustave Le Rouge,French,Male,1867.0,1938.0,,,api_error
40743,Fabrice Mory,,,,,,,api_error
40744,Jean de Calduin,,,,,,,api_error
40746,Henri Lebasque,French,Male,1865.0,1947.0,,,api_error
40780,Craig Dykers,American,Male,1961.0,,,,api_error
40781,Kjetil Trædal Thorsen,Norwegian,,1958.0,,,,api_error
40782,"Dresdener Werkstätten für Handwerkskunst, Dresden, Germany",,,,,,,api_error
40803,Bernard Bazile,,,1952.0,,,,api_error
40804,Gerwald Rockenschaub,,,,,,,api_error
40829,Hilary Sample,American,Female,1971.0,,,,api_error
40841,Adele Röder,German,Female,1980.0,,,,api_error
40844,Herbert Spencer,,Male,,,,,api_error
40847,Justin Hoffmann,,,,,,,api_error
40848,Wally S.,,,,,,,api_error
40849,Ralf Hoedt,,,,,,,api_error
40850,Moira Zoitl,,,,,,,api_error
40851,Michael Zinganel,,,,,,,api_error
40859,Annemarie Heinrich,German,Female,1912.0,2005.0,,,api_error
40861,Haluk Akakçe,Turkish,Male,1970.0,,,,api_error
40863,Jason Salavon,American,Male,1970.0,,,,api_error
40870,Anatole Saderman,Argentine,Male,1904.0,1993.0,,,api_error
40871,Jan Slothouber,Dutch,Male,1918.0,2007.0,,,api_error
40872,William Graatsma,Belgian,,1925.0,,,,api_error
40873,Gruppe X,,,1966.0,,,,api_error
40874,Willy Ørskov,Danish,Male,1920.0,1990.0,,,api_error
40875,Aldo van den Nieuwelaar,Dutch,Male,1944.0,2010.0,,,api_error
40878,Ed Sommer,Swiss,Male,1932.0,,,,api_error
40879,Peter Struycken,Dutch,,1939.0,,,,api_error
40880,Emmy van Leersum,Dutch,Female,1930.0,1984.0,,,api_error
40881,Gils Bakker,Dutch,,1942.0,,,,api_error
40882,Hideto Yamazaki,,,,,,,api_error
40883,Willem Breuker,,,,,,,api_error
40902,David Tremlett,British,Male,1945.0,,,,api_error
40904,Daan van Golden,Dutch,,1936.0,2017.0,,,api_error
40905,Nicholas Pope,,,,,,,api_error
40906,Toon Verhoef,Dutch,,1946.0,,,,api_error
40907,Joris Geurts,Dutch,,1958.0,,,,api_error
40908,Emo Verkerk,,,,,,,api_error
40909,Narcisse Tordoir,Belgian,,1954.0,,,,api_error
40910,Adam Colton,,,,,,,api_error
40911,Jan Commandeur,,,,,,,api_error
40912,Zadok Ben-David,Israeli,,1949.0,,,,api_error
40913,Leo Vroegindeweij,,,,,,,api_error
40914,Han Schuil,,,,,,,api_error
40916,Ab van Hanegem,,,,,,,api_error
40921,Abraham Cruzvillegas,Mexican,Male,1968.0,,,,api_error
40994,Beauford Delaney,American,Male,1901.0,1979.0,,,api_error
40998,Gabriel Sierra,Colombian,Male,1975.0,,,,api_error
40999,María Teresa Hincapié,Colombian,Female,1956.0,2008.0,,,api_error
41022,Waclaw Szpakowski,Polish,Male,1883.0,1973.0,,,api_error
41033,Yuya Ushida,Japanese,Male,1975.0,,,,api_error
41034,"Royal Ahrend, Amsterdam",,,1896.0,,,,api_error
41061,Michael Meredith,American,Male,1971.0,,,,api_error
41076,Joe Maloney,American,Male,1949.0,,,,api_error
41105,Jorinde Voigt,German,Female,1977.0,,,,api_error
41131,Josip Vaništa,Croatian,Male,1924.0,,,,api_error
41136,Tom Arndt,American,Male,1944.0,,,,api_error
41140,Corita Kent (Sister Mary Corita),American,Female,1918.0,1986.0,,,api_error
41144,Giorgio Berretti,Italian,Male,1941.0,,,,api_error
41145,Bernard Heidsieck,French,Male,1928.0,2014.0,,,api_error
41148,Ricardo Porro,Cuban,Male,1925.0,2014.0,,,api_error
41149,Marcel Slodki,Polish,Male,1892.0,1943.0,,,api_error
41150,František Bílek,Czech,Male,1872.0,1941.0,,,api_error
41151,Erich Gehre,German,Male,1886.0,,,,api_error
41153,A. Krapp,German,,,,,,api_error
41154,Wilhelm Schuler,German,,1875.0,,,,api_error
41155,Marie Rosalie (Mitzi) Friedmann-Otten,Austrian,Female,1884.0,1955.0,,,api_error
41156,Augusta von Zitzewitz,German,Female,1880.0,1960.0,,,api_error
41157,Katharina Heise (Karl Luis Heinrich-Salze),German,Female,1891.0,1964.0,,,api_error
41158,Ottheinrich Strohmeyer,,,,,,,api_error
41159,Richard Bampi,German,Male,1896.0,1964.0,,,api_error
41160,Eberhard Viegener,German,Male,1890.0,1967.0,,,api_error
41161,Bruno Beye,German,Male,1895.0,1976.0,,,api_error
41162,Jerzy von Hulewicz,Polish,Male,1886.0,1940.0,,,api_error
41163,Jan Wroniecki,German,Male,1890.0,1948.0,,,api_error
41164,Erich Goldbaum,German,,1899.0,1969.0,,,api_error
41165,Julius Kaufmann,German,,1885.0,,,,api_error
41166,Ines Wetzel,German,Female,1878.0,1940.0,,,api_error
41167,Rüdiger Berlit,German,Male,1883.0,1939.0,,,api_error
41168,Herbert Anger,German,,,,,,api_error
41169,Shambhavi,Indian,Female,1966.0,,,,api_error
41170,Johanna Calle,Colombian,Female,1965.0,,,,api_error
41182,Willy Szesztokat,,Male,,,,,api_error
41191,Jens S Jensen,Swedish,Male,1946.0,,,,api_error
41199,Maria Kipp,American,Female,1900.0,1988.0,,,api_error
41201,Arthur Goetz,German,Male,1885.0,,,,api_error
41202,Wladislav Skotarek,Polish,,1894.0,1970.0,,,api_error
41208,Frank Gardner,American,Male,1920.0,,,,api_error
41209,Joan Gardner,American,Female,1933.0,,,,api_error
41210,Mahonri M. Young,American,Male,1877.0,1957.0,,,api_error
41211,Cesare Cavanna,,,,,,,api_error
41212,Taryn Simon,American,Female,1975.0,,,,api_error
41223,Oscar Tuazon,American,Male,1975.0,,,,api_error
41224,Lucien Hervé,Hungarian,Male,1910.0,2007.0,,,api_error
41227,Cami Stone,Belgian,Female,1892.0,1975.0,,,api_error
41230,Waldemar Ohly,,,,,,,api_error
41231,Hilla Rebay von Ehrenwiesen,American,Female,1890.0,1967.0,,,api_error
41232,Lothar Homeyer,German,Male,1883.0,1969.0,,,api_error
41241,Takuma Nakahira,Japanese,Male,1938.0,,,,api_error
41244,Virginia Overton,American,Female,1971.0,,,,api_error
41251,John Outterbridge,American,Male,1933.0,,,,api_error
41264,Karl Otten,German,Male,1889.0,1963.0,,,api_error
41265,Jakob Goldbaum,,,,,,,api_error
41266,Emil Maetzel,German,Male,1877.0,1955.0,,,api_error
41271,Nick Cave,American,Male,1959.0,,,,api_error
41278,Akram Zaatari,Lebanese,Male,1966.0,,,,api_error
41284,Adam Ant (Stuart Leslie Goddard),British,Male,1954.0,,,,api_error
41285,X3 Studios,,,,,,,api_error
41286,Malcolm Garrett,British,Male,1956.0,,,,api_error
41287,Guy Peellaert,Belgian,Male,1934.0,2008.0,,,api_error
41288,Barney Bubbles (Colin Fulcher),British,Male,1942.0,1983.0,,,api_error
41291,Samella Lewis,American,Female,1924.0,,,,api_error
41292,Fluxus,,,,,,,api_error
41295,Nick Egan,British,Male,1957.0,,,,api_error
41296,Bob Heimall,American,Male,1943.0,,,,api_error
41298,Brian Davis,,Male,,,,,api_error
41299,Philip Cushway,,Male,,,,,api_error
41300,John Holmstrom,American,Male,,,,,api_error
41301,Spencer Drate,American,Male,1942.0,,,,api_error
41302,Arturo Vega,Mexican,Male,1943.0,2013.0,,,api_error
41303,Danny Fields,,Male,,,,,api_error
41304,Paul Stolper,British,Male,1947.0,,,,api_error
41305,Sophie Richmond,,,,,,,api_error
41306,John Varnom,,Male,,,,,api_error
41307,Julia Gorton,American,Female,,,,,api_error
41314,Gene Greif,American,Male,1954.0,2004.0,,,api_error
41315,Ray Lowry,British,Male,1944.0,2008.0,,,api_error
41316,Pennie Smith,British,Female,1949.0,,,,api_error
41317,Pearl Thompson,British,Male,1957.0,,,,api_error
41318,Andy Vella,British,Male,1961.0,,,,api_error
41321,Poly Styrene (Marianne Joan Elliott-Said),British,Female,1957.0,2011.0,,,api_error
41325,Noriko Ambe,Japanese,Female,1967.0,,,,api_error
41330,Marcel Lods,French,Male,1891.0,1978.0,,,api_error
41332,Bernardo Ortiz Campo,Colombian,Male,1972.0,,,,api_error
41333,Henry Taylor,American,Male,1958.0,,,,api_error
41345,Kader Attia,French,Male,1970.0,,,,api_error
41367,Stanislaw Kubicki,German,Male,1886.0,1943.0,,,api_error
41368,Stefan Szmai,,,1893.0,1974.0,,,api_error
41369,Margarete Kubicka,German,Female,1891.0,1984.0,,,api_error
41374,Lisa Pasedag,,,,,,,api_error
41375,E. Anger,,,,,,,api_error
41376,Eugen Hoffmann,,,,,,,api_error
41377,Willi Tegtmeier,,,,,,,api_error
41378,Max Schwimmer,German,Male,1895.0,1960.0,,,api_error
41379,Oskar Birckenbach,,,,,,,api_error
41380,Lonni Ideler,,,,,,,api_error
41383,Roc Caivano,American,Male,,,,,api_error
41384,"Mihoya Glass Co. Ltd, Japan",,,,,,,api_error
41391,Georg Arndt,German,,,,,,api_error
41392,Rolf Tillmann,,,,,,,api_error
41393,Alfred Zacharias,German,,1901.0,,,,api_error
41394,Gustav Heinrich Wolff,German,Male,1886.0,1934.0,,,api_error
41395,Arne Skouen,Norwegian,Male,1913.0,2003.0,,,api_error
41399,Irving Rapper,,Male,1898.0,1999.0,,,api_error
41400,Ralph Thomas Ward (Corkie),,,,,,,api_error
41401,"John Whitney, Sr.",American,Male,1917.0,1995.0,,,api_error
41402,Donna Cameron,American,Female,,,,,api_error
41403,Bob Rogers,American,Male,,,,,api_error
41404,Jonathan Parker,,Male,,,,,api_error
41405,Evelyn Lambart,Canadian,Female,1914.0,1999.0,,,api_error
41410,Bruno W. Reimann,,,,,,,api_error
41411,Heinrich Zernack,German,Male,1899.0,1945.0,,,api_error
41412,Eugen Maria Karpf,,,,,,,api_error
41413,Grete Rühle,,,,,,,api_error
41414,"LaboGroup, Paris",,,,,,,api_error
41421,Peter Sillen,American,Male,,,,,api_error
41422,Hugh Harman,American,Male,1903.0,1982.0,,,api_error
41424,Burt Gillett,American,Male,1891.0,1971.0,,,api_error
41425,Bill Roberts,American,Male,1899.0,1974.0,,,api_error
41427,Catriona Duffy,,Female,,,,,api_error
41428,Lucy McEachan,,Female,,,,,api_error
41429,Sang-ok Shin,Korean,Male,1926.0,2006.0,,,api_error
41430,Panel,,,,,,,api_error
41431,Andrés Jaque,Spanish,Male,1971.0,,,,api_error
41432,W. Doessler,,,,,,,api_error
41433,Friz Freleng,American,Male,1905.0,1995.0,,,api_error
41434,Michel Auder,French,Male,1945.0,,,,api_error
41440,Shen Wei,Chinese,Male,1977.0,,,,api_error
41443,Erik Barnouw,American,Male,1908.0,2001.0,,,api_error
41444,Ernst Moritz Engert,German,Male,1892.0,1986.0,,,api_error
41446,Josh MacPhee,American,Male,,,,,api_error
41447,Nobodycorp Internationale Unlimited,,,,,,,api_error
41448,Jesse Goldstein,American,Male,,,,,api_error
41451,Jesus Barraza,,Male,,,,,api_error
41457,Pat Sullivan,Australian,Male,1887.0,1933.0,,,api_error
41463,Richard Protovin,American,Male,1945.0,1991.0,,,api_error
41470,Favianna Rodriguez,,,,,,,api_error
41472,Peter Stathis,American,Male,1960.0,,,,api_error
41473,Michael McCoy,American,Male,1944.0,,,,api_error
41474,Dennis Pies,American,Male,1947.0,,,,api_error
41475,Lawrence C. Windom,American,Male,1876.0,,,,api_error
41476,Lynne Sachs,American,Female,1961.0,,,,api_error
41477,Alessandro Blasetti,Italian,Male,1900.0,1987.0,,,api_error
41478,William Deeke,,Male,,,,,api_error
41479,Jean Badovici,French,,1893.0,1956.0,,,api_error
41481,Francis Jourdain,French,Male,1876.0,1958.0,,,api_error
41483,Maria Gilssen,,,,,,,api_error
41484,Gail Dianna Schlaifer,American,Female,,,,,api_error
41486,William Hanna,American,Male,1910.0,2001.0,,,api_error
41487,Joseph Barbera,American,Male,1911.0,2006.0,,,api_error
41488,Jordan Belson,American,Male,1926.0,2011.0,,,api_error
41489,Alan Berliner,American,Male,1956.0,,,,api_error
41490,Aleksandr Sokurov,Russian,Male,1951.0,,,,api_error
41491,Larry Carty,,Male,,,,,api_error
41492,Bert Haanstra,Dutch,Male,1916.0,1997.0,,,api_error
41493,Mary Beams,,Female,,,,,api_error
41494,Djibril Diop Mambéty,Senegalese,Male,1945.0,1998.0,,,api_error
41497,U.S. Navy,American,,,,,,api_error
41499,Abderrahmane Sissako,Mauritanian,Male,1961.0,,,,api_error
41512,Ousmane Sembène,Senegalese,Male,1923.0,2007.0,,,api_error
41513,Akira Kurosawa,Japanese,Male,1910.0,1998.0,,,api_error
41549,Raoul Peck,Haitian,Male,1953.0,,,,api_error
41551,Diana Barrie,American,Female,1952.0,,,,api_error
41552,Peter Kubelka,Austrian,Male,1934.0,,,,api_error
41553,Marijan Jevšovar,Croatian,Male,1922.0,1998.0,,,api_error
41554,Ivan Kožarić,Croatian,Male,1921.0,,,,api_error
41555,Miljenko Horvat,Croatian,Male,1935.0,,,,api_error
41559,Marie Menken,American,Female,1909.0,1970.0,,,api_error
41560,Jonathan Bloom,,Male,,,,,api_error
41561,Michael Carapetian,British,Male,1938.0,,,,api_error
41568,Serge Vandercam,Danish,,1924.0,2005.0,,,api_error
41569,Jan Sanders,,,,,,,api_error
41578,André Komatsu,Brazilian,Male,1978.0,,,,api_error
41582,Adolf Born,Czech,Male,1930.0,,,,api_error
41583,Chen Shaoxiong,Chinese,Male,1962.0,2016.0,,,api_error
41584,Jaroslav Doubrava,Czech,Male,1909.0,1960.0,,,api_error
41585,Milos Macourek,Czech,Male,1926.0,2002.0,,,api_error
41587,Tex Avery,American,Male,1908.0,1980.0,,,api_error
41588,Andrew Noren,American,Male,1943.0,,,,api_error
41590,Gunvor Nelson,Swedish,Female,1931.0,,,,api_error
41593,Sara Petty,,Female,,,,,api_error
41594,Willard Maas,American,Male,1906.0,1971.0,,,api_error
41601,Vlatko Gilic,Yugoslav,Male,1935.0,,,,api_error
41610,Lou Bunin,American,Male,1904.0,1994.0,,,api_error
41618,Bill Basquin,American,Male,1970.0,,,,api_error
41619,Bela Tarr,Hungarian,Male,1955.0,,,,api_error
41620,Tom Chomont,American,Male,1942.0,2010.0,,,api_error
41621,John Karidis,American,Male,1958.0,2012.0,,,api_error
41624,George Clooney,American,Male,1961.0,,,,api_error
41625,Yael Hersonski,Israeli,Female,1970.0,,,,api_error
41626,Brent Green,American,Male,1978.0,,,,api_error
41628,David Henry Gerson,American,Male,1985.0,,,,api_error
41629,Chico Teixeira,Brazilian,Male,1970.0,,,,api_error
41635,Didier Faustino,French,Male,1968.0,,,,api_error
41650,Ringl + Pit,German,Female,,,,,api_error
41664,Wael Shawky,Egyptian,Male,1971.0,,,,api_error
41665,Justin Matherly,American,Male,1972.0,,,,api_error
41667,John Maybury,British,Male,1958.0,,,,api_error
41670,"unknown, commercially printed",,,,,,,api_error
41673,Zdenek Miler,Czech,Male,1921.0,2011.0,,,api_error
41681,Wilfred Jackson,American,Male,1906.0,1988.0,,,api_error
41686,Hans Kappler,German,Male,,,,,api_error
41688,Bigas Luna,Spanish,Male,1946.0,,,,api_error
41689,John Haugse,,,,,,,api_error
41704,King Baggot,American,Male,1879.0,1948.0,,,api_error
41705,Jack Cutting,American,Male,1908.0,1988.0,,,api_error
41707,Bruce Baillie,American,Male,1931.0,,,,api_error
41711,Michael Apted,British,Male,1941.0,,,,api_error
41712,Jean-Claude Lauzon,Canadian,Male,1953.0,1997.0,,,api_error
41713,Gabriel Axel,Danish,Male,1918.0,,,,api_error
41716,Wheeler Winston Dixon,American,Male,1950.0,,,,api_error
41718,raumlaborberlin,,,,,,,api_error
41729,John Frankenheimer,American,Male,1930.0,2002.0,,,api_error
41730,Ang Lee,Taiwanese,Male,1954.0,,,,api_error
41731,Wong Kar-wai,Chinese,Male,1958.0,,,,api_error
41734,Guy Ritchie,British,Male,1968.0,,,,api_error
41735,Alejandro González Iñárritu,Mexican,Male,1963.0,,,,api_error
41736,Joe Carnahan,American,Male,1969.0,,,,api_error
41741,Delphine Seyrig,French,Female,1932.0,1990.0,,,api_error
41742,Masaomi Unagami,,,,,,,api_error
41743,Neville de Almeida,Brazilian,Male,1941.0,,,,api_error
41752,Robert Wilhite,American,Male,1946.0,,,,api_error
41758,Iván Hevesy,Hungarian,Male,1893.0,1966.0,,,api_error
41761,Fabio Balducci,Italian,Male,1964.0,,,,api_error
41764,Augusto,Spanish,,,,,,api_error
41770,Elaine May,American,Female,1932.0,,,,api_error
41772,Tommy Hartung,American,Male,1980.0,,,,api_error
41774,Wallace McCutcheon Jr.,American,Male,1880.0,1928.0,,,api_error
41775,Arch Connelly,American,Male,1950.0,1993.0,,,api_error
41777,Rania Stephan,Lebanese,Female,1960.0,,,,api_error
41790,James Longley,American,Male,1972.0,,,,api_error
41791,Raúl Ruiz,Chilean,Male,1941.0,2011.0,,,api_error
41792,Bill Daniel,American,Male,1959.0,,,,api_error
41793,Susan Warms Dryfoos,American,Female,1950.0,,,,api_error
41794,Godfrey Cheshire,American,Male,1951.0,,,,api_error
41795,Manish Acharya,Indian,Male,1967.0,2010.0,,,api_error
41796,Alice Elliott,American,Female,1946.0,,,,api_error
41797,Oscar Muñoz,Colombian,Male,1951.0,,,,api_error
41799,George Griffin,American,,,,,,api_error
41804,Lea Lublin,Argentine,Female,1929.0,1999.0,,,api_error
41817,István Orosz,Hungarian,Male,1951.0,,,,api_error
41822,Massoud Hassani,Dutch,Male,1983.0,,,,api_error
41828,Cathy Wilkes,Irish,Female,1966.0,,,,api_error
41829,Ben Kinmont,American,Male,1963.0,,,,api_error
41830,Dirk Vander Kooij,Dutch,Male,1983.0,,,,api_error
41831,Georgia Hubley,American,Female,1960.0,,,,api_error
41832,Alan Rudolph,American,Male,1943.0,,,,api_error
41833,Bruno Barreto,Brazilian,Male,1955.0,,,,api_error
41834,Walter Salles,Brazilian,Male,1956.0,,,,api_error
41835,John McKay,Scottish,Male,1965.0,,,,api_error
41836,Pat O'Connor,Irish,Male,1943.0,,,,api_error
41837,Jan Sverák,Czech,Male,1965.0,,,,api_error
41838,Régis Wargnier,French,Male,1948.0,,,,api_error
41839,Igor Nikolayev,Russian,Male,1924.0,,,,api_error
41840,Sam Wood,American,Male,1883.0,1949.0,,,api_error
41841,William Friedkin,American,Male,1935.0,,,,api_error
41844,Marleen Gorris,Dutch,Female,1948.0,,,,api_error
41845,Peter Medak,Hungarian,Male,1937.0,,,,api_error
41846,Don Roos,American,Male,1955.0,,,,api_error
41847,Harry Sinclair,New Zealander,Male,1959.0,,,,api_error
41848,Åke Sandgren,Swedish,Male,1955.0,,,,api_error
41849,James Merendino,American,Male,1969.0,,,,api_error
41850,Sam Raimi,American,Male,1959.0,,,,api_error
41851,George Lucas,American,Male,1944.0,,,,api_error
41852,Barry Caillier,American,Male,,,,,api_error
41853,Rainer Geis,German,Male,,,,,api_error
41854,Bryan Singer,American,Male,1965.0,,,,api_error
41855,John Irvin,British,Male,1940.0,,,,api_error
41856,James Gray,American,Male,1969.0,,,,api_error
41857,Barry Sonnenfeld,American,Male,1953.0,,,,api_error
41858,Jean-Claude Tramont,Belgian,Male,1934.0,1996.0,,,api_error
41859,Bob Fosse,American,Male,1927.0,1987.0,,,api_error
41860,Bruno Bozzetto,Italian,Male,1938.0,,,,api_error
41861,John Landis,American,Male,1950.0,,,,api_error
41862,Percy Adlon,German,Male,1935.0,,,,api_error
41863,Hal Ashby,American,Male,1929.0,1988.0,,,api_error
41864,Lawrence Kasdan,American,Male,1949.0,,,,api_error
41865,Brian De Palma,American,Male,1940.0,,,,api_error
41866,Terry Gilliam,American,Male,1940.0,,,,api_error
41867,Herbert Ross,American,Male,1927.0,2001.0,,,api_error
41868,Gene Saks,American,Male,1921.0,,,,api_error
41869,Robert Moore,American,Male,1927.0,1984.0,,,api_error
41870,Mark Rydell,American,Male,1934.0,,,,api_error
41871,Jean-Paul Rappeneau,French,Male,1932.0,,,,api_error
41872,Jim Henson,American,Male,1936.0,1990.0,,,api_error
41873,Frank Oz,British,Male,1944.0,,,,api_error
41874,Richard Marquand,British,Male,1938.0,1987.0,,,api_error
41875,Norman Jewison,Canadian,Male,1926.0,,,,api_error
41876,Bob Rafelson,American,Male,1933.0,,,,api_error
41877,Mike Hodges,British,Male,1932.0,,,,api_error
41878,Richard Lester,American,Male,1932.0,,,,api_error
41879,Robert Youngson,American,Male,1917.0,1974.0,,,api_error
41880,Edward Zwick,American,Male,1952.0,,,,api_error
41881,Jamie Uys,South African,Male,1921.0,1996.0,,,api_error
41882,Randal Kleiser,American,Male,1946.0,,,,api_error
41883,Blake Edwards,American,Male,1922.0,2010.0,,,api_error
41884,Stanley Kramer,American,Male,1913.0,2001.0,,,api_error
41885,Mick Jackson,British,Male,1943.0,,,,api_error
41886,Édouard Molinaro,French,Male,1928.0,,,,api_error
41887,Peter Bogdanovich,American,Male,1939.0,,,,api_error
41888,Nicholas Hytner,British,Male,1956.0,,,,api_error
41889,Terry Jones,Welsh,Male,1942.0,,,,api_error
41890,Roland Joffé,British,Male,1945.0,,,,api_error
41891,Kenneth Branagh,Irish,Male,1960.0,,,,api_error
41892,Richard Benjamin,American,Male,1938.0,,,,api_error
41893,Jim Sheridan,Irish,Male,1949.0,,,,api_error
41894,Yves Robert,French,Male,1920.0,2002.0,,,api_error
41895,Roger Corman,American,Male,1926.0,,,,api_error
41896,Rob Reiner,American,Male,1947.0,,,,api_error
41897,Richard Williams,Canadian,Male,1933.0,,,,api_error
41898,Michael Caton-Jones,Scottish,Male,1957.0,,,,api_error
41899,Ted Tetzlaff,American,Male,1903.0,1995.0,,,api_error
41900,Alan J. Pakula,American,Male,1928.0,1998.0,,,api_error
41901,Richard Rush,American,Male,1929.0,,,,api_error
41902,Jack Haley Jr.,American,Male,1933.0,2001.0,,,api_error
41903,Richard Fleischer,American,Male,1916.0,2006.0,,,api_error
41904,Robert Wise,American,Male,1914.0,2005.0,,,api_error
41905,Michael Crichton,American,Male,1942.0,2008.0,,,api_error
41906,Clive Donner,British,Male,1926.0,2010.0,,,api_error
41907,Richard Talmadge,German,Male,1892.0,1981.0,,,api_error
41908,Taylor Hackford,American,Male,1944.0,,,,api_error
41909,George Dunning,Canadian,Male,1920.0,1979.0,,,api_error
41910,David Hand,American,Male,1900.0,1986.0,,,api_error
41911,Ben Sharpsteen,American,Male,1895.0,1980.0,,,api_error
41912,Hamilton Luske,American,Male,1903.0,1968.0,,,api_error
41913,Clyde Geronimi,Italian,Male,1901.0,1989.0,,,api_error
41914,Jack Hannah,American,Male,1913.0,1994.0,,,api_error
41915,Jack Kinney,American,Male,1909.0,1992.0,,,api_error
41916,Jack King,American,,1895.0,1958.0,,,api_error
41917,Riley Thomson,American,Male,1912.0,1960.0,,,api_error
41918,Dick Lundy,American,Male,1907.0,1990.0,,,api_error
41919,Bob Carlson,,Male,,,,,api_error
41920,Charles A. Nichols,American,Male,1910.0,1992.0,,,api_error
41921,Dick Huemer,American,Male,1898.0,1979.0,,,api_error
41922,Wolfgang Reitherman,American,Male,1909.0,1985.0,,,api_error
41923,Frank Tashlin,American,Male,1913.0,1972.0,,,api_error
41924,Norm Ferguson,American,Male,1902.0,1957.0,,,api_error
41925,Dick Rickard,,Male,,,,,api_error
41926,Rob Minkoff,American,Male,1962.0,,,,api_error
41927,Connie Rasinski,American,Male,1907.0,1965.0,,,api_error
41928,Dave Tendlar,American,Male,1909.0,1993.0,,,api_error
41929,Paul J. Smith,American,Male,1906.0,1980.0,,,api_error
41930,Pete Burness,American,Male,1904.0,1969.0,,,api_error
41931,Robert Cannon,American,Male,1909.0,1964.0,,,api_error
41932,Ub Iwerks,American,Male,1901.0,1971.0,,,api_error
41933,Alex Lovy,American,Male,1913.0,1992.0,,,api_error
41934,Chuck Jones,American,Male,1912.0,2002.0,,,api_error
41935,Robert McKimson,American,Male,1910.0,1977.0,,,api_error
41936,Hawley Pratt,American,Male,1911.0,1999.0,,,api_error
41937,Abe Levitow,American,Male,1922.0,1975.0,,,api_error
41938,Rudy Larriva,American,Male,1916.0,2010.0,,,api_error
41939,Preston Blair,American,Male,1908.0,1995.0,,,api_error
41940,Michael Lah,American,Male,1912.0,1995.0,,,api_error
41941,Gene Deitch,American,Male,1924.0,,,,api_error
41942,Maurice Noble,American,Male,1911.0,2001.0,,,api_error
41943,Izzy Sparber,American,Male,1900.0,1958.0,,,api_error
41944,Seymour Kneitel,,Male,1908.0,1964.0,,,api_error
41945,Frank Endres,,Male,,,,,api_error
41946,Tom Golden,,Male,,,,,api_error
41947,Graham Place,,Male,,,,,api_error
41952,Erwin Hauer,Austrian,Male,1926.0,,,,api_error
41953,Randy Tuten,American,Male,1946.0,,,,api_error
41954,Mick Haggerty,American,Male,,,,,api_error
41958,Peter Kodick (Peter Gravelle),British,Male,,,,,api_error
41986,Adam Helms,American,Male,1974.0,,,,api_error
41987,John Newsom,American,Male,1970.0,,,,api_error
41988,William Villalongo,American,Male,1975.0,,,,api_error
42000,Danilo Barbosa,Brazilian,Male,1949.0,,,,api_error
42003,Ellen Auerbach,German,Female,1906.0,2004.0,,,api_error
42007,John Follis,American,Male,1923.0,1994.0,,,api_error
42011,Bernhard Höke,,,,,,,api_error
42012,Michele Abeles,American,Female,1977.0,,,,api_error
42016,Edward Waisnis,American,Male,1957.0,,,,api_error
42017,Mike Nichols,American,Male,1931.0,,,,api_error
42018,Matt Porterfield,American,Male,1977.0,,,,api_error
42020,Lucian Pintilie,Romanian,Male,1933.0,,,,api_error
42021,Corinna Belz,German,Female,1970.0,,,,api_error
42027,Nicolas Winding Refn,Danish,Male,1970.0,,,,api_error
42028,Sally Cruikshank,American,Female,1949.0,,,,api_error
42029,Julie Taymor,American,Female,1952.0,,,,api_error
42062,Júlio Bressane,Brazilian,Male,1946.0,,,,api_error
42064,Alfred Caldwell,American,Male,,,,,api_error
42098,Michael Harris,American,Male,1933.0,,,,api_error
42107,Patricia Cardoso,Colombian,Female,,,,,api_error
42110,Elia Suleiman,Palestinian,Male,1960.0,,,,api_error
42120,Rebecca Cammisa,American,Female,,,,,api_error
42121,Rob Fruchtman,,Male,,,,,api_error
42123,Nobi Nakanishi,American,Male,1975.0,,,,api_error
42124,Herbert Danska,American,Male,1927.0,,,,api_error
42126,Birdhead,Chinese,,2004.0,,,,api_error
42138,Natalia Almada,Mexican,Female,1974.0,,,,api_error
42139,Véréna Paravel,French,Female,1971.0,,,,api_error
42140,J.P. Sniadecki,American,Male,1979.0,,,,api_error
42141,Andrez Wajda,Polish,Male,1926.0,,,,api_error
42142,Richard Kaplan,American,Male,1925.0,,,,api_error
42150,Mike Johnson,American,Male,,,,,api_error
42156,Song Tao,Chinese,,1979.0,,,,api_error
42157,Ji Weiyu,Chinese,,1980.0,,,,api_error
42158,Zoe Crosher,American,Female,1975.0,,,,api_error
42161,Arthur Cantrill,Australian,Male,1938.0,,,,api_error
42162,Corinne Cantrill,Australian,Female,1928.0,,,,api_error
42166,Doug Sweetland,American,Male,1974.0,,,,api_error
42172,Marja Mikkonen,Finnish,Female,1979.0,,,,api_error
42175,André Téchiné,French,Male,1943.0,,,,api_error
42184,Éric Chahi,French,Male,1967.0,,,,api_error
42186,Masaya Matsuura,Japanese,Male,1961.0,,,,api_error
42187,"NanaOn-Sha Co., Ltd.",,,1993.0,,,,api_error
42188,CCP Games,,,1997.0,,,,api_error
42189,Valve,American,,1996.0,,,,api_error
42192,Bahman Ghobadi,Iranian,Male,1969.0,,,,api_error
42201,Julia Loktev,Russian,Female,1969.0,,,,api_error
42203,Larry Fessenden,American,Male,1963.0,,,,api_error
42208,Edwin Locke,American,Male,,,,,api_error
42218,Georg Greger,German,Male,,,,,api_error
42222,Laurie Collyer,American,Female,1967.0,,,,api_error
42224,Erick Zonca,French,Male,1956.0,,,,api_error
42231,Clorindo Testa,Argentine,Male,1923.0,2013.0,,,api_error
42232,Helmut Kronberger,Austrian,Male,,,,,api_error
42242,Ernst Thormahlen,,Male,,,,,api_error
42244,Simon Levy,American,Male,1946.0,,,,api_error
42265,Alexey Pajitnov,Russian,Male,1955.0,,,,api_error
42266,Keita Takahashi,Japanese,Male,1975.0,,,,api_error
42279,Shane McGowan,,Male,,,,,api_error
42280,Anya Phillips,American,Female,1955.0,1981.0,,,api_error
42282,Mark Perry,,Male,,,,,api_error
42283,James McCaffry,American,Male,1954.0,2011.0,,,api_error
42293,Nina Leen,American,Female,1909.0,1995.0,,,api_error
42300,Roland Kayn,,,,,,,api_error
42301,Milko Kelemen,,,1924.0,,,,api_error
42309,Jimenez Lai,Canadian,Male,1979.0,,,,api_error
42310,Bureau Spectacular,,,2008.0,,,,api_error
42311,"Doshi Levien, UK",,,2000.0,,,,api_error
42312,Nipa Doshi,Indian,Female,1971.0,,,,api_error
42313,Jonathan Levien,British,Male,1972.0,,,,api_error
42323,Yto Barrada,French,Female,1971.0,,,,api_error
42333,Irwin Kremen,American,Male,1925.0,,,,api_error
42336,Bela Kolárová,Czech,Female,1923.0,2010.0,,,api_error
42340,Martin Boyce,Scottish,Male,1967.0,,,,api_error
42341,Blanc et Demilly,French,,1924.0,1962.0,,,api_error
42344,Carlos Raúl Villanueva,Venezuelan,Male,1900.0,1975.0,,,api_error
42345,Monteiro Filho,Brazilian,Male,1925.0,,,,api_error
42346,Antonio Bandeira,Brazilian,Male,1922.0,1967.0,,,api_error
42347,Danilo di Prete,Brazilian,Male,1911.0,1985.0,,,api_error
42348,Felix Beltran,Cuban,Male,1938.0,,,,api_error
42349,Paolo Labañino,Cuban,Male,1944.0,,,,api_error
42350,González Ruiz,Argentine,Male,1937.0,,,,api_error
42362,Daniel Grataloup,Swiss,Male,1937.0,,,,api_error
42363,Markus & Nocka Inc,,,1932.0,,,,api_error
42364,Frederick Markus,American,Male,,,,,api_error
42365,Paul Nocka,,Male,,,,,api_error
42366,Markus Kayser,German,Male,1983.0,,,,api_error
42367,Barry Parker,British,Male,1867.0,1947.0,,,api_error
42407,Richard Lampert GmbH & Co.KG,,,,,,,api_error
42433,Kate Simon,,Female,,,,,api_error
42439,Gilles Gheerbrant,,Male,,,,,api_error
42442,DoDo Jin Ming,Chinese,Female,1955.0,,,,api_error
42443,Mark Becker,,Male,,,,,api_error
42454,Nathalie Djurberg,Swedish,Female,1978.0,,,,api_error
42455,Zanele Muholi,South African,Female,1972.0,,,,api_error
42457,Dóra Maurer,Hungarian,Female,1937.0,,,,api_error
42460,Richard Seireeni,,Male,,,,,api_error
42462,M. Hirsch,,,,,,,api_error
42463,Norman Seeff,American,Male,1939.0,,,,api_error
42464,Gardar Eide Einarsson,Norwegian,Male,1976.0,,,,api_error
42465,Rashid Johnson,American,Male,1977.0,,,,api_error
42466,Douglas Darden,American,Male,1951.0,1996.0,,,api_error
42469,Abby Leigh,American,Female,1948.0,,,,api_error
42476,Fallout Productions,,,,,,,api_error
42477,Top O'Graphic,,,,,,,api_error
42478,Anna Persiani,,Female,,,,,api_error
42479,Thomas Klinkowstein,American,Male,1950.0,,,,api_error
42480,David Arnoff,British,Male,1951.0,,,,api_error
42483,Winston Smith,,Male,,,,,api_error
42485,Carlos Bunga,Portuguese,Male,1976.0,,,,api_error
42490,Diane Lewis,American,Female,1951.0,,,,api_error
42491,Richard Barnes,American,Male,1953.0,,,,api_error
42496,Junshi Nakamichi,,,,,,,api_error
42510,Vincent Cafarelli,American,Male,1930.0,2011.0,,,api_error
42516,Ido Bruno,Israeli,Male,1963.0,,,,api_error
42517,Arthur Brutter,Israeli,Male,1982.0,,,,api_error
42518,BIG-GAME,,,2004.0,,,,api_error
42519,Augustin Scott de Martinville,French,Male,1980.0,,,,api_error
42520,Grégoire Jeanmonod,Swiss,Male,1978.0,,,,api_error
42521,Elric Petit,Belgian,Male,1978.0,,,,api_error
42522,"Moustache, Paris",,,,,,,api_error
42566,Michael Manfredi,American,Male,,,,,api_error
42567,Marion Weiss,American,Female,,,,,api_error
42569,Leigh Ledare,,Male,1976.0,,,,api_error
42576,Adrián Villar Rojas,Argentine,Male,1980.0,,,,api_error
42591,Adam Saltsman,American,Male,1982.0,,,,api_error
42593,Jenova (Xinghan) Chen,Chinese,Male,1981.0,,,,api_error
42594,Nick Clark,American,Male,1984.0,,,,api_error
42596,Toru Iwatani,Japanese,Male,1955.0,,,,api_error
42597,Rand Miller,American,Male,1959.0,,,,api_error
42599,Robyn Miller,American,Female,1966.0,,,,api_error
42611,José Guillermo Castillo,Venezuelan,Male,1938.0,1999.0,,,api_error
42616,Carlos Herrera,Venezuelan,Male,1909.0,1988.0,,,api_error
42620,Valentin Carron,Swiss,Male,1977.0,,,,api_error
42625,Chris Welch,British,,,,,,api_error
42627,Rabih Mroué,Lebanese,Male,1967.0,,,,api_error
42628,Meiro Koizumi,Japanese,Male,1976.0,,,,api_error
42632,Lillian Schwartz,American,Female,1927.0,,,,api_error
42634,Frances Kuehn,,,,,,,api_error
42637,Yervant Gianikian,Italian,Male,1942.0,,,,api_error
42638,Angela Ricci Lucchi,Italian,Female,1942.0,,,,api_error
42639,Daniel Baranowsky,American,Male,1984.0,,,,api_error
42643,Loretta Fahrenholz,German,Female,1981.0,,,,api_error
42698,Jonathan Nossiter,American,Male,1961.0,,,,api_error
42700,Eryk Rocha,Brazilian,Male,1978.0,,,,api_error
42705,Jay Rosenblatt,American,Male,1955.0,,,,api_error
42707,Song Chuan,Chinese,Male,1980.0,,,,api_error
42708,Ira Sachs,American,Male,1965.0,,,,api_error
42712,Maurice Pialat,French,Male,1933.0,,,,api_error
42713,Jacques Rivette,French,Male,1928.0,,,,api_error
42714,Nina Rosenblum,American,Female,1955.0,,,,api_error
42715,Lisa Cholodenko,American,Female,1964.0,,,,api_error
42717,Phil Donahue,American,Male,1935.0,,,,api_error
42718,Jorge Gaggero,Argentine,Male,1970.0,,,,api_error
42722,Ulu Grosbard,American,Male,1929.0,2012.0,,,api_error
42723,Oussama Mohammad,Syrian,Male,1954.0,,,,api_error
42724,Alexander Olch,American,Male,1977.0,,,,api_error
42725,Barry O'Neil,American,Male,1865.0,1918.0,,,api_error
42726,Lynne Ramsay,Scottish,Female,1969.0,,,,api_error
42727,Richard Rogers,American,Male,1944.0,2001.0,,,api_error
42728,Kazuhiro Soda,Japanese,Male,1970.0,,,,api_error
42729,Peter Weir,Australian,Male,1944.0,,,,api_error
42730,Martin Arnold,Austrian,Male,1959.0,,,,api_error
42731,James Benning,American,Male,1942.0,,,,api_error
42732,Leos Carax,French,Male,1960.0,,,,api_error
42733,Gustav Deutsch,Austrian,Male,1952.0,,,,api_error
42734,Matthias Müller,German,Male,1961.0,,,,api_error
42735,Peter Tscherkassky,Austrian,Male,1958.0,,,,api_error
42736,Apichatpong Weerasethakul,Thai,Male,1970.0,,,,api_error
42737,Ruapati,,,,,,,api_error
42738,Pere Catala Pic,Spanish,Male,,,,,api_error
42739,Anika,,,,,,,api_error
42740,Marcelo Martin,,,,,,,api_error
42741,Chi,,,,,,,api_error
42742,Misas,,,,,,,api_error
42743,Thompson,,,,,,,api_error
42744,Laura Diaz Milán,,,,,,,api_error
42745,Gustavo Gavilondo,,,,,,,api_error
42746,Melo,,,,,,,api_error
42747,Pablo Monterrey,,,,,,,api_error
42748,Adrian Berazain,,,,,,,api_error
42749,Annee Olofsson,Swedish,Female,1966.0,,,,api_error
42750,Tom Hunter,British,Male,1965.0,,,,api_error
42751,Daniela Rossell,Mexican,Female,1973.0,,,,api_error
42752,Vibeke Tandberg,Norwegian,Female,1967.0,,,,api_error
42753,Hellen Van Meene,Dutch,Female,1972.0,,,,api_error
42754,Alexander Dominguez,,,,,,,api_error
42755,Anabel Alfonso Suárez,,,,,,,api_error
42756,Marwin Sánchez,,,,,,,api_error
42757,Miguel Hidalgo,,,,,,,api_error
42758,Gabriela Gutiérrez,,,,,,,api_error
42759,Magdiel Collazo,,,,,,,api_error
42760,Idania del Rio,,,1981.0,,,,api_error
42761,"Maxis, Inc.",,,1987.0,,,,api_error
42787,Carol Rama,Italian,Female,1918.0,2015.0,,,api_error
42816,Filip Dujardin,Belgian,Male,1971.0,,,,api_error
42821,Earl Brown,,,,,,,api_error
42822,Vladimir Ussachevsky,,,,,,,api_error
42823,Milton Babbitt,,,,,,,api_error
42824,Bülent Arel,,,,,,,api_error
42826,Cristian Mungiu,Romanian,Male,1968.0,,,,api_error
42828,Hsiao-Hsien Hou,Taiwanese,Male,1947.0,,,,api_error
42831,Claude Chabrol,French,Male,1930.0,2010.0,,,api_error
42832,Jessica Yu,American,Female,1966.0,,,,api_error
42837,Donald Goddard,,Male,,,,,api_error
42839,LOT-EK,,,1993.0,,,,api_error
42840,Ada Tolla,Italian,Female,1964.0,,,,api_error
42841,Giuseppe Lignano,Italian,Male,1963.0,,,,api_error
42844,Alex Holdridge,American,Male,1975.0,,,,api_error
42845,Catherine Breillat,French,Female,1948.0,,,,api_error
42846,Christopher Zalla,Kenyan,Male,1974.0,,,,api_error
42847,Christophe Honoré,French,Male,1970.0,,,,api_error
42849,Johnnie To,Chinese,Male,1955.0,,,,api_error
42850,Ka-Fai Wai,Chinese,Male,1955.0,,,,api_error
42851,Cristóbal Lehyt,Chilean,Male,1973.0,,,,api_error
42854,Joseph Byrd,American,Male,1937.0,,,,api_error
42856,Waldemar Cordeiro,Brazilian,Male,1925.0,1973.0,,,api_error
42858,Janice Kerbel,Canadian,Female,1969.0,,,,api_error
42860,Claude Lelouch,French,Male,1937.0,,,,api_error
42863,William Scott,American,Male,1964.0,,,,api_error
42870,Nagisa Oshima,Japanese,Male,1932.0,2013.0,,,api_error
42871,André Halimi,Tunisian,Male,1930.0,,,,api_error
42880,Michael Harvey,,,,,,,api_error
42882,Jim Downie,,,,,,,api_error
42888,George L. Thomson,,,,,,,api_error
42889,Kate Greenaway,,,,,,,api_error
42897,Jean Douchet,French,Male,1929.0,,,,api_error
42898,Jean-Daniel Pollet,French,Male,1936.0,2004.0,,,api_error
42899,Eric Rohmer,French,Male,1920.0,2010.0,,,api_error
42900,Jean Rouch,French,Male,1917.0,2004.0,,,api_error
42906,Lisa Oppenheim,American,Female,1975.0,,,,api_error
42921,Gordon Bruce,,Male,,,,,api_error
42922,Allen Hawthorne,American,Male,1935.0,,,,api_error
42923,Sarah Crowner,American,,1974.0,,,,api_error
42966,The Henry Moore Foundation,,,,,,,api_error
42969,Lyle Ashton Harris,American,Male,1964.0,,,,api_error
42972,Lucy Raven,American,Female,1977.0,,,,api_error
42980,Moggridge Associates,,,,,,,api_error
42982,Charles White III,American,Male,,,,,api_error
42987,Anna Ostoya,Polish,Female,1978.0,,,,api_error
43050,Eileen Quinlan,American,Female,1972.0,,,,api_error
43051,Josephine Pryde,British,Female,1967.0,,,,api_error
43052,Brendan Fowler,American,Male,1978.0,,,,api_error
43055,Adam Broomberg,South African,Male,1970.0,,,,api_error
43056,Oliver Chanarin,British,Male,1971.0,,,,api_error
43061,Robi Müller,Swiss,Male,1942.0,,,,api_error
43062,Lourdes Portillo,Mexican,Female,1944.0,,,,api_error
43063,Nina Serrano,American,Female,1934.0,,,,api_error
43065,"A.D. Meraz industries Ltd., Sderot, Israel",Israeli,,,,,,api_error
43068,Susana Blaustein Muñoz,Argentine,Female,,,,,api_error
43077,Aaron Kuriloff,,,,,,,api_error
43080,Paolo Lionni,,,,,,,api_error
43086,Richard Press,American,Male,1965.0,,,,api_error
43087,Katô Tarô,Japanese,,,,,,api_error
43088,Suihara Masami,Japanese,,,,,,api_error
43089,Lucien Castaing-Taylor,British,Male,1966.0,,,,api_error
43090,Julius Klinger,Austrian,Male,1876.0,1942.0,,,api_error
43105,François Truffaut,French,Male,1932.0,1984.0,,,api_error
43107,Gustav Metzger,,,,,,,api_error
43111,Samuel Fuller,American,Male,1912.0,1997.0,,,api_error
43112,George Roy Hill,American,Male,1921.0,2002.0,,,api_error
43113,Brian Beker,American,Male,1958.0,,,,api_error
43114,Stephen Daldry,British,Male,1961.0,,,,api_error
43134,Franz Josef van der Grinten,German,Male,1933.0,,,,api_error
43143,UNITED BROTHERS,,,,,,,api_error
43146,Clifford Owens,American,Male,1971.0,,,,api_error
43150,Geta Brătescu,Romanian,Female,1926.0,,,,api_error
43151,Yael Mer,Israeli,Female,1976.0,,,,api_error
43193,Christof  Kohlhöfer,,,,,,,api_error
43194,Gillow & Co.,,,,,,,api_error
43277,Richard Maxfield,American,Male,1927.0,1969.0,,,api_error
43278,Adam Broomberg and Oliver Chanarin Studio,,,,,,,api_error
43281,Mary Vieira,Brazilian,Female,1927.0,2001.0,,,api_error
43288,Vagelis Tsakiridis,,,,,,,api_error
43289,Walter Marchetti,,,,,,,api_error
43295,Charlotte Moorman,American,,1933.0,1991.0,,,api_error
43300,Pandit Pran Nath,,Male,1918.0,1996.0,,,api_error
43301,Jon Hassell,,,1937.0,,,,api_error
43302,Frank Trowbridge,American,,1941.0,,,,api_error
43304,Larry Baldwin,,,,,,,api_error
43331,Spilling,German,,,,,,api_error
43334,Jean Dupuy,,,,,,,api_error
43339,Paulo Monteiro,Brazilian,Male,1961.0,,,,api_error
43343,Ryan Trecartin,American,Male,1981.0,,,,api_error
43357,Paulo Bruscky,Brazilian,Male,1949.0,,,,api_error
43396,Gino Soggetti,Italian,male,1898.0,1990.0,,,api_error
43428,Katherine Ball,,Female,,,,,api_error
43429,Rich Black,,,1974.0,,,,api_error
43430,Anthony Nomorosa,,Male,1988.0,,,,api_error
43431,Brad Kayal,,Male,1978.0,,,,api_error
43432,Roger Peet,,,,,,,api_error
43433,Art Hazelwood,,Male,1961.0,,,,api_error
43434,Jeanne Verdoux,French,Female,1966.0,,,,api_error
43435,Colin Smith,,,1982.0,,,,api_error
43436,Lindsay Starbuck,,,,,,,api_error
43437,Ronnie Goodman,,,1960.0,,,,api_error
43438,Manya Kuzemchenko,,Female,1984.0,,,,api_error
43439,Mark Miller,,Male,,,,,api_error
43440,John Langdon,,Male,,,,,api_error
43441,Molly Crabapple,American,Female,1983.0,,,,api_error
43442,Keith Lowe,,Male,,,,,api_error
43443,Marx Aviano,,,,,,,api_error
43444,Sebastian Marchal,,,,,,,api_error
43457,Fernando Vilela,Brazilian,Male,1973.0,,,,api_error
43459,Fernando Ortega,Mexican,Male,1971.0,,,,api_error
43465,Sohei Hashimoto,,,,,,,api_error
43480,Thomas Lanigan-Schmidt,American,Male,1948.0,,,,api_error
43491,Fernand Fau,French,Male,1858.0,1919.0,,,api_error
43498,Alexandra Clotfelter,,,1989.0,,,,api_error
43499,David Loewenstein,American,Male,,,,,api_error
43501,Liu Xiaodong,Chinese,Male,1963.0,,,,api_error
43509,Renan,Spanish,,,,,,api_error
43510,JoAnn Carney,,Female,,,,,api_error
43511,Tom Shortlidge,American,Male,1943.0,,,,api_error
43512,Wila,Spanish,,,,,,api_error
43516,Luc Sante,American,Male,1954.0,,,,api_error
43520,Jayson Musson,American,Male,1977.0,,,,api_error
43521,Ben Katchor,American,Male,1951.0,,,,api_error
43525,"Vibram S.p.A., Albizzate, Italy",,,1937.0,,,,api_error
43526,NIKE,,,,,,,api_error
43527,Amanda Guest,British,Female,1964.0,,,,api_error
43528,Bart Wasserman,American,Male,1930.0,2004.0,,,api_error
43529,Christian Petzold,German,Male,1960.0,,,,api_error
43530,Maren Ade,German,Female,1976.0,,,,api_error
43531,Nuri Bilge Ceylan,Turkish,Male,1959.0,,,,api_error
43532,Manoel de Oliveira,Portuguese,,1908.0,2015.0,,,api_error
43533,Hong Sang-soo,Korean,Male,1961.0,,,,api_error
43534,Miguel Gomes,Portuguese,Male,1972.0,,,,api_error
43535,Pedro Costa,Portuguese,Male,1959.0,,,,api_error
43536,José Luis Guerín,Spanish,Male,1960.0,,,,api_error
43537,Matías Piñeiro,Argentine,Male,1982.0,,,,api_error
43539,João Pedro Rodrigues,Portuguese,Male,1966.0,,,,api_error
43540,Pier Paolo Pasolini,Italian,Male,1922.0,1975.0,,,api_error
43542,Matias Meyer,French,Male,1979.0,,,,api_error
43543,Kleber Mendonça Filho,Brazilian,Male,1968.0,,,,api_error
43544,Christopher Kenneally,American,Male,1975.0,,,,api_error
43545,Sebastián Silva,Chilean,Male,1979.0,,,,api_error
43546,Nicolás Pereda,Mexican,Male,1977.0,,,,api_error
43547,Bijan Zamanpira,Iraqi,Male,1965.0,,,,api_error
43548,Nahid Ghobadi,Iranian,Female,1964.0,,,,api_error
43549,Mohamed Diab,Saudi Arabian,Male,1977.0,,,,api_error
43550,Sebastián del Amo,French,Male,1971.0,,,,api_error
43551,Mani Haghighi,Iranian,Male,1969.0,,,,api_error
43552,Srdan Dragojevic,Serbian,Male,1963.0,,,,api_error
43554,Eduardo Nunes,Brazilian,Male,1969.0,,,,api_error
43556,Darezhan Omirbayev,Kazakhstani,Male,1958.0,,,,api_error
43559,Thornton Dial,,Male,1928.0,2016.0,,,api_error
43561,Bujar Alimani,Albanian,Male,1969.0,,,,api_error
43563,Gustavo Pizzi,Brazilian,Male,1977.0,,,,api_error
43566,Kivu Ruhorahoza,Rwandan,Male,1982.0,,,,api_error
43567,Morteza Farshbaf,Iranian,Male,1986.0,,,,api_error
43569,Paula Markovitch,Argentine,Female,1968.0,,,,api_error
43574,Oday Rasheed,Iraqi,Male,1973.0,,,,api_error
43575,Tolga Karaçelik,Turkish,Male,1981.0,,,,api_error
43579,Li Shaohong,Chinese,Female,1955.0,,,,api_error
43580,Ahmed Imamovic,Bosnian,Male,1971.0,,,,api_error
43581,Lu Zhang,Chinese,Male,1962.0,,,,api_error
43582,Diego Lerman,Argentine,Male,1976.0,,,,api_error
43584,Sidharth Srinivasan,Indian,Male,1975.0,,,,api_error
43585,Levan Koguashvili,Georgian,Male,1973.0,,,,api_error
43586,Sérgio Bianchi,Brazilian,Male,1945.0,,,,api_error
43588,Federico Veiroj,Uruguayan,Male,1976.0,,,,api_error
43589,Garin Nugroho,Indonesian,Male,1961.0,,,,api_error
43590,Chuyên Bùi Thac,Vietnamese,Male,1968.0,,,,api_error
43592,Alejandro Gerber Bicecci,Mexican,Male,1977.0,,,,api_error
43593,Josué Méndez,Peruvian,Male,1976.0,,,,api_error
43594,Enrique Buchichio,Uruguayan,Male,1973.0,,,,api_error
43595,Lyès Salem,Algerian,Male,1973.0,,,,api_error
43596,Granaz Moussavi,Iranian,Female,1974.0,,,,api_error
43597,Rajesh Shera,Indian,Male,1972.0,,,,api_error
43598,Vladimir Perisic,Serbian,Male,1976.0,,,,api_error
43599,Chi Zhang,Chinese,Male,1977.0,,,,api_error
43600,Oliver Hermanus,South African,Male,1983.0,,,,api_error
43601,Fanta Régina Nacro,Burkinabe,Female,1962.0,,,,api_error
43602,Yang Zhang,Chinese,Male,1967.0,,,,api_error
43603,Teona Strugar Mitevska,Macedonian,Female,1974.0,,,,api_error
43605,Víctor Arregui,Ecuadorian,Male,1962.0,,,,api_error
43606,Nan Achnas,Singaporean,Female,1963.0,,,,api_error
43607,Teresa Prata,Portuguese,Female,,,,,api_error
43608,Marat Sarulu,Kyrgyzstani,Male,1957.0,,,,api_error
43609,Naghi Nemati,Iranian,Male,1977.0,,,,api_error
43610,Faouzi Bensaïdi,Moroccan,Male,1967.0,,,,api_error
43612,Renato Falcão,Brazilian,Male,1963.0,,,,api_error
43613,Antonio Nuic,,Male,1977.0,,,,api_error
43615,Jeffrey Jeturian,Filipino,Male,1959.0,,,,api_error
43617,Rodrigo Moreno,Argentine,Male,1972.0,,,,api_error
43618,Ali Rafie,Iranian,Male,1938.0,,,,api_error
43621,Randa Chahal Sabag,French,Female,1953.0,2008.0,,,api_error
43622,Chao Wang,Chinese,Male,1964.0,,,,api_error
43624,João Luis Sol de Carvalho,Mozambican,Male,1953.0,,,,api_error
43626,Djamila Sahraoui,Algerian,Female,1950.0,,,,api_error
43627,Yu Li,Chinese,Female,1973.0,,,,api_error
43628,Dalibor Matanic,Croatian,Male,1975.0,,,,api_error
43630,Hiner Saleem,Iraqi,Male,1954.0,,,,api_error
43631,Hugo Grosso,Argentine,Male,1955.0,,,,api_error
43632,Sebastián Campos,Chilean,Male,1974.0,,,,api_error
43633,Arsen Anton Ostojic,Croatian,Male,1965.0,,,,api_error
43634,Lúcia Murat,Brazilian,Female,1948.0,,,,api_error
43635,Kambozia Partovi,Iranian,Male,1955.0,,,,api_error
43636,Marcelo Gomes,Brazilian,Male,1963.0,,,,api_error
43637,Danielle Arbid,Lebanese,Female,1970.0,,,,api_error
43638,Tawfik Abu Wael,Palestinian,Male,1976.0,,,,api_error
43639,Minh Nguyen-Vo,Vietnamese,Male,1956.0,,,,api_error
43640,Mehdi Charef,Algerian,Male,1952.0,,,,api_error
43641,Pjer Žalica,Bosnian,Male,1964.0,,,,api_error
43642,Maria João Ganga,Angolan,Female,1964.0,,,,api_error
43643,Assane Kouyaté,Malian,Male,1954.0,,,,api_error
43644,Mariano Galperin,Argentine,Male,1962.0,,,,api_error
43645,Alejandro Chomski,Argentine,Male,1968.0,,,,api_error
43646,Yinan Diao,Chinese,Male,1969.0,,,,api_error
43647,Reha Erdem,Turkish,Male,1960.0,,,,api_error
43648,Juan Pablo Rebella,Uruguayan,Male,1974.0,2006.0,,,api_error
43649,Pablo Stoll,Uruguayan,Male,1974.0,,,,api_error
43650,Jilani Saadi,Tunisian,Male,1962.0,,,,api_error
43651,Cláudio Assis,Brazilian,Male,1959.0,,,,api_error
43652,Juan Carlos Cremata Malberti,Cuban,Male,1961.0,,,,api_error
43653,Adoor Gopalakrishnan,Indian,Male,1941.0,,,,api_error
43654,Rashid Masharawi,Palestinian,Male,1962.0,,,,api_error
43655,Manijeh Hekmat,Iranian,Female,1962.0,,,,api_error
43656,Joel Lamangan,Filipino,Male,1952.0,,,,api_error
43660,Ralph Baer,American,Male,1922.0,2014.0,,,api_error
43667,Cristobal Palma,British,Male,1974.0,,,,api_error
43687,Vitale Bramani,Italian,Male,1900.0,1970.0,,,api_error
43688,"Markus ""Notch"" Persson",Swedish,Male,1979.0,,,,api_error
43690,Allan Alcorn,American,Male,1948.0,,,,api_error
43691,Lyle Rains,British,Male,,,,,api_error
43692,"George ""Ed"" Logg",American,Male,1948.0,,,,api_error
43693,Dave Theurer,American,Male,,,,,api_error
43694,Howard Scott Warshaw,American,Male,1957.0,,,,api_error
43696,Corneille Hannoset,Belgian,Male,1926.0,1997.0,,,api_error
43700,Tomohiro Nishikado,Japanese,Male,1944.0,,,,api_error
43702,Nicolás Paris,Colombian,Male,1977.0,,,,api_error
43705,Alain Huck,,Male,1957.0,,,,api_error
43706,Tobias Madison,Swiss,Male,1985.0,,,,api_error
43709,Lizzie Fitch,American,Female,1981.0,,,,api_error
43747,Ed Atkins,British,Male,1982.0,,,,api_error
43751,Urbanski,,,,,,,api_error
43752,Hito Steyerl,,,,,,,api_error
43766,Gabriele Mucchi,Italian,Male,1899.0,2002.0,,,api_error
43767,Ensamble Studio/MIT-POPlab,,,2000.0,,,,api_error
43769,Antón Garcia-Abril,Spanish,Male,1969.0,,,,api_error
43770,Javier Cuesta Rodríguez-Torices,Spanish,Male,1973.0,,,,api_error
43771,Débora Mesa,Spanish,Female,1981.0,,,,api_error
43822,Agustín Hernández Navarro,Mexican,Male,1924.0,,,,api_error
43906,M. Dabrokovski,,,,,,,api_error
43907,V. Liushin,,,,,,,api_error
43916,José Antonio Attolini Lack,Mexican,Male,1931.0,2012.0,,,api_error
44043,Friedrich Wolfram Heubach,,,,,,,api_error
44054,José Miguel Galia,Venezuelan,Male,1919.0,2009.0,,,api_error
44060,Jesús Tenreiro-Degwitz,Venezuelan,Male,1936.0,2007.0,,,api_error
44063,"Miguel Galas S.A., Mexico City",,,,,,,api_error
44064,David Palladini,American,Male,1946.0,,,,api_error
44065,Michael C. Gross,American,Male,1945.0,,,,api_error
44066,Leonard Soned,,Male,,,,,api_error
44067,Bob Pellegrini,American,,1938.0,,,,api_error
44068,Michael Putnam,American,Male,1937.0,,,,api_error
44069,Francisco Uribe,,Male,,,,,api_error
44110,J.D. 'Okhai Ojeikere,Nigerian,Male,1930.0,2014.0,,,api_error
44115,Scott Snibbe,American,Male,1969.0,,,,api_error
44135,Alfonso Ianelli,American,Male,1888.0,1965.0,,,api_error
44160,Flora Manteola,Argentine,Female,1936.0,,,,api_error
44161,Javier Sánchez Gómez,Argentine,Male,1936.0,,,,api_error
44162,Josefa Santos,Argentine,Female,1931.0,,,,api_error
44163,Justo Solsona,Argentine,Male,1931.0,,,,api_error
44169,LIZZIE FITCH/RYAN TRECARTIN,,,,,,,api_error
44188,Lina Bo Bardi,Brazilian,Female,1914.0,1992.0,,,api_error
44206,Emil Schulthess,Swiss,Male,1913.0,1996.0,,,api_error
44207,Georg Gerster,Swiss,Male,1928.0,,,,api_error
44208,Hans Frei,Swiss,Male,,,,,api_error
44213,Eugène Deslaw,Ukrainian,Male,1898.0,1966.0,,,api_error
44214,Bronislaw Schlabs,Polish,Male,1920.0,2009.0,,,api_error
44246,David Behrman,,,,,,,api_error
44247,Claus Bremer,German,Male,,,,,api_error
44248,David Degener,,,,,,,api_error
44249,Dennis Johnson,American,,,,,,api_error
44250,Ding Dong,,,,,,,api_error
44251,James Waring,American,Male,1922.0,1975.0,,,api_error
44252,Christian Wolff,American,,1934.0,,,,api_error
44273,Michelangelo Frammartino,Italian,Male,1968.0,,,,api_error
44274,A.L. Steiner,American,Female,1967.0,,,,api_error
44275,George Archainbaud,French,Male,1890.0,1959.0,,,api_error
44276,Nancy Andrews,American,Female,1961.0,,,,api_error
44277,Michael Sporn,American,Male,1946.0,,,,api_error
44283,ATBAT,,,,,,,api_error
44323,Al Loving,American,Male,1935.0,2005.0,,,api_error
44325,Scandar Copti,Israeli,Male,1975.0,,,,api_error
44326,Yaron Shani,Israeli,Male,1973.0,,,,api_error
44327,Joseph Cedar,American,Male,1968.0,,,,api_error
44329,Li Yang,Chinese,Male,1959.0,,,,api_error
44334,Mark Morrisroe,American,Male,1959.0,1989.0,,,api_error
44336,Hugo van Werden,German,Male,1836.0,1911.0,,,api_error
44351,Christopher Guest,American,Male,1948.0,,,,api_error
44352,Judd Apatow,American,Male,1967.0,,,,api_error
44366,Adam McKay,American,Male,1968.0,,,,api_error
44368,Su Friedrich,American,Female,1954.0,,,,api_error
44370,Mario Rizzi,Italian,Male,,,,,api_error
44371,Werner Herzog,German,Male,1942.0,,,,api_error
44372,Anne Fontaine,Luxembourgish,Female,1959.0,,,,api_error
44373,Jim Finn,American,Male,1968.0,,,,api_error
44374,Ilisa Barbash,American,Female,,,,,api_error
44375,Lance Bangs,American,Male,1972.0,,,,api_error
44377,John Lee Hancock,American,Male,1956.0,,,,api_error
44378,Katie Flesicher,American,Female,,,,,api_error
44379,Eric Mendelsohn,American,Male,1964.0,,,,api_error
44380,Eugen Schüfftan,American,Male,1893.0,1977.0,,,api_error
44381,Greg Mottola,American,Male,1964.0,,,,api_error
44382,Jake Kasdan,American,Male,1974.0,,,,api_error
44383,David Gordon Green,American,Male,1975.0,,,,api_error
44384,Harold Ramis,American,Male,1944.0,,,,api_error
44385,Jeff Tremaine,American,Male,1966.0,,,,api_error
44386,Aram Avakian,American,Male,1926.0,1987.0,,,api_error
44437,Helen Marten,British,Female,1985.0,,,,api_error
44442,Christian Barman,British,Male,1898.0,1980.0,,,api_error
44443,Serge Chermayeff,British,Male,1900.0,1996.0,,,api_error
44445,"E. K. Cole Ltd, est. 1924",,,,,,,api_error
44450,Errol Morris,American,Male,1948.0,,,,api_error
44464,Colectivo Cordyceps,,,,,,,api_error
44471,Joe Thompson,,,,,,,api_error
44472,John Emerson,,,1973.0,,,,api_error
44473,Chelsea Peil,,,,,,,api_error
44474,Gabby Miller,,,1985.0,,,,api_error
44475,Miriam Klein Stahl,,,1971.0,,,,api_error
44476,Occupy Design,,,,,,,api_error
44477,Lopi,,,,,,,api_error
44478,Cactus,,,,,,,api_error
44479,Fahmi Reza,,,,,,,api_error
44480,Santana,,,,,,,api_error
44483,Alex Rivera,American,Male,1973.0,,,,api_error
44484,Jeanne Liotta,American,Female,1960.0,,,,api_error
44485,Claire Denis,French,Female,1948.0,,,,api_error
44495,Bloomfield/Travis,,,,,,,api_error
44496,Vivienne Westwood,British,Female,1941.0,,,,api_error
44498,Joseph Christian Leyendecker,American,Male,1874.0,1951.0,,,api_error
44503,Mogens Lassen,Danish,Male,1901.0,1987.0,,,api_error
44508,Delia Smith,British,Female,1941.0,,,,api_error
44517,ARO (Architecture Research Office),,,1993.0,,,,api_error
44518,Adam Yarinsky,American,Male,1962.0,,,,api_error
44519,Kim Yao,American,Female,1971.0,,,,api_error
44525,Sara Hendren,American,Female,1973.0,,,,api_error
44526,Brian Glenney,American,Male,1974.0,,,,api_error
44527,Accessible Icon Project,American,,,,,,api_error
44528,Kengo Kuma,Japanese,Male,1954.0,,,,api_error
44538,Deborah Stratman,American,Female,1960.0,,,,api_error
44540,Roddy Bogawa,American,Male,1962.0,,,,api_error
44542,Tim Ferguson Sauder,American,Male,1972.0,,,,api_error
44545,Kais Al-Zubaidi,Iraqi,Male,1945.0,,,,api_error
44547,Thom Andersen,American,Male,1943.0,,,,api_error
44557,Jean-Jacques Annaud,French,Male,1943.0,,,,api_error
44558,Michael Moore,American,Male,1954.0,,,,api_error
44559,Jean Negulesco,Romanian,Male,1900.0,1993.0,,,api_error
44560,Brian Helgeland,American,Male,1961.0,,,,api_error
44561,Steven Shainberg,American,Male,1963.0,,,,api_error
44566,Benjamin Heisenberg,German,Male,1974.0,,,,api_error
44570,Athena Rachel Tsangari,Greek,Female,1966.0,,,,api_error
44572,Michael Paxton,American,Male,1957.0,,,,api_error
44573,Pablo Trapero,Argentine,Male,1971.0,,,,api_error
44574,Doris Dorrie,German,Female,1955.0,,,,api_error
44575,Ferzan Özpetek,Turkish,Male,1959.0,,,,api_error
44576,Gaspar Noé,Argentine,Male,1963.0,,,,api_error
44577,Aki Kaurismäki,Finnish,Male,1957.0,,,,api_error
44578,David France,American,Male,1948.0,,,,api_error
44580,Jean-Pierre Dardenne,Belgian,Male,1951.0,,,,api_error
44581,Luc Dardenne,Belgian,Male,1954.0,,,,api_error
44582,Göran Olsson,Swedish,Male,1965.0,,,,api_error
44583,Alain Corneau,French,Male,1943.0,2010.0,,,api_error
44584,Lynn Shelton,American,Female,1965.0,,,,api_error
44585,Abel Ferrara,American,Male,1951.0,,,,api_error
44586,Nanni Moretti,Italian,Male,1953.0,,,,api_error
44587,Wim Wenders,German,Male,1945.0,,,,api_error
44588,Michael Winterbottom,British,Male,1961.0,,,,api_error
44589,Olivier Assayas,French,Male,1955.0,,,,api_error
44590,Bertrand Tavernier,French,Male,1941.0,,,,api_error
44591,Xavier Dolan,Canadian,Male,1989.0,,,,api_error
44592,Lena Dunham,American,Female,1986.0,,,,api_error
44593,Ricki Stern,American,,,,,,api_error
44594,Anne Sundberg,American,Female,,,,,api_error
44595,Don Argott,American,Male,1972.0,,,,api_error
44596,Bruno Dumont,French,Male,1958.0,,,,api_error
44598,Jens Eilstrup Rasmussen,Danish,Male,1966.0,,,,api_error
44604,Yoshiki Okamoto,Japanese,Male,1961.0,,,,api_error
44605,Akira Yasuda,Japanese,Male,1964.0,,,,api_error
44606,"Capcom, Osaka",Japanese,,1983.0,,,,api_error
44610,Pavel Janák,Czech,Male,1882.0,1956.0,,,api_error
44636,Cinthia Marcelle,Brazilian,,1974.0,,,,api_error
44638,Ryan Sullivan,American,Male,1983.0,,,,api_error
44646,Jiří Hilmar,Czech,Male,1937.0,,,,api_error
44647,Jaroslav Sůra,Czech,Male,1928.0,2010.0,,,api_error
44648,Karel Vaca,Czech,Male,1919.0,1989.0,,,api_error
44653,Halil Altindere,Turkish,Male,1971.0,,,,api_error
44655,Jonathas de Andrade,Brazilian,Male,1982.0,,,,api_error
44659,dlandstudio,,,2005.0,,,,api_error
44660,Emily Roysdon,American,,,,,,api_error
44668,Unknown Designer - East German,,,,,,,api_error
44700,Jeff Elrod,American,Male,1966.0,,,,api_error
44702,Jeremy Shaw,,,,,,,api_error
44705,Danny Boyle,British,Male,1956.0,,,,api_error
44706,Robert Bresson,French,Male,1901.0,1999.0,,,api_error
44707,Alex Cox,British,Male,1954.0,,,,api_error
44714,Sergio Leone,Italian,Male,1929.0,1989.0,,,api_error
44715,Jean-Pierre Melville,French,Male,1917.0,1973.0,,,api_error
44716,Paul Morrisey,American,Male,1938.0,,,,api_error
44717,Daniel Schmid,Swiss,Male,1941.0,2006.0,,,api_error
44718,Luchino Visconti,Italian,Male,1906.0,1976.0,,,api_error
44727,Alfredo Cortina,Venezuelan,Male,1903.0,1988.0,,,api_error
44733,Jed Curtis,American,,1942.0,,,,api_error
44736,Hermano Martin Corréa,Chilean,Male,,,,,api_error
44737,Hermano Gabriel Guarda,Chilean,Male,,,,,api_error
44749,Francisco Méndez Labbé,Chilean,Male,1922.0,,,,api_error
44754,Istvan Anhalt,,,,,,,api_error
44755,Reginald Daniel,,,,,,,api_error
44757,Max Neuhaus,American,,1939.0,2009.0,,,api_error
44764,Simone Morris,,,,,,,api_error
44766,A. Michael Noll,American,Male,1939.0,,,,api_error
44767,Mario Gandelsonas,American,Male,1938.0,,,,api_error
44768,Diana Agrest,American,Female,1945.0,,,,api_error
44769,R.C. Lummis,,,,,,,api_error
44771,M. M. Sondhi,,,,,,,api_error
44772,Marcel Moore (Suzanne Malherbe),French,Female,1892.0,1972.0,,,api_error
44774,Edi Hirose,Peruvian,Male,1975.0,,,,api_error
44807,MSGSSV (Manteola Sánchez Gómez Santos Solsona Viñoly),Argentine,,,,,,api_error
44833,Mario Roberto Álvarez,Argentine,Male,1913.0,2011.0,,,api_error
44844,Eladio Dieste,Uruguayan,Male,1917.0,2000.0,,,api_error
44873,Ramiro Bascans,Uruguayan,Male,1936.0,2012.0,,,api_error
44874,Thomas Sprechmann,Uruguayan,Male,1940.0,,,,api_error
44875,Héctor Vigliecca,Uruguayan,Male,1940.0,,,,api_error
44876,Arturo Villaamil,Uruguayan,Male,1947.0,,,,api_error
44883,Camille Henrot,French,Female,,,,,api_error
44884,Sung Hwan Kim,,,,,,,api_error
44886,Tuur Van Balen,Belgian,Male,1981.0,,,,api_error
44898,John Van Saun,,,,,,,api_error
44904,Guillermo Bermúdez,Colombian,Male,1924.0,1995.0,,,api_error
44911,Wolfgang Stoerchle,German,Male,1944.0,1976.0,,,api_error
44912,Lee Jaffe,American,Male,1950.0,,,,api_error
44921,George Trakas,Canadian,Male,1944.0,,,,api_error
44922,Jimmy Alcock,Venezuelan,Male,1932.0,,,,api_error
44936,Antonio Puente,Venezuelan,Male,,,,,api_error
44939,Bryce Cooper Graña Nicolini Arquitectos,Peruvian,,1966.0,,,,api_error
44943,José Sigala,Venezuelan,Male,1940.0,1955.0,,,api_error
44954,Miguel Rodrigo Mazuré,Peruvian,Male,1926.0,2014.0,,,api_error
44955,Pezo von Ellrichshausen,,,2002.0,,,,api_error
44956,Frederick Cooper Llosa,Peruvian,Male,1939.0,,,,api_error
44959,Miguel Cruchaga Belaúnde,Peruvian,Male,1940.0,,,,api_error
44960,Emilio Soyer,Peruvian,Male,,,,,api_error
45012,Alvin Lucier,,,,,,,api_error
45045,Luther Price,,,,,,,api_error
45061,Susannah C. Drake,American,Female,,,,,api_error
45069,Christina Kubisch,,,,,,,api_error
45070,Lisa Baumgardner,,,,,,,api_error
45093,"School of Architecture, Catholic University of Valparaiso",,,1952.0,,,,api_error
45094,Susan Meiselas,American,Female,1948.0,,,,api_error
45099,Pietro Roccasalva,,,,,,,api_error
45123,Emanuel Rossetti,,Male,,,,,api_error
45124,John Hilliard,British,Male,1945.0,,,,api_error
45152,Jiri Kovanda,Czech,Male,1953.0,,,,api_error
45185,Juan Baixas,Chilean,Male,1942.0,,,,api_error
45203,Heidi Bucher,,Female,1926.0,1993.0,,,api_error
45221,Xian Yeagan,,,,,,,api_error
45229,Jacki Apple,,,,,,,api_error
45238,Lawrence Abu Hamdan,,Male,1985.0,,,,api_error
45268,Albrecht D.,,,,,,,api_error
45273,Walter Weberhofer Quintana,Peruvian,Male,1923.0,2003.0,,,api_error
45282,Felipe Ehrenberg,Mexican,Male,1943.0,,,,api_error
45338,Sergio Larrain,Chilean,Male,1931.0,2012.0,,,api_error
45346,John R. Carroll,,,,,,,api_error
45354,Federico Guillermo Beckhoff,Venezuelan,Male,1919.0,1982.0,,,api_error
45375,Volker Hüller,German,Male,1976.0,,,,api_error
45381,Nick Knight,British,Male,1958.0,,,,api_error
45384,Kurt Kren,Austrian,Male,1929.0,1998.0,,,api_error
45391,Michael Williams,American,Male,1978.0,,,,api_error
45401,Michaela Eichwald,German,Female,1967.0,,,,api_error
45409,Richard Aldrich,American,Male,1975.0,,,,api_error
45416,Jorge Rigamonti,Venezuelan,,1940.0,2008.0,,,api_error
45442,Ann Demeulemeester,,,,,,,api_error
45444,Charlie Foos,,,,,,,api_error
45450,Shannon Plumb,American,Female,1970.0,,,,api_error
45461,Jakub Szczęsny,Polish,Male,1973.0,,,,api_error
45463,P.H. Polk,American,Male,1898.0,1984.0,,,api_error
45464,John McGreer,American,Male,,,,,api_error
45465,H. H. French Studios,American,,,,,,api_error
45467,Powell & Co.,American,,,,,,api_error
45478,Sean Meredith,American,Male,1975.0,,,,api_error
45515,Klára Tamás,American,Female,1946.0,,,,api_error
45516,Franco Rossi,Italian,Male,1919.0,2000.0,,,api_error
45518,SO – IL (Florian Idenburg + Jing Liu),American,,2008.0,,,,api_error
45519,Florian Idenburg,Dutch,Male,1975.0,,,,api_error
45520,Jing Liu,Chinese,Female,1980.0,,,,api_error
45521,M/M Paris,,,1992.0,,,,api_error
45528,Marc Downie,British,Male,1977.0,,,,api_error
45529,Shelley Eshkar,American,Male,1970.0,,,,api_error
45530,Paul Kaiser,German,Male,1956.0,,,,api_error
45531,OpenEnded Group,,,,,,,api_error
45532,Juan Sordo Madaleno,Mexican,Male,1916.0,1985.0,,,api_error
45535,Charles de Meaux,French,Male,1967.0,,,,api_error
45542,Leonardo Finotti,Brazilian,Male,1977.0,,,,api_error
45549,Justino Serralta,Uruguayan,Male,1919.0,2011.0,,,api_error
45581,Abe Frajndlich,German,male,1946.0,,,,api_error
45585,Günter Günschel,German,Male,1928.0,2008.0,,,api_error
45587,"K. Thomsen, Copenhagen",,,,,,,api_error
45588,"Artěl, Prague",,,,,,,api_error
45591,Mauricio Pezo,Chilean,Male,1973.0,,,,api_error
45592,Sofía von Ellrichshausen,Argentine,Female,1976.0,,,,api_error
45620,Lux Interior (Erick Lee Purkhiser),American,Male,1948.0,2009.0,,,api_error
45626,Lutz Bacher,American,Female,1952.0,,,,api_error
45651,Juan Luis Martinez,Chilean,Male,1942.0,1993.0,,,api_error
45664,Ulises Carrión,,Male,1941.0,1989.0,,,api_error
45672,U-J3RK5,,,,,,,api_error
45673,Kitty Byrne,,,,,,,api_error
45674,Colin Griffiths,,,,,,,api_error
45675,Danice McLeod,,,,,,,api_error
45676,Frank Ramirez,,,,,,,api_error
45677,David Wisdom,,,,,,,api_error
45682,Derek Cianfrance,American,Male,1973.0,,,,api_error
45684,Same Mendes,British,Male,1965.0,,,,api_error
45686,Rodney Graham Band,,,,,,,api_error
45744,Robert H. McNeill,American,Male,1918.0,2005.0,,,api_error
45747,Eva Kotátková,Czech,Female,1982.0,,,,api_error
45756,Alair Gomes,Brazilian,Male,1921.0,1991.0,,,api_error
45757,Sara Facio,Argentine,Female,1932.0,,,,api_error
45771,Nicolas Garcia Uriburu,Argentine,Male,1937.0,2016.0,,,api_error
45775,Wes Anderson,American,Male,1969.0,,,,api_error
45776,Park Chan-wook,Korean,Male,1963.0,,,,api_error
45781,Derek Barnett,,,,,,,api_error
45790,Reginald Daniels,,Male,,,,,api_error
45792,John McDowell,,Male,,,,,api_error
45798,Gaspar Gasparian,Brazilian,,1899.0,1966.0,,,api_error
45800,Mladen Stilinović,Croatian,Male,1947.0,2016.0,,,api_error
45801,Ed Clark,American,Male,1926.0,,,,api_error
45807,Judith Scott,American,Female,1943.0,2005.0,,,api_error
45810,Matías Duville,Argentine,Male,1974.0,,,,api_error
45880,Ido Mizrahy,American,Male,1981.0,,,,api_error
45885,Joon-ho Bong,Korean,Male,1969.0,,,,api_error
45886,Kim Jee-Woon,Korean,Male,1964.0,,,,api_error
45889,Francis Ford,American,Male,1881.0,1953.0,,,api_error
45892,Raoul Barré,Canadian,Male,1874.0,1932.0,,,api_error
45926,David Tudor,American,Male,1926.0,1996.0,,,api_error
45929,Hendrik Nicolaas Werkman,Dutch,,,,,,api_error
45931,O Meul,Korean,Male,1971.0,,,,api_error
45932,Jo Sung-hee,Korean,Male,1979.0,,,,api_error
45943,Wenzel Hablik,German,Male,1881.0,1934.0,,,api_error
45944,Elisabeth Lindemann,German,Female,1879.0,1960.0,,,api_error
45951,Rosângela Rennó,Brazilian,Female,1962.0,,,,api_error
45954,Tom Wedell,American,Male,1949.0,,,,api_error
45960,"Department of Publications and Urban Design, Organizing Committee of the XIX Olympiad",,,,,,,api_error
45961,Ken Okiishi,,,,,,,api_error
45967,Allen Watt,American,Male,1885.0,1944.0,,,api_error
45968,Beatrice Trueblood,British,Female,1938.0,,,,api_error
45969,Huberto Batis,Mexican,Male,,,,,api_error
45970,Miguel Cervantes,Mexican,Male,,,,,api_error
45971,Ricardo Verdoni,Mexican,Male,,,,,api_error
45973,The Living,,,,,,,api_error
45982,José Carlos Martinat,Peruvian,Male,1974.0,,,,api_error
45983,Ben F. Wilson,American,Male,1876.0,1930.0,,,api_error
45984,Vernon Stallings,American,Male,1891.0,1963.0,,,api_error
45998,Relative Wave,,,2009.0,,,,api_error
45999,Kodama Studios,,,2011.0,,,,api_error
46000,"Touch Press, London",,,2010.0,,,,api_error
46025,Yılmaz Güney,Turkish,Male,1937.0,1984.0,,,api_error
46026,Pavel Lungin,Russian,Male,1949.0,,,,api_error
46027,Théo Angelopoulos,Greek,Male,1935.0,2012.0,,,api_error
46028,Lodge Kerrigan,American,Male,1964.0,,,,api_error
46029,Michael Haneke,Austrian,Male,1942.0,,,,api_error
46030,Romain Goupil,French,Male,1951.0,,,,api_error
46031,Marin Karmitz,French,Male,1938.0,,,,api_error
46033,Simon Denny,New Zealander,Male,1982.0,,,,api_error
46055,Tengiz Abuladze,Georgian,Male,1924.0,1994.0,,,api_error
46057,Lana Gogoberidze,Georgian,Female,1928.0,,,,api_error
46060,Paul Thomas Anderson,American,Male,1970.0,,,,api_error
46065,Denis Villeneuve,Canadian,Male,1967.0,,,,api_error
46069,Lisa Crafts,American,Female,1953.0,,,,api_error
46078,Henry Bataille,,Male,1872.0,1922.0,,,api_error
46089,Judith Steedman,,,,,,,api_error
46095,Mathias Augustyniak,French,Male,1967.0,,,,api_error
46096,Michael Amzalag,French,Male,1968.0,,,,api_error
46097,Sarah Stocker,American,Female,1965.0,,,,api_error
46098,Mark Danks,American,Male,1972.0,,,,api_error
46115,Marco Bellocchio,Italian,Male,1939.0,,,,api_error
46116,Todd Solondz,American,Male,1959.0,,,,api_error
46117,Jim Mickle,American,Male,1979.0,,,,api_error
46118,Pierre Thoretton,French,Male,1967.0,,,,api_error
46142,Sjón (Sigurjón Birgir Sigurðsson),Icelandic,Male,1962.0,,,,api_error
46143,Nikki Dibben,British,Female,1969.0,,,,api_error
46144,Stephen Malinowski,American,Male,1953.0,,,,api_error
46149,Carlos Sallaberry,Argentine,Male,,,,,api_error
46150,Damián Vinson,Argentine,Male,,,,,api_error
46151,Felipe Tarsitano,Argentine,Male,,,,,api_error
46152,Ignacio Petchersky,Argentine,Male,,,,,api_error
46153,Carlos Libedinsky,,Male,,,,,api_error
46154,Antonio Diaz,Argentine,Male,,,,,api_error
46155,Rao,Argentine,,,,,,api_error
46175,Erin Shirreff,Canadian,Female,1975.0,,,,api_error
46176,Centrala Architects,Polish,,2000.0,,,,api_error
46203,Keld Helmer-Petersen,Danish,Male,1920.0,2013.0,,,api_error
46212,Jay Silver,American,Male,1979.0,,,,api_error
46213,Eric Rosenbaum,American,Male,1979.0,,,,api_error
46261,Nancy Burson,American,Female,1948.0,,,,api_error
46283,Leslie Thornton,British,Male,1925.0,2016.0,,,api_error
46287,A Band,,,,,,,api_error
46288,John Adams,American,Male,1947.0,,,,api_error
46289,The Alma Band,,,,,,,api_error
46291,David Bellingham,,,,,,,api_error
46292,Jonathan Bepler,,,,,,,api_error
46293,Tim Berrescheim,German,Male,1975.0,,,,api_error
46294,Dike Blair,,Male,1952.0,,,,api_error
46296,Monte Cazazza,American,Male,,,,,api_error
46313,Technology Will Save Us,,,2012.0,,,,api_error
46314,"QUAD Electroacoustics, Huntingdon, England",,,,,,,api_error
46315,Keiji Uematsu,Japanese,Male,1947.0,,,,api_error
46318,Toshiro Mayuzumi,,,1929.0,1997.0,,,api_error
46319,Martin Sharp,Australian,Male,1942.0,2013.0,,,api_error
46325,James Richards,British,Male,1983.0,,,,api_error
46326,Jerome Kuhl,,Male,,,,,api_error
46342,Alfred Gescheidt,American,Male,1926.0,2012.0,,,api_error
46345,Kenny Scharf,American,,1958.0,,,,api_error
46350,Edwin Middleton,,,,,,,api_error
46351,T. Hayes Hunter,,,,,,,api_error
46358,Jean-Philippe Toussaint,Belgian,Male,1957.0,,,,api_error
46372,Yuri Suzuki,Japanese,Male,1980.0,,,,api_error
46373,"Transnatural, Amsterdam",,,2009.0,,,,api_error
46378,Arjen Bangma,Dutch,Male,1976.0,,,,api_error
46382,Miguel Ángel Salgado,Mexican,Male,,,,,api_error
46384,Jorge Castillo,Venezuelan,Male,1933.0,,,,api_error
46385,Marjan van Aubel,Dutch,Female,1985.0,,,,api_error
46386,James Shaw,British,Male,,,,,api_error
46394,Philippe Van Snick,Belgian,Male,1946.0,,,,api_error
46418,Oscar Tenreiro Degwitz,Venezuelan,Male,1939.0,,,,api_error
46419,Tihamér Csemiczky,Hungarian,Male,1904.0,1960.0,,,api_error
46421,Fernando Guerra,Portuguese,Male,1970.0,,,,api_error
46422,Nervous System,,,2007.0,,,,api_error
46423,Stefan Diez,German,Male,1971.0,,,,api_error
46441,W. Craig Carter,American,Male,1961.0,,,,api_error
46442,Joe Hicklin,American,Male,1959.0,,,,api_error
46444,Chris Gabrin,British,Male,,,,,api_error
46453,Louis Christiann Kalff,Dutch,Male,1897.0,1976.0,,,api_error
46454,Jann Haworth,American,Female,1942.0,,,,api_error
46459,The Otolith Group,,,,,,,api_error
46460,Charles E. Murphy,American,Male,,,,,api_error
46461,Donald Smith,American,Male,,,,,api_error
46462,Peter Martin Christopherson,British,Male,1955.0,2010.0,,,api_error
46463,Peter Gabriel,British,Male,1950.0,,,,api_error
46464,Greg Porto,,Male,,,,,api_error
46465,Jean-Paul Goude,French,Male,1940.0,,,,api_error
46466,George Hardie,British,Male,1944.0,,,,api_error
46467,Michael Andrews,British,Male,1928.0,1995.0,,,api_error
46468,David Inshaw,British,Male,1943.0,,,,api_error
46469,Clive Barker,British,Male,1952.0,,,,api_error
46470,Hipgnosis,British,,1968.0,,,,api_error
46471,David Tindle,British,Male,1932.0,,,,api_error
46472,Tony Wright,British,Male,1949.0,,,,api_error
46473,Karl Klefisch,German,Male,,,,,api_error
46474,Günther Fröhling,German,Male,,,,,api_error
46475,Mark Farrow,British,Male,1960.0,,,,api_error
46476,Eric Watson,British,Male,1955.0,2012.0,,,api_error
46477,Pet Shop Boys,British,,1981.0,,,,api_error
46478,Tony Lane,,Male,,,,,api_error
46479,Francis Wolff,American,Male,1907.0,1971.0,,,api_error
46480,Jerry Harrison,American,Male,1949.0,,,,api_error
46481,Jimmy Garcia,,Male,,,,,api_error
46482,Robert Whitaker,British,Male,1939.0,2011.0,,,api_error
46483,Ben Kelly,British,Male,,,,,api_error
46484,Robert Freeman,British,Male,1936.0,,,,api_error
46485,Ronald Clyne,American,Male,1925.0,2006.0,,,api_error
46486,Gerald Scarfe,British,Male,1936.0,,,,api_error
46487,Roger Waters,British,Male,1943.0,,,,api_error
46488,Bob Dylan,American,Male,1941.0,,,,api_error
46489,Michael Cooper,British,Male,1941.0,1973.0,,,api_error
46490,Bob Seidmann,American,Male,,,,,api_error
46491,Mick Milligan,,Male,,,,,api_error
46492,Richard Evans,British,Male,1945.0,,,,api_error
46493,Michael Hodgson,British,Male,,,,,api_error
46494,Jeff Ayeroff,,Male,,,,,api_error
46495,Adelle Lutz,American,Female,1948.0,,,,api_error
46506,E. Earl Curtis,American,Male,,,,,api_error
46526,Dentaku Ltd.,,,,,,,api_error
46527,Mark McKeague,Irish,Male,1989.0,,,,api_error
46528,Naomi Elliott,British,Female,1987.0,,,,api_error
46529,Joseph Pleass,British,Male,1990.0,,,,api_error
46534,Martyn Atkins,British,Male,1959.0,,,,api_error
46535,Bernard Pierre Wolff,American,Male,1930.0,1985.0,,,api_error
46537,Mediated Matter Group,,,2010.0,,,,api_error
46538,MIT Materials Science and Engineering,,,1974.0,,,,api_error
46539,The Mathworks,,,1984.0,,,,api_error
46540,Turlif Vilbrandt,American,Male,1968.0,,,,api_error
46544,Ulrike Müller,Austrian,Female,1971.0,,,,api_error
46548,Brigitte Hellgoth,German,Female,1932.0,,,,api_error
46569,Plastic Ono Band,,,,,,,api_error
46575,Arduino SA,,,,,,,api_error
46576,SmartProjects,,,,,,,api_error
46581,Kevin Beasley,American,Male,1985.0,,,,api_error
46582,Julia Murdoch,British,Female,,,,,api_error
46584,Leo Fender,American,Male,1909.0,1991.0,,,api_error
46585,George Fullerton,American,Male,1923.0,2009.0,,,api_error
46586,Freddie Tavares,American,Male,1913.0,1990.0,,,api_error
46609,Mary Ellen Bute,American,Female,1906.0,1983.0,,,api_error
46630,Massimo Banzi,Italian,Male,1968.0,,,,api_error
46631,David Cuartielles,Spanish,Male,1974.0,,,,api_error
46632,Tom Igoe,American,Male,1967.0,,,,api_error
46633,Gianluca Martino,Italian,Male,1973.0,,,,api_error
46634,David Mellis,American,Male,1980.0,,,,api_error
46635,Giorgio Olivero,Italian,Male,1975.0,,,,api_error
46637,Sam Lewitt,American,Male,1981.0,,,,api_error
46661,Ryan Oakes,American,Male,1982.0,,,,api_error
46662,Trevor Oakes,American,Male,1982.0,,,,api_error
46663,Jennie C. Jones,American,Female,1968.0,,,,api_error
46664,Julia Rommel,American,Female,1980.0,,,,api_error
46670,Aloisio Magalhães,Brazilian,Male,1927.0,1982.0,,,api_error
46697,Blue Note Records,,,1939.0,,,,api_error
46698,Prestige Records,,,1949.0,,,,api_error
46701,Sire Records,,,1966.0,,,,api_error
46702,Amazing Musical Instrument Company,Canadian,,1987.0,,,,api_error
46706,"Ove N. Arup Consulting Engineers, London",,,1946.0,,,,api_error
46709,Grupo Sordo Madaleno,,,,,,,api_error
46715,Command Records,,,1959.0,,,,api_error
46716,"Stiff Records, London",,,1976.0,,,,api_error
46717,F-Beat Records,,,1979.0,,,,api_error
46718,"Factory Records, Manchester",,,1978.0,,,,api_error
46720,"Folkways Records, New York",,,1948.0,,,,api_error
46725,Carlos Zilio,Brazilian,Male,1944.0,,,,api_error
46741,Jessica Rosenkrantz,American,Female,1983.0,,,,api_error
46742,Jesse Louis-Rosenberg,American,Male,1986.0,,,,api_error
46752,Inaki Bonillas,Mexican,Male,1981.0,,,,api_error
46757,Fred Stein,American,Male,1909.0,1967.0,,,api_error
46772,Conte Candoli,American,Male,1927.0,2001.0,,,api_error
46773,Reaction Records,,,1966.0,,,,api_error
46774,Gavin Cochrane,British,Male,,,,,api_error
46775,Brian Aris,British,Male,1946.0,,,,api_error
46776,Charisma Records,British,,1969.0,,,,api_error
46777,Pictorial Productions,,,,,,,api_error
46778,Tony Meeviwiffen,,Male,,,,,api_error
46779,Parlophone Records,,,1896.0,,,,api_error
46780,Harvest Records,,,1969.0,,,,api_error
46781,Atlantic Records,,,1947.0,,,,api_error
46782,Tina Weymouth,American,Female,1950.0,,,,api_error
46783,Chris Frantz,American,Male,1951.0,,,,api_error
46784,ATCO Records,,,1955.0,,,,api_error
46785,Rolling Stones Records,,,1970.0,,,,api_error
46786,Billy Name,American,Male,1940.0,,,,api_error
46787,Craig Braun,American,Male,1939.0,,,,api_error
46788,Ernie Cefalu,American,Male,1945.0,,,,api_error
46789,John Pasche,American,Male,1945.0,,,,api_error
46790,Richard Polak,,Male,,,,,api_error
46793,Steve McGarry,British,,1953.0,,,,api_error
46794,D.B. Glen,,,,,,,api_error
46824,Richard Mulligan,American,Male,1925.0,2008.0,,,api_error
46831,Eric Hurtado,French,Male,1959.0,,,,api_error
46832,Marc Hurtado,French,Male,1962.0,,,,api_error
46835,"MSGSS (Manteola Sanchez Gomez Santos Solsona), Buenos Aires",Argentine,,,,,,api_error
46836,"MSGSSSV (Manteola Sanchez Gomez Santos Solsona Sallaberry Vinson), Buenos Aires",,,,,,,api_error
46842,Andrew Repasky McElhinney,American,Male,1978.0,,,,api_error
46844,The Command All-Stars,,,,,,,api_error
46847,Cook Laboratories Records,,,1952.0,,,,api_error
46848,Julián Hernández,Mexican,Male,1972.0,,,,api_error
46849,Rachel Reichman,American,Female,1958.0,,,,api_error
46858,Bob Byington,American,Male,1975.0,,,,api_error
46859,Scott Cooper,American,Male,1970.0,,,,api_error
46860,Ben Affleck,American,Male,1972.0,,,,api_error
46861,Todd Phillips,American,Male,1970.0,,,,api_error
46862,Paul McMahon,,Male,,,,,api_error
46863,Nancy Radloff,,,,,,,api_error
46864,Wharton Tiers,,,,,,,api_error
46865,Joseph Gone,,,,,,,api_error
46866,David McMahon,,,,,,,api_error
46867,Art Critics Orchestra,,,,,,,api_error
46868,Byrd Hoffman School of Byrds,,,,,,,api_error
46869,Carl Byron,,,,,,,api_error
46870,Carole Caroompas,,Female,1946.0,,,,api_error
46872,Billy Childish,,Male,1959.0,,,,api_error
46873,Arrigo Lora Totino,Italian,Male,1928.0,,,,api_error
46874,Joe Colley,American,Male,1972.0,,,,api_error
46875,Augusto Concato,Italian,Male,,,,,api_error
46876,Cranfield and Slade,,,,,,,api_error
46877,Brady Cranfield,,,,,,,api_error
46878,Kathy Slade,,,,,,,api_error
46879,The Dogz,,,,,,,api_error
46880,Lee Ranaldo,,Male,1956.0,,,,api_error
46881,Dave Dyment,,,,,,,api_error
46882,Bruce Fier,,,,,,,api_error
46883,Forcefield,,,,,,,api_error
46884,Bob George,,,,,,,api_error
46885,Gobbler,,,,,,,api_error
46886,Art Byington,,,,,,,api_error
46887,Henrik Håkansson,,,1968.0,,,,api_error
46888,The Haters,,,,,,,api_error
46889,Fat Les,,,,,,,api_error
46890,Keith Allen,,,,,,,api_error
46891,Alex James,,,,,,,api_error
46895,George Herms,American,Male,1935.0,,,,api_error
46896,Alex Israel,American,Male,1982.0,,,,api_error
46961,Christian Vetter,Swiss,Male,1970.0,,,,api_error
46962,Lynette Yiadom-Boakye,British,Female,1977.0,,,,api_error
46965,Smiljan Radić,Chilean,Male,1965.0,,,,api_error
46966,Vit Mach,Czech,,1945.0,,,,api_error
46967,Jan Mach,Czech,,1943.0,,,,api_error
46968,Jan Trtílek,Czech,Male,1938.0,,,,api_error
46980,Achim Duchow,German,Male,1948.0,1993.0,,,api_error
46981,Jochen Krüger,,,,,,,api_error
46990,Natalie Czech,German,Female,1976.0,,,,api_error
46996,Formafantasma,,,2009.0,,,,api_error
46997,Andrea Trimarchi,Italian,Female,1980.0,,,,api_error
46998,Simone Farresin,Italian,Female,1983.0,,,,api_error
47008,LaToya Ruby Frazier,American,Female,1982.0,,,,api_error
47012,Guillermo Zamora,Mexican,Male,1915.0,2002.0,,,api_error
47018,Trevor Key,British,Male,1947.0,1995.0,,,api_error
47019,Joy Division,British,,1976.0,1980.0,,,api_error
47022,Hélène Binet,Swiss,Female,1959.0,,,,api_error
47033,Reese Williams,,,,,,,api_error
47039,Aktuální umĕni,,,1964.0,,,,api_error
47048,Felix Partz,,,,,,,api_error
47049,Jorge Zontal,,,,,,,api_error
47063,Orlando Garcia,Colombian,Male,1975.0,,,,api_error
47064,G Ateliers Architecture,,,2006.0,,,,api_error
47067,John Houck,American,Male,1977.0,,,,api_error
47069,Wyss Institute for Biologically Inspired Engineering at Harvard University,,,,,,,api_error
47075,Annett Zinsmeister,German,Female,1967.0,,,,api_error
47076,Reginald Orton,New Zealander,Male,1981.0,,,,api_error
47077,Philip Walton,American,Male,1974.0,,,,api_error
47082,Yuki Kimura,Japanese,Female,1971.0,,,,api_error
47088,Ryan Junell,American,Male,1973.0,,,,api_error
47089,Creative Commons,,,,,,,api_error
47090,Benjamin Bauer,American,Male,1913.0,1979.0,,,api_error
47091,Shure Incorporated,,,1925.0,,,,api_error
47094,Lucas Blalock,American,Male,1978.0,,,,api_error
47097,Steffani Jemison,American,Female,1981.0,,,,api_error
47098,Alma Woodsey Thomas,,Female,1891.0,1978.0,,,api_error
47100,Bouchra Khalili,Moroccan,Female,1975.0,,,,api_error
47102,The Propeller Group,American,,2006.0,,,,api_error
47104,Wu Tsang,American,Female,1982.0,,,,api_error
47112,Donald Elliot Ingber,American,Male,1956.0,,,,api_error
47113,Dan Dongeun Huh,American,Male,1975.0,,,,api_error
47114,Boston Children's Hospital,,,,,,,api_error
47132,Christian Richters,German,Male,1958.0,,,,api_error
47134,Igildo Biesele,Swiss,Male,1930.0,,,,api_error
47140,David Bradshaw,American,Male,1944.0,,,,api_error
47143,Abdul Mati Klarwein,German,Male,1932.0,2002.0,,,api_error
47144,John Berg,American,Male,1932.0,,,,api_error
47147,Nagy Shaker,Egyptian,Male,1930.0,,,,api_error
47148,Paolo Isaja,Italian,Male,1930.0,,,,api_error
47149,Krzysztof Zanussi,Polish,Male,1939.0,,,,api_error
47150,Ruth Krauss,,,,,,,api_error
47154,Adriana Salazar,Colombian,Female,1983.0,,,,api_error
47157,Manuel González Rul,Mexican,Male,1923.0,1985.0,,,api_error
47164,Patrick Nagel,American,Male,1945.0,1984.0,,,api_error
47165,Annie Leibovitz,American,Female,1949.0,,,,api_error
47166,Peter Corriston,,Male,,,,,api_error
47167,Christian Piper,German,Male,1941.0,,,,api_error
47168,Hubert Kretzschmar,,Male,,,,,api_error
47171,Eloise Vega Smith,,Female,,,,,api_error
47172,Nick Fasciano,American,Male,1940.0,,,,api_error
47173,Robert Fisher,American,Male,,,,,api_error
47174,Michael Lavine,,Male,,,,,api_error
47175,Don Hunstein,American,Male,1928.0,,,,api_error
47176,Mike Doud,,Male,,,,,api_error
47179,DIS,American,,2010.0,,,,api_error
47181,Katharina Gaenssler,German,Female,1974.0,,,,api_error
47183,David Hartt,Canadian,Male,1967.0,,,,api_error
47205,"MSGS (Manteola, Sanchez Gomez, Solsona) Buenos Aires",Argentine,,,,,,api_error
47209,Ilit Azoulay,Israeli,Female,1972.0,,,,api_error
47211,Lele Saveri,Italian,Male,1980.0,,,,api_error
47214,Lieko Shiga,Japanese,Female,1980.0,,,,api_error
47216,Brian Duffy,British,Male,1933.0,2010.0,,,api_error
47217,Zacron (Richard Drew),British,Male,1943.0,2012.0,,,api_error
47218,Grey Organisation,British,,1983.0,1991.0,,,api_error
47219,Rick Griffin,American,Male,1944.0,1991.0,,,api_error
47229,Rocco Redondo,Spanish,Male,1950.0,,,,api_error
47230,Peter Zumthor,Swiss,Male,1943.0,,,,api_error
47235,Ecovative,,,,,,,api_error
47236,Michael Ross,,Male,,,,,api_error
47237,Brian Griffin,British,Male,1948.0,,,,api_error
47238,Keith Morris,,Male,,,,,api_error
47239,Static Kling,,,,,,,api_error
47241,J. Edith Wise,American,Female,,,,,api_error
47242,Alex Roberts,British,Male,1983.0,,,,api_error
47252,Walter Jule,Canadian,Male,1940.0,,,,api_error
47255,Gerald Holtom,British,Male,1914.0,1985.0,,,api_error
47256,Charles Baldwin,American,Male,,,,,api_error
47257,Gary Anderson,American,Male,1947.0,,,,api_error
47258,"Lawrence Berkeley National Laboratory, University of California",,,,,,,api_error
47261,"John ""Teflon"" Sims",British,Male,1950.0,,,,api_error
47262,Alicja Szubert-Olszewska,Polish,Female,,,,,api_error
47263,W. Pawelec,Polish,Male,,,,,api_error
47265,Andrzej Karpiński,Polish,Male,1963.0,,,,api_error
47267,Piotr Tofil,Polish,Male,,,,,api_error
47268,Mirosław Ryszard Ryszard,Polish,Male,1952.0,,,,api_error
47269,Alek Januszewski,Polish,Male,,,,,api_error
47271,Lisze Bechtold,American,Female,,,,,api_error
47272,Lesley Keene,,Female,,,,,api_error
47282,Janet Perr,,Female,,,,,api_error
47283,Arnold Rosenberg,American,Male,1931.0,,,,api_error
47285,Philip Hays,American,Male,1930.0,,,,api_error
47286,Ben Drury,British,Male,1972.0,,,,api_error
47288,András Wahorn,Hungarian,Male,1953.0,,,,api_error
47289,Free Art and Technology Lab,,,2007.0,,,,api_error
47290,Shawn Sims,American,Male,1986.0,,,,api_error
47291,Sy-Lab,,,2007.0,,,,api_error
47300,Dörte Helm,German,Female,1898.0,1941.0,,,api_error
47301,Paul Häberer,German,Male,1902.0,1978.0,,,api_error
47303,Tom Hingston,British,Male,,,,,api_error
47316,Chris D.,,Male,,,,,api_error
47317,Péter Nagy,Hungarian,Male,,,,,api_error
47318,Tomasz Lipiński,Polish,Male,1955.0,,,,api_error
47325,Stephen Kroninger,American,Male,1957.0,,,,api_error
47326,Chris Mathan,,Male,,,,,api_error
47328,Simon Posthuma,Dutch,Male,,,,,api_error
47329,Marijke Koger-Dunham,Dutch,Female,,,,,api_error
47330,Kain May,Polish,,,,,,api_error
47337,Nelson Pereira dos Santos,Brazilian,Male,1928.0,,,,api_error
47359,Annette Peacock,American,Female,1941.0,,,,api_error
47361,Sam Suliman,,Male,,,,,api_error
47362,Andrea Klein,,Female,,,,,api_error
47364,Dezerter,Polish,,1981.0,,,,api_error
47366,Kirk Weddle,American,Male,,,,,api_error
47367,Sonja Hennersdorf,German,Female,,,,,api_error
47368,Jochen Wermann,,Male,,,,,api_error
47370,Artrouble,American,,1978.0,,,,api_error
47371,Will Bankhead,British,Male,,,,,api_error
47372,Andrzej Zborski,Polish,Male,1929.0,,,,api_error
47376,Dean Chalkley,British,Male,,,,,api_error
47377,Jim Houghton,,Male,,,,,api_error
47378,Gerard Huerta,American,Male,,,,,api_error
47380,Alex Schweder,American,Male,1970.0,,,,api_error
47415,Rick Mann,British,Male,1954.0,,,,api_error
47446,Francisco Matto,Uruguayan,Male,1911.0,1995.0,,,api_error
47456,Sandra Cinto,Brazilian,Female,1968.0,,,,api_error
47458,Sarah Grilo,Argentine,Female,1919.0,2007.0,,,api_error
47462,Etel Adnan,American,Female,1925.0,,,,api_error
47464,Takashi Kono,Japanese,Male,1906.0,1999.0,,,api_error
47465,Mizu,Japanese,,,,,,api_error
47466,Toshihiro Katayama,Japanese,Male,1928.0,,,,api_error
47468,Setsuko Asakura,Japanese,Male,,,,,api_error
47470,Ishoka,Japanese,,,,,,api_error
47473,Kenichi Kobori,Japanese,Male,,,,,api_error
47476,Shunichi Nakashima,Japanese,Male,,,,,api_error
47508,Tony Lewis,American,Male,1986.0,,,,api_error
47510,Eddie Ruscha,,,,,,,api_error
47511,Richie Lee,,,,,,,api_error
47512,Cindy Bernard,American,Female,1959.0,,,,api_error
47513,Laura Graham,,,,,,,api_error
47514,Maija Beeton,,,,,,,api_error
47515,Martine Tomczyk,,,,,,,api_error
47524,Juan Batlle Planas,Argentine,Male,1911.0,1966.0,,,api_error
47528,DJ Sid,,,,,,,api_error
47530,Bill Fontana,,,,,,,api_error
47539,John Paul Endress,American,Male,,,,,api_error
47540,Art Kane,American,Male,1925.0,1995.0,,,api_error
47546,José Álvarez Calderón,Peruvian,Male,1894.0,1980.0,,,api_error
47554,Rosemberg Sandoval,Colombian,Male,1959.0,,,,api_error
47559,Duncan Campbell,British,Male,1972.0,,,,api_error
47563,Noah Baumbach,American,Male,1969.0,,,,api_error
47566,Marc Singer,American,Male,1970.0,,,,api_error
47567,Oren Moverman,American,Male,1966.0,,,,api_error
47578,Patterson Beckwith,American,Male,1972.0,,,,api_error
47579,Alex Bag,American,Female,1969.0,,,,api_error
47582,John Gerrard,Irish,Male,1974.0,,,,api_error
47583,Gerald Jupitter-Larsen,,,1959.0,,,,api_error
47593,Minutemen,,,,,,,api_error
47594,Saccharine Trust,,,,,,,api_error
47595,Kindled Imagination,,,,,,,api_error
47596,Artless Entanglements,,,,,,,api_error
47597,Sharp Corners,,,,,,,api_error
47599,The Nig-Heist,,,,,,,api_error
47600,Redd Kross,,,,,,,api_error
47604,Gregg Wager,American,,1958.0,,,,api_error
47606,Crimony,,,,,,,api_error
47607,Anarchy 6,,,,,,,api_error
47610,Pay The Man,,,,,,,api_error
47615,Super Session,,,,,,,api_error
47618,Dim Stars,,,,,,,api_error
47620,DOS,,,,,,,api_error
47621,Lucky Sperms,,,,,,,api_error
47622,Just Say No,,,,,,,api_error
47627,Mike Watt,,,,,,,api_error
47629,Sür Drone,,,,,,,api_error
47632,Annihilation Time,,,,,,,api_error
47636,Foo Fighters,,,,,,,api_error
47640,Breakfast,,,,,,,api_error
47644,Charles Wilp,,,,,,,api_error
47645,Fabrizio Plessi,,,,,,,api_error
47646,Katalin Ladik,Hungarian,Female,1942.0,,,,api_error
47648,"Richard ""Dickie"" Landry",,,,,,,api_error
47649,Languis,,,,,,,api_error
47650,Alejandro Cohen,,,,,,,api_error
47651,Marcos Chloca,,,,,,,api_error
47653,Lunk,,,,,,,api_error
47659,Ingram Marshall,,,,,,,api_error
47667,Nelson Tarpenny,,,,,,,api_error
47676,Pauline Oliveros,,Female,,,,,api_error
47678,Manuel Rocha,,,,,,,api_error
47679,Owada,,,,,,,api_error
47680,Keiko Owada,,,,,,,api_error
47681,Adam McEwen,British,Male,1965.0,,,,api_error
47685,Abby Normal,,,,,,,api_error
47686,Dave Markey,,,,,,,api_error
47687,Bidner / Martinek,,,,,,,api_error
47688,The Poetics,,,,,,,api_error
47689,Bill Wintersole,,,,,,,api_error
47690,Zoe Pettijohn,,,,,,,api_error
47691,Linda Post,,,,,,,api_error
47692,Cathy,,,,,,,api_error
47693,Princess,,,,,,,api_error
47694,Bad News,,,,,,,api_error
47719,Cheifs,,,,,,,api_error
47722,Descendents,,,,,,,api_error
47725,China White,,,,,,,api_error
47727,Throbbing Gristle,,,,,,,api_error
47732,The Stains,,,,,,,api_error
47741,Vox Pop,,,,,,,api_error
47742,Overkill,,,,,,,api_error
47744,Circle One,,,,,,,api_error
47747,Meat Puppets,,,,,,,api_error
47749,Hüsker Dü,,,,,,,api_error
47760,Toshio Sasaki,,,,,,,api_error
47761,The Sets,,,,,,,api_error
47764,Jake Tilson,,Male,1958.0,,,,api_error
47766,Nikolaus Urban,,,,,,,api_error
47774,Lejaren Hiller,,,,,,,api_error
47775,Ben Johnston,,,,,,,api_error
47778,Henri Pousseur,,,,,,,api_error
47780,Bags,,,,,,,api_error
47781,Anti,,,,,,,api_error
47782,Shattered Faith,,,,,,,api_error
47783,M.I.A.,,,,,,,api_error
47784,Ill Will,,,,,,,api_error
47785,Germs,,,,,,,api_error
47786,BPeople,,,,,,,api_error
47787,Mood of Defiance,,,,,,,api_error
47788,Invisible Chains,,,,,,,api_error
47789,Zurich 1916,,,,,,,api_error
47790,Powertrip,,,,,,,api_error
47791,Peer Group,,,,,,,api_error
47792,Ken Starkey,,,,,,,api_error
47793,Slivers,,,,,,,api_error
47794,Würm,,,,,,,api_error
47795,Modern Warfare,,,,,,,api_error
47796,Hari Kari,,,,,,,api_error
47797,Sin 34,,,,,,,api_error
47798,Artistic Decline,,,,,,,api_error
47799,Modern Torture,,,,,,,api_error
47800,Marshall Mellow,,,,,,,api_error
47801,Carl Stone,,,,,,,api_error
47802,Doo-Dooettes,,,,,,,api_error
47803,Tone Deaf,,,,,,,api_error
47804,Debt Of Nature,,,,,,,api_error
47805,David Peel & The Lower East Side,,,,,,,api_error
47806,Motorpsycho,,,,,,,api_error
47807,Meathead,,,,,,,api_error
47808,Jesus Fuck & Da Murderers,,,,,,,api_error
47809,Starfuckers,,,,,,,api_error
47810,Eugene Chadbourne,,,,,,,api_error
47811,Controlled Bleeding,,,,,,,api_error
47812,Skullflower,,,,,,,api_error
47813,Kicking Giant,,,,,,,api_error
47814,Faust,,,,,,,api_error
47815,Pavement,,,,,,,api_error
47816,Sun City Girls,,,,,,,api_error
47817,Television Personalities,,,,,,,api_error
47821,Basim Magdy,Egyptian,Male,1977.0,,,,api_error
47824,Naoya Hatakeyama,Japanese,Male,1958.0,,,,api_error
47827,Blank,,,,,,,api_error
47838,Selten Gehörte Musik,,,,,,,api_error
47839,Tennessee Williams,,Male,1911.0,1983.0,,,api_error
47841,John Wallowitch,,Male,1926.0,2007.0,,,api_error
47843,Paul Anka,,,1941.0,,,,api_error
47844,Billy Squier,,,1950.0,,,,api_error
47845,Diana Ross,,Female,,,,,api_error
47846,Aretha Franklin,,Female,1942.0,,,,api_error
47849,Love of Life Orchestra,,,,,,,api_error
47850,Peter Gordon,,Male,,,,,api_error
47852,Ned Sublette,,Male,1951.0,,,,api_error
47853,The Persuasions,,,,,,,api_error
47854,Thomas Zipp,,,,,,,api_error
47861,Ha Chonghyun,Korean,Male,1935.0,,,,api_error
47887,Chen Zhen,Chinese,Male,1955.0,2000.0,,,api_error
47889,Josh Kline,American,Male,1979.0,,,,api_error
47891,Thea Djordjadze,Georgian,Female,1971.0,,,,api_error
47902,Achilles Lemot,French,Male,1846.0,1909.0,,,api_error
47903,Bob,,,,,,,api_error
47904,G. Darré,,,,,,,api_error
47905,Durvis,,,,,,,api_error
47906,John Kosh,British,Male,,,,,api_error
47907,Zvonimir Golob,Croatian,Male,1927.0,1997.0,,,api_error
47908,Iain Macmillan,British,Male,1938.0,2006.0,,,api_error
47911,Philipp Schaerer,Swiss,Male,1972.0,,,,api_error
47913,Electroninks,,,,,,,api_error
47914,Clifton Roozeboom,,Male,,,,,api_error
47915,PocketLab,,,,,,,api_error
47920,Helen Balfour Morrison,American,Female,1901.0,1984.0,,,api_error
47922,Claude Parent,French,Male,1923.0,,,,api_error
47923,Terrol Dew Johnson,American,Male,1973.0,,,,api_error
47925,György Soós,Hungarian,Male,,,,,api_error
47926,György Bp. Szabó,Hungarian,Male,,,,,api_error
47927,Tamás Soós,Hungarian,Male,,,,,api_error
47928,György Szász,Hungarian,Male,,,,,api_error
47930,László= Lugo,Hungarian,Male,,,,,api_error
47935,Margaret Watkins,Canadian,Female,1884.0,1969.0,,,api_error
47936,Henri Fille,,,,,,,api_error
47937,Heidbrinck,,,,,,,api_error
47940,"Mass Studies, Seoul, Korea",Korean,,2003.0,,,,api_error
47956,Uche Okeke,Nigerian,Male,1933.0,2016.0,,,api_error
47962,Kees Wagenaars,Dutch,male,1961.0,,,,api_error
47974,Manu Prakash,American,Male,,,,,api_error
47975,Jie Qi,American,Female,1987.0,,,,api_error
47976,"Andrew ""Bunnie"" Huang",American,Male,1975.0,,,,api_error
47977,Gilbert Baker,American,Male,1951.0,,,,api_error
47978,Autodesk Inc.,,,1982.0,,,,api_error
47980,V. Ber,,,,,,,api_error
47983,Mirko Ilić,American,Male,1956.0,,,,api_error
47990,Eleanor Kluck,American,Female,1919.0,,,,api_error
47991,Henry Kluck,American,Male,1922.0,2007.0,,,api_error
48010,Francisco Blanco,Cuban,Male,,,,,api_error
48011,Mario Gallardo,Cuban,Male,,,,,api_error
48012,Rene De La Nuez,Cuban,Male,,,,,api_error
48013,Carmelo González,Cuban,Male,,,,,api_error
48014,Eduardo Munoz Bachs,Cuban,Male,1937.0,2001.0,,,api_error
48017,Titus Kaphar,,Male,1976.0,,,,api_error
48032,Alberto Carol,Cuban,Male,,,,,api_error
48033,Rene Azcuy Cardenas,Cuban,Male,1939.0,,,,api_error
48035,Dimas,Cuban,,,,,,api_error
48036,Antonio Fernandez Reboiro,Cuban,Male,1935.0,,,,api_error
48037,Frederik Ljungström,Swedish,Male,1875.0,1964.0,,,api_error
48038,Andrew John Hessel,Canadian,Male,1963.0,,,,api_error
48039,Jacqueline Yuan Quinn,American,Female,1990.0,,,,api_error
48040,Paul Richard Ayre Jaschke,Canadian,Male,1979.0,,,,api_error
48041,Unknown Designer,Cuban,,,,,,api_error
48043,Joseph Schwartz,American,Male,1913.0,2015.0,,,api_error
48044,Anna Boghiguian,Egyptian,Female,1946.0,,,,api_error
48047,James Cruze,American,Male,1884.0,1942.0,,,api_error
48048,Michael Oblowitz,South African,Male,1943.0,,,,api_error
48050,Martine Bedin,French,Female,1957.0,,,,api_error
48051,"Memphis, Milan",,,1981.0,1985.0,,,api_error
48052,Bruce La Bruce,Canadian,Male,1964.0,,,,api_error
48055,Sally Potter,British,Female,1949.0,,,,api_error
48056,James Ponsoldt,American,Male,1978.0,,,,api_error
48057,Dayanita Singh,Indian,Female,1961.0,,,,api_error
48066,Michele De Lucchi,Italian,Male,1951.0,,,,api_error
48067,Daniele Scandola,Italian,Male,,,,,api_error
48068,Gloria della Vittoria,Italian,Female,,,,,api_error
48069,Nathalie du Pasquier,French,Female,1957.0,,,,api_error
48070,Massimo Giacon,Italian,Male,1961.0,,,,api_error
48071,Roland Shakespear,Argentine,Male,,,,,api_error
48072,Guillermo González Ruiz,Argentine,Male,1937.0,,,,api_error
48073,Castell,,,,,,,api_error
48077,John Straiton,Canadian,Male,1922.0,,,,api_error
48081,Unknown Designer,Chilean,,,,,,api_error
48084,Unknown Designer,Puerto Rican,,,,,,api_error
48085,J. Rosado Velez,Puerto Rican,Male,,,,,api_error
48086,David Goitia,Puerto Rican,Male,,2004.0,,,api_error
48087,Velazquez Ribero,Puerto Rican,,,,,,api_error
48089,F. Palacios,Puerto Rican,,,,,,api_error
48091,Euzhan Palcy,French,Female,1958.0,,,,api_error
48092,Boris Frumin,Russian,Male,1946.0,,,,api_error
48094,Sou Fujimoto Architects,,,,,,,api_error
48095,Sou Fujimoto,Japanese,,1971.0,,,,api_error
48096,Akihisa Hirata Architecture Office,,,,,,,api_error
48097,Akihisa Hirata,Japanese,,1971.0,,,,api_error
48098,junya.ishigami+associates,Japanese,,2004.0,,,,api_error
48099,Junya Ishigami,Japanese,,1974.0,,,,api_error
48101,Hiroshi Kawatu,,,,,,,api_error
48102,Kiichi Kobayashi,,,,,,,api_error
48104,Alfred Le Petit,,,,,,,api_error
48106,Gravelle,,,,,,,api_error
48107,Martel,,,,,,,api_error
48108,Office of Ryue Nishizawa,,,,,,,api_error
48109,Unknown Designer,Uruguayan,,,,,,api_error
48110,Unknown Designer,Venezuelan,,,,,,api_error
48117,Tala Madani,Iranian,,1981.0,,,,api_error
48119,Ray Stevenson,,Male,,,,,api_error
48121,Eric Baudelaire,,Male,1973.0,,,,api_error
48122,Tania Bruguera,,Female,1968.0,,,,api_error
48124,Robert Wittmann,,Male,,,,,api_error
48128,JODI,American,,1995.0,,,,api_error
48174,Sir Cedric Lockwood Morris,British,Male,1889.0,1982.0,,,api_error
48177,Paolo Garretto,Italian,,1903.0,1989.0,,,api_error
48179,George Mather Richards,American,Male,1880.0,1958.0,,,api_error
48181,Harrison Fisher,American,Male,1875.0,1934.0,,,api_error
48182,Joan Heemskerk,Dutch,Female,1968.0,,,,api_error
48183,Dirk Paesmans,Belgian,Male,1965.0,,,,api_error
48184,William Dodge Stevens,American,Male,1870.0,1942.0,,,api_error
48185,Howard Giles,American,Male,1876.0,1955.0,,,api_error
48186,George Hand Wright,American,Male,1872.0,1951.0,,,api_error
48188,Phu Nam,Vietnamese,Male,1974.0,,,,api_error
48189,Matt Lucero,American,Male,1976.0,,,,api_error
48198,Philibert-Paul Charbonnier,French,,,,,,api_error
48200,Fritz Kühn,German,Male,1910.0,1967.0,,,api_error
48201,Paul Gredinger,Swiss,,1927.0,2013.0,,,api_error
48208,Robert Defrin,American,,,,,,api_error
48209,Slobodan Tadić,,,,,,,api_error
48222,"Studio SLS, Zagreb, Croatia",,,,,,,api_error
48225,Radovan Sredić,Croatian,Male,1955.0,,,,api_error
48226,Željko Stojanović,Croatian,,,,,,api_error
48227,Marko Čolić,,Male,,,,,api_error
48228,Zvonimir Atletić,Croatian,Male,,,,,api_error
48229,V. Serafimov,,,,,,,api_error
48230,Luka Mjeda,Croatian,Male,,,,,api_error
48231,Dražen Kalenić,,,,,,,api_error
48233,Henry Hathaway,American,Male,1898.0,1985.0,,,api_error
48234,Igor Kordej,,Male,,,,,api_error
48235,Geschäftsstelle des Bürger-Rates von Groß-Berlin,,,,,,,api_error
48271,Ewa Partum,Polish,Female,1945.0,,,,api_error
48274,Silk and Textile Printers Ltd,Australian,,1939.0,,,,api_error
48275,Desiderius Orban,Australian,Male,1884.0,1986.0,,,api_error
48276,James Gleeson,Australian,Male,1915.0,2008.0,,,api_error
48277,Frank Hinder,Australian,Male,1908.0,1992.0,,,api_error
48279,Betty Skowronski,,Female,,,,,api_error
48280,Hal Missingham,,Male,,,,,api_error
48285,Mary Curtis,,Female,,,,,api_error
48286,Bianchini-Ferier,French,,,,,,api_error
48289,Alice Attie,American,Female,1950.0,,,,api_error
48296,Hermann Bek-Gran,German,Male,1869.0,1909.0,,,api_error
48314,Gillian Ayres,British,Female,1930.0,,,,api_error
48315,Gordon Cheung,,Male,1975.0,,,,api_error
48316,Ian Davenport,,Male,1966.0,,,,api_error
48317,Marie Harnett,,Female,1983.0,,,,api_error
48318,Ben Johnson,British,Male,1946.0,,,,api_error
48320,Edmund de Waal,,Male,1964.0,,,,api_error
48321,Ian McKeever,British,Male,,,,,api_error
48322,Paul Winstanley,British,Male,,,,,api_error
48323,Richard Woods,British,Male,1966.0,,,,api_error
48324,Catherine Yass,British,Female,1963.0,,,,api_error
48339,Vincent Kohler,Swiss,Male,1977.0,,,,api_error
48340,David Hominal,Swiss,Male,1976.0,,,,api_error
48350,Unknown Designer,Brazilian,,,,,,api_error
48355,"Brigada Inti Peredo, Juventud Socialista",Chilean,,,,,,api_error
48356,"Brigadas Ramona Parra, Juventudes Comunistas de Chile",Chilean,,,,,,api_error
48358,Analisa Russo,American,Female,,,,,api_error
48359,S. Brett Walker,American,Male,,,,,api_error
48360,Jennifer A. Lewis,American,Female,,,,,api_error
48361,Michael Bell,American,Male,,,,,api_error
48387,Ina Barfuß,,,,,,,api_error
48388,Thomas Wachweger,German,,1943.0,2015.0,,,api_error
48389,Wilhelm Schürmann,German,,1946.0,,,,api_error
48390,Jiri Georg Dokoupil,Czech,,1954.0,,,,api_error
48391,Ilona Weber,,,,,,,api_error
48392,Wolfgang Weber,,,,,,,api_error
48421,Luis Claramunt,Catalan,,1951.0,2000.0,,,api_error
48422,Sven-Åke Johansson,Swedish,,1943.0,,,,api_error
48440,Werner David Feist,German,Male,1909.0,1998.0,,,api_error
48464,Max Abramovitz,American,Male,1908.0,2004.0,,,api_error
48471,Cameron Rowland,American,,1988.0,,,,api_error
48488,John Ahearn,American,,1951.0,,,,api_error
48501,Grega Košak,Slovenian,Female,,,,,api_error
48522,Vincent Desiderio,American,Male,1955.0,,,,api_error
48525,Tom Finkelpearl,,Male,,,,,api_error
48527,Robert Atkins,,Male,,,,,api_error
48529,Perry Bard,,,,,,,api_error
48530,Jo Babcock,,,,,,,api_error
48531,Roger Boyce,,Male,,,,,api_error
48532,Lee Roy Champagne,,,,,,,api_error
48533,Nancy Evans,,,,,,,api_error
48534,Jeff Goodman,,,,,,,api_error
48536,C K Kuebel,,,,,,,api_error
48538,Dona Ann McAdams,American,Female,1954.0,,,,api_error
48539,Tom Sarrantonio,,,,,,,api_error
48540,Lori Seid,,,,,,,api_error
48542,Janice Yudell,,Female,,,,,api_error
48543,John Zax,,Male,,,,,api_error
48547,Nelson Sullivan,American,,1948.0,1989.0,,,api_error
48556,Park McArthur,American,,1984.0,,,,api_error
48559,Hisao Suzuki,,Male,,,,,api_error
48578,François Blanciak,French,Male,1976.0,,,,api_error
48581,Tabor Robak,American,Male,1986.0,,,,api_error
48589,CCMC,,,,,,,api_error
48590,Paul Dutton,,,,,,,api_error
48591,John Oswald,,,,,,,api_error
48593,Ishan Clemenco,,,,,,,api_error
48594,Coconut,,,,,,,api_error
48596,The Diodes,,,,,,,api_error
48598,Amerigo Marras,,,,,,,api_error
48599,Bruce Eves,,,,,,,api_error
48600,Alison Rossiter,American,Female,1953.0,,,,api_error
48602,John Fekner City Squad,,,,,,,api_error
48603,F. V. Holi,,,,,,,api_error
48611,Oldřich Menhart,Czech,Male,1897.0,1962.0,,,api_error
48621,Park Seo Bo,Korean,Male,1931.0,,,,api_error
48624,Shigetaka Kurita,Japanese,Male,1972.0,,,,api_error
48625,"Nokia Corporation, Finland",,,,,,,api_error
48628,Evan Holloway,American,Male,1967.0,,,,api_error
48629,Steven Hull,,,,,,,api_error
48637,Matt Keegan,American,Male,1976.0,,,,api_error
48640,Sean Landers,American,Male,1962.0,,,,api_error
48655,Sharon Lockhart,American,Female,1964.0,,,,api_error
48656,Balam Garcia,,,,,,,api_error
48658,Aaron Curry,American,Male,1972.0,,,,api_error
48659,Roger Herman,German,Male,1947.0,,,,api_error
48660,Shio Kusaka,Japanese,Female,1972.0,,,,api_error
48661,Liza Lou,American,Female,1969.0,,,,api_error
48662,Rita McBride,American,Female,1960.0,,,,api_error
48664,Tom Sachs,American,Male,1966.0,,,,api_error
48665,Juan Uslé,Spanish,Male,1954.0,,,,api_error
48669,Petr Tučný,Czechoslovakian,Male,1920.0,2012.0,,,api_error
48691,Unknown designer,Czechoslovakian,,,,,,api_error
48733,Ugo Gregoretti,Italian,Male,1930.0,,,,api_error
48740,Colin Lowe,,,,,,,api_error
48742,Ralph Lundsten,,,1936.0,,,,api_error
48743,Leo Nilson,,,,,,,api_error
48744,Kim Schoenstadt,,,1973.0,,,,api_error
48745,Jean-Claude Moineau,,,,,,,api_error
48747,Jennifer Moon,,Female,1973.0,,,,api_error
48748,Julio César Morales,,Male,,,,,api_error
48751,OJO,,,,,,,api_error
48752,Kristin Oppenheim,,Female,,,,,api_error
48753,Fuller Fabrics,,,,,,,api_error
48754,The Nichemakers,,,,,,,api_error
48756,Poptastic,,,,,,,api_error
48757,Chris Fitzpatrick,,,,,,,api_error
48758,Thomas Dimuzio,,,,,,,api_error
48762,Jean-Jacques Palix,,,,,,,api_error
48763,Jeff Rian,,,,,,,api_error
48766,Stephanie Taylor,,Female,1971.0,,,,api_error
48767,Thomas Cristoffersen,,Male,,,,,api_error
48768,David Zahle,,Male,,,,,api_error
48769,"IDÉE Ltd., Japan",,,,,,,api_error
48774,Luc Delahaye,French,Male,1962.0,,,,api_error
48778,Lita Albuquerque,,Female,,,,,api_error
48779,Robert Kramer,,Male,,,,,api_error
48780,Harold Budd,,,,,,,api_error
48787,Terence Conran,British,Male,1931.0,,,,api_error
48788,Marian Mahler,British,Female,1911.0,1983.0,,,api_error
48789,John Lacey,British,Male,,,,,api_error
48790,Barbara Brown,British,Female,1932.0,,,,api_error
48791,Lucienne Day,British,Female,1917.0,2010.0,,,api_error
48792,Edinburgh Weavers,,,,,,,api_error
48793,David Whitehead Ltd.,,,,,,,api_error
48794,Heal Fabrics,,,,,,,api_error
48795,Hammer Prints Ltd.,,,,,,,api_error
48799,Peter Bankov,Russian,Male,1969.0,,,,api_error
48801,William K. Howard,American,Male,1899.0,1954.0,,,api_error
48813,Željko Koprolčec,Croatian,,,,,,api_error
48815,Amy O'Neill,American,Female,1971.0,,,,api_error
48842,Marguerita Mergentime,American,Female,1894.0,1941.0,,,api_error
48847,Unika-vaev,,,,,,,api_error
48848,Vuokko Eskolin,Finnish,Female,1930.0,,,,api_error
48849,Printext,,,,,,,api_error
48850,Barbara Degerman,,,,,,,api_error
48851,Helga Nykopp,,,,,,,api_error
48852,A B Norna Hemslojd,,,,,,,api_error
48853,Calvin Marcus,American,Male,1988.0,,,,api_error
48858,Wilhelm Thiele,Austrian,Male,1890.0,1975.0,,,api_error
48859,Osvaldo Peruzzi,Italian,Male,1907.0,2004.0,,,api_error
48860,Tato (Guglielmo Sansoni),Italian,Male,1896.0,1974.0,,,api_error
48861,Tulio Crali,Italian,Male,1900.0,2000.0,,,api_error
48862,László Kistamás,,Male,,,,,api_error
48863,Pierre Daura,Spanish,Male,1896.0,1976.0,,,api_error
48870,Hubert Hilscher,Polish,Male,1924.0,1999.0,,,api_error
48877,Yung Chang,Canadian,Male,1977.0,,,,api_error
48878,Lisandro Alonso,Argentine,Male,1975.0,,,,api_error
48879,Jeff Malmberg,American,Male,1970.0,,,,api_error
48880,Tsai Ming-liang,Malaysian,Male,1957.0,,,,api_error
48883,Sergei Loznitsa,Ukrainian,Male,1964.0,,,,api_error
48884,Stephanie Spray,American,Female,1980.0,,,,api_error
48885,Pacho Velez,American,Male,1980.0,,,,api_error
48886,Lav Diaz,Filipino,Male,1958.0,,,,api_error
48888,Joaquim Pinto,Portuguese,Male,1957.0,,,,api_error
48892,Nicholas Macdonald,American,Male,1944.0,,,,api_error
48894,Sheila McLaughlin,American,Female,1950.0,,,,api_error
48895,Rafael Barradas,Uruguayan,Male,1890.0,1929.0,,,api_error
48905,Franz Sievert,German,Male,,,,,api_error
48906,Hans Scharoun,German,Male,1893.0,1972.0,,,api_error
48907,E. Trautvetter,German,,,,,,api_error
48908,Marcel Jancou,French,,,,,,api_error
48909,Dan Peterman,American,Male,1960.0,,,,api_error
48910,A. Strachov,Russian,,,,,,api_error
48911,"a.r. Group, Łódź",Polish,,,,,,api_error
48912,Umberto Luigi Ronco,Italian,Male,1913.0,1997.0,,,api_error
48913,Will Burtin,American,Male,1908.0,1972.0,,,api_error
48914,Sibylle Möllering-Kaldewey,German,Female,,,,,api_error
48915,Bruno Monguzzi,Swiss,Male,1941.0,,,,api_error
48916,Franz Josef Popp,German,Male,1886.0,1954.0,,,api_error
48917,Tamar Cohen,,Female,,,,,api_error
48918,Paul Shaw,American,Male,,,,,api_error
48926,Melchior,,,,,,,api_error
48928,Ian Murray,,,,,,,api_error
48932,Burt Payne 3,,,,,,,api_error
48936,Deborah Sussman,American,Female,1931.0,2014.0,,,api_error
48937,Hendrik Willem van Loon,Dutch,Male,1882.0,1944.0,,,api_error
48953,Marcelo Ferraz,Brazilian,Male,1955.0,,,,api_error
49055,Printex,Finnish,,,,,,api_error
49059,Muriel Cooper,American,Female,1925.0,1994.0,,,api_error
49060,David Small,American,Male,1965.0,,,,api_error
49061,Kim Beom,Korean,male,1963.0,,,,api_error
49077,Andrea Büttner,German,Female,1972.0,,,,api_error
49080,Joan Charysyn,American,Female,1946.0,,,,api_error
49083,"MTA New York City Transit, Bergen Street Sign Shop",,,,,,,api_error
49089,Clare Strand,British,Female,1973.0,,,,api_error
49090,Oscar Micheaux,American,Male,1884.0,1951.0,,,api_error
49093,Eric Owen Moss,American,Male,1943.0,,,,api_error
49095,Nancy Reddin Kienholz,American,Female,1943.0,,,,api_error
49100,FZ,Czechoslovakian,,,,,,api_error
49101,M. Palasek,Czechoslovakian,,,,,,api_error
49102,Tvar Schlosser,Czechoslovakian,,,,,,api_error
49103,Antonio Quintana Simonetti,Cuban,Male,1919.0,1993.0,,,api_error
49104,Alberto Rodríguez Surribas,Cuban,Male,,,,,api_error
49108,Loretta Lux,German,Female,1969.0,,,,api_error
49109,inri,Japanese,Female,1973.0,,,,api_error
49113,Ida Lupino,American,Female,1918.0,1995.0,,,api_error
49116,Juan Andralis,,Male,,,,,api_error
49117,Hermelindo Fiaminghi,Brazilian,Male,1920.0,2004.0,,,api_error
49121,Tsibi Geva,Israeli,Male,1951.0,,,,api_error
49122,Michael Gitlin,South African,Male,1943.0,,,,api_error
49123,Phillip Rantzer,Israeli,Male,1958.0,,,,api_error
49125,Micha Ullman,Israeli,Male,1939.0,,,,api_error
49133,Jared Bark,American,Male,1944.0,,,,api_error
49140,Marco Brambilla,Italian,Male,1960.0,,,,api_error
49144,Robert Dowd,American,Male,1936.0,1996.0,,,api_error
49145,Phillip Hefferton,American,Male,1933.0,2008.0,,,api_error
49147,Munetsugu Satomi,Japanese,Male,1900.0,1995.0,,,api_error
49157,Sanne Sannes,Dutch,Male,1937.0,1967.0,,,api_error
49159,Johan Van Der Keuken,Dutch,Male,1938.0,2001.0,,,api_error
49165,Ambrogio Pozzi,Italian,Male,1931.0,2012.0,,,api_error
49169,Jiří Pelcl,Czech,Male,1950.0,,,,api_error
49176,George Stone,,Male,,,,,api_error
49177,Matt Frewer,Canadian,Male,,,,,api_error
49179,J. Herbert McNair,Scottish,Male,1868.0,1955.0,,,api_error
49180,Studio Boggeri,Italian,,1933.0,1981.0,,,api_error
49193,Helen Mayer Harrison,American,Female,1929.0,,,,api_error
49194,Newton Harrison,American,Male,1932.0,,,,api_error
49197,Gertrudes Altschul,Brazilian,Female,1904.0,1962.0,,,api_error
49198,Iman Issa,Egyptian,Female,1979.0,,,,api_error
49199,Marcel Giró,Spanish,Male,1913.0,2011.0,,,api_error
49200,Ademar Manarini,Brazilian,Male,1920.0,1989.0,,,api_error
49207,Ronald Beckman,American,Male,,,,,api_error
49209,George Nelson Associates,American,,,,,,api_error
49211,Kenneth Anger,American,Male,1927.0,,,,api_error
49216,Neïl Beloufa,Algerian,,,,,,api_error
49220,Chto Delat (What is to be done?),Russian,,2003.0,,,,api_error
49222,Jumana Manna,Palestinian,Female,1987.0,,,,api_error
49237,"Better Shelter, Sweden",Swedish,,2010.0,,,,api_error
49244,Moon Hoon,Korean,Male,1968.0,,,,api_error
49245,Johnston Marklee,,,1998.0,,,,api_error
49255,John Svezia,,Male,,,,,api_error
49256,Ray Wilkes,,Male,,,,,api_error
49257,Thinking Machines Corporation,,,1983.0,1994.0,,,api_error
49259,Donald Wall,,Male,,,,,api_error
49260,W. Borek,,Male,,,,,api_error
49261,Robert Massin,,Male,,,,,api_error
49262,Unknown Designer,Argentine,,,,,,api_error
49271,"Deberny et Peignot, Paris",,,,,,,api_error
49275,Cecily Hoyt,American,Female,1946.0,,,,api_error
49280,Thomas Weir,,Male,,,,,api_error
49295,George Kastner,,,,,,,api_error
49296,Eugene Masselink,,,,,,,api_error
49344,Paulo Pires da Silva,Brazilian,Male,1928.0,2015.0,,,api_error
49345,Eduardo Salvatore,Brazilian,Male,1914.0,2006.0,,,api_error
49346,José Yalenti,Brazilian,Male,1895.0,1967.0,,,api_error
49348,Grainware,,,,,,,api_error
49351,Gottfried Helnwein,Austrian,Male,1948.0,,,,api_error
49352,Emilio Greco,Italian,Male,1913.0,1995.0,,,api_error
49354,Unknown Designer,Russian,,,,,,api_error
49355,Ila Bêka,Italian,Male,1967.0,,,,api_error
49356,Louise Lemoine,French,Female,1981.0,,,,api_error
49390,Harry R. Barry,,Male,,,,,api_error
49417,Luigi Scrivo,Italian,Male,,,,,api_error
49419,Roberto Iras Baldessari,Italian,Male,1894.0,1965.0,,,api_error
49428,Antonio Marasco,Italian,Male,1896.0,1975.0,,,api_error
49434,J. Stuart Blackton,British,,1875.0,1941.0,,,api_error
49437,Marcelo Suzuki,Brazilian,Male,,,,,api_error
49453,Rael San Fratello,American,,2002.0,,,,api_error
49464,Manuel Herz Architects,Swiss,,1999.0,,,,api_error
49468,Channa Horwitz,American,Female,1932.0,2013.0,,,api_error
49473,Mati Diop,French,Female,1982.0,,,,api_error
49474,Margarethe von Trotta,German,Female,1942.0,,,,api_error
49475,Gianni Di Gregorio,Italian,Male,1949.0,,,,api_error
49476,Sergei Dvortsevoy,Kazakhstani,Male,1961.0,,,,api_error
49477,Julie Bertuccelli,French,Female,1968.0,,,,api_error
49478,François Ozon,French,Male,1967.0,,,,api_error
49480,Atom Egoyan,Canadian,Male,1960.0,,,,api_error
49481,Barry Shils,American,Male,1956.0,,,,api_error
49482,Ricardo Nikolayevsky,Mexican,Male,1961.0,,,,api_error
49483,Jeff Scher,American,Male,1954.0,,,,api_error
49485,Ramin Bahrani,American,Male,1975.0,,,,api_error
49487,Gianni Amelio,Italian,Male,1945.0,,,,api_error
49488,Deborah Turbeville,American,Female,1932.0,2013.0,,,api_error
49491,Gianfranco Rosi,Italian,Male,1964.0,,,,api_error
49492,Alice Rohrwacher,Italian,Female,1982.0,,,,api_error
49493,Ermanno Olmi,Italian,Male,1931.0,,,,api_error
49494,Emanuele Crialese,Italian,Male,1965.0,,,,api_error
49495,Joshua White,American,Male,1942.0,,,,api_error
49496,Joshua Light Show,American,,1967.0,1970.0,,,api_error
49499,Amilcar de Castro,Brazilian,Male,1920.0,2002.0,,,api_error
49504,Louise Despont,American,Female,1983.0,,,,api_error
49530,Alberto Greco,Argentine,Male,1931.0,1965.0,,,api_error
49535,Byung Hoon Choi,Korean,Male,1952.0,,,,api_error
49536,Guiseppe Pagano,Italian,Male,1896.0,1945.0,,,api_error
49541,Dargoljub Pavlov,Serbian,,1940.0,,,,api_error
49542,Bora Vitorac,Serbian,,1940.0,,,,api_error
49543,Arnold Hardy,American,,1922.0,2007.0,,,api_error
49544,"Lobmeyr, Kamenický Šenov, Czechoslovakia",,,,,,,api_error
49558,Ida O'Keeffe,British,Female,,,,,api_error
49568,GOLDIN + SENNEBY,Swedish,,2004.0,,,,api_error
49571,John Akomfrah,Ghanaian,Male,1957.0,,,,api_error
49573,Ian Cheng,American,Male,1984.0,,,,api_error
49584,Shaun Gladwell,Australian,Male,1972.0,,,,api_error
49585,Miguel Rio Branco,Brazilian,Male,1946.0,,,,api_error
49586,Jacolby Satterwhite,American,Male,1986.0,,,,api_error
49594,Julio Agostinelli,Brazilian,Male,1919.0,,,,api_error
49595,André Carneiro,Brazilian,Male,1922.0,2014.0,,,api_error
49596,Lucílio Corrêa Leite Filho,Brazilian,Male,,,,,api_error
49597,Ivo Ferreira da Silva,Brazilian,Male,1911.0,1986.0,,,api_error
49598,German Lorca,Brazilian,Male,1922.0,,,,api_error
49599,Aldo Augusto de Souza Lima,Brazilian,Male,1920.0,,,,api_error
49600,João Bizarro Da Nave Filho,Portuguese,Male,1908.0,,,,api_error
49601,Thon de Does,Dutch,Male,,,,,api_error
49602,Arata Endo,,,,,,,api_error
49603,Walter Niedermayr,Italian,Male,1952.0,,,,api_error
49613,Lida Moser,American,Female,1920.0,2014.0,,,api_error
49614,Aslı Çavuşoğlu,Turkish,Female,1982.0,,,,api_error
49616,Hudinilson Jr.,Brazilian,Male,1957.0,2013.0,,,api_error
49622,Avery Singer,American,,1987.0,,,,api_error
49627,Palmer Hayden,American,Male,1890.0,1973.0,,,api_error
49632,Harry Miles,American,Male,1868.0,1908.0,,,api_error
49633,Herbert Miles,American,Male,1872.0,1948.0,,,api_error
49634,Earl Miles,American,Male,1878.0,1935.0,,,api_error
49635,Joseph Miles,American,Male,1879.0,1929.0,,,api_error
49636,Lynn Marie Kirby,American,Female,1952.0,,,,api_error
49638,Fatih Akin,German,Male,1973.0,,,,api_error
49639,Jasmila Žbanić,Bosnian,Female,1974.0,,,,api_error
49658,Suguru Ishizaki,Japanese,Male,1963.0,,,,api_error
49659,Robert Silvers,American,Male,1968.0,,,,api_error
49660,Earl Rennison,American,Male,1965.0,,,,api_error
49662,Yin Yin Wong,American,Male,1964.0,,,,api_error
49664,Jeffrey Ventrella,American,,1960.0,,,,api_error
49682,Fazal Sheikh,American,Male,1965.0,,,,api_error
49696,Roger Higgins,American,,,,,,api_error
49699,Pamela Rosenkranz,Swiss,Female,1979.0,,,,api_error
49703,Bi Gan,Chinese,Male,1989.0,,,,api_error
49705,Pietro Marcello,Italian,Male,1976.0,,,,api_error
49709,Nuno Leonel,Portuguese,Male,1969.0,,,,api_error
49710,Robert Fenz,American,Male,1969.0,,,,api_error
49713,K8 Hardy,American,Female,1977.0,,,,api_error
49714,Vlada Petric,Bosnian,Male,1928.0,,,,api_error
49715,Tom Rubnitz,American,Male,1956.0,1992.0,,,api_error
49719,Eric Marciano,American,Male,1959.0,,,,api_error
49720,Kęstutis Nakas,American,Male,1953.0,,,,api_error
49721,Sur Rodney (Sur),Canadian,Male,1954.0,,,,api_error
49722,Esther Regelson,American,Female,1959.0,,,,api_error
49723,Stephanie Rothman,American,Female,1936.0,,,,api_error
49733,Sharon Johnston,American,Female,1965.0,,,,api_error
49734,Mark Lee,American,Male,1967.0,,,,api_error
49776,Nicholas Ray,American,Male,1911.0,1979.0,,,api_error
49799,Mike Topp,,male,,,,,api_error
49816,Dale Henry,American,,1931.0,2011.0,,,api_error
49819,Christian Hasucha,German,,1955.0,,,,api_error
49820,Milan Kunc,Czech,,1944.0,,,,api_error
49821,Hervé Di Rosa,French,,1959.0,,,,api_error
49822,Louis Jammes,French,,1958.0,,,,api_error
49850,Sidney Peterson,American,Male,1905.0,2000.0,,,api_error
49887,Charles Harrison,American,Male,1931.0,,,,api_error
49888,Ronald Rael,American,,1971.0,,,,api_error
49889,Virginia San Fratello,American,,1971.0,,,,api_error
49913,Robert Alexander,,,,,,,api_error
49915,Charles Brittin,,Male,,,,,api_error
49916,Cameron,,,,,,,api_error
49917,Marion Grogan,,Female,,,,,api_error
49918,Hermann Hesse,Swiss,Male,1877.0,1962.0,,,api_error
49919,David Meltzer,,Male,,,,,api_error
49956,Anders Grafstrom,Swedish,,1956.0,1980.0,,,api_error
49958,Romain Urhausen,Luxembourgish,Male,1930.0,,,,api_error
49959,Luc Dietrich,French,Male,1913.0,1944.0,,,api_error
49972,Elisabeth Hase,German,,1905.0,1991.0,,,api_error
49998,Omar Carreño,Venezuelan,,1927.0,2013.0,,,api_error
50001,Carlos González Bogen,Venezuelan,,1920.0,1992.0,,,api_error
50005,Rubén Núñez,Venezuelan,,1930.0,2012.0,,,api_error
50011,Antonieta Sosa,Venezuelan,,1940.0,,,,api_error
50020,Nat Fein,American,,1914.0,2000.0,,,api_error
50024,Hugo Maza,Chilean,,,,,,api_error
50069,Linens by Dewan,,,,,,,api_error
50083,Richard Learoyd,British,,1966.0,,,,api_error
50106,Daniel Askill,Australian,Male,1977.0,,,,api_error
50125,Hans Petter Moland,Norwegian,Male,1955.0,,,,api_error
50127,Adam Guzinski,Polish,Male,1970.0,,,,api_error
50128,Jane Malaquias,Brazilian,Female,,,,,api_error
50130,Andreas Hykade,German,Male,1968.0,,,,api_error
50154,Ann Magnuson,American,Female,1956.0,,,,api_error
50155,Steve Brown,,,,,,,api_error
50159,Andy Rees,,,,,,,api_error
50161,The Velvet Underground,,,,,,,api_error
50164,Albert Kahn,American,Male,1869.0,1942.0,,,api_error
50186,Mickey Ortiz,,,,,,,api_error
61403,Yve Laris Cohen,American,,1985.0,,,,api_error
61404,Cécile B. Evans,American,,1983.0,,,,api_error
66584,Ignazio Gardella,Italian,Male,1905.0,1999.0,,,api_error
67012,Ka Markelius,,Female,,,,,api_error
67013,Ljungberg's Textile AB,,,1948.0,,,,api_error
67016,Spencer Williams,American,Male,1893.0,1969.0,,,api_error
67095,Samuel Fosso,French,Male,1962.0,,,,api_error
67099,National Union of Sahrawi Women,Sahrawi,,1979.0,,,,api_error
67100,Ali Tayar,American,Male,1959.0,2016.0,,,api_error
67111,Vaclav Pozarek,Czech,,1940.0,,,,api_error
67112,Claudia Comte,Swiss,,1983.0,,,,api_error
67113,Nancy Linn,,,,,,,api_error
67114,Max Becher,German,,1964.0,,,,api_error
67115,Jon Buller,American,,1943.0,,,,api_error
67116,Antonio DiSpigna,Italian,,1943.0,,,,api_error
67122,Giorgia Lupi,Italian,Female,1981.0,,,,api_error
67127,John Sex,American,,1956.0,1990.0,,,api_error
67128,Egidio Bonfante,Italian,Male,1922.0,2004.0,,,api_error
67192,Bob & Bob,,,,,,,api_error
67195,Steve Lacy,,,,,,,api_error
67222,"Bossi, Mortara",Italian,,1827.0,,,,api_error
67236,Mastropaul Design,,,,,,,api_error
67237,Jim McWilliams,,,,,,,api_error
67262,Parallel Design Partnership,,,1993.0,,,,api_error
67270,Shelby Kennedy,,Male,,,,,api_error
67272,Toyin Ojih Odutola,American,Female,1985.0,,,,api_error
67275,JR,French,,,,,,api_error
67283,Polit-Sheer-Form Office (PSFO),,,,,,,api_error
67285,Keiichi Tanaami,Japanese,,1939.0,,,,api_error
67288,Whitfield Lovell,American,Male,1959.0,,,,api_error
67308,Masao Adachi,Japanese,,1939.0,,,,api_error
67310,Adam Khalil,American,,1988.0,,,,api_error
67311,Zack Khalil,American,,1991.0,,,,api_error
67312,Cheryl Dunye,American,,1966.0,,,,api_error
67313,Lixin Fan,Chinese,,1977.0,,,,api_error
67315,Daniel Geller,American,,,,,,api_error
67316,Dayna Goldfine,American,,,,,,api_error
67318,Carl Deal,American,,,,,,api_error
67319,Tia Lessin,American,,,,,,api_error
67320,Stephane Aubier,French,,1964.0,,,,api_error
67321,Vincent Patar,French,,1961.0,,,,api_error
67322,Peter Delpeut,Dutch,,1956.0,,,,api_error
67323,Greta Schiller,American,,1954.0,,,,api_error
67325,Carlos Saura,Spanish,,1932.0,,,,api_error
67326,Tessie Chua,American,,1949.0,,,,api_error
67327,Alexa Hunter,American,,1957.0,,,,api_error
67328,Jonathan Quinn,American,,1956.0,,,,api_error
67329,Rudi Protrudi,American,,1952.0,,,,api_error
67330,Bill Harris,American,,1958.0,,,,api_error
67331,Anney Bonney,American,,,,,,api_error
67332,Glenn Andreiev,American,,1961.0,,,,api_error
67333,Manfred Blank,German,,1949.0,,,,api_error
67334,Kevin Asch,American,,1975.0,,,,api_error
67336,Cal Dalton,American,,1908.0,1974.0,,,api_error
67337,Cal Howard,American,,1911.0,1993.0,,,api_error
67340,M. Henry Jones,American,,1957.0,,,,api_error
67342,Mannie Davis,,,,,,,api_error
67345,George Haas,American,,1953.0,,,,api_error
67346,Jimmy Murray,,,,,,,api_error
67349,Julius Klein,American,,1951.0,,,,api_error
67350,Howard Guttenplan,American,,1934.0,2015.0,,,api_error
67352,Neelon Crawford,American,,1946.0,,,,api_error
67353,Michael Mideke,,,,,,,api_error
67379,N. Dash,American,Female,1980.0,,,,api_error
67420,Walter Burley Griffin,,,,,,,api_error
67437,Sebastian Black,American,Male,1985.0,,,,api_error
67451,Xiao Yu,Chinese,Male,1965.0,,,,api_error
67452,Liu Jianhua,Chinese,Male,1962.0,,,,api_error
67453,Leng Lin,Chinese,Male,1965.0,,,,api_error
67652,Ellie Nagler,,,,,,,api_error
67694,Glenn Williams,,Male,,,,,api_error
67695,Ely Ramen,,,,,,,api_error
