Artist ID,Name,Nationality,Gender,Birth Year,Death Year,wikidata_id,match_status,source
2,Doroteo Arnaiz,Spanish,Male,1936.0,,,not_found,
3,Bill Arnold,American,Male,1941.0,,,uncertain,
4,Charles Arnoldi,American,Male,1946.0,,Q1063584,matched,Wikidata
5,Per Arnoldi,Danish,Male,1941.0,,Q3373273,matched,Wikidata
6,Danilo Aroldi,Italian,Male,1925.0,1989.0,Q55217954,matched,Wikidata
7,Bill Aron,American,Male,1941.0,,Q4907949,matched,Wikidata
9,David Aronson,American,Male,1923.0,2015.0,Q5230870,matched,Wikidata
10,Irene Aronson,American,Female,1918.0,1992.0,Q19748568,matched,Wikidata
12,Jüri Arrak,Estonian,Male,1936.0,2022.0,Q927697,matched,Wikidata
18,Artko,,,,,,uncertain,
22,Isidora Aschheim,Israeli,Female,,,,not_found,
24,Donald Ashcraft,American,Male,1927.0,,,not_found,
26,Göran Åslin,Swedish,,1940.0,,Q77353556,matched,Wikidata
28,Geneviève Asse,French,Female,1923.0,2021.0,Q1978192,matched,Wikidata
30,Sergio Asti,Italian,Male,1926.0,2021.0,Q3956011,matched,Wikidata
32,Atelier Eggers,French,,,,Q79460831,matched,Wikidata
33,A.A.P.,American,,,,,uncertain,
36,Eero Aarnio,Finnish,Male,1932.0,,Q707025,matched,Wikidata
38,Magdalena Abakanowicz,Polish,Female,1930.0,2017.0,Q158080,matched,Wikidata
43,Abe Shiro (pen Name: Suichiku),Japanese,Male,1900.0,,,not_found,
44,Robert Abel,American,Male,1937.0,2001.0,Q7341326,matched,Wikidata
46,Sigmund Abeles,American,Male,1934.0,2025.0,Q26252906,matched,Wikidata
49,Ivor Abrahams,British,Male,1935.0,2015.0,Q11714362,matched,Wikidata
52,Rodolfo Abularach,Guatemalan,Male,1933.0,2020.0,Q7357131,matched,Wikidata
53,Vito Acconci,American,Male,1940.0,2017.0,Q433471,matched,Wikidata
54,Milton Ackoff,American,Male,1915.0,,,not_found,
55,Norman Ackroyd,British,Male,1938.0,2024.0,Q7051892,matched,Wikidata
59,Valerio Adami,Italian,Male,1935.0,,Q562139,matched,Wikidata
61,Alice Adams,American,Female,1930.0,,,uncertain,
64,Dennis Adams,American,Male,1948.0,,Q5258132,matched,Wikidata
66,Robert Adams,American,Male,1937.0,1984.0,Q135099,matched,Wikidata
67,Shelby Lee Adams,American,Female,1950.0,,Q3481792,matched,Wikidata
72,Pic Adrian,Romanian,Male,1910.0,2008.0,Q16010052,matched,Wikidata
76,Nicholas Africano,American,Male,1948.0,,,not_found,
78,Aftograf,Russian,,,,Q79493756,matched,Wikidata
79,Agam (Yaacov Agam),Israeli,Male,1928.0,,,not_found,
81,Kathleen Agnoli,American,Female,1945.0,,,not_found,
92,Kinji Akagawa,Japanese,Male,1940.0,,Q6413885,matched,Wikidata
93,Ryoji Akiyama,Japanese,Male,1942.0,,,not_found,
94,Munira Al-Kazi,Kuwaiti,Female,1939.0,,Q77348520,matched,Wikidata
98,Beatrice Albert,American,Female,,,,not_found,
101,Album-miscellaneous,Various,,,,,not_found,
105,A. Alcorn,American,,,,,uncertain,
106,Alan Aldridge,British,Male,1943.0,2017.0,Q3480369,matched,Wikidata
107,Pierre Alechinsky,Belgian,Male,1927.0,,Q328248,matched,Wikidata
108,Peter Alexander,American,Male,1939.0,,,uncertain,
111,Carlo Alfano,Italian,Male,1932.0,1990.0,Q20180749,matched,Wikidata
112,José R. Alicea,American,Male,1928.0,,Q77324977,matched,Wikidata
113,Leopoldo and Guiseppe Alinari,Italian,,,,,not_found,
114,James Alinder,American,Male,1941.0,,,not_found,
117,William Allan,American,Male,1936.0,1850.0,Q1969391,matched,Wikidata
119,Harry Allen,American,Male,1964.0,,,uncertain,
120,Terry Allen,American,Male,1943.0,,Q1279401,matched,Wikidata
123,Carlos Alonso,Argentine,Male,1929.0,,Q2939293,matched,Wikidata
126,Henry Altchek,American,Male,1943.0,,Q55217906,matched,Wikidata
128,Hobie Alter,American,Male,1933.0,,,not_found,
131,Giacchino Altobelli,Italian,Male,1814.0,,,not_found,
136,Dag Alveng,Norwegian,Male,1953.0,,Q11964462,matched,Wikidata
137,Getulio Alviani,Italian,Male,1939.0,2018.0,Q325200,matched,Wikidata
139,Kunihiro Amano,Japanese,Male,1929.0,2020.0,Q38106637,matched,Wikidata
140,Jim Amaral,American,Male,1933.0,,Q3178723,matched,Wikidata
141,Emilio Ambasz,Argentine,Male,1943.0,,Q655905,matched,Wikidata
142,M. Ameen,Nationality unknown,,,,,uncertain,
144,Woody van Amen,Dutch,Male,1936.0,,Q2463442,matched,Wikidata
145,Gregory Amenoff,American,Male,1948.0,,,not_found,
152,Ralph Ammirati,American,Male,,,,uncertain,
153,Emma Amos,American,Female,1938.0,2020.0,Q5372719,matched,Wikidata
155,William Anastasi,American,Male,1933.0,2023.0,Q15459073,matched,Wikidata
157,Stephen Ancona,American,Male,1932.0,,Q55217914,matched,Wikidata
158,Jiþi Anderle,Czech,Male,1936.0,,,not_found,
160,Karin Schou Andersen,Danish,Female,1953.0,,Q77353745,matched,Wikidata
163,Dennis Anderson,American,Male,1948.0,,Q98759490,matched,Wikidata
166,Jerry Anderson,American,Male,1938.0,,,uncertain,
167,John Anderson,British,Male,1928.0,,,uncertain,
168,Neil Anderson,American,Male,1933.0,,,uncertain,
170,Monika Andersson,Swedish,Female,1957.0,,Q77288271,matched,Wikidata
172,Joe Andoe,American,Male,1955.0,,Q1272383,matched,Wikidata
174,Carl Andre,American,Male,1935.0,2024.0,Q315348,matched,Wikidata
175,Pat Andrea,Dutch,Male,1942.0,,Q2806407,matched,Wikidata
176,A. Andreas,French,,1864.0,1899.0,Q79460764,matched,Wikidata
177,Henning Andreasen,Danish,Male,1923.0,,Q22230754,matched,Wikidata
179,Mariano Andreù,Spanish,Male,1901.0,,,not_found,
182,Claudia Andujar,American,Female,1931.0,,Q18244184,matched,Wikidata
185,Bruce Angrave,British,Male,1912.0,1983.0,Q43126758,matched,Wikidata
193,David Annesley,British,Male,1936.0,,Q2409802,matched,Wikidata
194,Horst Antes,German,Male,1936.0,,Q446519,matched,Wikidata
195,William Anthony,American,Male,1934.0,2022.0,Q8004484,matched,Wikidata
198,Garo Antreasian,American,Male,1922.0,2018.0,Q26155343,matched,Wikidata
200,Richard Anuszkiewicz,American,Male,1930.0,2020.0,Q558505,matched,Wikidata
201,Aoki Toshio,,,,,,not_found,
202,Carl Apfelschnitt,American,Male,1948.0,1990.0,Q86699309,matched,Wikidata
204,Leon Appelbaum,American,Male,,,,not_found,
205,Ida Applebroog,American,Female,1929.0,2023.0,Q1488149,matched,Wikidata
215,Tamotsu Arikawa,Japanese,Male,,,Q79462327,matched,Wikidata
218,Alda Maria Armagni,Argentine,Female,,,,uncertain,
219,Siah Armajani,American,Male,1939.0,2020.0,Q325184,matched,Wikidata
221,Armando,Dutch,Male,1929.0,2018.0,Q678099,matched,Wikidata
222,F. Armbruster,Nationality unknown,,,,,uncertain,
232,Conrad Atkinson,British,Male,1940.0,,Q21288694,matched,Wikidata
234,Terry Atkinson,British,Male,1939.0,,Q325740,matched,Wikidata
236,Dotty Attie,American,Female,1938.0,,Q5299500,matched,Wikidata
240,Frank Auerbach,British,Male,1931.0,2024.0,Q215919,matched,Wikidata
242,Keith James Aulik,Nationality unknown,Male,,,,uncertain,
245,Irving Austin,American,Male,,,,not_found,
251,David Avison,American,Male,1937.0,2004.0,Q5230935,matched,Wikidata
252,Mordechai Avniel,Israeli,Male,1900.0,1989.0,Q4055969,matched,Wikidata
255,Ay-O,Japanese,Male,1931.0,,Q2874830,matched,Wikidata
256,Alice Aycock,American,Female,1946.0,,Q523722,matched,Wikidata
259,Luis Cruz Azaceta,American,Male,1942.0,,Q16105841,matched,Wikidata
261,Kengiro Azuma,Japanese,Male,1926.0,,,not_found,
266,Bacard Fils,French,Male,,,,not_found,
269,Elvira Bach,German,Female,1951.0,,Q1334259,matched,Wikidata
270,Olof Backman,Swedish,Male,1899.0,,Q77353853,matched,Wikidata
271,Olof Backstrom,Finnish,Male,1922.0,,,not_found,
275,Karl Baden,American,Male,1952.0,,,uncertain,
276,Mowry Thatcher Baden,American,Male,1936.0,,,not_found,
279,Frank Badur,German,Male,1944.0,,Q16831391,matched,Wikidata
280,Donald Baechler,American,Male,1956.0,2022.0,Q1239698,matched,Wikidata
281,Jo Baer,American,Female,1929.0,2025.0,Q1689871,matched,Wikidata
284,Myrna Báez,American,Female,1931.0,2018.0,Q19478939,matched,Wikidata
286,Heinz Bahr,German,Male,1934.0,,,not_found,
288,Oscar Bailey,American,Male,1925.0,,,uncertain,
289,William Bailey,American,Male,1930.0,,,uncertain,
293,E. Bakalowitz Söhne,Austrian,,1845.0,,Q77353462,matched,Wikidata
294,Carl Baker,American,Male,,,,uncertain,
296,Mikal Baker,American,Male,1946.0,,,not_found,
299,Gerhard H. Bakker,American,Male,,,,uncertain,
304,John Baldessari,American,Male,1931.0,2020.0,Q683378,matched,Wikidata
315,Alexander Bally,American,Male,1938.0,,Q77353297,matched,Wikidata
319,Thomas Bamberger,American,Male,1948.0,,,not_found,
320,McDonald (Mackey Jeffries) Bane,American,Female,1928.0,,Q77348483,matched,Wikidata
321,Colette Bangert,American,Female,1934.0,,Q55217984,matched,Wikidata
327,Anthony Barboza,American,Male,1944.0,,Q2852803,matched,Wikidata
329,Miquel Barcelo,Spanish,Male,1957.0,,,not_found,
330,Peter Bardazzi,American,Male,1943.0,,Q21287802,matched,Wikidata
333,George Barker,Australian,Male,1942.0,,,uncertain,
337,Cyril H. Barnes,American,Male,,,,not_found,
339,Robert Barnes,American,Male,1934.0,,,uncertain,
343,Tina Barney,American,Female,1945.0,,Q522240,matched,Wikidata
345,Martin Barooshian,American,Male,1929.0,2022.0,Q33123451,matched,Wikidata
347,Steve Barraclough,British,Male,,,,uncertain,
349,Susan Barron,American,Female,1947.0,,Q21995165,matched,Wikidata
350,Thomas F. Barrow,American,Male,1938.0,,,not_found,
352,Robert Barry,American,Male,1936.0,,Q477373,matched,Wikidata
353,Robert Bart,American,Male,1923.0,,,uncertain,
354,Frances Barth,American,Female,1946.0,,Q21467276,matched,Wikidata
357,Jennifer Bartlett,American,Female,1941.0,2022.0,Q6178106,matched,Wikidata
359,Carlo Bartoli,Italian,Male,1931.0,2020.0,Q27835061,matched,Wikidata
361,Joseph Bartscherer,American,Male,1954.0,,,not_found,
362,Gianfranco Baruchello,Italian,Male,1924.0,2023.0,Q328719,matched,Wikidata
366,Georg Baselitz,German,Male,1938.0,,,not_found,
368,Mati Basis,Israeli,Male,1933.0,,Q77325054,matched,Wikidata
371,Joel Bass,American,Male,1943.0,,,uncertain,
373,Giampiero Bassi,Italian,,1926.0,,,uncertain,
374,Miriam Bat-Yosef,German,Female,1931.0,,,not_found,
379,Wall Batterton,British,Male,1932.0,,Q55218002,matched,Wikidata
382,"Harry W. Batz, Jr.",American,Male,,,,uncertain,
386,Mary Bauermeister,American,Female,1934.0,2023.0,Q1426004,matched,Wikidata
387,Bauhaus,German,,,,,uncertain,
388,Marilyn Baum,American,Female,1939.0,1987.0,Q21292948,matched,Wikidata
390,Hans Theo Baumann,German,Male,1924.0,2016.0,Q26254949,matched,Wikidata
393,Lothar Baumgarten,German,Male,1944.0,2018.0,Q455070,matched,Wikidata
396,Glen Baxter,British,Male,1944.0,2026.0,Q3108665,matched,Wikidata
397,Iain Baxter&,Canadian,Male,1936.0,,,not_found,
401,Ed Baynard,American,Male,1940.0,,,not_found,
402,Thomas Bayrle,German,Male,1937.0,,Q2422310,matched,Wikidata
403,Douglas Baz,American,Male,1943.0,,Q55217957,matched,Wikidata
411,Mark Beard,American,Male,1956.0,,Q6766680,matched,Wikidata
414,Bruce Beasley,American,Male,1939.0,,Q612519,matched,Wikidata
418,Leslie Beaton,American,Female,,,,not_found,
421,Alessandro Becchi,Italian,Male,1946.0,,Q55218014,matched,Wikidata
424,Robert Bechtle,American,Male,1932.0,2020.0,Q328645,matched,Wikidata
426,A. Becker,German,,,,,uncertain,
428,Bill Beckley,American,Male,1946.0,,Q4908082,matched,Wikidata
436,Hedda Beese,German,Female,1944.0,,Q55218024,matched,Wikidata
440,John Behringer,American,Male,1939.0,,,not_found,
444,Larry Bell,American,Male,1939.0,,Q202621,matched,Wikidata
448,Joseph Bellanca,American,Male,1930.0,,,uncertain,
451,Mario Bellini,Italian,Male,1935.0,,Q1360756,matched,Wikidata
456,Rossella Bellusci,Italian,Female,1947.0,,,uncertain,
457,Giandomenico Belotti,Italian,Male,1922.0,2004.0,Q3762998,matched,Wikidata
458,Christian Belpaire,Congolese,Male,1949.0,,Q23068129,matched,Wikidata
461,David Ben Shaul,Israeli,Male,1932.0,2018.0,Q6993951,matched,Wikidata
464,Adolf Benca,American,Male,1959.0,,Q24966599,matched,Wikidata
466,C. Whitney Bender,American,,1929.0,,Q77348174,matched,Wikidata
467,Niels Sylvester Bendtsen,Danish,Male,1943.0,,Q77353845,matched,Wikidata
468,Nair Benedicto,Brazilian,Female,1940.0,,Q10335394,matched,Wikidata
471,Lynda Benglis,American,Female,1941.0,,Q538986,matched,Wikidata
472,Billy Al Bengston,American,Male,1934.0,2022.0,Q4912103,matched,Wikidata
473,Jim Bengston,American,Male,1942.0,,,not_found,
474,Anthony Benjamin,British,Male,1931.0,2002.0,Q4772098,matched,Wikidata
481,David Bentley,American,Male,1938.0,,,uncertain,
489,Ed Bereal,American,Male,1937.0,,Q18389253,matched,Wikidata
490,Stephen Lynn Berens,American,Male,1952.0,,,not_found,
491,Berger (?),British,,1938.0,,,not_found,
492,Charles Berger,American,Male,1943.0,,,uncertain,
496,Håkan Bergkvist,Swedish,Male,1946.0,,Q138314498,matched,Wikidata
498,Paul Bergtold,Nationality unknown,Male,,,,not_found,
506,Zeke Berman,American,Male,1951.0,,Q55218041,matched,Wikidata
509,Thoni Bern,Swiss,,,,,not_found,
518,Janez Bernik,Yugoslav,Male,1933.0,2016.0,Q1502530,matched,Wikidata
519,Judith Bernstein,American,Female,1942.0,,Q16105971,matched,Wikidata
523,Bertall & Cie.,French,,,,,uncertain,
524,M. Berthaud,French,,,,,not_found,
525,Palme Berthold,,,,,Q79461947,matched,Wikidata
530,Gianni Bertini,Italian,Male,1922.0,2010.0,Q2696819,matched,Wikidata
532,Emilio Bertonati,Italian,Male,1934.0,1981.0,Q55843457,matched,Wikidata
535,Ruth Bessoudo Courvoisier,Brazilian,Female,,,,not_found,
536,Alan Randall Best,Canadian,Male,1958.0,,Q77353289,matched,Wikidata
537,William Betsch,American,Male,,,,uncertain,
541,Art Bevacqua,Nationality unknown,Male,,,Q79460825,matched,Wikidata
544,Jyoti Bhatt,Indian,Male,1934.0,,Q6319400,matched,Wikidata
545,Domenico Bianchi,Italian,Male,1955.0,,Q12726902,matched,Wikidata
548,Carl Bianga,German,Male,,,,not_found,
549,Alberto Biasi,Italian,Male,1937.0,,Q3608150,matched,Wikidata
550,Guido Biasi,Italian,Male,1933.0,1984.0,Q43127500,matched,Wikidata
551,Ashley Bickerton,British,Male,1959.0,2022.0,Q4805366,matched,Wikidata
555,James Biederman,American,Male,1947.0,,,not_found,
563,Manfred Bingler,Swiss,Male,1928.0,1987.0,Q52157459,matched,Wikidata
565,Robert Birmelin,American,Male,1933.0,,,not_found,
569,James Bishop,American,Male,1927.0,,,uncertain,
570,Michael Bishop,American,Male,1946.0,,,uncertain,
571,Maureen Bisilliat,American,Female,1931.0,,Q10327528,matched,Wikidata
579,Dolores Dembus Bittleman,American,Female,1931.0,,Q16091723,matched,Wikidata
581,Judith Black,American,Female,1945.0,,Q6303300,matched,Wikidata
583,Roman Black,Nationality unknown,Male,,,,uncertain,
585,Elizabeth Blackadder,British,Female,1931.0,2021.0,Q5362425,matched,Wikidata
587,Tom Blackwell,American,Male,1938.0,2020.0,Q7814981,matched,Wikidata
590,Jean-Charles Blais,French,Male,1956.0,,Q3164622,matched,Wikidata
591,Jeffrey Blake,American,Male,1954.0,,,not_found,
592,Peter Blake,British,Male,1932.0,,Q504611,matched,Wikidata
594,Werner Blaser,Swiss,Male,1924.0,2019.0,Q1715499,matched,Wikidata
597,Ross Bleckner,American,Male,1949.0,,Q1711445,matched,Wikidata
599,René Bleibtreu,French,Male,1920.0,,,not_found,
601,Blessum,Nationality unknown,,,,,uncertain,
605,Pierrette Bloch,French,Female,1928.0,2017.0,Q3387890,matched,Wikidata
606,Clarence Lincoln Block,Nationality unknown,Male,,,,uncertain,
607,Gay Block,American,Female,1942.0,,Q5528548,matched,Wikidata
608,Barbara Bloom,American,Female,1951.0,,Q807360,matched,Wikidata
610,Vern Blosum,American,Male,1936.0,,,not_found,
614,Donald Blumberg,American,Male,1935.0,,,not_found,
615,Anna Blume,German,Female,1937.0,2020.0,Q22236398,matched,Wikidata
625,Mel Bochner,American,Male,1940.0,2025.0,Q1485390,matched,Wikidata
626,Bengt Böckman,Swedish,Male,1936.0,2014.0,Q20156088,matched,Wikidata
627,Peter Bodner,Nationality unknown,Male,,,,not_found,
631,Marinus Boezem,Dutch,Male,1934.0,,Q477388,matched,Wikidata
632,Ricardo Bofill,Spanish,Male,1939.0,2022.0,Q316413,matched,Wikidata
633,Arthur Emil Bofinger,Swiss,Male,1909.0,,,not_found,
634,Jóhanna Boga,Icelandic,Female,,,,uncertain,
635,Varujan Boghosian,American,Male,1926.0,2020.0,Q7916212,matched,Wikidata
638,Blythe Bohnen,American,Female,1940.0,2022.0,Q15451740,matched,Wikidata
639,Olaf von Bohr,Austrian,Male,1927.0,2010.0,Q77353851,matched,Wikidata
641,Bruce Boice,American,Male,1941.0,,,not_found,
642,Charles Boily,French,Male,,,,uncertain,
643,Boissonas,Swiss,,,,,uncertain,
646,Roger Bolomey,American,Male,1918.0,,,not_found,
647,Jay Bolotin,American,Male,1949.0,,,not_found,
649,Christian Boltanski,French,Male,1944.0,2021.0,Q705225,matched,Wikidata
653,Giorgio Bompadre,Italian,Male,1929.0,2005.0,Q113562266,matched,Wikidata
654,Bona,Italian,Female,1926.0,2000.0,Q2909863,matched,Wikidata
655,Claus Bonderup,Danish,Male,1943.0,2022.0,Q5581593,matched,Wikidata
656,Emile Bondonneau,French,Male,,,,uncertain,
664,Paolo Boni,Italian,Male,1926.0,2017.0,Q55218078,matched,Wikidata
666,William Bonnell,American,Male,,,,not_found,
668,Maria Bonomi,Brazilian,Female,1935.0,,Q10325755,matched,Wikidata
669,Robert Bononno,American,Male,,,,uncertain,
670,Lee Bontecou,American,Female,1931.0,2022.0,Q276372,matched,Wikidata
671,Fabio Bonzi,Italian,Male,1943.0,,Q77348270,matched,Wikidata
673,Peter Booth,Australian,Male,1940.0,,Q7172881,matched,Wikidata
674,Osvaldo Borda,Argentine,Male,1929.0,,Q55218084,matched,Wikidata
677,Wendela Boreel,British,Female,1895.0,1985.0,Q18530992,matched,Wikidata
682,Jonathan Borofsky,American,Male,1942.0,,Q321527,matched,Wikidata
684,Arnold von Borsig,German,Male,,,,uncertain,
685,Elena Borstein,American,Female,1946.0,,Q55218089,matched,Wikidata
688,Derek Boshier,British,Male,1937.0,2024.0,Q5261826,matched,Wikidata
689,Richard Bosman,Australian,Male,1944.0,,Q21071066,matched,Wikidata
690,Michael P. Bosniak,American,Male,,,,uncertain,
692,Check  Boterf,American,Male,1934.0,,,not_found,
693,Fernando Botero,Colombian,Male,1932.0,2023.0,Q272877,matched,Wikidata
696,Mario Botta,Swiss,Male,1943.0,,Q122363,matched,Wikidata
697,Kenneth J. Botto,American,Male,1937.0,2008.0,Q55218091,matched,Wikidata
700,Jean Boucher,French,Male,1575.0,1633.0,Q3170873,matched,Wikidata
702,Bouillon,French,,,,,uncertain,
704,Bart Boumans,Dutch,Male,1940.0,,Q38999459,matched,Wikidata
709,Jouineau Bourduge,French,,,,,uncertain,
714,J. Bouski,Polish,,,,,uncertain,
717,Boutrou,French,,,,Q79460881,matched,Wikidata
718,Lynn Bowers,American,Male,1932.0,,,not_found,
719,Frank Bowling,Guyanese,Male,1936.0,,Q1264049,matched,Wikidata
722,Fionnuala Boyd,British,Female,1944.0,,Q17708736,matched,Wikidata
724,Mark Boyle,British,Male,1934.0,2005.0,Q6766809,matched,Wikidata
729,Su Braden,British,Female,1940.0,,Q77325194,matched,Wikidata
730,Martin Bradley,British,Male,1931.0,2023.0,Q20757562,matched,Wikidata
731,Paul Bradley,American,Male,1960.0,,,uncertain,
733,Dove Bradshaw,American,Male,1949.0,,Q5302393,matched,Wikidata
739,Hans Brand,German,Male,1879.0,1959.0,Q121630,matched,Wikidata
747,Pieter Brattinga,Dutch,Male,1931.0,2004.0,Q1894090,matched,Wikidata
750,Braun et Compagnie,French,Male,,,,uncertain,
752,Troy Brauntuch,American,Male,1954.0,,Q7846772,matched,Wikidata
755,Stipe Brcic,Yugoslav,Male,1948.0,,Q55772928,matched,Wikidata
759,Carl-Arne Breger,Swedish,Male,1923.0,2009.0,Q1036399,matched,Wikidata
763,Bjorn G. Breitholtz,Swedish,Male,,,,not_found,
764,Uwe Bremer,German,Male,1940.0,,Q2504070,matched,Wikidata
772,Charles D. Briddell,American,Male,,,,not_found,
773,Marilyn Bridges,American,Female,1948.0,,Q15487440,matched,Wikidata
774,Barry Bridgwood,American,Male,1957.0,,,not_found,
775,G. Stanislaus Brien,British,,,,Q79461122,matched,Wikidata
776,Judson Briggs,American,Male,1906.0,,,uncertain,
779,Denis Brihat,French,Male,1928.0,2024.0,Q3022572,matched,Wikidata
780,Enrique Brinkmann,Spanish,Male,1938.0,,Q4096551,matched,Wikidata
784,John Brockman,American,Male,1941.0,,Q1314332,matched,Wikidata
789,Alexander Brodsky,Russian,Male,,,,uncertain,
790,Jürgen Brodwolf,Swiss,Male,1932.0,,Q1717050,matched,Wikidata
791,Stephen Brody,American,Male,1926.0,,,not_found,
793,Stig Brøgger,Danish,Male,1941.0,2021.0,Q12337204,matched,Wikidata
797,John Brook,American,Male,1924.0,2016.0,Q43580244,matched,Wikidata
800,Wendell Brooks,American,Male,1939.0,,Q55218219,matched,Wikidata
803,Gary Stephen Brotmeyer,American,Male,1946.0,,Q55218225,matched,Wikidata
805,Gustav A. Brown,American,Male,1908.0,,,not_found,
806,James Brown,American,Male,1951.0,,,uncertain,
808,Kathan Brown,American,Female,1935.0,2025.0,Q6376101,matched,Wikidata
809,Margaret DeM Brown,American,Female,,,,not_found,
810,Ray Brown,American,Male,1933.0,,,uncertain,
812,William Brown,American,Male,,,,uncertain,
815,Colleen Browning,American,Female,1923.0,2003.0,Q5146236,matched,Wikidata
818,Roser Llop Bru,Chilean,Female,1923.0,,,not_found,
819,Salvador Bru,Chilean,Male,1923.0,,Q7406387,matched,Wikidata
825,Paul Brühwiler,Swiss,Male,1939.0,,Q77353863,matched,Wikidata
826,William Brui,Israeli,Male,1946.0,,Q4097143,matched,Wikidata
827,Brumhoff,Nationality unknown,,,,,uncertain,
830,Robert Brunner,American,Male,1958.0,,Q7342469,matched,Wikidata
831,Albin Brunovsky,Slovak,Male,,,,not_found,
833,Günter Brus,Austrian,Male,1938.0,2024.0,Q677218,matched,Wikidata
834,Grisha Bruskin,Russian,Male,1945.0,,Q1754439,matched,Wikidata
836,William Bryant,American,Male,1946.0,,,uncertain,
839,Gernot Bubenik,German,Male,1942.0,,Q1514375,matched,Wikidata
840,Boris Bućan,Croatian,Male,1947.0,2023.0,Q12628135,matched,Wikidata
841,Erich Buchegger,Austrian,Male,1924.0,1988.0,Q77353484,matched,Wikidata
845,John Buck,American,Male,1946.0,,,uncertain,
849,Stephen Buckley,British,Male,1944.0,,Q20200829,matched,Wikidata
851,Dan Budnik,American,Male,1933.0,2020.0,Q5213204,matched,Wikidata
852,Budry,Greek,,,,,uncertain,
858,Adam Bujak,Polish,Male,1940.0,,Q9139395,matched,Wikidata
862,Torun Bülow-Hübe,Swedish,Female,1929.0,,,not_found,
864,Willi Bunkowski,German,Male,1949.0,,Q55218243,matched,Wikidata
865,Édouard-Wilfred Buquet,French,Male,1866.0,1940.0,Q42179742,matched,Wikidata
866,Pierre Buraglio,French,Male,1939.0,,Q3384229,matched,Wikidata
873,Daniel Buren,French,Male,1938.0,,Q593621,matched,Wikidata
874,Bill Burke,American,Male,1943.0,,Q26883736,matched,Wikidata
875,Burkhard,Swiss,,,,,uncertain,
880,Deirdre Burnett,British,Female,1939.0,,,not_found,
881,Joseph Burnett,American,Male,1923.0,,,uncertain,
882,Marsha Burns,American,Female,1945.0,,Q20733332,matched,Wikidata
888,Richmond Burton,American,Male,1960.0,,Q21995280,matched,Wikidata
892,Andrew Foster Bush,American,Male,1956.0,,,not_found,
898,Frances Butler,American,Female,1940.0,2024.0,Q29052591,matched,Wikidata
901,Elizabeth Butterworth,British,Female,1949.0,,Q5362505,matched,Wikidata
903,Michael Byron,American,Male,1954.0,,,uncertain,
904,C.N. and Company,British,,,,,not_found,
905,Roland Cabot,Brazilian,Male,,,,uncertain,
906,Luigi Caccia Dominioni,Italian,Male,1913.0,2016.0,Q3839400,matched,Wikidata
907,Cadavre Exquis,French,,,,,uncertain,
908,John Cadenhead,American,Male,1937.0,,Q134378049,matched,Wikidata
910,Poul Cadovius,Danish,Male,1911.0,2011.0,Q12332127,matched,Wikidata
911,Deborah Fleming Caffery,American,Female,1948.0,,,not_found,
914,Miriam Cahn,Swiss,Female,1949.0,,Q530599,matched,Wikidata
916,Fred Cain,American,Male,1938.0,,,not_found,
917,José Milner Cajahuaringa,Peruvian,Male,1932.0,,,not_found,
918,Charles Cajori,American,Male,1921.0,2013.0,Q58213294,matched,Wikidata
920,Nicolas Calas,American,Male,1907.0,,,not_found,
923,Dale R. Caldwell,American,Male,1929.0,,,not_found,
927,Edwin Calligan,British,Male,,,Q79461014,matched,Wikidata
928,Jo Ann Callis,American,Female,1940.0,,,not_found,
931,"P. E. Camerer, St. Paul, MN",American,,,,,not_found,
934,Luis Camnitzer,Uruguayan,Male,1937.0,,Q475981,matched,Wikidata
937,Nickie Campbell,American,,1962.0,,Q55218291,matched,Wikidata
939,Steven Campbell,British,Male,1954.0,2007.0,Q7614544,matched,Wikidata
941,Antonia Campi,Italian,Female,1921.0,2019.0,Q3618995,matched,Wikidata
944,Peter Campus,American,Male,1937.0,,Q1274234,matched,Wikidata
947,John Candelario,American,Male,1916.0,,,not_found,
948,Louis Cane,French,Male,1943.0,2024.0,Q1442855,matched,Wikidata
952,Rafael Canogar,Spanish,Male,1935.0,,Q719919,matched,Wikidata
954,Federico Cantú,Mexican,Male,,,,uncertain,
957,Bruno Capacci,Italian,Male,1906.0,1996.0,Q21345043,matched,Wikidata
961,Paul Caponigro,American,Male,1932.0,2024.0,Q15516576,matched,Wikidata
964,Aida Carballo,Argentine,Female,,,,not_found,
967,Santiago Cárdenas,Colombian,Male,1937.0,,Q61791143,matched,Wikidata
973,C. Carleton,American,,,,Q79460900,matched,Wikidata
975,Charles W. Carlson,American,Male,,,,not_found,
976,Richard Carlson,Australian,Male,1941.0,,,uncertain,
978,Natacha Carlu,Nationality unknown,Female,,,,not_found,
980,Eugenio Carmi,Italian,Male,1920.0,2016.0,Q952096,matched,Wikidata
981,John William Carnell,American,Male,1952.0,,,not_found,
983,Carol,Cuban,,,,,uncertain,
984,Paolo Carosone,Italian,Male,1941.0,,Q3362611,matched,Wikidata
985,Carpenter,British,,,,,uncertain,
989,Clara Carrié,Argentine,Female,,,,uncertain,
991,Mario Carrieri,Italian,Male,1932.0,2026.0,Q55218320,matched,Wikidata
996,Patricia Jon Carroll,American,Female,1942.0,,,not_found,
1004,John Casado,American,Male,1944.0,,Q16106580,matched,Wikidata
1008,Pietro Cascella,Italian,Male,1921.0,2008.0,Q787143,matched,Wikidata
1009,Jacqueline S. Casey,American,Female,1927.0,,,not_found,
1010,Sydney Cash,American,Male,1941.0,,Q55218342,matched,Wikidata
1011,Casio Computer Co. Ltd.,Japanese,,1957.0,,,not_found,
1013,Felice Casorati,Italian,Female,1883.0,1963.0,Q574616,matched,Wikidata
1019,Herbert Carroll Cassill,American,Male,1928.0,,Q117118342,matched,Wikidata
1021,Rodolfo V Castagna,Argentine,Male,,,,uncertain,
1024,Pedro Castelar Báez,Mexican,Male,1905.0,,Q117118343,matched,Wikidata
1025,Enrico Castellani,Italian,Male,1930.0,2017.0,Q560134,matched,Wikidata
1033,Vita Castro,Mexican,Female,,,,uncertain,
1035,P. H. Caswell,American,,,,Q79459672,matched,Wikidata
1036,Umberto Catalano,Italian,Male,1944.0,,,not_found,
1038,Bob Cato,Nationality unknown,Male,1923.0,1999.0,Q4932037,matched,Wikidata
1040,Cause,French,,,,,uncertain,
1041,Alik Cavaliere,Italian,Male,1926.0,1998.0,Q3611791,matched,Wikidata
1044,Bruno Ceccobelli,Italian,Male,1952.0,,Q3645686,matched,Wikidata
1045,Francis Celentano,American,Male,1928.0,,,not_found,
1046,Stojan Celic,Nationality unknown,Male,,,,not_found,
1047,Perez Celis,Argentine,Male,,,,not_found,
1048,Vija Celmins,American,Female,1938.0,,Q465777,matched,Wikidata
1049,Centrokappa Design and Communication,Italian,,1972.0,,,uncertain,
1051,Emilio Cerri,Italian,Male,,1947.0,Q55218357,matched,Wikidata
1056,Roger Chailloux,Dutch,Male,1931.0,1977.0,Q18655443,matched,Wikidata
1058,Paul Chaleff,American,Male,1947.0,,,not_found,
1062,Chambers,American,,,,,uncertain,
1065,Bruce Chandler,American,Male,1945.0,,Q134413566,matched,Wikidata
1068,Linda Chapman,American,Female,1952.0,,,uncertain,
1069,André Chapon,French,Male,,,,uncertain,
1070,Walter Chappell,American,Male,1925.0,2000.0,Q7964537,matched,Wikidata
1078,Louisa Chase,American,Female,1951.0,2016.0,Q6688504,matched,Wikidata
1086,Bernard Cheese,British,Male,1925.0,2013.0,Q15992849,matched,Wikidata
1088,Cheng Sha Ping,Chinese,,,,,uncertain,
1091,Ivan Chermayeff,American,Male,1932.0,2017.0,Q42429220,matched,Wikidata
1092,Norman Cherner,American,Male,1920.0,1987.0,Q50590440,matched,Wikidata
1095,Michael Chernyshov,Russian,Male,1945.0,,Q23047398,matched,Wikidata
1096,Lee Chesney,American,Male,1920.0,,,not_found,
1097,Sandro Chia,Italian,Male,1946.0,,Q763368,matched,Wikidata
1098,Miriam Chiaverini,Nationality unknown,Female,1940.0,2005.0,Q112257614,matched,Wikidata
1099,Judy Chicago,American,Female,1937.0,,Q441440,matched,Wikidata
1100,John Chick,American,Male,,,,uncertain,
1102,Chikuchi Toshio,,,,,,not_found,
1107,Marcel Chirnoaga,Romanian,Male,1930.0,,,not_found,
1108,Anna Chojnacka,Polish,Female,1914.0,2007.0,Q30604264,matched,Wikidata
1110,Chunghi Choo,American,Female,1938.0,,Q5116369,matched,Wikidata
1111,Gilles-Louis Chrétien,French,Male,1754.0,1811.0,Q1149396,matched,Wikidata
1114,Christo,American,Male,1935.0,2020.0,Q14633979,matched,Wikidata
1119,Caldecot Chubb,American,Male,,,,uncertain,
1120,John W. Church,American,Male,,,,not_found,
1122,Seymour Chwast,American,Male,1931.0,,Q2275902,matched,Wikidata
1123,Michael Ciavolino,American,Male,1924.0,2019.0,Q55218380,matched,Wikidata
1124,Carmen L. Cicero,American,Male,1926.0,,,not_found,
1128,Carlo Cisventi,Italian,Male,1929.0,1988.0,Q55218382,matched,Wikidata
1133,Larry Clark,American,Male,1943.0,,Q714496,matched,Wikidata
1134,John Clem Clarke,American,Male,1937.0,2021.0,Q21072290,matched,Wikidata
1136,José Claudio Da Silva,Brazilian,Male,1932.0,,Q77348408,matched,Wikidata
1138,Antoni Clavé,Spanish,Male,1913.0,2005.0,Q537652,matched,Wikidata
1139,Maude Schuyler Clay,American,Female,1953.0,,,not_found,
1143,Gisela Clemens,German,Female,,,Q79461149,matched,Wikidata
1144,Mildred Leo Clemens,Nationality unknown,Female,,,Q79461759,matched,Wikidata
1145,Francesco Clemente,Italian,Male,1952.0,,Q698667,matched,Wikidata
1146,Lucien Clergue,French,Male,1934.0,2014.0,Q1395740,matched,Wikidata
1148,Pierre Clerk,Canadian,Male,1928.0,,Q3384466,matched,Wikidata
1150,Henry Cliffe,British,Male,1919.0,1983.0,Q1606605,matched,Wikidata
1152,William Clift,American,Male,1944.0,,,uncertain,
1153,Paul Clinton,American,Male,1942.0,,,uncertain,
1156,Chuck Close,American,Male,1940.0,2021.0,Q453883,matched,Wikidata
1157,John Timothy Close,American,Male,1958.0,,,not_found,
1158,Emile Clouet,French,Male,,,Q79461042,matched,Wikidata
1159,Prunella Clough,British,Female,1919.0,1999.0,Q7253041,matched,Wikidata
1160,Stanley T. Clough,American,Male,,,,uncertain,
1161,William Clutz,American,Male,1933.0,,,not_found,
1162,Gerald Coble,American,Male,1933.0,,,not_found,
1163,Chema Cobo,Spanish,Male,1952.0,2023.0,Q5765633,matched,Wikidata
1167,Sam Cocomise,Nationality unknown,Male,,,,uncertain,
1170,Sue Coe,British,Female,1951.0,,Q7634046,matched,Wikidata
1171,Haskell Coffin,American,Male,,,,not_found,
1172,Bernard Cohen,British,Male,1933.0,,Q822353,matched,Wikidata
1175,Mark Cohen,American,Male,1943.0,,,uncertain,
1176,Sheldon Cohen,Canadian,Male,1949.0,,Q7493474,matched,Wikidata
1177,Pinchas Cohen Gan,Israeli,Male,1942.0,,Q2905186,matched,Wikidata
1179,Van Deren Coke,American,Male,1921.0,2004.0,Q1444352,matched,Wikidata
1180,Luigi Colani,German,Male,1928.0,2019.0,Q61130,matched,Wikidata
1181,Isaac I. Cole,American,Male,,,,not_found,
1184,Warrington Colescott,American,Male,1921.0,2018.0,Q7970718,matched,Wikidata
1186,Edward Colker,American,Male,1927.0,,,not_found,
1189,Leo Collins,American,Male,,,,not_found,
1194,Gino Colombini,Italian,Male,1915.0,2011.0,Q525701,matched,Wikidata
1199,Greg Colson,American,Male,1956.0,,Q15442118,matched,Wikidata
1202,Ian Colverson,British,Male,1940.0,,Q55218319,matched,Wikidata
1204,Franklin Colvin,American,Male,,,,not_found,
1207,Edward Condak,American,Male,,,,not_found,
1208,Miguel Conde,Mexican,Male,1939.0,,,uncertain,
1210,George Condo,American,Male,1957.0,,Q705880,matched,Wikidata
1213,Lee Conklin,American,Female,1941.0,,Q16105678,matched,Wikidata
1216,Gregory Conniff,American,Male,1944.0,,,not_found,
1217,Linda Connor,American,Female,1944.0,,Q15459229,matched,Wikidata
1218,Robert Conover,American,Male,1920.0,1998.0,Q62032165,matched,Wikidata
1219,Conrad,American,,,,,uncertain,
1220,Conran Associates,British,,1955.0,,,uncertain,
1223,Denis Constanduros,Nationality unknown,Male,1910.0,1978.0,Q55772774,matched,Wikidata
1226,D. Constantin,Greek,Male,,,,not_found,
1229,Lia Cook,American,Female,1942.0,,Q23009553,matched,Wikidata
1241,Al Corchia,American,Male,1935.0,,Q55218419,matched,Wikidata
1249,Corning Glass Works,American,,1851.0,,,uncertain,
1250,Hector Coronado,Mexican,Male,1938.0,,Q77353591,matched,Wikidata
1255,Gloria Cortella,American,Female,1929.0,,,not_found,
1256,Erasto Cortes Juarez,Mexican,Male,,,,not_found,
1257,Jean Cortot,French,Male,1925.0,2018.0,Q3171429,matched,Wikidata
1258,Steven Cortright,American,Male,1942.0,1991.0,Q18333246,matched,Wikidata
1260,Marie Cosindas,American,Female,1925.0,2017.0,Q6762808,matched,Wikidata
1261,Herman Costa,American,Male,1944.0,2019.0,Q117118492,matched,Wikidata
1264,Flavio Costantini,Italian,Male,1926.0,2013.0,Q604848,matched,Wikidata
1266,Alan Cote,American,Male,1937.0,,Q26291016,matched,Wikidata
1267,Robert Cottingham,American,Male,1935.0,,Q1355414,matched,Wikidata
1270,Jack Coughlin,American,Male,1932.0,2025.0,Q6111846,matched,Wikidata
1272,Coulon,French,,1907.0,,,uncertain,
1281,Robert Cowan,American,Male,1930.0,,,uncertain,
1282,Clement Cowles,British,Male,1894.0,1981.0,Q28744881,matched,Wikidata
1286,Tony Cragg,British,Male,1949.0,,Q702163,matched,Wikidata
1288,Michael Craig-Martin,British,Male,1941.0,,Q24503,matched,Wikidata
1290,Martin Crampton,Nationality unknown,Male,,,Q79461689,matched,Wikidata
1292,Barbara Crane,American,Female,1928.0,2019.0,Q18385329,matched,Wikidata
1293,Meg Cranston,American,Female,1960.0,,Q6807973,matched,Wikidata
1294,Crash (John Matos),American,Male,1961.0,,,not_found,
1297,Mario Cravo Junior,Brazilian,Male,1923.0,,,not_found,
1301,Robert Cremean,American,Male,1932.0,,,not_found,
1304,L. Crenuere & Cie.,French,,,,,not_found,
1308,Renato Cristiano,Italian,Male,1926.0,,Q21290863,matched,Wikidata
1314,Wim Crouwel,Dutch,Male,1928.0,2019.0,Q555389,matched,Wikidata
1321,Carlos Cruz-Diez,Venezuelan,Male,1923.0,2019.0,Q1042835,matched,Wikidata
1322,John J. Cu Roi,American,Male,1920.0,,Q117118516,matched,Wikidata
1323,Enzo Cucchi,Italian,Male,1949.0,,Q698306,matched,Wikidata
1324,Cudsen,British,,,,Q79460947,matched,Wikidata
1325,José Luis Cuevas,Mexican,Male,1934.0,1952.0,Q16242053,matched,Wikidata
1327,Gordon Cullen,British,Male,1914.0,1994.0,Q3773491,matched,Wikidata
1330,Robert Cumming,American,Male,1943.0,,,uncertain,
1331,José Alfonso Cuni,Nationality unknown,Male,,,,not_found,
1334,John Timothy Curran,American,Male,1938.0,,,not_found,
1335,Anthony Currell,British,Male,1942.0,,Q77324789,matched,Wikidata
1336,William R. Current,American,Male,1923.0,1986.0,Q77288421,matched,Wikidata
1340,Rolf Curt,German,Male,1931.0,2006.0,Q24050413,matched,Wikidata
1344,Ronnie Cutrone,American,Male,1948.0,2013.0,Q3941135,matched,Wikidata
1346,Gunnar Cyrén,Swedish,Male,1931.0,,,not_found,
1347,Jerzy Czerniawski,Polish,,1947.0,,Q77353684,matched,Wikidata
1353,Alfredo da Silva,Bolivian,Male,1935.0,,,uncertain,
1355,Dagron & Cie.,French,,,,,not_found,
1359,Walter Dahn,German,Male,1954.0,2024.0,Q1740593,matched,Wikidata
1360,Wolfgang Dahnke,Nationality unknown,Male,,,,uncertain,
1362,Hajime Daito,Japanese,Female,,,,uncertain,
1365,Francois Dallegret,French,Male,1937.0,,Q65683787,matched,Wikidata
1369,Horia Damian,French,Male,1922.0,2012.0,Q3140531,matched,Wikidata
1370,Jorge Damiani,Uruguayan,Male,1931.0,2017.0,Q21095022,matched,Wikidata
1371,Charles Damiano,British,Male,,,Q79460907,matched,Wikidata
1372,Elisabeth van Damme,Nationality unknown,Female,,,,not_found,
1374,Bill Dane,American,Male,1938.0,,Q4908686,matched,Wikidata
1375,Sergio Dangelo,Italian,Male,1931.0,2022.0,Q3956088,matched,Wikidata
1378,Peter Danko,American,Male,1949.0,,Q17305820,matched,Wikidata
1380,Bob Danner,American,Male,1948.0,,,not_found,
1382,Jerry Dantzic,American,Male,1925.0,2006.0,Q42313496,matched,Wikidata
1383,Avery Coffey Danziger,American,Male,1953.0,,Q55218458,matched,Wikidata
1384,Louis Danziger,American,Male,1923.0,,Q25712711,matched,Wikidata
1386,Pan Daqiang,Chinese,,1937.0,,Q77325098,matched,Wikidata
1389,Aurino Valenca Lins Darel,Brazilian,Male,1925.0,,Q21544193,matched,Wikidata
1390,Alfred Dargis,American,Male,,,,uncertain,
1392,Judy Dater,American,Female,1941.0,,Q6304405,matched,Wikidata
1398,Bruce Davidson,American,Male,1933.0,,Q962520,matched,Wikidata
1399,Hal Davidson,American,Male,,,,uncertain,
1403,John A. Davies,British,Male,1949.0,,,uncertain,
1404,Brad Davis,American,Male,1942.0,,,uncertain,
1406,Faurest Davis,American,Male,1906.0,1991.0,Q54944041,matched,Wikidata
1409,Lynn Davis,American,Female,1944.0,,Q6708998,matched,Wikidata
1410,Paul Davis,American,Male,1938.0,,,uncertain,
1411,Ron Davis,American,Male,1937.0,,,uncertain,
1413,Laurence Daws,Australian,Male,,,,uncertain,
1417,Lucien Day,American,Male,1916.0,,,not_found,
1420,Daze (Chris Ellis),American,Male,1962.0,,,not_found,
1426,Francis De Erdely,Hungarian,Male,,,,not_found,
1430,R. S. De Lamater,American,,,,,not_found,
1432,Regina Maria De Luise,American,Female,1959.0,,,not_found,
1437,Victor De Palma,Nationality unknown,Male,,,,uncertain,
1440,Jérôme De Perlinghi,Belgian,Male,1961.0,,,not_found,
1446,Lewis De Soto,American,Male,1954.0,,,not_found,
1448,Marco De Valdivia,Chilean,Male,1947.0,,,not_found,
1452,Erwin De Vries,Dutch,Male,,,,not_found,
1454,A. R. De Ycaza,American,Female,1915.0,,,not_found,
1456,Richard Deacon,British,Male,1949.0,,Q523810,matched,Wikidata
1457,David Deahl,American,Male,,,,not_found,
1462,Robert J. Debrey,American,Male,1934.0,,Q23068106,matched,Wikidata
1463,Peter Dechar,American,Male,1942.0,,,not_found,
1471,Lucio Del Pezzo,Italian,Male,1933.0,2020.0,Q3838854,matched,Wikidata
1473,Eduardo Del Valle,American,Male,1951.0,,,not_found,
1476,George Delany,American,Male,1946.0,,,not_found,
1477,Tony DeLap,American,Male,1927.0,2019.0,Q7822189,matched,Wikidata
1483,Victor Delhez,Belgian,Male,,,,uncertain,
1488,Nélida Demichelis,Argentine,Female,,,,uncertain,
1489,Jorge Demirjian,Argentine,Male,1932.0,2018.0,Q26001054,matched,Wikidata
1491,Agnes Denes,American,Female,1931.0,,Q394503,matched,Wikidata
1494,Reynolds G. Dennis,American,Male,,,Q79462112,matched,Wikidata
1499,J. Deplanque,French,,,,,not_found,
1501,Co Derr,Swedish,,1921.0,2011.0,Q77353434,matched,Wikidata
1502,André Des Gachons,French,Male,,,,not_found,
1504,Léopold Desbrosses,French,Male,1821.0,1908.0,Q18713651,matched,Wikidata
1505,Gérard Deschamps,French,Male,1937.0,,Q3123904,matched,Wikidata
1506,Odette Desgarets,French,Female,1891.0,,,not_found,
1507,Arthur Deshaies,American,Male,1920.0,,,not_found,
1512,Gianni Dessi,Italian,Male,1955.0,,,not_found,
1516,David Deutsch,American,Male,1943.0,,,uncertain,
1518,John Edward Devine,American,Male,1944.0,,,not_found,
1522,Umberto di Lazzaro,Italian,Male,1898.0,1968.0,Q79462490,matched,Wikidata
1525,Martha Diamond,American,Female,1944.0,2023.0,Q20857237,matched,Wikidata
1526,Stuart Diamond,American,Male,1942.0,,Q107643286,matched,Wikidata
1527,Barbaralee Diamonstein,American,Female,,,,uncertain,
1528,David Diao,American,Male,1943.0,,Q5232961,matched,Wikidata
1529,Antonio Dias,Brazilian,Male,1944.0,2018.0,Q16491978,matched,Wikidata
1532,Waldo Diaz-Balart,Cuban,Male,1931.0,,,not_found,
1533,Jan Dibbets,Dutch,Male,1941.0,,Q573374,matched,Wikidata
1534,Ronald Dickens,British,Male,,,,uncertain,
1535,Jane Dickerman,American,Female,,,,not_found,
1538,Jane Dickson,American,Female,1952.0,,Q16842278,matched,Wikidata
1540,Julio de Diego,Nationality unknown,Male,1900.0,1979.0,Q16008665,matched,Wikidata
1542,Geurt van Dijk,Dutch,Male,1941.0,,Q2034421,matched,Wikidata
1543,Daniel den Dikkenbboer,Dutch,Male,,,,not_found,
1544,Guy Dill,American,Male,1946.0,,,not_found,
1545,Laddie John Dill,American,Male,1943.0,,Q20901557,matched,Wikidata
1547,Jim Dine,American,Male,1935.0,,Q531234,matched,Wikidata
1548,Rick Dingus,American,Male,1951.0,,,not_found,
1550,Harry Disberg,Dutch,Male,1921.0,2004.0,Q29557950,matched,Wikidata
1554,Disney Studios,American,,,,,not_found,
1555,Wes Disney,American,Male,1946.0,,Q55218516,matched,Wikidata
1556,Juan Carlos Distéfano,Argentine,Male,1933.0,,Q5948258,matched,Wikidata
1557,Eugenio Dittborn,Chilean,Male,1943.0,,Q5850469,matched,Wikidata
1558,John Divola,American,Male,1949.0,,Q6229503,matched,Wikidata
1567,Eugène Dodeigne,French,Male,1923.0,2015.0,Q321394,matched,Wikidata
1568,Betty Dodson,American,Female,1929.0,2020.0,Q850329,matched,Wikidata
1571,Wesley Coe Doherty,American,Male,1919.0,,Q55218523,matched,Wikidata
1576,Roger Doloy,French,Male,1920.0,1998.0,Q55218526,matched,Wikidata
1580,Tadeusz Dominik,Polish,Male,1928.0,,,uncertain,
1584,Anthony Donaldson,British,Male,1939.0,,,not_found,
1586,Seena Donneson,Nationality unknown,Female,,,,not_found,
1588,Roland Dorcély,Haitian,Male,1930.0,,,not_found,
1591,William Doriani,American,Male,1891.0,,,not_found,
1593,Mary Ann Dorr,American,Female,1930.0,,,not_found,
1599,James H. Dougherty,Nationality unknown,Male,,,Q79461316,matched,Wikidata
1600,Edward Douglas,American,Male,1943.0,,,uncertain,
1601,Gianni Dova,Italian,Male,1925.0,1991.0,Q630470,matched,Wikidata
1603,James Dow,American,Male,1942.0,,,uncertain,
1604,John Edward Dowell,American,Male,1941.0,,,not_found,
1605,Rackstraw Downes,American,Male,1939.0,,Q7279809,matched,Wikidata
1607,W. & D. Downey,British,,,,,uncertain,
1610,Robert Doxat,Austrian,Male,1930.0,2004.0,Q77348596,matched,Wikidata
1612,Tom Drahos,Czech,Male,1947.0,,Q18221317,matched,Wikidata
1614,Roy R. Drasites,American,Male,1945.0,,,not_found,
1618,Lynne Drexler,American,Female,,,,not_found,
1620,Felix Droese,German,Male,1950.0,,Q1403424,matched,Wikidata
1621,L. Jean Droit,French,Male,,,Q79461474,matched,Wikidata
1623,Achilles Droungas,Greek,Male,1940.0,,Q23954785,matched,Wikidata
1624,Sydney Drum,Canadian,Female,1952.0,,Q77325198,matched,Wikidata
1625,Sally Hazelet Drummond,American,Female,1924.0,,,not_found,
1628,Doug Dubois,American,Male,1960.0,,,not_found,
1636,Gérard Duchène,French,Male,1944.0,,,not_found,
1639,Espinoza Duenas,Peruvian,Male,1926.0,,,not_found,
1640,Bernd Duerr,German,,1953.0,,,not_found,
1641,Dana Duff,American,Female,1955.0,,Q108897244,matched,Wikidata
1642,John Duff,American,Male,1943.0,,Q20706241,matched,Wikidata
1644,Francis Dufrêne,Nationality unknown,Male,,,,uncertain,
1648,Gert Dumbar,Dutch,Female,1940.0,,Q3761317,matched,Wikidata
1650,Henri Dumont,Nationality unknown,Male,1859.0,,,uncertain,
1651,David Douglas Duncan,American,Male,1916.0,2018.0,Q934820,matched,Wikidata
1652,Carroll Dunham,American,Male,1949.0,,Q1045182,matched,Wikidata
1655,E. Durand,French,,,,Q47626325,matched,Wikidata
1656,Sylvain Durand,French,Male,,,,uncertain,
1661,Stephen Durkee,American,Male,1939.0,,,not_found,
1662,Hansi Durlach,American,Female,,,,not_found,
1664,Allen A. Dutton,American,Male,1922.0,2017.0,Q112076812,matched,Wikidata
1666,Suzanne R. Dworsky,American,Female,1929.0,,,not_found,
1667,Carlus Dyer,American,Male,1917.0,,,not_found,
1668,Mario Dyyon,American,Male,1946.0,,,not_found,
1675,Christian Eckart,Canadian,Male,1959.0,,Q15450250,matched,Wikidata
1678,Don Eddy,American,Male,1944.0,,Q324800,matched,Wikidata
1679,Karl Edelman,American,Male,,,,uncertain,
1680,Doug Edge,American,Male,1942.0,,,not_found,
1682,Leonard Edmonson,American,Male,1916.0,,,not_found,
1685,Melvin Edwards,American,Male,1937.0,2026.0,Q3305305,matched,Wikidata
1687,Benni Efrat,Israeli,Male,1936.0,,Q4889797,matched,Wikidata
1689,Eberhard Eggers,German,Male,1939.0,2004.0,Q23071363,matched,Wikidata
1690,William Eggleston,American,Male,1939.0,,Q389912,matched,Wikidata
1692,Shyu Eguchi,Japanese,Male,1932.0,,Q55218578,matched,Wikidata
1696,Hans Eichenberger,Swiss,Male,1926.0,2024.0,Q15507870,matched,Wikidata
1699,Horst Eigen,German,Male,1942.0,,Q55218580,matched,Wikidata
1700,Hans Eijkelboom,Dutch,Male,1949.0,,Q22237540,matched,Wikidata
1705,Lette Eisenhauer,American,Female,1935.0,,,not_found,
1710,Jacob El Hanani,Israeli,Male,1947.0,,Q22094674,matched,Wikidata
1711,Harold Elberg,American,Male,,,,not_found,
1712,Valdemar H. Elenbaas,Dutch,Male,,,,not_found,
1714,Etiènne Elias,Belgian,Male,,,,not_found,
1715,Eliot Noyes Industrial Design,American,,,,,not_found,
1719,Clifford and Rosemary Ellis,British,,,,,uncertain,
1721,Rita Eloul,Nationality unknown,Female,,,,not_found,
1725,Herman Emmet,American,Male,1943.0,2021.0,Q55218588,matched,Wikidata
1733,Pieter Engels,Dutch,Male,1938.0,2019.0,Q1122322,matched,Wikidata
1737,Robert Engman,American,Male,1927.0,2018.0,Q7344094,matched,Wikidata
1740,Edward Enlin,American,Male,,,,uncertain,
1742,Mitch Epstein,American,Male,1952.0,,Q1939454,matched,Wikidata
1743,Stephan Erfurt,German,Male,1958.0,,Q95296578,matched,Wikidata
1746,Erling Ericsson,Swedish,Male,,,Q79461051,matched,Wikidata
1748,Boris Nicolaevich Ermolaev,Russian,Male,1903.0,1982.0,Q77324797,matched,Wikidata
1749,Vera Ermolaeva,Russian,Female,1893.0,1937.0,Q1744626,matched,Wikidata
1754,Erro (Gudmundur Gudmundsson),Icelandic,Male,1932.0,,,not_found,
1755,Erwin,French,,,,,uncertain,
1756,Elliott Erwitt,American,Male,1928.0,2023.0,Q284360,matched,Wikidata
1758,Castro Escobedo,Nationality unknown,Male,,,,uncertain,
1760,John K. Esler,Canadian,Male,1933.0,2001.0,Q55218532,matched,Wikidata
1762,Bud Esry,American,Male,1920.0,,,not_found,
1763,Reed Estabrook,American,Male,1944.0,,Q55218607,matched,Wikidata
1764,Richard Estes,American,Male,1936.0,,Q704965,matched,Wikidata
1769,Karen Eubel,American,Female,1942.0,,,not_found,
1773,Dennis Evans,American,Male,1946.0,,,uncertain,
1775,Garth Evans,British,Male,1934.0,,Q19283644,matched,Wikidata
1776,Merlyn Evans,British,Male,,,,not_found,
1783,Juanita (Jean) Exley,American,Female,1927.0,,Q55218629,matched,Wikidata
1786,Agenore Fabbri,Italian,Male,1911.0,1998.0,Q3606408,matched,Wikidata
1791,Ekkehard Fahr,German,Male,1934.0,2024.0,Q55218638,matched,Wikidata
1792,Patrick Faigenbaum,French,Male,1954.0,,Q20735668,matched,Wikidata
1795,James (Arthur) Fallon,American,Male,1946.0,,Q117118840,matched,Wikidata
1796,C. B. Falls,American,,,,,not_found,
1797,Charles Famin,French,Male,1809.0,,Q137293966,matched,Wikidata
1801,Nathan Farb,American,Male,1941.0,,,not_found,
1802,William Fares,American,Male,1942.0,,,not_found,
1805,Francisco Farreras,Spanish,Male,1927.0,2021.0,Q5865665,matched,Wikidata
1806,Walker Farynk,Nationality unknown,Male,,,,uncertain,
1807,Roberto Fasola,Italian,Male,,,,uncertain,
1808,Franz Fassler,Swiss,Male,,,,not_found,
1810,Nicolas Faure,Swiss,Male,1949.0,,Q1986530,matched,Wikidata
1812,Arthur Fauser,German,Male,1911.0,1990.0,Q709335,matched,Wikidata
1816,Philippe Favier,French,Male,1957.0,2026.0,Q3379829,matched,Wikidata
1819,John Fawcett,American,Male,1939.0,,,uncertain,
1823,Federico,American,,,,,uncertain,
1824,Helmut Federle,Swiss,Male,1944.0,,Q688444,matched,Wikidata
1829,Idelle L. Feinberg,American,Female,1932.0,,Q55218652,matched,Wikidata
1835,Rochelle Feinstein,American,Female,1947.0,,Q16204299,matched,Wikidata
1837,Nathan I. Felde,American,Male,,,Q79461853,matched,Wikidata
1838,Eugene Feldman,American,Male,1921.0,,,not_found,
1839,Walter Feldman,American,Male,1925.0,2017.0,Q77353210,matched,Wikidata
1840,Mark Feldstein,American,Male,1937.0,2001.0,Q6767582,matched,Wikidata
1843,Sandi Fellman,American,Female,1952.0,,Q55218655,matched,Wikidata
1846,Albert Fenn,American,Male,1912.0,,,not_found,
1848,William Fenton,British,Male,,,,uncertain,
1849,George J. Fenwick,British,Male,,,Q112266079,matched,Wikidata
1853,Gerald Ferguson,American,Male,1937.0,2009.0,Q1509850,matched,Wikidata
1855,Justino Fernández,Mexican,Male,1904.0,1972.0,Q1290349,matched,Wikidata
1857,Jackie Ferrara,American,Female,1929.0,2025.0,Q6116329,matched,Wikidata
1861,Rafael Ferrer,American,Male,1933.0,,,uncertain,
1862,Ronaldo Ferri,Nationality unknown,Male,,,,uncertain,
1864,Gianfranco Ferroni,Italian,Male,1927.0,2001.0,Q1522435,matched,Wikidata
1865,Ferry's Art Gallery,American,,,,,not_found,
1868,Rainer Fetting,German,Male,1949.0,,Q325900,matched,Wikidata
1869,Jed Robert Fielding,American,Male,1953.0,,,not_found,
1875,Harvey J. Finison,American,Male,1916.0,,,not_found,
1876,Aaron Fink,American,Male,1955.0,,Q20679567,matched,Wikidata
1877,Larry Fink,American,Male,1941.0,2023.0,Q6490307,matched,Wikidata
1879,Howard Finster,American,Male,1916.0,,,not_found,
1881,Vittorio Fiorucci,Canadian,Male,1931.0,2008.0,Q3561364,matched,Wikidata
1884,Lothar Fischer,Nationality unknown,Male,1933.0,2004.0,Q895865,matched,Wikidata
1885,R. M. Fischer,American,Male,1947.0,,Q27979425,matched,Wikidata
1887,Fritz Fischer-Nosbisch,German,Male,1919.0,,Q77353528,matched,Wikidata
1888,Hella Fischer-Thorer,Nationality unknown,Female,1928.0,1978.0,Q111239215,matched,Wikidata
1889,Eric Fischl,American,Male,1948.0,,,not_found,
1891,Peter Fischli,Swiss,Male,1952.0,,Q18618551,matched,Wikidata
1892,Janet Fish,American,Female,1938.0,2025.0,Q6153341,matched,Wikidata
1893,Vernon Fisher,American,Male,1943.0,2023.0,Q18669759,matched,Wikidata
1895,Dean L. Fisher,American,Male,1923.0,,Q77353453,matched,Wikidata
1896,Joel Fisher,American,Male,1947.0,,,uncertain,
1897,Stanley Fisher,American,Male,1925.0,,,uncertain,
1898,Stephen R. Fitch,American,Male,,,,not_found,
1900,Victor Fitzgerald,British,Male,,,,uncertain,
1901,Edward Fitzgerald,Nationality unknown,Male,,,,uncertain,
1902,Floyd Fitzpatrick,American,Male,,,,not_found,
1903,James Fitzsimmons,American,Male,,,,uncertain,
1905,Audrey Flack,American,Female,1931.0,2024.0,Q537578,matched,Wikidata
1909,Flannery,Nationality unknown,,,,,uncertain,
1910,Henry G. Flannery,American,Male,,,,uncertain,
1915,Alan Fletcher,British,Male,1931.0,2006.0,Q1683438,matched,Wikidata
1919,Eduard Flor,Dutch,Male,1925.0,2015.0,Q29422099,matched,Wikidata
1920,Thomas Florschuetz,German,Male,1957.0,,Q2423904,matched,Wikidata
1923,Johannes Foersom,Danish,Male,1943.0,,Q54573327,matched,Wikidata
1927,Jean-Michel Folon,Belgian,Male,1934.0,2005.0,Q1318360,matched,Wikidata
1928,A. Foncelle,French,,,,Q134413767,matched,Wikidata
1931,Rubén Fontana,Argentine,Male,1942.0,,Q55218708,matched,Wikidata
1932,Joan Fontcuberta,Spanish,Male,1955.0,,Q3088175,matched,Wikidata
1933,Ernesto Fontecilla,Chilean,Male,1938.0,,Q10939362,matched,Wikidata
1934,Fritz Foord,American,Male,,,,uncertain,
1938,B. F. Ford,American,,,,,uncertain,
1941,Pere Formiguera,Spanish,Male,1952.0,2013.0,Q8906081,matched,Wikidata
1945,Jan Forsberg,Swedish,Male,1932.0,2012.0,Q28974312,matched,Wikidata
1947,Gerhard Forster,Italian,Male,,,,uncertain,
1950,Michel Fortier,Canadian,Male,1943.0,2019.0,Q55218952,matched,Wikidata
1953,Foster Associates,British,,1967.0,,,not_found,
1954,Steven D. Foster,American,Male,1945.0,,,uncertain,
1958,Llyn Foulkes,American,Male,1934.0,,,not_found,
1961,Richard Alan Fox,American,Male,1949.0,,,uncertain,
1964,Mercedes Franchini,Italian,Male,1895.0,,Q55218716,matched,Wikidata
1966,Richard Francisco,American,Male,1942.0,,,uncertain,
1967,Franck,French,,1816.0,1906.0,Q5868307,matched,Wikidata
1970,Huguette Franco,French,Female,1944.0,,Q55218718,matched,Wikidata
1972,Mary Frank,American,Female,1933.0,,Q13560766,matched,Wikidata
1973,Robert Frank,American,Male,1924.0,2019.0,Q467574,matched,Wikidata
1979,Charles Ray Frazier,American,Male,1930.0,,,not_found,
1983,Arthur Freed,American,Male,1936.0,,,uncertain,
1984,David Freed,American,Male,1936.0,,Q28528701,matched,Wikidata
1985,Barnett Freedman,British,Male,1901.0,1958.0,Q4861627,matched,Wikidata
1986,John Freeman,American,Male,1942.0,,,uncertain,
1987,Martin Freeman,American,Male,,,,uncertain,
1988,Mark Freeman,American,Male,1908.0,2003.0,Q15454782,matched,Wikidata
1991,Leonard French,Australian,Male,1928.0,2017.0,Q465614,matched,Wikidata
1992,Ray H. French,American,Male,1919.0,2000.0,Q7297566,matched,Wikidata
1994,David Freund,American,Male,1937.0,,Q134413569,matched,Wikidata
1995,Peter Freudenthal,Swedish,Male,1938.0,2026.0,Q5743046,matched,Wikidata
1997,Mary E. Frey,American,Female,1948.0,,Q28025303,matched,Wikidata
1999,Elias Friedensohn,American,Male,1924.0,1991.0,Q21818576,matched,Wikidata
2000,Johnny Friedlaender,German,Male,1912.0,1992.0,Q316135,matched,Wikidata
2001,G. John Friedlander,American,Male,,,,not_found,
2002,Lee Friedlander,American,Male,1934.0,,Q711391,matched,Wikidata
2004,Benno Friedman,American,Male,1945.0,,,not_found,
2005,Dan Friedman,American,Male,1945.0,1995.0,Q3013066,matched,Wikidata
2006,Julius K. Friedman,American,Male,1943.0,,Q55218728,matched,Wikidata
2007,Ken Friedman,American,Male,1939.0,,Q6387644,matched,Wikidata
2008,Robert N. Friedman,American,Male,1948.0,,,not_found,
2009,Susan Friedman,American,Female,1941.0,,,uncertain,
2010,Christian (Johann Christianadolf) Friedrich,German,Male,,,,uncertain,
2011,Hartmut Friedrich,German,Male,1935.0,2020.0,Q77348335,matched,Wikidata
2016,Katharina Fritsch,German,Female,1956.0,,Q273234,matched,Wikidata
2019,Stephen Frykholm,American,Male,1942.0,,,not_found,
2024,Fukita Fumiaki,Japanese,Male,1926.0,,,not_found,
2025,Katsuji Fukuda,Japanese,Male,1898.0,1991.0,Q6353435,matched,Wikidata
2031,Emily Fuller,American,Female,1941.0,,Q28784964,matched,Wikidata
2033,Hamish Fulton,British,Male,1946.0,,Q325142,matched,Wikidata
2034,Barbara E. Fumagalli,American,Female,1926.0,,Q77324793,matched,Wikidata
2037,Hideji Furukawa,Japanese,Male,,,,uncertain,
2039,Adam Fuss,British,Male,1961.0,,Q4679085,matched,Wikidata
2040,Simon Fussell,British,Male,1945.0,,Q55218740,matched,Wikidata
2041,Fussli,Swiss,,,,,uncertain,
2046,Wolfgang Gäfgen,German,Male,1936.0,2024.0,Q2589784,matched,Wikidata
2049,Oliver Gagliani,American,Male,1917.0,,,not_found,
2050,Robert Gair Company,American,,,,,not_found,
2052,Jacek Gaj,Polish,Male,1938.0,2021.0,Q11715290,matched,Wikidata
2054,Gale,American,,,,,uncertain,
2060,Frank Gallo,American,Male,1933.0,,,not_found,
2061,Giuseppe Gallo,Italian,Male,1954.0,,Q3108038,matched,Wikidata
2064,José Gamarra,Uruguayan,Male,1934.0,,Q3186290,matched,Wikidata
2069,A. F. Gangkofner,German,,1921.0,2003.0,Q61304638,matched,Wikidata
2072,Izika Gaon,Israeli,,1938.0,,,not_found,
2073,Claude Garache,French,Male,1929.0,2023.0,Q19755324,matched,Wikidata
2074,Domingo Garcia,American,Male,1932.0,,Q28869745,matched,Wikidata
2078,Lyn Gardiner,American,Female,1946.0,,Q55218751,matched,Wikidata
2081,Flor Garduño,Mexican,Female,1957.0,,Q1277146,matched,Wikidata
2082,Jedd Garet,American,Male,1955.0,,Q15455498,matched,Wikidata
2085,Robert S. Gargiuli,American,Male,,,Q79462156,matched,Wikidata
2087,Gerard Garouste,French,Male,1946.0,,,not_found,
2088,Paolo Gasparini,Venezuelan,Male,1934.0,,Q30093317,matched,Wikidata
2091,Marco Gastini,Italian,Male,1938.0,2018.0,Q43130626,matched,Wikidata
2094,Piero Gatti,Italian,Male,1940.0,,Q21551104,matched,Wikidata
2104,Sonia Gechtoff,American,Female,1926.0,2018.0,Q13560726,matched,Wikidata
2106,Peter Gee,British,Male,1932.0,2005.0,Q7174197,matched,Wikidata
2108,Frank O. Gehry,American,Male,1929.0,,,not_found,
2109,Ronald R. Geibert,American,Male,1952.0,,Q23068019,matched,Wikidata
2110,Anna Bella Geiger,Brazilian,Female,1933.0,,Q4766844,matched,Wikidata
2113,Udo M. Geissler,German,,1932.0,,Q55218765,matched,Wikidata
2117,Nancy Genn,American,Female,,,,not_found,
2118,Juan Genovés,Spanish,Male,1930.0,2020.0,Q1710483,matched,Wikidata
2120,Franco Gentilini,Italian,Male,1909.0,1981.0,Q3082379,matched,Wikidata
2122,George Passmore,British,Male,1942.0,,Q1508041,matched,Wikidata
2123,Eric George,British,Male,1881.0,,,uncertain,
2126,Léon Gérard,French,Male,,,,uncertain,
2127,Valery Gerlovin,Russian,Female,1945.0,,,not_found,
2128,Rimma Gerlovina,Russian,Female,1951.0,,Q4137212,matched,Wikidata
2129,Jules Germain,French,Male,,,,uncertain,
2131,Bert Gerresheim,German,Male,1935.0,2025.0,Q827354,matched,Wikidata
2132,Ad Gerritsen,Dutch,Male,1940.0,2015.0,Q19786016,matched,Wikidata
2133,Gershen-Newark,American,,,,,not_found,
2136,Karl Gerstner,Swiss,Male,1930.0,2017.0,Q1707424,matched,Wikidata
2137,Franz Gertsch,Swiss,Male,1930.0,2022.0,Q116077,matched,Wikidata
2139,Richart Gheym,Nationality unknown,Male,,,,uncertain,
2143,Cristos Gianakos,American,Male,1934.0,,Q26252909,matched,Wikidata
2144,Umberto Giangrandi,Colombian,Male,1943.0,,Q28018426,matched,Wikidata
2146,Ralph Gibson,American,Male,1939.0,,Q1233831,matched,Wikidata
2148,Jill Giegerich,American,Female,1952.0,,Q28114484,matched,Wikidata
2151,Wim Gijzen,Dutch,,1941.0,2022.0,Q19938833,matched,Wikidata
2154,Q. O. Gilbert,Nationality unknown,,,,,uncertain,
2159,James Francis Gill,American,Male,1934.0,,,not_found,
2160,Gregory Gillespie,American,Male,1936.0,2000.0,Q5606936,matched,Wikidata
2161,Sam Gilliam,American,Male,1933.0,2022.0,Q2216478,matched,Wikidata
2162,Françoise Gilot,French,Male,1921.0,2023.0,Q540665,matched,Wikidata
2164,Edgardo Miguel Gimenez,Argentine,Male,1942.0,,,not_found,
2168,Roy Ginstrom,American,Male,,,,not_found,
2169,Paolo Gioli,Italian,Male,1942.0,2022.0,Q3362628,matched,Wikidata
2170,Fiorenzo Giorgi,Italian,Male,,,,uncertain,
2171,John Giorno,American,Male,1936.0,2019.0,Q642513,matched,Wikidata
2172,Philip Gips,American,Male,1931.0,2019.0,Q55218788,matched,Wikidata
2173,Girard,Nationality unknown,,,,,uncertain,
2174,Fritz Girardin,Swiss,,,,,not_found,
2177,Alberto Gironella,Mexican,Male,1929.0,1999.0,Q3816949,matched,Wikidata
2178,Léon Gischia,French,Male,1903.0,1991.0,Q3271003,matched,Wikidata
2179,A. Gisiger,Swiss,,,,Q79460766,matched,Wikidata
2181,Gits Molding Corp.,American,,,,Q79461151,matched,Wikidata
2182,Len Gittleman,American,Male,1932.0,,Q55218794,matched,Wikidata
2188,Milton Glaser,American,Male,1929.0,2020.0,Q1351481,matched,Wikidata
2193,Arnold Glimcher,American,Male,1938.0,,,not_found,
2195,Hermann Glockner,German,Male,1896.0,1979.0,Q1611218,matched,Wikidata
2197,Nathan Gluck,Nationality unknown,Male,,,,uncertain,
2199,Robert Gober,American,Male,1954.0,,Q1353414,matched,Wikidata
2200,Keith Godard,British,Male,1942.0,,Q17580124,matched,Wikidata
2205,Giuseppe de Goetzen,Italian,Male,1921.0,,Q77353549,matched,Wikidata
2207,Frank Gohlke,American,Male,1942.0,,Q5486891,matched,Wikidata
2208,David Lance Goines,American,Male,1945.0,2023.0,Q5236316,matched,Wikidata
2209,Ralph Goings,American,Male,1928.0,2016.0,Q459309,matched,Wikidata
2212,Jim Goldberg,American,Male,1953.0,,Q3178808,matched,Wikidata
2214,David Goldblatt,South African,Male,1930.0,2018.0,Q569669,matched,Wikidata
2216,Raphael Goldchain,Canadian,Male,1953.0,,Q77288322,matched,Wikidata
2219,Morton Goldsholl,Nationality unknown,Male,,,,uncertain,
2220,Lloyd Goldsmith,American,Male,1945.0,,,not_found,
2224,Mirta Gómez,American,Female,1953.0,,,not_found,
2226,Juan Gómez-Quiroz,American,Male,1939.0,,Q55218813,matched,Wikidata
2228,Leonel Gongora,Colombian,Male,1932.0,,,not_found,
2232,Sergio Gonzalez-Tornero,Chilean,Male,1927.0,2020.0,Q26252916,matched,Wikidata
2234,Gerald Gooch,American,Male,1933.0,,,not_found,
2235,T. F. Goodall,British,,,,,not_found,
2236,Joe Goode,American,Male,1937.0,2025.0,Q6210073,matched,Wikidata
2238,Jon Goodman,American,Male,1953.0,,Q125340654,matched,Wikidata
2239,Mark Goodman,American,Male,1946.0,,,uncertain,
2243,Walter Lippincott Goodwin,American,Male,,,,uncertain,
2244,John Goodyear,American,Male,1930.0,,Q21986334,matched,Wikidata
2245,Ron Gorchov,American,Male,1930.0,2020.0,Q7363836,matched,Wikidata
2246,Bonnie Gordon,American,Female,1941.0,,Q55218817,matched,Wikidata
2247,David Gordon,American,Male,1936.0,,,uncertain,
2248,Harry Gordon,,Male,,,,uncertain,
2253,Tom Gormley,American,Male,1937.0,,Q21287811,matched,Wikidata
2254,April Gornik,American,Female,1953.0,,Q4782029,matched,Wikidata
2256,Goro Ike,Japanese,Male,1911.0,,,uncertain,
2258,François Gos,French,Male,1880.0,1975.0,Q51885681,matched,Wikidata
2259,Eberhard Göschel,German,Male,1943.0,2022.0,Q1279035,matched,Wikidata
2260,John Gossage,American,Male,1946.0,,Q3181622,matched,Wikidata
2261,W. T. Gossard,American,,,,,uncertain,
2263,Zbigniew Gostomski,Polish,Male,1932.0,2017.0,Q9387901,matched,Wikidata
2273,Emmet Gowin,American,Male,1941.0,,Q5373484,matched,Wikidata
2275,Roy Grace,American,Male,1936.0,,Q55218822,matched,Wikidata
2281,Dan Graham,American,Male,1942.0,2022.0,Q698436,matched,Wikidata
2282,David Marshall Graham,American,Male,1952.0,,Q55218829,matched,Wikidata
2285,Lanier Graham,American,,1940.0,,Q77353769,matched,Wikidata
2286,Paul Graham,British,Male,1956.0,,,uncertain,
2292,Martus Granirer,American,Male,1933.0,,Q55218833,matched,Wikidata
2296,Graphicteam BDG,German,,,,,not_found,
2298,James Bruce Grashow,American,Male,1942.0,,Q131681618,matched,Wikidata
2300,Günter Grass,German,Male,1927.0,2015.0,Q6538,matched,Wikidata
2305,Hein Gravenhorst,German,Male,1937.0,,Q20627443,matched,Wikidata
2306,A. Graves & Cie.,French,,,,,not_found,
2307,Ken Graves,American,Male,1942.0,2016.0,Q42315101,matched,Wikidata
2311,Wayne Gravning,American,Male,1935.0,,Q55218835,matched,Wikidata
2314,Larry Gray,American,Male,1944.0,,Q77348433,matched,Wikidata
2315,Ed Grazda,American,Male,1947.0,,,not_found,
2316,Sante Graziani,American,Male,1920.0,2005.0,Q7420094,matched,Wikidata
2318,Green,American,,,,,uncertain,
2319,Alan Green,British,Male,1932.0,2003.0,Q4706759,matched,Wikidata
2320,Randall Green,American,Male,1947.0,,Q134413571,matched,Wikidata
2325,Timothy Greenfield-Sanders,American,Male,1952.0,,Q530755,matched,Wikidata
2326,B. Colin Greenly,American,Male,1928.0,,,not_found,
2327,Caroline Greenwald,American,Female,1936.0,,Q106961715,matched,Wikidata
2328,Vittorio Gregotti,Italian,Male,1927.0,2020.0,Q679049,matched,Wikidata
2329,Farrell Grehan,American,Male,1926.0,2008.0,Q69779048,matched,Wikidata
2330,April Greiman,American,Female,1948.0,,Q4782033,matched,Wikidata
2332,Georg Gresko,German,Male,1920.0,1962.0,Q1504506,matched,Wikidata
2333,Robert Gretczko,American,Male,1944.0,,,not_found,
2336,Ezio Gribaudo,Italian,Male,1929.0,2022.0,Q63075189,matched,Wikidata
2339,John Griffiths,British,Male,,,,uncertain,
2343,William Grigsby,American,Male,1915.0,,,not_found,
2344,John Grillo,American,Male,1917.0,,,uncertain,
2345,Frieder Grindler,German,Male,1941.0,,Q1294178,matched,Wikidata
2348,Salvatore Grippi,American,Male,1921.0,,,not_found,
2350,Laura Grisi,Italian,Female,1939.0,2017.0,Q20963002,matched,Wikidata
2354,René Groebli,Swiss,Male,1927.0,2026.0,Q2144658,matched,Wikidata
2357,Red Grooms,American,Male,1937.0,,Q3422714,matched,Wikidata
2363,Arnold Gross,Hungarian,Male,1929.0,2015.0,Q959417,matched,Wikidata
2366,Richard Gross,Canadian,Male,1943.0,,,uncertain,
2367,J. L. Grosse,American,,,,Q79461285,matched,Wikidata
2369,Grosset & Trembley,Swiss,,,,,not_found,
2370,André Grossman,German,Male,,,,uncertain,
2373,Robert Grosvenor,American,Male,1937.0,2025.0,Q15432022,matched,Wikidata
2375,Jan Groth,Norwegian,Male,1938.0,2022.0,Q11978054,matched,Wikidata
2379,Ronald L. Grow,Nationality unknown,Male,,,,uncertain,
2383,Gryte,Nationality unknown,,,,,uncertain,
2384,Carlo Guarienti,Italian,Male,1923.0,,Q43131059,matched,Wikidata
2385,Nancy Guay Giesberger,American,Female,1945.0,,Q23068147,matched,Wikidata
2387,Klaas Gubbels,Dutch,Male,1934.0,,Q2550956,matched,Wikidata
2389,Piero Guccione,Italian,Male,1935.0,2018.0,Q3903266,matched,Wikidata
2390,Wayne Gudmundson,American,Male,1949.0,,,not_found,
2392,Hermano José Guedes,Brazilian,Male,,,,uncertain,
2410,Paolo Guiotto,Italian,Male,1935.0,,Q55218848,matched,Wikidata
2411,Satish Gujral,Indian,Male,1925.0,2020.0,Q7426282,matched,Wikidata
2414,Jules Guran,Nationality unknown,Male,,,Q79461438,matched,Wikidata
2415,Melissa Gurdus,American,Female,,,,uncertain,
2426,Luke Gwilliam,American,Male,1911.0,1989.0,Q97856928,matched,Wikidata
2428,H.V.,Spanish,,,,Q79461175,matched,Wikidata
2429,Hans Haacke,German,Male,1936.0,,Q657647,matched,Wikidata
2430,Kenneth D. Haak,American,Male,1923.0,,,not_found,
2433,Richard Haas,American,Male,1936.0,,,uncertain,
2434,Volkmar Haase,German,Male,1930.0,2012.0,Q635625,matched,Wikidata
2436,Sandra Haber,American,Female,1956.0,,,not_found,
2440,R. L. Haeberle,Nationality unknown,,1941.0,,,not_found,
2442,Günter Haese,German,Male,1924.0,2016.0,Q1560534,matched,Wikidata
2443,M. Hafelmaier,Swiss,,,,Q79461618,matched,Wikidata
2444,Michael Hafftka,American,Male,1953.0,,Q6830898,matched,Wikidata
2445,Hideo Haga,Japanese,Male,1921.0,2022.0,Q11615830,matched,Wikidata
2447,Charles Hagen,American,Male,1942.0,,,not_found,
2449,Hideoki Hagiwara,Japanese,Male,1942.0,,Q55218864,matched,Wikidata
2452,Betty Hahn,American,Female,1940.0,,Q29045684,matched,Wikidata
2454,C. Haimovitz,American,,,,,uncertain,
2459,Peter Hajnoczky,Swiss,Male,1943.0,,Q77353878,matched,Wikidata
2460,George H. Hake,American,Male,,,,not_found,
2462,Bob Hall,American,Male,1951.0,,,uncertain,
2464,Marshall Hall,American,Male,,,,uncertain,
2465,Nigel Hall,British,Male,1943.0,,Q1559115,matched,Wikidata
2467,Peter Halley,American,Male,1953.0,,Q1642699,matched,Wikidata
2468,Gary L. Hallman,American,Male,1940.0,,,not_found,
2471,Chimei Hamada,Japanese,Male,1917.0,2018.0,Q11557994,matched,Wikidata
2473,Katsunori Hamanishi,Japanese,Male,1949.0,,Q55218867,matched,Wikidata
2477,Jörg Hamburger,Swiss,Male,1935.0,2014.0,Q77353732,matched,Wikidata
2478,Peter Hamburger,American,Male,1941.0,,,uncertain,
2480,James Hamilton,American,Male,1928.0,,,uncertain,
2486,David Hammons,American,Male,1943.0,,Q320846,matched,Wikidata
2487,Harry Handler,American,Male,,,,uncertain,
2489,Wolfgang Hanns,German,Male,,,,uncertain,
2490,Aage Helbig Hansen,Danish,Male,1915.0,,Q77353286,matched,Wikidata
2492,Bill Hanson,American,Male,1928.0,,,uncertain,
2493,David T. Hanson,American,Male,1948.0,,Q77288018,matched,Wikidata
2496,Michio Hanyu,Japanese,Male,1933.0,,,not_found,
2498,Marvin Harden,American,Male,1935.0,,,not_found,
2499,Elizabeth Harding,Nationality unknown,Female,,,Q79461021,matched,Wikidata
2500,John Harding,American,Male,1940.0,,,uncertain,
2503,Chauncey Hare,American,Male,1934.0,2019.0,Q26502080,matched,Wikidata
2511,Alexander E. Harris,American,Male,1949.0,,,not_found,
2512,Kate Harris,British,Female,,,,uncertain,
2513,L. Harris,,,,,Q79459649,matched,Wikidata
2514,Margaret Harris,American,Female,1904.0,2000.0,Q6759488,matched,Wikidata
2515,Paul Harris,American,Male,1925.0,,,uncertain,
2516,Anthony Harrison,British,Male,,,,uncertain,
2518,Claudia Hart,American,Female,1955.0,,Q16729684,matched,Wikidata
2522,Cedric Hartman,American,Male,1929.0,,Q55218886,matched,Wikidata
2527,J.D.H. Harvey,British,,,,,uncertain,
2531,Jan Hashey,American,Female,1938.0,,Q55218888,matched,Wikidata
2533,Rafael Hastings,Peruvian,Male,1945.0,2020.0,Q72211714,matched,Wikidata
2535,Makio Hasuike,Japanese,Male,1938.0,,Q40297639,matched,Wikidata
2536,Peter Hatch,British,Male,,,,uncertain,
2537,Hatsuo Ikeuchi,Japanese,Male,,,,uncertain,
2539,Pierre Haubensak,Swiss,Male,1935.0,,Q2093524,matched,Wikidata
2540,Declan Haun,American,Male,,,,not_found,
2541,Suzanne Hausammann,American,Female,1937.0,,Q117119357,matched,Wikidata
2542,Johann Hauser,Czech,Male,1926.0,1996.0,Q1299688,matched,Wikidata
2549,Markus Hawlik,German,Male,1951.0,,Q131163070,matched,Wikidata
2550,E. Hawthorne,British,,,,,uncertain,
2551,Kirsten Hawthorne,American,Female,1949.0,,Q55218894,matched,Wikidata
2552,Alex Hay,American,Male,1930.0,,,uncertain,
2553,Yoshio Hayakawa,Japanese,Male,1917.0,,,uncertain,
2555,David V. Hayes,American,Male,1931.0,,,not_found,
2562,Jack Heaney,American,Male,,,,not_found,
2563,Dennis Hearne,American,Male,1947.0,,,uncertain,
2564,Dave Heath,American,Male,1931.0,2016.0,Q18422135,matched,Wikidata
2566,Milton Elting Hebald,American,Male,1917.0,,,not_found,
2567,Caroline Hebbe-Hammarskiold,Swedish,Female,1930.0,2018.0,Q77287987,matched,Wikidata
2568,Josef Hecht,Polish,Male,,,,uncertain,
2572,Willy Heeks,American,Male,1951.0,,,not_found,
2574,Maria Hees,Dutch,Female,1948.0,,Q16069777,matched,Wikidata
2576,Michael Heindorff,German,Male,1949.0,,Q19645625,matched,Wikidata
2580,Michael Heizer,American,Male,1944.0,,Q558432,matched,Wikidata
2587,Nancy Hellebrand,American,Female,1944.0,,,not_found,
2589,"J.A. Henckels, Solingen, Germany",,,1731.0,,,not_found,
2591,Geoffrey Hendricks,American,Male,1931.0,2018.0,Q5534660,matched,Wikidata
2594,Jan Henle,American,Male,1948.0,,,not_found,
2597,Bill Henry,American,Male,,,,uncertain,
2598,"Henry Disston & Sons, Inc.",American,,1840.0,,,uncertain,
2603,Arsène Herbinier,French,,1869.0,1947.0,Q4796619,matched,Wikidata
2607,Albin J. Herek,American,Male,,,,uncertain,
2608,Hanns Herkendell,German,Male,1886.0,1958.0,Q79461192,matched,Wikidata
2612,Anthony Hernandez,American,Male,1947.0,,Q24809961,matched,Wikidata
2614,Helena Hernmarck,Swedish,Female,1941.0,,Q21287773,matched,Wikidata
2615,Georg Herold,German,Male,1947.0,,Q1504722,matched,Wikidata
2617,Patrick Heron,British,Male,1920.0,1999.0,Q1563132,matched,Wikidata
2620,Marcia Herscovitz,American,Female,1945.0,,,not_found,
2624,Robert Joseph Hettel,American,Male,,,,uncertain,
2626,Wout van Heusden,Dutch,Male,,,,uncertain,
2627,Anton Heyboer,Dutch,Male,1924.0,2005.0,Q321632,matched,Wikidata
2628,Ken Heyman,American,Male,1930.0,2019.0,Q42315105,matched,Wikidata
2630,Hibner,Polish,,,,,uncertain,
2631,Sheila Hicks,American,Female,1934.0,,Q3481752,matched,Wikidata
2633,Hideshima Yukio,Japanese,Male,,,,not_found,
2634,Kenneth Hiebert,American,Male,1930.0,,Q55218932,matched,Wikidata
2635,Higa Yoshiharu,Japanese,Male,1938.0,,Q23068087,matched,Wikidata
2636,Chester Higgins Jr.,American,Male,1946.0,,,not_found,
2638,Edward Higgins,American,Male,1930.0,2006.0,Q1292537,matched,Wikidata
2641,Ernest C. Higgins,American,Male,1915.0,,,not_found,
2642,Jene Highstein,American,Male,1942.0,2013.0,Q14917544,matched,Wikidata
2643,Susumu Higuchi,Japanese,Male,,,,uncertain,
2644,Rowland Hilder,British,Male,1905.0,1993.0,Q7372141,matched,Wikidata
2646,Charles Christopher Hill,American,Male,1948.0,,Q5076249,matched,Wikidata
2647,Clinton Hill,American,Male,1922.0,,,uncertain,
2650,Hille,Nationality unknown,,,,,uncertain,
2653,Hans Hillmann,German,Male,1925.0,2014.0,Q1579734,matched,Wikidata
2655,Hans Himbert,Swedish,Male,1951.0,,,not_found,
2656,Harvey Himelfarb,American,Male,1941.0,,Q123141456,matched,Wikidata
2658,Charles Hinman,American,Male,1932.0,2026.0,Q18619037,matched,Wikidata
2659,Kit Hinrichs,American,Male,1941.0,,Q27948831,matched,Wikidata
2660,K. Hinterberger,German,,,,,not_found,
2662,Randal Richard Hinz,American,Male,1944.0,,,not_found,
2672,Terry Hirst,American,Male,1950.0,,,uncertain,
2673,Franz Hitzler,German,Male,1946.0,,Q1447261,matched,Wikidata
2678,David Hockney,British,Male,1937.0,,,uncertain,
2679,Howard Hodgkin,British,Male,1932.0,,,uncertain,
2682,Gerhard Hoehme,German,Male,1920.0,1989.0,Q1511779,matched,Wikidata
2683,Fred J. Hoertz,Nationality unknown,Male,1888.0,1977.0,Q79461097,matched,Wikidata
2685,Paul van Hoeydonck,Belgian,Male,1925.0,,,not_found,
2688,Arlene Hoffman,American,Female,1937.0,,Q55218955,matched,Wikidata
2690,Lee Hoffman,American,Male,1942.0,,,uncertain,
2691,Lilly E. Hoffman,American,Female,,,,not_found,
2692,Phillip W. Hoffman,American,Male,1936.0,,,not_found,
2693,Wolf Hoffman,German,Male,,,,not_found,
2697,Armin Hofmann,Swiss,Male,1920.0,2020.0,Q3335167,matched,Wikidata
2699,Christopher Martin Hofstetter,Swiss,Male,1944.0,,Q77353414,matched,Wikidata
2702,Steven Holl,American,Male,1947.0,,Q451141,matched,Wikidata
2703,Tom Holland,American,Male,1936.0,,,uncertain,
2706,Roger Hollenbeck,American,Male,,,,uncertain,
2707,Gordon Holler,American,Male,1935.0,,,not_found,
2708,Torben Holmback,Danish,,1933.0,,Q77354005,matched,Wikidata
2710,William Henry Holmes,American,Male,1846.0,1933.0,Q1015233,matched,Wikidata
2711,Robert Holmgren,American,Male,1946.0,,,uncertain,
2712,Pieter Holstein,Dutch,Male,1934.0,,Q2057428,matched,Wikidata
2714,Jenny Holzer,American,Female,1950.0,,Q270388,matched,Wikidata
2716,David Holzman,Nationality unknown,Male,1943.0,,,not_found,
2721,Ethelyn Honig,American,Female,1933.0,,Q55218984,matched,Wikidata
2723,John Hoover,American,Male,1919.0,2011.0,Q16019093,matched,Wikidata
2728,Barbara Horosko,American,Female,1950.0,,,not_found,
2729,Bruce Horowitz,American,Male,1949.0,,,not_found,
2733,Koyo Hosoi,Japanese,Male,,,,uncertain,
2734,Hosoda Masayoshi,Japanese,Male,,,,uncertain,
2735,Eikoh Hosoe,Japanese,Male,1933.0,,,not_found,
2736,Takeichi Hotta,Japanese,Male,,,,uncertain,
2737,Gordon House,British,Male,,,,uncertain,
2738,Keith Hovis,American,Male,,,,uncertain,
2739,Coy Howard,American,Male,1943.0,,,not_found,
2741,Peter Howson,British,Male,1958.0,,Q711799,matched,Wikidata
2743,Alfred Hrdlicka,Austrian,Male,1928.0,2009.0,Q78646,matched,Wikidata
2747,Robert Hudson,American,Male,1938.0,,,uncertain,
2748,Richard Hudson,American,Male,,,,uncertain,
2751,Patrick Hughes,British,Male,,,,uncertain,
2752,Ralph Hughes,American,Male,1923.0,,Q134413564,matched,Wikidata
2753,Toni Hughes,American,Female,1907.0,,,not_found,
2759,Sipke Huismans,Dutch,Male,1938.0,,Q13137843,matched,Wikidata
2760,Huller,Swiss,,,,,uncertain,
2763,Richard P. (Sandy) Hume,American,Male,1946.0,,,not_found,
2767,Bryan Hunt,American,Male,1947.0,,Q2225576,matched,Wikidata
2769,Richard Hunt,American,Male,1935.0,,,uncertain,
2770,John Hunter,American,Male,1934.0,,,uncertain,
2771,Max Hunziker,Nationality unknown,Male,1901.0,1976.0,Q1639949,matched,Wikidata
2772,Robert Huot,American,Male,1935.0,,,not_found,
2775,Michael Hurson,American,Male,1941.0,,,not_found,
2776,Luchita Hurtado,Mexican,Female,1920.0,2020.0,Q6696576,matched,Wikidata
2778,Sidney Jack Hurwitz,American,Male,,,,uncertain,
2780,Terry Husebye,American,Male,1945.0,,Q55218995,matched,Wikidata
2782,Peter Hutchinson,British,Male,1930.0,,,uncertain,
2784,Paul Huxley,British,Male,1938.0,,Q7151446,matched,Wikidata
2786,Kyu-Baik Hwang,Korean,Male,1932.0,,Q77325001,matched,Wikidata
2787,Lisa Hyatt,American,Female,1949.0,,,not_found,
2788,Philip Hyde,American,Male,1921.0,,,uncertain,
2789,Scott Hyde,American,Male,1926.0,,Q55219001,matched,Wikidata
2792,Arinori Ichihara,Japanese,Male,1910.0,2010.0,Q11352469,matched,Wikidata
2793,Tetsuya Ichimura,Japanese,Male,1930.0,,Q7706942,matched,Wikidata
2794,Paul Ickovic,American,Male,1944.0,,,not_found,
2796,Ide Sakiko,Japanese,Male,1927.0,,,not_found,
2797,Takenobu Igarashi,Japanese,Male,1944.0,2025.0,Q11372107,matched,Wikidata
2798,Yoshiaki Iida,Japanese,Male,1947.0,,Q11666487,matched,Wikidata
2799,Kyo Ikebe,Japanese,Male,,,,uncertain,
2800,Ikeda Fumio (pen Name: Suijo),Japanese,Male,1912.0,,,not_found,
2803,Ikko (Ikko Narahara),Japanese,Male,1931.0,,,not_found,
2806,Birney Imes III,American,Male,1951.0,,,not_found,
2809,Akira Inada,Japanese,Male,1949.0,,Q11596768,matched,Wikidata
2811,Gérald Incandela,French,Male,1952.0,,Q77288079,matched,Wikidata
2812,Robert Indiana,American,Male,1928.0,2018.0,Q169281,matched,Wikidata
2813,Anthony Ingolia,American,Male,1921.0,,,not_found,
2814,Robert Ingram,Nationality unknown,Male,,,,uncertain,
2815,Mark Innerst,American,Male,1957.0,,,not_found,
2823,David Ireland,American,Male,1930.0,2009.0,Q5235360,matched,Wikidata
2824,Richard W. Ireland,American,Male,1925.0,,,uncertain,
2825,Carlos Irizarry,American,Male,1938.0,,Q18275996,matched,Wikidata
2828,Robert Irwin,American,Male,1928.0,,,uncertain,
2829,Rolf Iseli,Swiss,Male,1934.0,,Q120540,matched,Wikidata
2830,Hortense B. Isenberg,American,Female,,,,not_found,
2832,Sheila Isham,American,Female,1927.0,2024.0,Q22086707,matched,Wikidata
2833,Shuji Ishii,Japanese,Male,,,,not_found,
2836,Yukihisa Isobe,Japanese,Male,1936.0,,Q55219025,matched,Wikidata
2837,Arata Isozaki,Japanese,Male,1931.0,2022.0,Q317135,matched,Wikidata
2839,Robert Israel,American,Male,1939.0,,,uncertain,
2841,Junichi Itahashi,Japanese,Male,1942.0,,Q55219027,matched,Wikidata
2842,Kenji Itoh,Japanese,Male,1915.0,,Q55219029,matched,Wikidata
2844,Graciela Iturbide,Mexican,Female,1943.0,,Q468816,matched,Wikidata
2846,Earl Iversen,American,Male,1943.0,,Q55219031,matched,Wikidata
2848,Koji Iwagami,Japanese,Male,1951.0,,Q55219033,matched,Wikidata
2849,Reika Iwami,Japanese,Female,1927.0,2020.0,Q50505275,matched,Wikidata
2850,Takeji Iwamiya,Japanese,Male,1920.0,1989.0,Q7677993,matched,Wikidata
2851,Yoshiyuki Iwase,Japanese,Male,1904.0,2001.0,Q99480490,matched,Wikidata
2855,Christian Jaccard,French,Male,1939.0,,Q2965352,matched,Wikidata
2857,Bill Jacklin,British,Male,1943.0,,Q21460531,matched,Wikidata
2858,Robert Jacks,Australian,Male,1943.0,2014.0,Q7346002,matched,Wikidata
2859,Gerald Jackson,American,Male,1943.0,,Q77353140,matched,Wikidata
2860,Jean Jackson,Nationality unknown,,,,,uncertain,
2862,Oliver Jackson,American,Male,1935.0,,,uncertain,
2864,David Jacob,American,Male,1928.0,,,uncertain,
2867,Aldo Jacober,Italian,Male,1939.0,,Q55219037,matched,Wikidata
2871,Alexandra Nikolaevna Jacobson,Russian,Female,,,,uncertain,
2872,James J. Jacobson,American,Male,,,,not_found,
2873,J. Jacquelin,French,,,,,uncertain,
2875,Yvonne Jacquette,American,Female,1934.0,2023.0,Q8062463,matched,Wikidata
2877,Bernhard Jaeger,German,Male,,,,not_found,
2880,Christopher P. James,American,Male,1947.0,,Q42157458,matched,Wikidata
2883,Tony Jannetti,American,Male,1947.0,,Q55219045,matched,Wikidata
2884,Alain Jans,French,Male,,,,not_found,
2885,Angela Jansen,American,Female,1929.0,,,uncertain,
2889,Rudolph Janu,American,Male,1934.0,,Q117119619,matched,Wikidata
2890,Théophile Jaquen,French,Male,,,Q79462381,matched,Wikidata
2891,Richards Jarden,American,Male,1947.0,,Q55219050,matched,Wikidata
2892,Evandro Carlos Jardim,Brazilian,Male,1935.0,,Q101242529,matched,Wikidata
2894,James Jarvaise,American,Male,1925.0,2015.0,Q6136819,matched,Wikidata
2895,Valerie Jaudon,American,Female,1945.0,,Q7911290,matched,Wikidata
2900,Jeff (Jeff Russell),American,Male,1942.0,,,not_found,
2901,Werner Jeker,Swiss,Male,1944.0,,Q3567320,matched,Wikidata
2904,Neil Jenney,American,Male,1945.0,,Q825963,matched,Wikidata
2905,Payne Jennings,British,,1843.0,1926.0,Q129407008,matched,Wikidata
2907,Bill Jensen,American,Male,1945.0,,Q17385654,matched,Wikidata
2918,Carl H. Johansen III,American,,,,,not_found,
2919,Patricia Johanson,American,Female,1940.0,2024.0,Q2057205,matched,Wikidata
2923,Jasper Johns,American,Male,1930.0,,Q155057,matched,Wikidata
2925,Daniel LaRue Johnson,American,Male,1938.0,2017.0,Q21486065,matched,Wikidata
2929,Ynez Johnston,American,Female,1920.0,,,not_found,
2930,Joan Jonas,American,Female,1936.0,,Q453808,matched,Wikidata
2931,Allen Jones,British,Male,1937.0,,Q701564,matched,Wikidata
2932,E. Powis Jones,American,Male,1919.0,,,not_found,
2933,Harold Jones,American,Male,1940.0,,Q1585855,matched,Wikidata
2938,Charles Jongejans,Dutch,Male,1918.0,1995.0,Q2476797,matched,Wikidata
2942,Raymond Jordan,American,Male,1895.0,,,uncertain,
2944,Ken Josephson,American,Male,1932.0,,,uncertain,
2946,Bernard Joubert,French,Male,1946.0,,Q15973649,matched,Wikidata
2950,Sven-Eric Juhlin,Swedish,Male,1940.0,,,not_found,
2952,Bishin Jumonji,Japanese,Male,1947.0,,Q2904676,matched,Wikidata
2955,J. P. Junot,French,,,,Q79461287,matched,Wikidata
2957,Robert Kabak,American,Male,1930.0,,,not_found,
2960,Reuben Kadish,American,Male,1913.0,1992.0,Q7317474,matched,Wikidata
2962,Kafemann,Nationality unknown,,,,,uncertain,
2966,Richard Kahn,American,Male,1947.0,,,uncertain,
2967,Wolf Kahn,American,Male,1927.0,2020.0,Q8029853,matched,Wikidata
2970,Viaceslav Kalinin,Russian,Male,1939.0,,Q77348665,matched,Wikidata
2972,Simpson Kalisher,American,Male,1926.0,2023.0,Q61790860,matched,Wikidata
2973,Richard Kalvar,American,Male,1944.0,,Q7326984,matched,Wikidata
2975,Takahisa Kamijyo,Japanese,Male,1940.0,,Q55219071,matched,Wikidata
2979,Kanamori Yoshio,Japanese,Male,1922.0,,,not_found,
2980,Eizi Kanbayashi,Japanese,Male,,,,uncertain,
2985,Sam Kaner,American,Male,,,,not_found,
2986,Mitsuo Kano,Japanese,Male,1933.0,,,not_found,
2989,Tim Kantor,American,Male,1932.0,1997.0,Q95258736,matched,Wikidata
2990,Herbert W. Kapitzki,Nationality unknown,Male,1925.0,2005.0,Q1609238,matched,Wikidata
2993,Jerome Kaplan,American,Male,1920.0,,,not_found,
2994,Peggy Jarrell Kaplan,American,Female,1943.0,,,not_found,
2995,Anish Kapoor,British,Male,1954.0,,Q327293,matched,Wikidata
2996,Susan Kaprov,American,Female,1946.0,,Q19856453,matched,Wikidata
2998,Janusz Kapusta,Polish,Male,1951.0,,Q11720222,matched,Wikidata
3000,Dennis Kardon,American,Male,1950.0,,,not_found,
3002,"Karhula-Iitala, company design",Finnish,,,,,not_found,
3004,Wolf Karnagel,German,Male,1940.0,,Q125520756,matched,Wikidata
3005,G. Karquel,French,,,,,not_found,
3007,Kasai,Nationality unknown,,,,,uncertain,
3009,Pentti Kaskipuo,Finnish,Male,1930.0,,,not_found,
3011,Barbara Kasten,American,Female,1936.0,,Q18356603,matched,Wikidata
3013,William Katavolos,American,Male,1924.0,,,not_found,
3014,Eiichiro Katayama,Nationality unknown,,,,,uncertain,
3015,Koji Kato,Japanese,Male,,,Q25560521,matched,Wikidata
3016,Alex Katz,American,Male,1927.0,,Q919265,matched,Wikidata
3017,Joel Katz,Nationality unknown,Male,,,,uncertain,
3022,Donald  Kaufman,American,Male,1935.0,,,not_found,
3024,Pettus Kaufman,Nationality unknown,,,,Q131461127,matched,Wikidata
3025,Willy Kaufmann,Swiss,Male,1932.0,,Q77354055,matched,Wikidata
3027,Kikuji Kawada,Japanese,Male,1933.0,,Q1741217,matched,Wikidata
3029,Kawanishi Hide,Japanese,Male,1894.0,1965.0,Q11479178,matched,Wikidata
3030,On Kawara,Japanese,Male,1933.0,2014.0,Q698256,matched,Wikidata
3031,Takeshi Kawashima,Japanese,Male,1930.0,,,uncertain,
3032,J. P. Kayser Sohn,German,,1814.0,,,not_found,
3033,Kayserzinn Workshop,German,,,,,uncertain,
3034,Kazuko,Japanese,Female,1942.0,,,uncertain,
3035,Jerry Kearns,American,Male,1943.0,,Q136405716,matched,Wikidata
3037,Pat Keely,British,Male,1901.0,1970.0,Q7143607,matched,Wikidata
3038,Kim Keever,American,Female,1950.0,,Q55219090,matched,Wikidata
3039,Kein,American,,,,,uncertain,
3044,Douglas Kelley,American,Male,1928.0,,,uncertain,
3047,Daniel Kelly,American,Male,1947.0,,Q5217786,matched,Wikidata
3049,James Kelly,American,Male,1913.0,,,uncertain,
3056,Roland Kempe,Swedish,Male,1907.0,1991.0,Q5898763,matched,Wikidata
3058,Mel Kendrick,American,Male,1949.0,,Q6810748,matched,Wikidata
3061,Gene Kennedy,American,Male,1946.0,,,uncertain,
3066,Colleen Frances Kenyon,American,Female,1951.0,,Q55219096,matched,Wikidata
3069,G. Ray Kerciu,American,Male,1933.0,,Q107253766,matched,Wikidata
3073,Alan Kessler,American,Male,1945.0,,,not_found,
3074,Jon Kessler,American,Male,1957.0,,Q6271047,matched,Wikidata
3075,Robert Glenn Ketchum,American,Male,1947.0,,Q7344810,matched,Wikidata
3076,Mar Jean Kettunen,American,Female,1926.0,,,not_found,
3079,Krishen Khanna,Indian,Male,1925.0,,Q6437355,matched,Wikidata
3081,Henry Khudyakov,Russian,Male,1930.0,2019.0,Q94625431,matched,Wikidata
3082,Kiawak Ashoona,Canadian,Male,1933.0,,,not_found,
3083,Michael Kidner,British,Male,1917.0,2009.0,Q6831868,matched,Wikidata
3085,Hubert Kiecol,German,Male,1950.0,,Q1633247,matched,Wikidata
3086,Anselm Kiefer,German,Male,1945.0,,Q170344,matched,Wikidata
3090,Günther Kieser,German,Male,1930.0,2023.0,Q1561578,matched,Wikidata
3093,Mokuma Kikuhata,Japanese,Male,1935.0,,,not_found,
3094,Chris Killip,British,Male,1946.0,2020.0,Q1077407,matched,Wikidata
3096,Tchah-Sup Kim,Korean,Male,1942.0,2022.0,Q22276206,matched,Wikidata
3098,Kosuke Kimura,Japanese,Male,1936.0,,,uncertain,
3099,Risaburo Kimura,Japanese,Male,1924.0,,,not_found,
3100,Shigeru Kimura,Japanese,Male,1941.0,1995.0,Q6143050,matched,Wikidata
3101,David Kindersley,British,Male,1915.0,1995.0,Q5236012,matched,Wikidata
3102,Bruce Anthony King,Canadian,Male,1934.0,2017.0,Q77287970,matched,Wikidata
3104,Phillip King,British,Male,1934.0,2021.0,Q479622,matched,Wikidata
3108,Jonah Kinigstein,American,Male,1923.0,2025.0,Q21647163,matched,Wikidata
3112,Yasuhiro Kira,Japanese,Male,1947.0,,Q55219108,matched,Wikidata
3113,Michael Kirby,American,Male,1931.0,1997.0,Q6831894,matched,Wikidata
3114,Guenther C. Kirchberger,German,Male,1928.0,,,not_found,
3116,Alain Kirili,French,Male,1946.0,2021.0,Q2829958,matched,Wikidata
3118,Per Kirkeby,Danish,Male,1938.0,2018.0,Q467462,matched,Wikidata
3119,Toshiyuki Kita,Japanese,Male,1942.0,,Q1469853,matched,Wikidata
3125,Charles Klabunde,American,Male,1934.0,,,not_found,
3126,Konrad Klapheck,German,Male,1935.0,2023.0,Q315875,matched,Wikidata
3127,Klara,British,,,,,uncertain,
3128,Gabi Klasmer,Israeli,Female,1950.0,,Q55285535,matched,Wikidata
3132,Allen Klein,American,Male,1938.0,,,uncertain,
3136,William Klein,American,Male,1928.0,2022.0,Q723892,matched,Wikidata
3138,Richard Kleinberg,American,Male,1949.0,,Q55219112,matched,Wikidata
3139,Lea Kleiner,Chilean,Female,1929.0,,Q77325006,matched,Wikidata
3141,Vera Klement,American,Female,1929.0,2023.0,Q7920789,matched,Wikidata
3142,Werner Klemke,German,Male,1917.0,,,not_found,
3144,Mark Klett,American,Male,1952.0,,Q5638882,matched,Wikidata
3145,Carl Heinz Kliemann,German,Male,1924.0,,,not_found,
3150,Stuart Klipper,American,Male,1941.0,,Q7626729,matched,Wikidata
3152,Gustav Kluge,German,Male,1947.0,,Q1328382,matched,Wikidata
3156,Berndt Klyvare,Swedish,Male,1929.0,2008.0,Q5914844,matched,Wikidata
3160,Werner Knaupp,German,Male,1936.0,,,not_found,
3163,Karla Knight,American,Female,1958.0,,Q77348429,matched,Wikidata
3165,Donald R. Knorr,American,Male,1922.0,,,not_found,
3167,Christopher Knowles,American,Male,1959.0,,Q5112684,matched,Wikidata
3168,Justin Knowles,British,Male,1935.0,2004.0,Q21465851,matched,Wikidata
3169,Jonathan Knowlton,American,Male,1937.0,,,not_found,
3170,Win Knowlton,American,Male,1953.0,,Q28971371,matched,Wikidata
3172,Jack Knox,British,Male,1936.0,2015.0,Q21455991,matched,Wikidata
3174,Yasuhide Kobashi,Japanese,Male,1931.0,2003.0,Q8049963,matched,Wikidata
3175,Kobayashi Riichiro,Japanese,Male,,,,uncertain,
3176,Robert Kobayashi,American,Male,1925.0,2015.0,Q42224253,matched,Wikidata
3181,Reina Kochashian,Nationality unknown,Female,,,,uncertain,
3182,Karl Koehler,American,Male,1913.0,2000.0,Q110228531,matched,Wikidata
3183,Fritz Koenig,German,Male,1924.0,2017.0,Q524205,matched,Wikidata
3184,W. Koenigstein,Austrian,Male,1944.0,,,not_found,
3185,Ottokar Koeppen,German,Male,,,Q79461941,matched,Wikidata
3188,Jinkichi Koga,Japanese,Male,,,,uncertain,
3191,Oskar Kogoj,Yugoslav,Male,1942.0,,Q7106923,matched,Wikidata
3193,Misch Kohn,American,Male,1916.0,2002.0,Q24700906,matched,Wikidata
3194,Nobuaki Kojima,Japanese,Male,1935.0,,Q23068082,matched,Wikidata
3196,Valto Kokko,Finnish,,1933.0,2017.0,Q7912671,matched,Wikidata
3200,Stanislav Kolibal,Czech,Male,1925.0,,,not_found,
3202,Ray Komai,American,Male,1918.0,2010.0,Q55219141,matched,Wikidata
3205,Vitaly Komar,American,Male,1943.0,,Q880221,matched,Wikidata
3206,Komar and Melamid,American,Male,,,Q3198515,matched,Wikidata
3207,Makoto Komatsu,Japanese,Male,1943.0,,Q55219143,matched,Wikidata
3208,Vladimir Michailovich Konashevich,Russian,Male,,,,not_found,
3210,Kasper König,German,Male,1940.0,2024.0,Q1604450,matched,Wikidata
3211,Akira Kono,Japanese,Male,1929.0,1995.0,Q4701148,matched,Wikidata
3221,Schlomo Koren,Israeli,Male,1932.0,,,not_found,
3224,Mark Kostabi,American,Male,1960.0,,Q724401,matched,Wikidata
3226,Lewis Kostiner,American,Male,1950.0,,,not_found,
3227,Takehisa Kosugi,Japanese,Male,1938.0,2018.0,Q7677988,matched,Wikidata
3228,Joseph Kosuth,American,Male,1945.0,,Q313113,matched,Wikidata
3229,Josef Koudelka,Czech,Male,1938.0,,Q918352,matched,Wikidata
3230,Jannis Kounellis,Greek,Male,1936.0,,,uncertain,
3232,Ron Kowalke,American,Male,1936.0,,Q28162654,matched,Wikidata
3233,Antoni Kowalski,Polish,Male,1957.0,,Q11686424,matched,Wikidata
3235,Joyce Kozloff,American,Female,1942.0,,,uncertain,
3236,Kirsten Kraa,American,Female,1941.0,,,not_found,
3237,Frans Krajcberg,Brazilian,Male,1921.0,2017.0,Q769610,matched,Wikidata
3238,William E. Krallman,American,Male,1925.0,,,not_found,
3239,Margia Kramer,American,Female,1936.0,,Q13560690,matched,Wikidata
3244,George Krause,American,Male,1937.0,,Q5541425,matched,Wikidata
3248,Vasyl Krychevsky,Ukrainian,Male,1927.0,1952.0,Q3442414,matched,Wikidata
3250,Leon Krier,Luxembourgish,Male,1946.0,,,not_found,
3252,Paul Smith,American,Male,1907.0,,Q1231482,matched,Wikidata
3253,Les Krims,American,,1942.0,,Q15505168,matched,Wikidata
3254,Harold Krisel,American,Male,1920.0,1995.0,Q52151111,matched,Wikidata
3256,Ferdinand Kriwet,German,Male,1942.0,2018.0,Q109078,matched,Wikidata
3257,William Kriz,American,Male,,,Q70640504,matched,Wikidata
3258,Barron Krody,Nationality unknown,Male,1936.0,,Q55772704,matched,Wikidata
3260,Krohl/Offenberg,Nationality unknown,,,,,uncertain,
3264,Christian Kruck,German,Male,1925.0,1985.0,Q1080695,matched,Wikidata
3266,Barbara Kruger,American,Female,1945.0,,Q262284,matched,Wikidata
3267,Harry van Kruiningen,Dutch,Male,1906.0,1996.0,Q3428703,matched,Wikidata
3274,Michel Szulc Krzyzanowski,Dutch,Male,1949.0,,,not_found,
3275,Allen Kubach,American,Male,,,,not_found,
3279,Alena Kucerova,Czech,Female,1935.0,,,not_found,
3280,Rainer Kuchenmeister,,Male,1926.0,,,not_found,
3283,Gary Kuehn,American,Male,1939.0,,Q17386207,matched,Wikidata
3285,Charles Kuhn,Swiss,Male,1903.0,1999.0,Q77353403,matched,Wikidata
3289,"O. J. Kuker, Seattle, WA",American,,,,,not_found,
3290,Yrjö Kukkapuro,Finnish,Male,1933.0,2025.0,Q11903027,matched,Wikidata
3291,Mikhail Kuprianov,Russian,Male,,,,not_found,
3294,Sugeru Kume,Japanese,Male,,,,uncertain,
3295,Kipton Kumler,American,,,,,not_found,
3298,Peter Kunz,Swiss,Male,,,,uncertain,
3306,Mervyn Kurlansky,British,Male,1936.0,,Q55219174,matched,Wikidata
3307,Seitaro Kuroda,Japanese,Male,1939.0,,,not_found,
3308,Masayuki Kurokawa,Japanese,Male,1937.0,,Q11678269,matched,Wikidata
3309,Kuron - Gogol,German,,,,,uncertain,
3312,Ant Kurvers,Dutch,Male,,,,not_found,
3314,Kenji Kusaka,Japanese,Male,1936.0,,Q77324996,matched,Wikidata
3315,Yayoi Kusama,Japanese,Female,1929.0,,Q231121,matched,Wikidata
3316,Rainer Küschall,Swiss,Male,1947.0,,Q117814,matched,Wikidata
3317,Robert Kushner,American,Male,1949.0,,Q7346494,matched,Wikidata
3318,Waldemar Kutner,Brazilian,,1934.0,,Q134413574,matched,Wikidata
3319,Pavel Kuznetsov,Russian,Male,,,,uncertain,
3320,Paul Kwilecki,American,Male,1928.0,2009.0,Q17711277,matched,Wikidata
3321,K2 Design Studio,Japanese,,1993.0,,,uncertain,
3323,Alain de La Bourdonnaye,French,Male,1930.0,2016.0,Q2830391,matched,Wikidata
3327,Terence La Noue,American,Male,1941.0,,,not_found,
3328,Frank LaPena,American,Male,1937.0,2019.0,Q55219199,matched,Wikidata
3334,Jacques Lacomblez,Belgian,Male,1934.0,,Q3159231,matched,Wikidata
3336,Richard Lacroix,Canadian,Male,1939.0,,Q55219212,matched,Wikidata
3337,George Ladas,American,Male,,,,not_found,
3338,Justen Ladda,German,Male,1953.0,,,not_found,
3339,Adriano Lagostina,Italian,Male,1915.0,,Q55219181,matched,Wikidata
3340,Massimo Lagostina,Italian,Male,1908.0,,Q55219183,matched,Wikidata
3342,Wolfgang Laib,German,Male,1950.0,,Q600456,matched,Wikidata
3343,Eleanore Laine,American,Female,,,,uncertain,
3352,Roberto De Lamónica,Brazilian,Male,1933.0,,,not_found,
3354,Mark Lancaster,British,Male,1938.0,2021.0,Q6768478,matched,Wikidata
3355,Colin Lanceley,Australian,Male,1938.0,2015.0,Q20879124,matched,Wikidata
3361,Ronnie Landfield,American,Male,1947.0,,Q7365903,matched,Wikidata
3362,Edoardo Landi,Italian,Male,1937.0,,Q55219189,matched,Wikidata
3363,Bengt Landin,Swedish,Male,1933.0,2025.0,Q5933778,matched,Wikidata
3364,Richard W. Landis,American,Male,1931.0,,,not_found,
3365,Darrell Landrum,American,Male,1924.0,,Q55219191,matched,Wikidata
3368,Octave Landuyt,Belgian,Male,1922.0,2024.0,Q1607422,matched,Wikidata
3369,Lois Lane,American,Female,1948.0,,,uncertain,
3370,David Lang,American,Male,1929.0,,,uncertain,
3371,Helmut Lang,German,Male,1924.0,,Q89412,matched,Wikidata
3372,Ed E. Langbein,American,Male,,,,not_found,
3376,Ernst Langloh,German,Male,,,,not_found,
3377,Juan Langlois,Argentine,Male,1926.0,,,not_found,
3380,Louis Lanzano,American,Male,1947.0,,Q117119955,matched,Wikidata
3382,Charles Lapierre,French,,1868.0,1944.0,Q79460913,matched,Wikidata
3383,Tadeusz Lapinski,Polish,Male,,,,uncertain,
3386,Magali Lara,Mexican,Female,1956.0,,Q26001043,matched,Wikidata
3388,Berto Lardera,Nationality unknown,Male,1911.0,1989.0,Q320313,matched,Wikidata
3390,Eugene Larkin,American,Male,1921.0,,,not_found,
3391,Johannes Larsen,Danish,Male,1912.0,1961.0,Q4977490,matched,Wikidata
3393,William G. Larson,American,Male,1942.0,,,not_found,
3396,Pat Lasch,American,Female,1944.0,,Q28553688,matched,Wikidata
3398,Siegfried Laske,Nationality unknown,Male,1931.0,2012.0,Q111687916,matched,Wikidata
3399,Jonathan Lasker,American,Male,1948.0,,Q1703229,matched,Wikidata
3410,John Laurent,American,Male,,,,uncertain,
3414,Ray Lauzzana,American,Male,1941.0,,Q55219203,matched,Wikidata
3420,Ernest Lawton (?),British,Male,,,,not_found,
3424,Giulio Lazzotti,Italian,Male,1942.0,,Q55219209,matched,Wikidata
3425,A. Le Blondel,French,,,,,not_found,
3428,Jean Le Gac,French,Male,1936.0,2025.0,Q826970,matched,Wikidata
3430,Le Jeune,French,,,,,uncertain,
3432,Julio Le Parc,Argentine,Male,1928.0,2026.0,Q177313,matched,Wikidata
3433,Guillaume Le Roy,Dutch,Male,1938.0,2008.0,Q2084811,matched,Wikidata
3435,Barry Le Va,American,Male,1941.0,2021.0,Q809059,matched,Wikidata
3436,David Leach,American,Male,1946.0,,,uncertain,
3437,Alun Leach-Jones,British,Male,1937.0,2017.0,Q16104706,matched,Wikidata
3438,June Leaf,American,Female,1929.0,,,not_found,
3442,Lebegue,French,,,,Q79461480,matched,Wikidata
3443,Jean-Jacques Lebel,French,Male,1936.0,,,not_found,
3445,Dick Lebowitz,American,Male,1937.0,,Q117120025,matched,Wikidata
3446,Christopher Le Brun,British,Male,1951.0,,Q5112716,matched,Wikidata
3450,Baldwin S. Lee,American,Male,1951.0,,,not_found,
3452,Catherine Lee,American,Female,1950.0,,Q22002398,matched,Wikidata
3453,Colin Lee,American,Male,1953.0,,Q77324819,matched,Wikidata
3454,Dudley Lee,American,Male,,,,not_found,
3460,Lege & Bergeron,French,,,,,not_found,
3461,G. M. Lege,French,,,,,not_found,
3463,Yoram Lehman,Israeli,Male,1939.0,,Q77288426,matched,Wikidata
3465,Lehner & Mader,,,,,,uncertain,
3466,Leonard Lehrer,American,Male,1935.0,2018.0,Q134413576,matched,Wikidata
3468,Arthur Leipzig,American,Male,1918.0,2014.0,Q710366,matched,Wikidata
3469,José Costa Leite,Brazilian,Male,1927.0,2021.0,Q10309212,matched,Wikidata
3471,Philip V. Leivo,American,Male,,,,uncertain,
3473,Paul Lemagny,French,Male,1903.0,1977.0,Q3371675,matched,Wikidata
3474,Annette Lemieux,American,Female,1957.0,,Q16148576,matched,Wikidata
3475,Dietmar Lemke,German,Male,,,Q79460986,matched,Wikidata
3478,Luis Lemus,American,Male,,,,uncertain,
3483,Candice Lenney,American,Female,1949.0,,,not_found,
3486,Eugen Lenz,Swiss,,1916.0,2004.0,Q85099484,matched,Wikidata
3488,Louis L. Lepoix,French,Male,1918.0,,,not_found,
3491,Gustav Lepschy,German,Male,1942.0,,Q55219226,matched,Wikidata
3492,Norman Lerner,American,Male,1927.0,,Q117120066,matched,Wikidata
3494,Danuta Lesczynska-Kluza,Polish,Female,1926.0,,,not_found,
3495,Alfred Leslie,American,Male,1927.0,2023.0,Q577242,matched,Wikidata
3496,Janusz Lesniak,Polish,,1947.0,,,not_found,
3497,John Lesnick,American,Male,1953.0,,,not_found,
3498,Gilbert Lesser,American,Male,1935.0,,,not_found,
3499,Rudi Lesser,American,Male,1902.0,1988.0,Q2172079,matched,Wikidata
3500,Julian Lethbridge,British,Male,1947.0,,,not_found,
3501,Anna Letycia Quadros,Brazilian,Female,,,,uncertain,
3505,John Levee,American,Male,1924.0,2017.0,Q3181933,matched,Wikidata
3507,Hans Levi,American,Male,1935.0,,Q134413577,matched,Wikidata
3508,Josef Levi,American,Male,1938.0,,Q6279974,matched,Wikidata
3510,Robert Levin,American,Male,1948.0,,,uncertain,
3511,Wayne Levin,American,Male,1945.0,,,not_found,
3512,Arthur Levine,American,Male,,,,uncertain,
3514,Les Levine,American,Male,1935.0,,,not_found,
3515,Sherrie Levine,American,Female,1947.0,,Q319569,matched,Wikidata
3516,Tom Levine,American,Male,1945.0,,,uncertain,
3530,Sonia Lewitzka,Polish,Female,1882.0,1937.0,Q134413307,matched,Wikidata
3540,Riccardo Licata,Italian,Male,1929.0,2014.0,Q1125975,matched,Wikidata
3543,John H. Lickert,American,Male,,,,not_found,
3544,Jonas Lie,American,Male,,,,uncertain,
3545,Al Lieberman,American,Male,1939.0,,,not_found,
3550,Liebowitz,American,,,,,uncertain,
3551,David Ligare,American,Male,1945.0,,,not_found,
3557,Francesca Lindh,Finnish,Female,1931.0,,Q19706110,matched,Wikidata
3558,Richard Lindh,Finnish,Male,1929.0,2006.0,Q19709347,matched,Wikidata
3560,Linda Lindroth,American,Female,1946.0,,,not_found,
3564,Peter Lipman-Wulf,American,Male,1905.0,1993.0,Q23977998,matched,Wikidata
3565,Carol Lipper,American,Female,,,,not_found,
3571,Betty Clark Little,American,Female,,,,not_found,
3572,Harvey Littleton,American,Male,1922.0,2013.0,Q15488059,matched,Wikidata
3573,Ludwig Littmann,German,Male,1946.0,,Q77353787,matched,Wikidata
3575,Stephen Livick,Canadian,Male,1945.0,,Q94657540,matched,Wikidata
3576,Frank Lobdell,American,Male,1921.0,,,uncertain,
3577,Lobel,French,,,,,uncertain,
3578,Jean Locey,American,Female,1944.0,,,not_found,
3581,Uwe Loesch,German,Male,1943.0,,Q2504534,matched,Wikidata
3582,Loescher & Petsch,German,,,,,uncertain,
3583,"Compagnie de L'Esthétique Industrielle (CEI) - Raymond Loewy, Paris",,,1952.0,,,not_found,
3589,Eckersley Lombers,British,,1914.0,1978.0,Q55772844,matched,Wikidata
3590,Lois Long,American,Female,1918.0,2005.0,Q43133497,matched,Wikidata
3591,Richard Long,British,Male,1945.0,,Q368645,matched,Wikidata
3592,Robert Longo,American,Male,1953.0,,Q1250139,matched,Wikidata
3593,Vincent Longo,American,Male,1923.0,,Q125803193,matched,Wikidata
3597,Domingo López,American,Male,1942.0,,Q134378050,matched,Wikidata
3599,Luis (López Loza) López,Mexican,Male,,,,not_found,
3600,Antonio López García,Spanish,Male,1936.0,,Q1257924,matched,Wikidata
3602,Antonio Lorenzo,Spanish,Male,1922.0,2009.0,Q5698820,error,Wikidata
3603,John Loring,American,Male,1939.0,2026.0,Q6245288,matched,Wikidata
3605,Lortz,German,,,,,uncertain,
3606,Reagan Louie,American,Male,1951.0,,Q21063984,matched,Wikidata
3614,Jesús Lozano,Spanish,Male,,,Q104719525,matched,Wikidata
3618,Lu Chu Chuan,Chinese,,,,,uncertain,
3619,Dietrich Lubs,German,Male,1938.0,,Q19971765,matched,Wikidata
3620,Caroline Lucas,American,Female,,,,uncertain,
3623,Tekening Lucerbert,Dutch,,,,Q79462328,matched,Wikidata
3624,Thomas Lüchinger,Swiss,Male,1953.0,,Q77325208,matched,Wikidata
3627,John Lueders-Booth,American,Male,1935.0,,,not_found,
3629,Amador Lugo,Mexican,Male,,,,uncertain,
3630,Jan Lukas,Czech,Male,1915.0,2006.0,Q12022797,matched,Wikidata
3631,Sven Lukin,American,Male,1934.0,,Q21647737,matched,Wikidata
3632,Luktak,Canadian,,1928.0,,,not_found,
3633,Ernest S. Lumsden,British,Male,,,,not_found,
3635,Jorge Guillermo Luna Ercilla,Argentine,Male,,,,uncertain,
3636,Norman Lundin,American,Male,1938.0,,,not_found,
3640,Markus Lüpertz,German,Male,1941.0,,Q674710,matched,Wikidata
3642,Boris Lurie,American,Male,1924.0,2008.0,Q893716,matched,Wikidata
3643,Urs Lüthi,Swiss,Male,1947.0,,Q1300788,matched,Wikidata
3644,Nicholas Luttinger,American,Male,1942.0,,,not_found,
3645,Max Lutzbacher,Swiss,Male,,,Q79461746,matched,Wikidata
3647,Lynch,American,,,,,uncertain,
3650,Danny Lyon,American,Male,1942.0,,Q5220576,matched,Wikidata
3651,Joan Lyons,American,Female,1937.0,,Q43133623,matched,Wikidata
3653,Richard Lytle,American,Male,1935.0,,,uncertain,
3655,M. H,Nationality unknown,,,,Q79461616,matched,Wikidata
3657,Zell Mabee,Nationality unknown,,,,,uncertain,
3659,Joaquín  Macías,Nicaraguan,Male,,,,not_found,
3662,Rómulo Macció,Argentine,Male,1931.0,,,not_found,
3665,Greg MacGregor,American,Male,1941.0,,Q55947802,matched,Wikidata
3667,Saša Janez Mächtig,Yugoslav,Male,1941.0,,,not_found,
3669,Heinz Mack,German,Male,1931.0,,Q571469,matched,Wikidata
3674,W. E. Macnaughtan,American,,,,,error,
3675,Wendy MacNeil,American,Female,1943.0,2016.0,Q19802911,matched,Wikidata
3677,Alen MacWeeney,American,Male,1939.0,,Q43133712,matched,Wikidata
3678,Bea Maddock,Australian,Female,1934.0,2016.0,Q4875661,matched,Wikidata
3680,Josaku Maede,Japanese,Male,1926.0,,,not_found,
3683,Paul Maenz,German,Male,1939.0,,Q2061086,matched,Wikidata
3685,Romeo Maestri,Italian,Male,,,Q79462201,matched,Wikidata
3689,F. Maglin,French,,,,,not_found,
3693,William Maguire,American,Male,1943.0,,,uncertain,
3694,Robert Mahon,American,Male,1949.0,,,error,
3696,Leo Maillet,Nationality unknown,Male,,,,not_found,
3698,Gaspard Maillol,French,Male,1880.0,1946.0,Q53549938,matched,Wikidata
3704,Mitsuo Maki,Japanese,Male,1948.0,,Q55219315,matched,Wikidata
3705,Shoichi Makino,Japanese,Male,,,,not_found,
3706,Zbigniew Makowski,Polish,Male,1930.0,2019.0,Q9388128,matched,Wikidata
3707,Gerard Malanga,American,Male,1943.0,,Q1406528,matched,Wikidata
3709,Alberto Garcia Maldonado,Mexican,Male,,,,not_found,
3715,Maurice Man,British,Male,,,Q79461744,matched,Wikidata
3717,Mateo Manaure,Venezuelan,Male,1926.0,,,not_found,
3719,Michael Mandel,American,Male,1950.0,,,uncertain,
3723,Robert Mangold,American,Male,1937.0,,Q686615,matched,Wikidata
3724,Sylvia Plimack Mangold,American,Female,1938.0,,Q7660986,matched,Wikidata
3727,Per Maning,Norwegian,Male,1943.0,,Q25430616,matched,Wikidata
3728,Mann,Polish,,,,,uncertain,
3729,C. Mann,British,,,,,uncertain,
3730,Sally Mann,American,Female,1951.0,,Q256434,matched,Wikidata
3734,Constantine Manos,Greek,Male,1934.0,2025.0,Q5163834,matched,Wikidata
3735,Russell Manoy,British,Male,1945.0,,Q55219330,matched,Wikidata
3736,Paul Mansard,French,Male,,,,uncertain,
3738,Matthias Mansen,German,Male,1958.0,,Q1910128,matched,Wikidata
3744,Kumberai Mapanda,Zimbabwean,Male,1940.0,,Q77353037,matched,Wikidata
3747,Adriana Maraz-Bernik,Yugoslav,Female,,,Q79460775,matched,Wikidata
3754,Tony Marciante,American,Male,,,,uncertain,
3758,Brice Marden,American,Male,1938.0,2023.0,Q475416,matched,Wikidata
3760,Maréchal,French,Male,1928.0,,,uncertain,
3761,Ludovico Mares,Italian,Male,,,,uncertain,
3763,Richard M. Margolis,American,Male,1943.0,,Q21544202,matched,Wikidata
3765,Joseph Margulies,American,Male,1896.0,1984.0,Q15453337,matched,Wikidata
3766,Enzo Mari,Italian,Male,1932.0,2020.0,Q319350,matched,Wikidata
3773,Tom Marioni,American,Male,1937.0,,Q16104712,matched,Wikidata
3775,Henry Mark,American,Male,1915.0,,Q106164125,matched,Wikidata
3776,Jyrki Markkanen,Finnish,,1956.0,,Q77353743,matched,Wikidata
3777,Dorothy F. Markle,American,Female,,,,uncertain,
3778,Harry C. Markle,American,Male,,,,not_found,
3779,Ronald Markman,American,Male,1931.0,,,not_found,
3781,Walter Marques,Brazilian,Male,,,,uncertain,
3788,Charles Martin,American,Male,1952.0,,,uncertain,
3789,D. S. Martin,American,,1916.0,,,not_found,
3791,Fred Martin,American,Male,1927.0,2022.0,Q48720106,matched,Wikidata
3798,Eugene Martinez,American,Male,1925.0,,,uncertain,
3801,Martinez Pintao (Manuel Martinez Pintao),Mexican,Male,1875.0,,,not_found,
3802,Ricardo Martinez,Argentine,Male,1923.0,,,uncertain,
3806,Mort N. Marton,American,Male,1918.0,,,not_found,
3807,Michael Martone,American,Male,1941.0,,,not_found,
3808,Antonio Martorell,American,Male,1939.0,,Q4776785,matched,Wikidata
3809,L. Marval,French,,,,,uncertain,
3812,Robert E. Marx,American,Male,,,,uncertain,
3815,Dennis Masi,American,Male,1942.0,,,not_found,
3818,Kristen Corinne Masri,American,Female,,,,uncertain,
3819,John Massey,American,Male,1931.0,,Q24005346,matched,Wikidata
3820,G. Massiot,Nationality unknown,,,,,not_found,
3822,Luigi Massoni,Italian,Male,1929.0,2013.0,Q77353789,matched,Wikidata
3831,Marcel Mathys,Swiss,Male,1933.0,2022.0,Q2374628,matched,Wikidata
3833,Vera Matiukh,Russian,Female,1912.0,,,not_found,
3835,Fujio Matsugi,Japanese,Male,1903.0,1984.0,Q5507464,matched,Wikidata
3836,Keizo Matsui,Japanese,Male,,,Q79461468,matched,Wikidata
3837,Akira Matsumoto,Japanese,Male,1936.0,,Q3299361,matched,Wikidata
3838,Toshio Matsumoto,Japanese,Male,1932.0,2017.0,Q7827769,matched,Wikidata
3839,Matsumura Sadaiku,Japanese,Male,1936.0,,,not_found,
3840,Shin Matsunaga,Japanese,Male,1940.0,,Q11531597,matched,Wikidata
3841,Matsushita Electric Corp.,Japanese,,1918.0,,,not_found,
3845,Holger Matthies,German,Male,1940.0,,Q1624570,matched,Wikidata
3846,Claudio Mattioli,Nationality unknown,Male,,,Q79460932,matched,Wikidata
3847,Charles Mattox,Nationality unknown,Male,1910.0,1996.0,Q96760275,matched,Wikidata
3850,Maull and Polyblank,British,,,,,not_found,
3851,E. Maunoury,French,,,,,not_found,
3854,Ingo Maurer,German,Male,1932.0,2019.0,Q374391,matched,Wikidata
3855,Neil Maurer,American,Male,1941.0,,Q55219362,matched,Wikidata
3857,Achille Mauzan,Italian,,1883.0,1952.0,Q2823086,matched,Wikidata
3858,Almir Mavignier,Brazilian,Male,1925.0,2018.0,Q1438306,matched,Wikidata
3859,Peter Max,American,Male,1937.0,,Q215805,matched,Wikidata
3861,Elaine Mayes,American,Female,1938.0,,Q5353252,matched,Wikidata
3863,Fernando Maza,Argentine,Male,1936.0,,Q56000517,matched,Wikidata
3866,Azaria Mbatha,South African,Male,1941.0,,Q21287746,matched,Wikidata
3869,Jay McCafferty,American,Male,1948.0,,,not_found,
3871,Byron McClintock,American,Male,1930.0,,,not_found,
3872,Allan McCollum,American,Male,1944.0,,Q2837749,matched,Wikidata
3873,Leonard McCombe,American,Male,1923.0,,,not_found,
3874,B. B. Mccormick,Nationality unknown,,,,,uncertain,
3875,Ann McCoy,American,Female,1946.0,,,not_found,
3877,Charles H. McCrea,American,Male,,,Q62592911,matched,Wikidata
3882,Elizabeth McFadden,American,Female,1912.0,,,uncertain,
3883,Lawrence McFarland,American,Male,1942.0,,Q90823548,matched,Wikidata
3884,James McGarrell,American,Male,1930.0,,,not_found,
3886,Byron McKeeby,American,Male,1936.0,,,not_found,
3887,Rhondal McKinney,American,Male,1948.0,,,not_found,
3889,Bruce McLean,British,Male,1944.0,,Q4977994,matched,Wikidata
3891,Elizabeth McLennan,Canadian,Female,,,Q79461024,matched,Wikidata
3892,Michael McLoughlin,American,Male,1936.0,,Q117120348,matched,Wikidata
3893,J. W. McManigal,American,,,,,uncertain,
3896,Larry Mcpherson,American,Male,1943.0,,,not_found,
3898,John McVicker,American,Male,,,,uncertain,
3900,John McWilliams,American,Male,1941.0,,Q62024387,matched,Wikidata
3902,Clement Meadmore,Australian,Male,1929.0,2005.0,Q1100270,matched,Wikidata
3904,Friedrich Meckseper,German,Male,1936.0,2019.0,Q1461075,matched,Wikidata
3905,Sol Mednick,Nationality unknown,Male,,,,not_found,
3906,Raul Meel,Estonian,Male,1941.0,,Q12373640,matched,Wikidata
3910,Richard Meier,American,Male,1934.0,,Q159612,matched,Wikidata
3912,Aleksandr Danilovich Melamid,American,Male,1945.0,,,not_found,
3914,Mohamed Melehi,Moroccan,Male,1936.0,2020.0,Q77353829,matched,Wikidata
3916,Melendreras,Spanish,,,,Q79461747,matched,Wikidata
3919,John Melin,Swedish,Male,1921.0,1992.0,Q5983818,matched,Wikidata
3922,Pierre Mendell,German,Male,1929.0,2008.0,Q1390598,matched,Wikidata
3925,Alessandro Mendini,Italian,Male,1931.0,2019.0,Q772733,matched,Wikidata
3926,Antonio Mendoza,American,Male,1941.0,,Q5699089,matched,Wikidata
3927,Edward Meneeley,American,Male,1927.0,2012.0,Q5344433,matched,Wikidata
3928,Leopoldo Menegatti,Italian,Male,,,Q79461499,matched,Wikidata
3929,Wendy Meng,American,Female,1944.0,,,not_found,
3930,Roberto Menghi,Italian,Male,1920.0,2006.0,Q3938962,matched,Wikidata
3933,Jan Menses,Canadian,Male,1933.0,,Q29559090,matched,Wikidata
3934,Mercer,British,,,,,uncertain,
3938,Hugh Merrill,American,Male,1949.0,2022.0,Q5931900,matched,Wikidata
3940,Gerhard Merz,German,Male,1947.0,,Q1512152,matched,Wikidata
3944,Bogdan-Kiar Mesko,Yugoslav,Male,,,,not_found,
3946,Gary Metz,American,Male,1941.0,,Q107253769,matched,Wikidata
3949,Erno Metzner,German,Male,,,,not_found,
3950,Sheila Metzner,American,Female,1939.0,,Q43134223,matched,Wikidata
3953,Tommy Mew,American,Male,,,,uncertain,
3954,Floris Meydam,Dutch,Male,1919.0,2011.0,Q2312612,matched,Wikidata
3955,Melissa Meyer,American,Female,1947.0,,Q6812808,matched,Wikidata
3956,Hans Meyer-Petersen,Danish,Male,1937.0,,,not_found,
3957,Joel Meyerowitz,American,Male,1938.0,,Q322577,matched,Wikidata
3959,Robert Meyers,American,Male,1931.0,,,uncertain,
3961,Lucjan Mianowski,Polish,Male,1933.0,2009.0,Q11763310,matched,Wikidata
3962,Duane Michals,American,Male,1932.0,2026.0,Q931923,matched,Wikidata
3967,Herbert Migdoll,American,Male,1944.0,2025.0,Q50583880,matched,Wikidata
3968,Miguel,Spanish,,,,,uncertain,
3969,James Miho,American,Male,1933.0,,,not_found,
3971,Fumiko Miki,Japanese,Female,,,Q79461103,matched,Wikidata
3975,Eleanore Mikus,American,Female,1927.0,2017.0,Q5354442,matched,Wikidata
3976,Stephen R. Milanowski,American,Male,1953.0,,,not_found,
3978,M. A. Miles,Nationality unknown,,,,Q79461608,matched,Wikidata
3983,Earl Miller,American,Male,1930.0,,Q28871646,matched,Wikidata
3984,John Miller,American,Male,1948.0,,,uncertain,
3986,Melissa Miller,American,Female,1951.0,,Q16732615,matched,Wikidata
3988,P. A. Miller,American,,,,Q79459671,matched,Wikidata
3989,"William H. Miller, Jr.",American,Male,,,,not_found,
3990,Peter Caldwell Millett,American,Male,1949.0,,,not_found,
3993,Lev Mills,American,Male,1940.0,2021.0,Q28871666,matched,Wikidata
3995,Keith Milow,British,Male,1945.0,,Q443372,matched,Wikidata
3996,Zwi Milshtein,Israeli,Male,1934.0,,,not_found,
3997,Peter Milton,American,Male,1930.0,,Q7175899,matched,Wikidata
4000,André Minaux,French,Male,1923.0,1986.0,Q2848308,matched,Wikidata
4001,Stephen Mindel,American,Male,1938.0,,,not_found,
4002,Vera Bocayuva Mindlin,Brazilian,Female,,,,uncertain,
4005,Roger Minick,American,Male,1944.0,,Q20684818,matched,Wikidata
4008,Marilyn Minter,American,Female,1948.0,,Q3847976,matched,Wikidata
4010,Marta Minujín,Argentine,Male,1943.0,,Q6774151,matched,Wikidata
4012,Jean Miotte,French,Male,1926.0,2016.0,Q3173551,matched,Wikidata
4013,Victor Mira,Spanish,Male,1949.0,,,not_found,
4014,Antoni Miralda,Spanish,Male,1942.0,,Q3816475,matched,Wikidata
4015,Mirko,Italian,,,,,uncertain,
4020,Rodolfo (Rodolfo Mishaan Pinto) Mishaan,Guatemalan,Male,1924.0,,,not_found,
4022,Richard Misrach,American,Male,1949.0,,Q7327841,matched,Wikidata
4023,Mary Miss,American,Female,1944.0,,Q16732679,matched,Wikidata
4024,Misztrik De Monda,Russian,Male,,,,uncertain,
4025,Julio Mitchel,Cuban,Male,1942.0,,Q77288165,matched,Wikidata
4027,Allan Mitelman,Australian,Male,1946.0,2025.0,Q4296589,matched,Wikidata
4029,Mitsubishi Electric Corp.,Japanese,,1921.0,,,not_found,
4030,Petr Miturich,Russian,Male,,,,not_found,
4032,Akira Miyoshi,Japanese,Male,1919.0,2013.0,Q162113,matched,Wikidata
4034,Jerry Moberg,American,Male,,,,not_found,
4040,Alfred Keane Moe,American,Male,,,,not_found,
4041,Siegfried Moeller,German,Male,,,Q79462272,matched,Wikidata
4042,Rudolf Moethe,German,Male,,,Q79462209,matched,Wikidata
4044,Paul Mogensen,American,Male,1941.0,,Q28706343,matched,Wikidata
4046,Jean Mohler,French,Male,,,,uncertain,
4049,Benjamín Molina,Mexican,Male,1914.0,,Q77348162,matched,Wikidata
4051,Moline,Nationality unknown,,,,,uncertain,
4052,Eduardo Moll,Peruvian,Male,1929.0,2018.0,Q48398744,matched,Wikidata
4055,Sahlan Momo,Italian,Male,1944.0,,Q55219416,matched,Wikidata
4056,Ana Maria Moncalvo,Argentine,Female,,,,not_found,
4060,Jay Monroe,American,Male,1926.0,,,not_found,
4061,Gustavo Monroy,Mexican,Male,1959.0,,Q77324896,matched,Wikidata
4062,Rubén Ortiz-Torres,Mexican,Male,1964.0,,,not_found,
4064,Jan Montyn,Dutch,Male,1924.0,2015.0,Q2109541,matched,Wikidata
4066,Robert Moon,American,Male,1941.0,,,uncertain,
4067,John D. Mooney,American,Male,1941.0,,,not_found,
4069,David Moore,American,Male,1918.0,,,uncertain,
4072,Margaret Ann Moorman,American,Female,1948.0,,,not_found,
4077,Jesus Morales,Mexican,Male,,,,not_found,
4084,Alberico Morena,Italian,Male,1926.0,2014.0,Q94642593,matched,Wikidata
4085,Mattia Moreni,Italian,Female,1920.0,1999.0,Q872468,matched,Wikidata
4087,Gabriel Morera,Venezuelan,Male,1933.0,,Q118829691,matched,Wikidata
4088,Carlo Moretti,Italian,Male,1934.0,,,uncertain,
4091,Norma G. Morgan,American,Female,1928.0,,,not_found,
4093,Morillon,French,,,,,uncertain,
4094,Shigeyoshi Morioka,Japanese,Male,1941.0,,Q55219435,matched,Wikidata
4098,Masamitsu Moriwaki,Japanese,Male,1924.0,,,uncertain,
4099,Daido Moriyama,Japanese,Male,1938.0,,,not_found,
4100,Malcolm Morley,American,Male,1931.0,2018.0,Q316667,matched,Wikidata
4102,George Morris,British,Male,,,,uncertain,
4103,Carl Morris,American,Male,1911.0,1993.0,Q5040566,matched,Wikidata
4104,G. R. Morris,British,,,,Q79459641,matched,Wikidata
4107,Michael Morris,Canadian,Male,,,,uncertain,
4108,Robert Morris,American,Male,1931.0,,,uncertain,
4110,Andrew Morrison,American,Male,1939.0,2021.0,Q77353316,matched,Wikidata
4111,Jonathan Morse,American,Male,1948.0,,Q134413580,matched,Wikidata
4115,Don Mortrude,American,Male,,,,not_found,
4116,Mike Mosco,American,Male,1921.0,,,not_found,
4117,Victor Moscoso,American,Male,1936.0,,Q7583727,matched,Wikidata
4118,Jill Moser,American,Female,1956.0,,Q19833757,matched,Wikidata
4121,Ed Moses,American,Male,1926.0,2018.0,Q1293064,matched,Wikidata
4122,Robert Moskowitz,American,Male,1935.0,2024.0,Q4303834,matched,Wikidata
4123,Charles William Moss,American,Male,1923.0,,,not_found,
4125,Olivier Mosset,Swiss,Male,1944.0,,Q669030,matched,Wikidata
4128,Robert Mottar,American,Male,,,,not_found,
4129,Deborah de Moulpied,American,Female,1933.0,,,not_found,
4130,Edward Moulthrop,American,Male,1916.0,2003.0,Q52148718,matched,Wikidata
4131,Olivier Mourgue,French,Male,1939.0,,Q3351241,matched,Wikidata
4133,Stanley Mouse,American,Male,1940.0,,Q3496380,matched,Wikidata
4139,Grant Mudford,Australian,Male,1944.0,,Q5596363,matched,Wikidata
4141,Robert Emmett Müller,American,Male,,,,uncertain,
4143,Shuji Mukai,Japanese,Male,1939.0,,Q27150709,matched,Wikidata
4145,Mark W. Mulhern,American,Male,1951.0,,,not_found,
4146,Michael Mullen,American,Male,1937.0,,,uncertain,
4147,C. O. Muller,German,,1893.0,,,not_found,
4148,Fridolin Müller,Swiss,Male,1926.0,2006.0,Q77353527,matched,Wikidata
4149,Grégoire Müller,Swiss,Male,1947.0,,Q16116055,matched,Wikidata
4151,Josef Felix Muller,Nationality unknown,Male,,,,not_found,
4157,Shizuko Muller-Yoshikawa,Swiss,Female,1934.0,,,not_found,
4158,Gerd Alfred Müller,German,Male,1932.0,,Q55219445,matched,Wikidata
4160,Matt Mullican,American,Male,1951.0,,Q13539263,matched,Wikidata
4161,Ferdinand Mulnier,French,Male,1817.0,1891.0,Q16389273,matched,Wikidata
4168,Joe Munroe,American,Male,,,,uncertain,
4169,Richard Munsell,American,Male,1909.0,,,not_found,
4171,Donald Munson,American,Male,1945.0,,,not_found,
4173,Murai Masanari,Japanese,Male,,,,not_found,
4174,Reiko Tanabe,Japanese,Female,1934.0,,Q55219849,matched,Wikidata
4180,Catherine Murphy,American,Female,1946.0,,,uncertain,
4183,Michaela Allan Murphy,American,Male,1952.0,,Q134378055,matched,Wikidata
4184,Colin Murray,British,Male,,,,uncertain,
4186,Robert Murray,Nationality unknown,Male,,,,uncertain,
4190,Peter Mussfeldt,Ecuadorian,Male,1938.0,,Q134413581,matched,Wikidata
4191,Toby Mussman,American,Male,1940.0,,Q55219454,matched,Wikidata
4193,Carl Mydans,American,Male,1907.0,2004.0,Q562904,matched,Wikidata
4195,Donia Nachshen,British,Female,1903.0,1987.0,Q22947377,matched,Wikidata
4198,Kazumasa Nagai,Japanese,Male,1929.0,2026.0,Q1684227,matched,Wikidata
4199,Juichi Nagano,Japanese,Male,,,,uncertain,
4200,Naganuma Koichi,Japanese,Male,,,,uncertain,
4202,Takeo Nagasawa,Japanese,Male,,,,uncertain,
4203,John Nagel,American,Male,1942.0,,Q134378041,matched,Wikidata
4206,Nagwaraba,Australian,Male,,,Q79461819,matched,Wikidata
4208,Masatoshi Naitoh,Japanese,Male,1938.0,,,not_found,
4209,Naoto Nakagawa,Japanese,Male,1944.0,,Q26925235,matched,Wikidata
4212,Makoto Nakamura,Japanese,Male,1926.0,,,uncertain,
4213,Yoshinobu Nakamura,Japanese,Male,,,,uncertain,
4219,Ronald Nameth,American,Male,,,,uncertain,
4221,Mauricio Nannucci,Italian,Male,1939.0,,Q55219458,matched,Wikidata
4225,James Nares,British,Male,1953.0,,Q16185492,matched,Wikidata
4230,Ben Nason,American,Male,1915.0,,,uncertain,
4231,Carlo Nason,Italian,Male,1935.0,,Q28744870,matched,Wikidata
4232,Giuseppe Nason,Italian,Male,,,Q79461152,matched,Wikidata
4234,Ugo Nason,Italian,Male,,,Q79462452,matched,Wikidata
4239,Ulrike Nattermuller,German,Male,1955.0,,Q55219462,matched,Wikidata
4243,Bruce Nauman,American,Male,1941.0,,,uncertain,
4248,Reginald Neal,American,Male,1909.0,,,uncertain,
4250,"NEC Design, Ltd.",Japanese,,1971.0,,,uncertain,
4251,Joseph Nechvatal,American,Male,1953.0,,Q3185405,matched,Wikidata
4258,Joan Nelson,American,Female,1958.0,,Q21072299,matched,Wikidata
4259,Robert A. Nelson,American,Male,1925.0,,,uncertain,
4260,Gerda Mikhailova Nemenova,Russian,Female,,,,not_found,
4261,Vladimir Nikolaevich Nemukhin,Russian,Male,1925.0,,,not_found,
4269,Steven E. Nestler,American,Male,1946.0,,Q134413582,matched,Wikidata
4270,Bea Nettles,American,Female,1946.0,,,uncertain,
4271,Netzler,Swedish,,,,,uncertain,
4273,Neumann,Nationality unknown,,,,,uncertain,
4275,Hannes Neuner,German,Male,1906.0,1978.0,Q1576058,matched,Wikidata
4276,Joshua Neustein,American,Male,1940.0,,Q6290090,matched,Wikidata
4282,Newcombe,Nationality unknown,,,,,uncertain,
4286,John Newman,American,Male,1952.0,,,uncertain,
4287,Billie Newmarch,American,,,,Q79460864,matched,Wikidata
4289,Gordon Newton,American,Male,1948.0,,Q77324889,matched,Wikidata
4290,Don Nice,American,Male,1932.0,,,not_found,
4292,Jim Nichols,Nationality unknown,Male,,,,uncertain,
4298,Nic Nicosia,American,Male,1951.0,,Q16149846,matched,Wikidata
4300,Roberto Niederer,Swiss,Male,1928.0,1988.0,Q78067540,matched,Wikidata
4302,Rodolfo Nieto,Mexican,Male,1936.0,1985.0,Q11703302,matched,Wikidata
4303,Frans van Nieuwenborg,Dutch,Male,1941.0,,Q29422135,matched,Wikidata
4308,Gladys Nilsson,American,Female,1940.0,,Q5566442,matched,Wikidata
4309,Bruno Ninaber Van Eyben,Dutch,Male,1950.0,,,not_found,
4310,Hermann Nitsch,Austrian,Male,1938.0,2022.0,Q651376,matched,Wikidata
4315,Nicholas Nixon,American,Male,1947.0,,Q2309478,matched,Wikidata
4317,Anthony Nobile,American,Male,1938.0,,Q117120593,matched,Wikidata
4318,Tetsuya Noda,Japanese,Male,1940.0,,Q15919506,matched,Wikidata
4319,Francis Noel,Nationality unknown,Male,1937.0,,Q110111742,matched,Wikidata
4321,Werner Nöfer,German,Male,1937.0,,Q2562184,matched,Wikidata
4330,Richard Nonas,American,Male,1936.0,2021.0,Q2154642,matched,Wikidata
4331,John Noneman,American,Male,1938.0,,,not_found,
4332,Wim Noordhoek,Nationality unknown,,,,,uncertain,
4333,Barbara Norfleet,American,Female,1926.0,,,not_found,
4337,Noury,Czech,,,,Q124333453,matched,Wikidata
4338,Lorie Novak,American,Female,1954.0,,Q23304392,matched,Wikidata
4341,David Novros,American,Male,1941.0,,Q17478646,matched,Wikidata
4342,Ira Nowinski,American,Male,1942.0,,,uncertain,
4344,Thomas Nozkowski,American,Male,1944.0,,,not_found,
4347,Guillermo Nuñez,Chilean,Male,1930.0,,,not_found,
4348,Jim Nutt,American,Male,1938.0,,Q6197218,matched,Wikidata
4350,Futzie Nutzle,American,Female,1942.0,,Q55219487,matched,Wikidata
4353,Thom O'Connor,American,Male,1937.0,,Q55219501,matched,Wikidata
4355,Hugh O'Donnell,British,Male,1950.0,,Q5932128,matched,Wikidata
4357,Frederick O'Hara,American,Male,1904.0,,,not_found,
4361,Jon T. O'Neal,American,Male,1957.0,,Q134378042,matched,Wikidata
4362,John O'Reilly,American,Male,1930.0,,,uncertain,
4364,Shuichi Obata,Japanese,Male,1932.0,,Q55219491,matched,Wikidata
4365,Robert Oberheim,German,Male,1938.0,2014.0,Q55219495,matched,Wikidata
4367,Obikawa Seijiro,,,,,,uncertain,
4371,Miguel Ocampo,Argentine,Male,1922.0,2015.0,Q6014849,matched,Wikidata
4373,Starr Ockenga,American,Female,1938.0,1969.0,Q111239008,matched,Wikidata
4374,Will Hiroshi Oda,American,Male,1943.0,,Q134413583,matched,Wikidata
4375,Albert Oehlen,German,Male,1954.0,,Q529337,matched,Wikidata
4379,Hans Ofner,Austrian,Male,1880.0,1939.0,Q77353578,matched,Wikidata
4380,Haruzo Ohashi,Japanese,Male,1927.0,,Q124847538,matched,Wikidata
4382,Hajime Ohigashi,Japanese,Female,,,Q79461191,matched,Wikidata
4383,Ohmae Hiroshi,Japanese,Female,,,,uncertain,
4385,Shinro Ohtake,Japanese,Male,1955.0,,Q11438412,matched,Wikidata
4387,Rikuro Okamoto,Japanese,Male,1943.0,,Q117120650,matched,Wikidata
4388,Shigeo Okamoto,Japanese,Male,1934.0,,Q17224119,matched,Wikidata
4390,Okamura Kichiemon,Japanese,Male,1916.0,,,not_found,
4392,Tetsu Okuhara,American,Male,1942.0,2016.0,Q64576242,matched,Wikidata
4393,Rafal Olbinski,Polish,Male,1945.0,,,not_found,
4397,Claes Oldenburg,American,Male,1929.0,2022.0,Q156731,matched,Wikidata
4402,Arthur Ollman,American,Male,1947.0,,,not_found,
4404,Axel Olson,Swedish,Male,1899.0,1986.0,Q6026194,matched,Wikidata
4406,Lennart Olson,Swedish,Male,1925.0,2010.0,Q6026285,matched,Wikidata
4408,Toni Onley,Canadian,Male,1928.0,2004.0,Q7821311,matched,Wikidata
4409,Ono Takahiro,Japanese,Male,1925.0,,,not_found,
4410,Yoko Ono,American,Female,1933.0,,Q117012,matched,Wikidata
4414,Rodolfo Opazo,Chilean,Male,1935.0,2019.0,Q18224487,matched,Wikidata
4423,Alex Oris,Nationality unknown,,,,,uncertain,
4425,Alicia Orlandi,Argentine,Female,,,,uncertain,
4429,Don Ornitz,American,Male,1920.0,,,not_found,
4431,Alfred Everitt Orr,American,Male,1886.0,,,not_found,
4432,Orrby,Swedish,,,,,uncertain,
4433,Emilio Ortiz,Mexican,Male,1936.0,1987.0,Q43134946,matched,Wikidata
4439,Christine Osinski,American,Female,1948.0,,,not_found,
4442,Anders Osterlin,Swedish,Male,1926.0,,,not_found,
4446,Maria Catalina Otero Lamas,Argentine,Female,1909.0,,Q77325027,matched,Wikidata
4447,Ryszard K. Otreba,Polish,Male,1932.0,,Q117120683,matched,Wikidata
4448,Tom Otterness,American,Male,1952.0,,Q1772326,matched,Wikidata
4449,Otto & Fiere,French,,,,,not_found,
4453,Marion Overby,American,,1909.0,,Q55219563,matched,Wikidata
4454,Bill Owens,American,Male,1938.0,,,uncertain,
4456,Owo,German,,,,,uncertain,
4457,Tetsoro Oya,Japanese,Male,,,Q79462375,matched,Wikidata
4467,Patrick D. Pagnano,American,Male,1947.0,,Q55219565,matched,Wikidata
4468,Andrzej Pagowski,Polish,Male,1953.0,,Q4759678,matched,Wikidata
4470,Timo Tauno Pajunen,American,Male,1945.0,,Q134413584,matched,Wikidata
4472,Mimmo Paladino,Italian,Male,1948.0,,Q701592,matched,Wikidata
4476,Hans Heinrich Palitzsch,German,Male,1912.0,2005.0,Q14520160,matched,Wikidata
4477,Tony Palladino,American,Male,1930.0,,,uncertain,
4479,Panamarenko,Belgian,Male,1940.0,2019.0,Q567023,matched,Wikidata
4480,Hally Pancer,American,Female,1961.0,,Q5643240,matched,Wikidata
4482,Jerzy Panek,Polish,Male,1918.0,2001.0,Q11725191,matched,Wikidata
4487,Cesare Paolini,Italian,Male,1937.0,,Q55219571,matched,Wikidata
4489,Peter Paone,American,Male,1936.0,,,not_found,
4490,Tod Papageorge,American,Male,1940.0,,Q1708754,matched,Wikidata
4491,Antonio Papasso,Italian,Male,1932.0,2014.0,Q6597314,matched,Wikidata
4495,Jean-Luc Parant,Tunisian,Male,1944.0,2022.0,Q3167224,matched,Wikidata
4496,Richard Pare,British,Male,1948.0,,Q1286781,matched,Wikidata
4500,Ann Parker,American,Female,1934.0,2022.0,Q63053694,matched,Wikidata
4502,Olivia Parker,American,Female,1941.0,,Q42313483,matched,Wikidata
4506,Martin Parr,British,Male,1952.0,2025.0,Q962442,matched,Wikidata
4510,Jürgen Partenheimer,German,Male,1947.0,,Q679765,matched,Wikidata
4511,Robert Partin,American,Male,1927.0,1998.0,Q95453101,matched,Wikidata
4512,Roi Partridge,American,Male,1888.0,1984.0,Q7359860,matched,Wikidata
4516,Leonid Pasternak,Russian,Male,1862.0,1945.0,Q213596,matched,Wikidata
4517,César Paternosto,Argentine,Male,1931.0,,Q19802329,matched,Wikidata
4518,Angelo Patin,Italian,Male,,,Q79460807,matched,Wikidata
4519,Izhar Patkin,Israeli,Male,1955.0,,Q21528841,matched,Wikidata
4521,Thomas Patti,American,Male,1943.0,,Q55219582,matched,Wikidata
4522,Peter Paul,German,Male,1911.0,1985.0,Q1480982,matched,Wikidata
4523,Tony Paul,American,Male,,,,uncertain,
4527,Pavlos,Greek,Male,1930.0,,,uncertain,
4528,José Pavon,Mexican,Male,1902.0,,,not_found,
4529,Philip Pearlstein,American,Male,1924.0,2022.0,Q708763,matched,Wikidata
4531,John Pearson,American,Male,1940.0,,,uncertain,
4534,Mary Peck,American,Female,1952.0,,Q21287793,matched,Wikidata
4536,Pedrero,Spanish,,,,,uncertain,
4537,Paolo Pedrizzetti,Italian,Male,1947.0,,Q27979260,matched,Wikidata
4538,Eleanore Peduzzi-Riva,Italian,Female,1936.0,,Q77353472,matched,Wikidata
4542,Pellegrini,Swiss,,,,,uncertain,
4543,John Pemberton,British,Male,1948.0,,Q6252456,matched,Wikidata
4545,Gianni Penati,Italian,Male,1930.0,2018.0,Q55219590,matched,Wikidata
4546,A.R. Penck (Ralf Winkler),German,Male,1939.0,,,not_found,
4550,Giuseppe Penone,Italian,Male,1947.0,,Q568924,matched,Wikidata
4554,Gilles Peress,French,Male,1946.0,,Q324062,matched,Wikidata
4555,David Peretz,Nationality unknown,Male,1906.0,1982.0,Q11317581,matched,Wikidata
4557,Rossini Perez,Brazilian,Male,1932.0,2020.0,Q56347437,matched,Wikidata
4560,Achille Perilli,Italian,Male,1927.0,2021.0,Q340242,matched,Wikidata
4562,Abigail Perlmutter,American,Female,1950.0,,Q55219594,matched,Wikidata
4563,Oliva Perotes,Spanish,Female,,,Q79461905,matched,Wikidata
4565,Stephen Perrin,American,Male,1932.0,,Q7610224,matched,Wikidata
4568,Mario Persico,Italian,Male,1930.0,2022.0,Q55681233,matched,Wikidata
4570,Gaetano Pesce,Italian,Male,1939.0,2024.0,Q1491035,matched,Wikidata
4573,P. Petersen,Swedish,,,,Q79459675,matched,Wikidata
4574,Roland Petersen,American,Male,1926.0,,Q7360384,matched,Wikidata
4578,Irving Petlin,American,Male,1934.0,2018.0,Q6074722,matched,Wikidata
4582,Wolfgang Petrik,German,Male,,,,uncertain,
4583,Petronio,Nationality unknown,,,,,uncertain,
4585,Mischa Petrow,Nationality unknown,Male,,,,uncertain,
4586,William Pettet,American,Male,1942.0,,,not_found,
4587,Richard Pettibone,American,Male,1938.0,,,not_found,
4593,Wilfred Pezold,German,Male,1934.0,,Q77354046,matched,Wikidata
4594,Judy Pfaff,American,Female,1946.0,,Q6304556,matched,Wikidata
4595,Georg-Karl Pfahler,German,Male,,,,not_found,
4596,Peter Pfisterer,Swiss,Male,1907.0,,,uncertain,
4598,Ellen Phelan,American,Female,1943.0,,Q5364979,matched,Wikidata
4601,Mary Walker Phillips,American,Female,1923.0,2007.0,Q6780907,matched,Wikidata
4602,Peter Phillips,British,Male,1939.0,,,uncertain,
4603,Tom Phillips,British,Male,1937.0,2022.0,Q7817232,matched,Wikidata
4604,Photographie Modèle,French,,,,,not_found,
4610,Joseph Piccillo,American,Male,1937.0,,,not_found,
4619,L. Pierson,French,,,,,not_found,
4623,David Pilbrow,American,Male,1940.0,,Q55219609,matched,Wikidata
4624,Mick Pilcher,British,Male,,,Q79461755,matched,Wikidata
4625,Howardena Pindell,American,Female,1943.0,,Q5921354,matched,Wikidata
4627,Adão Pinheiro,Brazilian,Male,1938.0,,Q77353115,matched,Wikidata
4628,I. G. Pinlats,Spanish,,1901.0,,Q134413585,matched,Wikidata
4630,Jacob Pins,German,Male,1917.0,2005.0,Q96527,matched,Wikidata
4634,Lauren Piperno,American,Female,1949.0,,Q106307920,matched,Wikidata
4636,Ezio Pirali,Italian,Male,1921.0,,Q3062834,matched,Wikidata
4638,Giancarlo Piretti,Italian,Male,1940.0,2026.0,Q37851049,matched,Wikidata
4639,Woody Pirtle,American,Male,1944.0,2025.0,Q8033691,matched,Wikidata
4641,Michelangelo Pistoletto,Italian,Male,1933.0,,Q573178,matched,Wikidata
4642,Gerardo Pita,Spanish,Male,1950.0,,Q43135313,matched,Wikidata
4644,Arthur Luis Piza,Brazilian,Male,,,,not_found,
4646,José Pla-Narbona,Spanish,Male,1928.0,,,not_found,
4647,Sylvia Plachy,American,Female,1943.0,,Q1293014,matched,Wikidata
4650,Hans Platschek,German,Male,1923.0,2000.0,Q1170734,matched,Wikidata
4651,Philip Platt,American,Male,,,,uncertain,
4652,Henri Plaut,French,Male,,,,not_found,
4654,Linda Plotkin,American,Female,1938.0,,,not_found,
4655,David Plowden,American,Male,1932.0,2026.0,Q5238613,matched,Wikidata
4656,William Lansing Plumb and Associates,American,,1963.0,,Q77354050,matched,Wikidata
4658,Michael Podulke,American,Male,,,,not_found,
4660,Alfred Pohl,German,Male,1928.0,2019.0,Q1505441,matched,Wikidata
4661,Anne Poirier,French,Female,1942.0,,Q17399229,matched,Wikidata
4662,Patrick Poirier,French,Male,1942.0,,Q17399227,matched,Wikidata
4668,Steve Poleskie,American,Male,1938.0,2019.0,Q7613635,matched,Wikidata
4676,Arnaldo Pomodoro,Italian,Male,1926.0,2025.0,Q594368,matched,Wikidata
4678,Gaetano Pompa,Italian,Male,1933.0,1998.0,Q43135382,matched,Wikidata
4682,Michael Ponce De Leon,American,Male,1922.0,,,not_found,
4683,Jacqueline Poncelet,British,Female,1947.0,,Q39250866,matched,Wikidata
4685,Clayton Pond,American,Male,1941.0,,,not_found,
4686,Isabel Pons,Brazilian,Female,1912.0,2002.0,Q57530107,matched,Wikidata
4689,C. Emanuele Ponzio,Italian,Female,1923.0,,Q55219634,matched,Wikidata
4690,Irene Poon,American,Female,1941.0,,,not_found,
4691,Larry Poons,American,Male,1937.0,,Q327862,matched,Wikidata
4695,Popp-Kircheim,Nationality unknown,,,,,uncertain,
4696,James Poppitz,American,Male,1957.0,,Q117120810,matched,Wikidata
4697,V. Lorenzo Porcelli,American,,1933.0,,Q55219638,matched,Wikidata
4698,Porsche Design Group,German,,1948.0,,,uncertain,
4699,Bruce Porter,American,Male,1943.0,1953.0,Q15460725,matched,Wikidata
4702,Katherine Porter,American,Female,1941.0,2024.0,Q19276859,matched,Wikidata
4703,Liliana Porter,American,Female,1941.0,,Q528501,matched,Wikidata
4709,Stephen Posen,American,Male,1939.0,,,not_found,
4712,Hannes Postma,Dutch,Male,1933.0,2020.0,Q22237224,matched,Wikidata
4715,Joanna Pousette-Dart,American,Female,1947.0,,Q22002870,matched,Wikidata
4718,Rudy Pozzatti,American,Male,1925.0,2021.0,Q55219642,matched,Wikidata
4719,Lucio Pozzi,American,Male,1935.0,,Q6697422,matched,Wikidata
4724,Léon Prébandier,French,Male,1921.0,2003.0,Q85101289,matched,Wikidata
4728,David Prentice,American,Male,1943.0,2014.0,Q5238698,matched,Wikidata
4732,Henri Pribik,Czech,Male,1944.0,,Q97003778,matched,Wikidata
4733,Zlatko Prica,,,1916.0,2003.0,Q11250206,matched,Wikidata
4735,Ursula Morley Price,British,Female,1936.0,,,not_found,
4736,Zigmunds Priede,American,Male,1935.0,,Q108152055,matched,Wikidata
4739,Stephen Prina,American,Male,1954.0,,Q1682539,matched,Wikidata
4740,Douglas Prince,American,Male,1943.0,,,not_found,
4741,Richard Prince,American,Male,1949.0,,Q661520,matched,Wikidata
4743,Leah De Prizio,American,Female,1935.0,,Q55219655,matched,Wikidata
4745,Rick Prol,American,Male,1956.0,,Q111398510,matched,Wikidata
4747,Boris Prusakov,Russian,Male,,,Q79460877,matched,Wikidata
4750,H. B. Puchingen,Austrian,,,,,uncertain,
4753,Arthur Pulos,American,Male,1917.0,,,not_found,
4758,Martin Puryear,American,Male,1941.0,,Q6776418,matched,Wikidata
4759,Theodor Puschkarski,Austrian,Male,1946.0,,Q77353983,matched,Wikidata
4760,Mavis Pusey,American,Male,1928.0,2019.0,Q55219662,matched,Wikidata
4764,William Pye,British,Male,1938.0,,Q2377517,matched,Wikidata
4768,Edme Quenedey,French,Male,,,,not_found,
4769,Bernard Quentin,French,Male,1923.0,2020.0,Q2898479,matched,Wikidata
4771,Herb Quick,American,Male,1925.0,,,not_found,
4772,Achille Quinet,French,Male,1831.0,1900.0,Q30092352,matched,Wikidata
4777,Peter Raacke,German,Male,1928.0,2022.0,Q2077689,matched,Wikidata
4778,Fanny Rabel,Mexican,Female,1922.0,2008.0,Q528028,matched,Wikidata
4779,David Rabinowitch,Canadian,Male,1943.0,2022.0,Q5238858,matched,Wikidata
4780,Michael Rabinowitz,British,Male,,,,not_found,
4784,Lucia Radochonska,Polish,Female,1948.0,,Q77288235,matched,Wikidata
4787,Markus Raetz,Swiss,Male,1941.0,2020.0,Q477409,matched,Wikidata
4788,Joseph Raffael,American,Male,1933.0,2021.0,Q2390275,matched,Wikidata
4789,J. V. Raffaelli,French,,,,,uncertain,
4792,Arnulf Rainer,Austrian,Male,1929.0,,,uncertain,
4793,Tomas Rajlich,Czech,Male,1940.0,,Q22091009,matched,Wikidata
4794,Naftali Rakuzin,Russian,Male,1948.0,,,not_found,
4798,Natacha Rambova,American,Female,,,,uncertain,
4799,Gunter Rambow,German,Male,1938.0,,Q1554906,matched,Wikidata
4806,Mel Ramos,American,Male,1935.0,2018.0,Q930286,matched,Wikidata
4807,José Carlos Ramos Galvez,Peruvian,Male,1948.0,,,not_found,
4808,Daniel Ranalli,American,Male,1946.0,,Q110140478,matched,Wikidata
4810,Herbert E. Randall,American,Male,1936.0,,,not_found,
4813,Edward Ranney,American,Male,1942.0,,,not_found,
4815,Rapier,British,,,,,uncertain,
4816,Umberto Raponi,Nationality unknown,Male,,,,uncertain,
4820,Marc Ratliff,American,Male,,,,uncertain,
4825,Peter Ray,British,Male,,,,uncertain,
4829,Jean Pierre Raynaud,French,Male,1939.0,,Q3169694,matched,Wikidata
4832,Martial Raysse,French,Male,1936.0,,Q475098,matched,Wikidata
4833,George Reavey,Nationality unknown,Male,,,,uncertain,
4834,Jean Reavey,Nationality unknown,Male,,,,uncertain,
4836,N. Krishna Reddy,Indian,Male,1925.0,,,not_found,
4838,June Redfern,British,Female,1951.0,,Q21465830,matched,Wikidata
4842,Ethel Reed,American,Female,1876.0,1912.0,Q4394452,matched,Wikidata
4844,Helge Refn,Danish,Female,1908.0,1985.0,Q12316036,matched,Wikidata
4846,Johannes Regn,Nationality unknown,Male,1935.0,2014.0,Q21287781,matched,Wikidata
4847,Paula Rego,Portuguese,Female,1935.0,2022.0,Q235318,matched,Wikidata
4848,Steve Reich,American,Male,1936.0,,Q262791,matched,Wikidata
4850,Josua Reichert,German,Male,1937.0,2020.0,Q1708853,matched,Wikidata
4851,Vilem Reichmann,Czech,Male,1908.0,,,not_found,
4853,William Reimann,American,Male,1935.0,,,not_found,
4855,Winfried Reinbacher,German,Male,1937.0,2004.0,Q117120879,matched,Wikidata
4857,Nono Reinhold,Dutch,Female,1929.0,,Q65178777,matched,Wikidata
4860,Reiss,British,,,,,uncertain,
4861,Nancy Reitkopf,Nationality unknown,Female,,,,not_found,
4864,F. A. Renard,French,,,,,uncertain,
4868,Eric P. Renner,American,Male,1941.0,,,not_found,
4870,Edda Renouf,American,Female,1943.0,,Q20855646,matched,Wikidata
4872,Marcia Resnick,American,Female,1950.0,2025.0,Q23091918,matched,Wikidata
4877,Maria Reuter,German,Female,1929.0,,Q55219686,matched,Wikidata
4878,Carl Fredrik Reuterswärd,Swedish,Male,1934.0,2016.0,Q981304,matched,Wikidata
4882,Nancy Rexroth,American,Female,1946.0,,Q21287799,matched,Wikidata
4887,John Reynolds,British,Male,,,,uncertain,
4890,Serge Rezvani,French,Male,1928.0,,Q3479508,matched,Wikidata
4892,Marvin Rhodes,American,Male,1948.0,,Q55219691,matched,Wikidata
4894,Barbara Chase-Riboud,American,Female,1939.0,,Q2883927,matched,Wikidata
4896,Enric Ricart,Spanish,Male,1893.0,,,not_found,
4897,Franco Ricci,Italian,Male,1937.0,,,uncertain,
4898,Burton Rice,American,Male,,,,not_found,
4899,Leland Rice,American,Male,1940.0,,,not_found,
4903,Eugene Richards,American,Male,1944.0,,Q728808,matched,Wikidata
4907,Gerhard Richter,German,Male,1932.0,,Q164351,matched,Wikidata
4911,Marco Richterich,Swiss,Male,1929.0,1997.0,Q15429987,matched,Wikidata
4913,James Riddle,American,Male,1933.0,,,uncertain,
4916,John Rieben,American,Male,1935.0,,,not_found,
4917,Claus Joseph Riedel,Austrian,Male,1925.0,,Q77353432,matched,Wikidata
4923,P. Riffaut,French,,,,,not_found,
4927,Rigobaldi,Italian,,,,Q79462120,matched,Wikidata
4929,Bridget Riley,British,Female,1931.0,,Q234449,matched,Wikidata
4930,Terry Riley,American,Male,1935.0,,Q365243,matched,Wikidata
4933,Klaus Rinke,German,Male,1939.0,2026.0,Q830712,matched,Wikidata
4935,Jozsef Rippl-Rónai,Hungarian,Male,,,,not_found,
4936,Murray Riss,American,Male,1940.0,,,not_found,
4937,James Risser,American,Male,1947.0,,Q50683625,matched,Wikidata
4944,Jacinto H. Rivero Castilla,Peruvian,Male,,,,uncertain,
4947,Dan Rizzie,American,Male,1951.0,,,not_found,
4950,Bruce Robbins,American,Male,1948.0,,Q21288575,matched,Wikidata
4958,Henry B. Robertson,American,Male,,,,uncertain,
4965,Walter Robinson,American,Male,1950.0,2025.0,Q16145702,matched,Wikidata
4969,Gunther Rochelt,German,Male,1939.0,,Q55219700,matched,Wikidata
4970,Rocher,French,,,,,uncertain,
4972,Dorothea Rockburne,American,Female,1932.0,,Q1246260,matched,Wikidata
4979,Mary Rodney,American,Female,,,,not_found,
4982,Juan Carlos Rodriguez,Nationality unknown,Male,,,,uncertain,
4985,Jenny Roed,German,Female,,,Q111239156,matched,Wikidata
4986,Herman Roeg,American,Male,,,,not_found,
4988,Nick Roericht,German,Male,1932.0,,,not_found,
4991,Walter Rogalski,American,Male,1923.0,,,not_found,
4992,John C. Rogers,Nationality unknown,Male,,,,uncertain,
4993,Mary Rogers,British,Female,1929.0,,,uncertain,
5001,Robert Rohm,American,Male,1934.0,,,not_found,
5002,Benedikt Rohner,Swiss,Male,,,Q79460860,matched,Wikidata
5005,K.O.S. (Kids of Survival),American,,1982.0,,,uncertain,
5006,Thomas Roma,American,Male,1950.0,,Q7793626,matched,Wikidata
5008,Romolo Romani,Italian,Male,1884.0,1916.0,Q16598333,matched,Wikidata
5009,Clare Romano,American,Female,1922.0,2017.0,Q50823505,matched,Wikidata
5010,Oswaldo Romberg,Argentine,Male,1938.0,,,not_found,
5011,Gust Romijn,Dutch,Male,1922.0,2010.0,Q2486126,matched,Wikidata
5013,Nelson Ronsheim,American,Male,,,,not_found,
5014,Leonardo Rosa,Nationality unknown,Male,,,,uncertain,
5017,Brian Rose,American,Male,1954.0,,,uncertain,
5018,David Rose,Australian,Male,1936.0,,,uncertain,
5021,James Rosenquist,American,Male,1933.0,2017.0,Q448845,matched,Wikidata
5024,"Rosenthal Porzellan A.g., company design",German,,1879.0,,,not_found,
5025,Stephan Rosenthal,American,Male,1949.0,,Q95256120,matched,Wikidata
5026,Lauri Rosenwald,American,Female,,,,not_found,
5027,Henry Rosling,British,Male,1828.0,1911.0,Q15980561,matched,Wikidata
5029,Brown Ross,British,Male,1942.0,,Q134413590,matched,Wikidata
5030,Judith Joy Ross,American,Female,1946.0,,Q6303491,matched,Wikidata
5031,Merg Ross,American,Female,1941.0,,Q55219712,matched,Wikidata
5035,Rossmann,Nationality unknown,,,,,uncertain,
5037,Alfredo Rostgaard,Cuban,Male,1943.0,2004.0,Q4723856,matched,Wikidata
5044,Susan Rothenberg,American,Female,1945.0,2020.0,Q436782,matched,Wikidata
5045,Michael Rothenstein,British,Male,1908.0,1993.0,Q6833987,matched,Wikidata
5049,H. D. Rothschild,American,Male,1907.0,,,not_found,
5051,Paul Rotterdam,American,Male,1939.0,,Q2062027,matched,Wikidata
5052,François Rouan,French,Male,1943.0,,,uncertain,
5054,Kosti Ruohomaa,American,,1913.0,1961.0,Q87477461,matched,Wikidata
5060,Riba Rovira,Spanish,Female,,,,not_found,
5061,Rowe,British,,,,,uncertain,
5062,David Rowland,American,Male,1924.0,2010.0,Q5239259,matched,Wikidata
5064,L. Roy,French,,,,,uncertain,
5069,Ernö Rubik,Hungarian,Male,1944.0,,,not_found,
5071,Leo Rubinfien,American,Male,1953.0,,Q6524192,matched,Wikidata
5072,Mabel Rubli,Argentine,Female,1933.0,,Q55219715,matched,Wikidata
5074,A. Ruckstuhl,Nationality unknown,,,,,not_found,
5075,Dorothy Ruddick,American,Female,1925.0,2010.0,Q19802790,matched,Wikidata
5077,Anton Rüegg,Swiss,Male,,,Q79460812,matched,Wikidata
5079,Gregory Rukavina,American,Male,1954.0,,Q117121004,matched,Wikidata
5081,Robert Miles Runyan,American,Male,1925.0,,,not_found,
5082,Margit Ruoff,German,Female,1937.0,,Q55219719,matched,Wikidata
5083,Sheron Rupp,American,Female,1943.0,,Q23068133,matched,Wikidata
5084,Allen Ruppersberg,American,Male,1944.0,,Q826298,matched,Wikidata
5086,Edward Ruscha,American,Male,1937.0,,,not_found,
5088,Henry Rushburg,British,Male,,,Q23068026,matched,Wikidata
5092,Deane Russell,Canadian,Male,,,Q79460980,matched,Wikidata
5094,Mario Russo,Italian,Male,1925.0,2000.0,Q3849069,matched,Wikidata
5096,Viktor Rutz,Swiss,Male,1913.0,,,not_found,
5098,Robert Ryman,American,Male,1930.0,2019.0,Q640936,matched,Wikidata
5102,Betye Saar,American,Female,1926.0,,Q2900288,matched,Wikidata
5104,Roland Sabatier,French,Male,1942.0,2022.0,Q3440248,matched,Wikidata
5105,Lino Sabattini,Italian,Male,1925.0,2016.0,Q29436142,matched,Wikidata
5107,Deli Sacilotto,Canadian,Male,,,,uncertain,
5108,Rolf Sackenheim,German,Male,1921.0,2006.0,Q2163771,matched,Wikidata
5110,George Sadek,American,Male,1928.0,,Q55219723,matched,Wikidata
5112,Donald Saff,American,Male,1937.0,,Q20711163,matched,Wikidata
5114,Saint-Edme,French,,,,,uncertain,
5117,Takako Saito,American,Female,1929.0,2025.0,Q7677109,matched,Wikidata
5118,Asao Sakamoto,Japanese,Male,1950.0,,Q77353343,matched,Wikidata
5119,Ben Sakoguchi,American,Male,1938.0,,,not_found,
5120,Jack Sal,American,Male,1954.0,,Q117121022,matched,Wikidata
5121,Ibrahim El Salahi,Sudanese,Male,1930.0,,,not_found,
5123,Charles Salisbury,British,Male,,,,uncertain,
5124,David Salle,American,Male,1952.0,,,uncertain,
5125,Steve Salmieri,American,Male,1945.0,,Q55219728,matched,Wikidata
5127,John Salt,British,Male,1937.0,2021.0,Q1701673,matched,Wikidata
5129,Alberto Salvati,Italian,Male,1935.0,,Q125225356,matched,Wikidata
5131,Dana Salvo,American,Male,1952.0,,Q55219731,matched,Wikidata
5134,Lucas Samaras,American,Male,1936.0,,,not_found,
5137,Gilván Samico,Brazilian,Male,1928.0,,,not_found,
5138,Ralph Samuels,American,Male,,,,uncertain,
5139,America Sanchez,Spanish,Female,1939.0,,,not_found,
5147,Benita Sanders,Canadian,Female,1935.0,,Q60027754,matched,Wikidata
5148,Joop Sanders,American,Male,1921.0,2023.0,Q6276070,matched,Wikidata
5149,Douglas Sandhage,American,Male,1947.0,,,not_found,
5150,Armin Sandig,German,Male,1929.0,2015.0,Q688205,matched,Wikidata
5151,Barbara Sandler,American,Female,1943.0,,,not_found,
5152,Arturo Sandoval,American,Male,1942.0,,,uncertain,
5153,Rolf Sandquist,Nationality unknown,Male,,,,uncertain,
5155,Juvenal Sansó,Spanish,Male,1929.0,,,not_found,
5157,Tomas Santa Rosa Junior,Brazilian,Male,,,,not_found,
5158,Jerry Santbergen,Nationality unknown,Male,1942.0,2002.0,Q55218457,matched,Wikidata
5161,Pasquale Santoro,Italian,Male,1933.0,2022.0,Q126740697,matched,Wikidata
5163,Alan Saret,American,Male,1944.0,2026.0,Q16106789,matched,Wikidata
5166,Sarkis (Sarkis Zabunyan),French,Male,1938.0,,,not_found,
5167,Paul Sarkisian,American,Male,1928.0,,,not_found,
5169,Enrico Sarsini,American,Male,1938.0,2025.0,Q3726056,matched,Wikidata
5170,Takao Sasai,Japanese,Male,1956.0,,Q55219734,matched,Wikidata
5173,Koichi Sato,Japanese,Male,1944.0,,,uncertain,
5176,Michel Sauer,German,Male,1949.0,,Q1660697,matched,Wikidata
5177,Saul,American,,,,,uncertain,
5178,Peter Saul,American,Male,1934.0,,Q3376863,matched,Wikidata
5179,David Saunders,American,Male,1954.0,,,uncertain,
5180,Raymond Saunders,American,Male,1934.0,2024.0,Q7299135,matched,Wikidata
5186,Tad Savinar,American,Male,1950.0,,,not_found,
5187,Robert Savoie,Nationality unknown,Male,1939.0,,Q67298953,matched,Wikidata
5190,Dietrich Sayler,Romanian,Male,,,,uncertain,
5191,Jeffrey Scales,American,Male,1954.0,,,uncertain,
5193,Emilio Scanavino,Italian,Male,1922.0,1986.0,Q472656,matched,Wikidata
5196,Afra Scarpa,Italian,Female,1937.0,,,not_found,
5198,Tobia Scarpa,Italian,Male,1935.0,,Q1681970,matched,Wikidata
5203,Philip von Schantz,Swedish,Male,1928.0,1998.0,Q1502820,matched,Wikidata
5207,Bezalel Schatz,Israeli,Male,1913.0,1978.0,Q12404686,matched,Wikidata
5209,Stephen Scheer,American,Male,1954.0,,,not_found,
5210,Roman Scheidl,German,Male,1949.0,,Q79462199,matched,Wikidata
5213,Chris Schiavo,American,Male,1961.0,,Q55219744,matched,Wikidata
5214,Elso Schiavo,Swiss,Male,1934.0,,Q77353474,matched,Wikidata
5217,M. Schimmel,Nationality unknown,,,,Q79459660,matched,Wikidata
5220,John Schlesinger,American,Male,1954.0,,,uncertain,
5223,Edwin Schlossberg,American,Male,1945.0,,Q3048809,matched,Wikidata
5224,Eberhard Schlotter,German,Male,,,,not_found,
5226,Regina Schmeken,German,Female,1955.0,,Q2137926,matched,Wikidata
5228,Georg Schmid,Austrian,Male,1928.0,,,uncertain,
5232,Arthur Schmidt,German,Male,1908.0,1952.0,Q711369,matched,Wikidata
5233,Charlotte Schmidt,German,Female,1933.0,2024.0,Q1067330,matched,Wikidata
5234,Julius Schmidt,American,Male,1923.0,,,uncertain,
5237,Marianna Schmidt,Canadian,Female,1918.0,2005.0,Q19665215,matched,Wikidata
5239,Otto Schmidt,Austrian,Male,1849.0,,Q126890200,matched,Wikidata
5240,Wolfgang Schmidt,German,Male,1930.0,,Q139382,matched,Wikidata
5241,Helmut Schmidt-Rhen,German,Male,1936.0,2025.0,Q55219749,matched,Wikidata
5243,José Manuel Schmill,Mexican,Male,,,,uncertain,
5245,Julian Schnabel,American,Male,1951.0,,Q345379,matched,Wikidata
5246,Schneck,American,,,,Q79462241,matched,Wikidata
5248,Martin Schneider,American,Male,1926.0,,,uncertain,
5249,Robert Schneider,American,Male,1942.0,,,uncertain,
5251,Toni Schneiders,German,Male,1920.0,2006.0,Q109691,matched,Wikidata
5252,Bob Schnepf,American,Male,1937.0,,,not_found,
5253,Klaus A. Schnitzer,American,Male,1944.0,,Q134413592,matched,Wikidata
5259,Laurence Scholder,American,Male,1942.0,,Q55219750,matched,Wikidata
5261,Philipp Scholz Rittermann,Peruvian,Male,1955.0,,Q77288318,matched,Wikidata
5262,Ben Schonzeit,American,Male,1942.0,,Q816588,matched,Wikidata
5263,Rudolf Schoofs,German,Male,1932.0,2009.0,Q824916,matched,Wikidata
5264,Chicago School of Design,,,,,,not_found,
5267,John Schott,American,Male,1944.0,,,not_found,
5269,Anton Schranz II,Nationality unknown,Male,1801.0,,,not_found,
5274,Richard Schultz,American,Male,1926.0,2021.0,Q7328931,matched,Wikidata
5275,Bernard Schultze,German,Male,1915.0,2005.0,Q822694,matched,Wikidata
5277,Emil Schumacher,German,Male,1912.0,1999.0,Q449119,matched,Wikidata
5278,Esti Schur,Israeli,Female,1928.0,,Q79461056,matched,Wikidata
5279,Elfi Schuselka,Austrian,Female,1940.0,,Q51565558,matched,Wikidata
5280,Colin Schuster,Australian,Male,1931.0,,,not_found,
5281,Thomas Schütte,German,Male,1954.0,,Q316120,matched,Wikidata
5282,Peter Schuyff,Dutch,Male,1958.0,,,not_found,
5284,Aubrey Schwartz,American,Male,1928.0,,,not_found,
5285,Douglas Schwartz,American,Male,1944.0,,Q3038036,matched,Wikidata
5287,Robin Schwartz,American,Female,1957.0,,,not_found,
5288,Hannes Schwarz,Austrian,Male,1926.0,2014.0,Q1576083,matched,Wikidata
5289,Reiner Schwarz,German,,1940.0,,Q1684771,matched,Wikidata
5291,Emma Gismondi Schweinberger,Italian,Female,1934.0,2019.0,Q21287763,matched,Wikidata
5292,Johan Bernhard Schweitz,Nationality unknown,Male,1937.0,1982.0,Q134413314,matched,Wikidata
5294,Peter Sciascin,American,Male,,,,not_found,
5296,John Scofield,American,Male,1950.0,,Q357176,matched,Wikidata
5297,Antonio Scordia,Italian,Male,1918.0,1988.0,Q52157351,matched,Wikidata
5298,Joe Scorsone,American,Male,1942.0,,Q55219762,matched,Wikidata
5299,Douglas Scott,British,Male,1914.0,1990.0,Q3038033,matched,Wikidata
5301,S. Scott,French,,,,,uncertain,
5302,Tim Scott,British,Male,1937.0,,Q820821,matched,Wikidata
5305,Sean Scully,American,Male,1945.0,,Q535343,matched,Wikidata
5306,Mary L. Seaman,Nationality unknown,Female,,,,uncertain,
5308,James Seawright,American,Male,1936.0,,,uncertain,
5310,James A. Sebastian,American,Male,1942.0,,,not_found,
5311,Carole Seborovski,American,Female,1960.0,,,not_found,
5312,Arthur Secunda,American,Male,1927.0,,,not_found,
5319,Antonio Segui,Argentine,Male,1934.0,,,not_found,
5325,Judy Seigel,American,Female,1930.0,2017.0,Q55219765,matched,Wikidata
5326,Seikino Junichiro,Japanese,Male,,,,not_found,
5327,Alfred Seiland,Austrian,Male,1952.0,,Q43136848,matched,Wikidata
5329,Hakuyu Seki,Japanese,Male,1907.0,,Q55219766,matched,Wikidata
5330,Kenjiro Sekiguchi,Japanese,Male,,,,uncertain,
5334,Colin Self,British,Male,1941.0,,Q5145554,matched,Wikidata
5336,Paul Seligman,American,Male,1924.0,,,uncertain,
5338,David Seltzer,American,Male,1947.0,,,uncertain,
5339,Sandra Semchuk,Canadian,Female,1948.0,,Q27662312,matched,Wikidata
5340,Eusebio Sempere,Spanish,Male,1924.0,1985.0,Q993400,matched,Wikidata
5341,Jan Senbergs,Australian,Male,1939.0,2024.0,Q16105206,matched,Wikidata
5344,Artemio Sepulveda,Mexican,Male,1935.0,,Q134378044,matched,Wikidata
5349,Richard Serra,American,Male,1938.0,2024.0,Q321245,matched,Wikidata
5351,Elena Serrano,Cuban,Female,,,Q110894534,matched,Wikidata
5355,Jaroslav Serych,Czech,Male,1923.0,,,not_found,
5356,W. G. Sesser,American,,1886.0,1927.0,Q79462584,matched,Wikidata
5359,Mark Severin,Nationality unknown,Male,,,,not_found,
5362,Ron Sewell,American,Male,1937.0,,Q55219769,matched,Wikidata
5363,Lynn Sexton,American,Female,,,,not_found,
5368,Li-Fa Shaih,Taiwanese,Male,1938.0,,Q55772879,matched,Wikidata
5369,Ted Shaine,American,Male,1947.0,,,not_found,
5372,David Shapiro,American,Male,1944.0,,,uncertain,
5373,Joel Shapiro,American,Male,1941.0,2025.0,Q461178,matched,Wikidata
5375,Dmitri M. Shashurin,Russian,Male,1919.0,,Q21287756,matched,Wikidata
5377,John Shaw,American,Male,1948.0,,,uncertain,
5379,Robert Shaw,American,Male,1949.0,,,uncertain,
5380,Susan Shaw,American,Female,1951.0,,,uncertain,
5381,Judith Shea,American,Female,1948.0,,Q6303669,matched,Wikidata
5384,Musya Sheeler,American,Female,1908.0,1981.0,Q55218981,matched,Wikidata
5386,Peter Shelton,American,Male,1951.0,,,uncertain,
5388,Alexander Semenovitch Shenderov,Russian,Male,,,,not_found,
5389,John E. Sheridan,American,Male,,,,uncertain,
5391,A. F. Sherman,American,Male,,,,not_found,
5392,Cindy Sherman,American,Female,1954.0,,Q229455,matched,Wikidata
5393,Sarai Sherman,American,Female,1922.0,2013.0,Q20741904,matched,Wikidata
5394,James Sherwood,American,Male,1951.0,,,uncertain,
5397,Jody Shields,American,Female,1952.0,,Q55219780,matched,Wikidata
5399,Kinsuke Shimada,Japanese,Male,1900.0,1994.0,Q5477863,matched,Wikidata
5402,Ushio Shinohara,Japanese,Male,1932.0,,Q7901950,matched,Wikidata
5403,Mieko Shiomi,Japanese,Female,1938.0,,Q6843723,matched,Wikidata
5404,Akiko Shirai,Japanese,Female,1935.0,2001.0,Q16266535,matched,Wikidata
5405,Jun Shiraoka,Japanese,Male,1944.0,2016.0,Q6311544,matched,Wikidata
5407,Melissa Shook,American,Female,1939.0,,,not_found,
5409,Stephen Shore,American,Male,1947.0,,Q586141,matched,Wikidata
5411,Kenneth Showell,American,Male,1939.0,1997.0,Q19946403,matched,Wikidata
5413,José María Sicilia,Spanish,Male,1954.0,,Q5943544,matched,Wikidata
5415,Thomas Sicurella,American,Male,1960.0,,,not_found,
5417,Irene Siegel,American,Female,1932.0,,Q77324927,matched,Wikidata
5418,Siegriest,American,,,,,uncertain,
5424,Michael Sigrin (formerly Michael Emanuel Cohen),American,Male,,,,not_found,
5426,Todd Siler,American,Male,1953.0,,,not_found,
5428,Joyce Sills,American,Female,1940.0,,Q134413593,matched,Wikidata
5432,Stanley Silver,American,Male,,,,uncertain,
5434,Silverman,American,,,,,uncertain,
5436,Jeffrey Silverthorne,American,Male,1946.0,2022.0,Q6176281,matched,Wikidata
5438,Jerome Simon,American,Male,1942.0,,,not_found,
5440,V. Simon,Russian,,,,,not_found,
5441,Charles Simonds,American,Male,1945.0,,,uncertain,
5442,Robert J. Simone,American,Male,1945.0,,,not_found,
5443,David Simpson,American,Male,1928.0,,,uncertain,
5444,Iain Sinclair,British,Male,1943.0,,Q5980623,matched,Wikidata
5446,Michael Singer,American,Male,1945.0,,,uncertain,
5448,Gustave Singier,Nationality unknown,Male,1909.0,1984.0,Q872193,matched,Wikidata
5457,SITE (Sculpture in the Environment),American,,1970.0,,,not_found,
5461,W.H.L. Skeen and Company,British,,,,,not_found,
5463,Finn Sködt,Danish,Male,1944.0,2019.0,Q21287765,matched,Wikidata
5464,Nancy Skolos,American,Female,1955.0,,Q22096849,matched,Wikidata
5466,Hella Skowronski,American,Female,,,,not_found,
5468,Slechinsky,German,,,,,uncertain,
5470,Clarissa Sligh,American,Female,1939.0,,Q18347825,matched,Wikidata
5472,Sandi Slone,American,Female,1939.0,,,not_found,
5474,Howard Smagula,American,Male,1942.0,,Q23068118,matched,Wikidata
5475,Neal Small,American,Male,1937.0,,Q55219792,matched,Wikidata
5476,Yves De Smet,Belgian,Male,1946.0,2004.0,Q22235917,matched,Wikidata
5477,Noemi Smilansky,Nationality unknown,Female,1916.0,2016.0,Q20088979,matched,Wikidata
5478,Beuford Smith,American,Male,1941.0,,,not_found,
5481,Gordon A. Smith,Canadian,Male,1919.0,2020.0,Q5584785,matched,Wikidata
5484,Joel Smith,American,Male,1929.0,,,uncertain,
5485,Keith Smith,American,Male,1938.0,,,error,
5486,Kiki Smith,American,Female,1954.0,,Q447300,matched,Wikidata
5489,Michael A. Smith,American,Male,1942.0,,,uncertain,
5490,Mike Smith,American,Male,1951.0,,,uncertain,
5491,Moishe Smith,American,Male,1929.0,,,not_found,
5492,Patricia Smith,American,Female,,,,uncertain,
5499,Orville Logan Snider,Nationality unknown,Male,,,,uncertain,
5500,Michael Snow,Canadian,Male,1929.0,2023.0,Q558332,matched,Wikidata
5501,Joan Snyder,American,Female,1940.0,,Q6205466,matched,Wikidata
5502,Giorgio Soavi,Italian,Male,1923.0,2008.0,Q3765759,matched,Wikidata
5506,Giacomo Soffiantino,Italian,Male,1929.0,2013.0,Q15896932,matched,Wikidata
5508,Sage Sohier,American,Female,1954.0,,Q19881781,matched,Wikidata
5510,Jaume SOLÁ Terrades,Spanish,Male,,,,not_found,
5511,Susana Solano,Spanish,Female,1946.0,,Q1875842,matched,Wikidata
5512,Luis A. Solari,Nationality unknown,Male,,,,not_found,
5513,Ronni G. Solbert,American,Male,,,,uncertain,
5515,Carlos Soler,Argentine,Male,,,,uncertain,
5516,Arthur Soll,American,Male,,,,uncertain,
5517,Rosalind Fox Solomon,American,Female,1930.0,2025.0,Q7367254,matched,Wikidata
5518,Skidmore Owings & Merrill,American,,1936.0,,,not_found,
5522,K.R.H. Sonderborg,Danish,Male,1923.0,2008.0,Q1718197,matched,Wikidata
5523,Jack Sonenberg,American,Male,1925.0,,,not_found,
5524,Alan Sonfist,American,Male,1946.0,,Q2520789,matched,Wikidata
5525,Eve Sonneman,American,Female,1946.0,,Q15452027,matched,Wikidata
5526,Keith Sonnier,American,Male,1941.0,2020.0,Q327520,matched,Wikidata
5527,Sumi Sonobe,Japanese,Male,,,,not_found,
5528,Wayne Sorce,American,Male,1946.0,2015.0,Q55219800,matched,Wikidata
5529,Jørgen Haugen Sørensen,Danish,Male,1934.0,2021.0,Q4809720,matched,Wikidata
5533,Steven Sorman,American,Male,1948.0,,,not_found,
5534,László Sós,Hungarian,Male,1922.0,,Q117121286,matched,Wikidata
5538,Pierre Soulages,French,Male,1919.0,2022.0,Q708631,matched,Wikidata
5541,Southworth and Hawes,American,,,,,not_found,
5545,Al Souza,American,Male,1944.0,,,not_found,
5547,Pravoslav Sovak,Czech,Male,1926.0,,,not_found,
5550,Luigi Spacal,Italian,Male,,,,not_found,
5551,Giuseppe Spagnulo,Italian,Male,1936.0,2016.0,Q1528650,matched,Wikidata
5552,Gregory Spaid,American,Male,1946.0,,Q42315145,matched,Wikidata
5553,Marko Spalatin,American,Male,1945.0,,Q55219802,matched,Wikidata
5554,Merle Spandorfer,American,Female,1934.0,,Q55219804,matched,Wikidata
5555,Michael Spano,American,Male,1949.0,,Q55219805,matched,Wikidata
5557,Paul Sparks,American,Male,1942.0,,,uncertain,
5558,Gil Spear,American,Male,,,,not_found,
5560,Andrew Spence,American,Male,1947.0,,,uncertain,
5563,Nicholas Sperakis,American,Male,1943.0,,,not_found,
5565,Alan Spigelman,American,Male,1939.0,,,not_found,
5567,Paul Spina,American,Male,1937.0,,Q55219811,matched,Wikidata
5569,Daniel Spoerri,Swiss,Male,1930.0,2024.0,Q123487,matched,Wikidata
5570,Hans Jurgen Spohn,German,Male,1934.0,,,not_found,
5572,Ferdinand Springer,German,Male,1907.0,1998.0,Q215538,matched,Wikidata
5573,Charles W. Springman,American,Male,1940.0,,Q55219812,matched,Wikidata
5576,Stephen Spurrier,Australian,Male,,,,uncertain,
5577,Carlos Maria Miguel Squirru,Argentine,Male,1934.0,2022.0,Q77348177,matched,Wikidata
5579,St. Armand,American,,,,,uncertain,
5580,Friedrich St. Florian,American,Male,1932.0,2024.0,Q5503910,matched,Wikidata
5583,Peter Stackpole,American,Male,1913.0,1997.0,Q7177068,matched,Wikidata
5586,Hans Staeger,German,Male,1928.0,,Q117121304,matched,Wikidata
5587,A. H. Staf,American,,,,Q79460769,matched,Wikidata
5588,Lawrence Stafford,American,Male,1938.0,,,uncertain,
5591,Paul Staiger,American,Male,1941.0,,,not_found,
5592,Marcin Stajewski,Polish,Male,1938.0,,Q11767810,matched,Wikidata
5594,Eric Staller,American,Male,1947.0,,Q1351646,matched,Wikidata
5595,Jan Staller,American,Male,1952.0,,Q16151983,matched,Wikidata
5598,Percy Stamp,British,Male,,,Q79461979,matched,Wikidata
5599,Julian Stanczak,American,Male,1928.0,2017.0,Q3650634,matched,Wikidata
5600,Eugeniusz Stankiewicz,Polish,Male,1942.0,,,not_found,
5605,Larry Stark,American,Male,1940.0,,Q107399570,matched,Wikidata
5609,Andrew Stasik,American,Male,1932.0,,Q77324784,matched,Wikidata
5610,David Staub,American,Male,1914.0,,Q55219822,matched,Wikidata
5612,Nicos Stavroulakis,Greek,Male,,,,not_found,
5614,Inge Steckert,German,Female,,,,uncertain,
5615,W. J. Steegles,British,,,,,uncertain,
5616,Kim Steele,American,Female,,,,uncertain,
5617,Vernon P. Steele,American,Male,,,,not_found,
5619,Hans Hermann Steffens,German,Male,1911.0,2004.0,Q1580215,matched,Wikidata
5626,Walter Stein,American,Male,1924.0,,,uncertain,
5628,Steiner,Swiss,,,,,uncertain,
5629,Michael Steiner,American,Male,1942.0,,,uncertain,
5630,Paul Steiner,American,Male,,,,uncertain,
5636,Mark Steinmetz,American,Male,1961.0,,Q55219826,matched,Wikidata
5637,Pat Steir,American,Female,1940.0,2026.0,Q7144042,matched,Wikidata
5638,Heinrich Steiuer,,Male,,,,uncertain,
5639,Juan Carlos Stekelman,Argentine,Male,1936.0,2015.0,Q6299411,matched,Wikidata
5640,Frank Stella,American,Male,1936.0,2024.0,Q375268,matched,Wikidata
5644,Gary Stephan,American,Male,1942.0,,Q20859502,matched,Wikidata
5645,Stephany,French,,,,Q79462281,matched,Wikidata
5647,David Stephenson,American,Male,1955.0,,,error,
5648,David Sterenberg,American,Male,,,,not_found,
5650,Bert Stern,American,Male,1929.0,2013.0,Q388964,matched,Wikidata
5651,Marina Stern,American,Female,1928.0,,,not_found,
5653,Hedda Sterne,American,Female,1910.0,2011.0,Q436874,matched,Wikidata
5656,Joel Sternfeld,American,Male,1944.0,,Q1422150,matched,Wikidata
5659,Stevens,Nationality unknown,,,,,uncertain,
5660,Norman Stevens,British,Male,1937.0,1988.0,Q21461350,matched,Wikidata
5661,Rex A. Stevens,American,Male,,,Q79462110,matched,Wikidata
5669,Mark Stock,American,Male,1951.0,2014.0,Q6769863,matched,Wikidata
5670,Stockmarr,Finnish,,,,,uncertain,
5673,Walter Stöhrer,German,Male,1937.0,2000.0,Q102810,matched,Wikidata
5677,Jim Stone,American,Male,1947.0,,,uncertain,
5678,Marly Stone,American,Female,1944.0,,Q55219828,matched,Wikidata
5679,David Storey,American,Male,1948.0,,,uncertain,
5682,Lou Stoumen,American,Male,1917.0,,,not_found,
5684,John Stram,American,Male,1939.0,,,not_found,
5686,Frank D. Stratton,American,Male,,,,not_found,
5691,Max Arthur Stremel,German,Male,1859.0,1928.0,Q21646727,matched,Wikidata
5694,Gerda Strömberg,Swedish,Female,1879.0,1960.0,Q16596474,matched,Wikidata
5695,James Strombotne,American,Male,1934.0,,,not_found,
5696,Jonathan W. Strong,American,Male,,,,not_found,
5697,F. Strothmann,American,,,,,not_found,
5698,Hermann Struck,German,Male,1876.0,1944.0,Q473771,matched,Wikidata
5701,Ian Stuart,Irish,Male,1926.0,,Q5983012,matched,Wikidata
5702,Michelle Stuart,American,Female,1938.0,,Q6837258,matched,Wikidata
5703,A. Stuart-Hill,British,,,,,not_found,
5706,Studio,British,,,,,uncertain,
5707,Studio Opi,Italian,,1955.0,,,uncertain,
5708,Studio Tg,Italian,,,,,uncertain,
5711,Jock Sturges,American,Male,1947.0,,Q962565,matched,Wikidata
5714,Harry Suchland,German,Male,1925.0,2003.0,Q23068137,matched,Wikidata
5716,Richard Tum Suden,American,Male,1937.0,,Q134413596,matched,Wikidata
5717,Jean-Pierre Sudre,French,Male,1921.0,1997.0,Q2383306,matched,Wikidata
5721,Hiroshi Sugimoto,Japanese,Male,1948.0,,Q919236,matched,Wikidata
5726,Donald Sultan,American,Male,1951.0,,Q5295201,matched,Wikidata
5728,Martin Sumers,American,Male,1922.0,,,not_found,
5729,Carol Summers,American,Male,1925.0,2016.0,Q5044573,matched,Wikidata
5731,H. Y. Sümmons,American,,,,Q79461177,matched,Wikidata
5732,Britt-Louise Sundell,Swedish,Female,1928.0,2011.0,Q26213503,matched,Wikidata
5738,Hugo Suter,Swiss,Male,1943.0,2013.0,Q1635758,matched,Wikidata
5741,William B. Suttle,American,Male,,,,not_found,
5742,William Stephen Sutton,American,Male,1956.0,,,not_found,
5743,Mark di Suvero,American,Male,1933.0,,Q567421,matched,Wikidata
5745,Mutsumi Suzuki,Japanese,Male,1942.0,,Q55219839,matched,Wikidata
5746,Yoshio Suzuki,Japanese,Male,1935.0,,Q11648597,matched,Wikidata
5747,Max Walter Svanberg,Swedish,Male,1912.0,,,not_found,
5748,Peter Svannäs,Swedish,Male,,,Q79461985,matched,Wikidata
5750,George A. Swanson,American,Male,1908.0,,,not_found,
5753,Waldemar Swierzy,Polish,Male,1931.0,,,not_found,
5759,Joseph Szabo,American,Male,1944.0,,Q3810276,matched,Wikidata
5760,Steve Szabo,American,Male,1940.0,,,uncertain,
5761,Sam Szafran,French,Male,1934.0,2019.0,Q2216661,matched,Wikidata
5762,Karen Szekessy,German,Female,1939.0,,,not_found,
5764,István Szony,Hungarian,,,,,not_found,
5765,Tomasz Szulecki,Polish,Male,1953.0,,Q77354000,matched,Wikidata
5766,Fernando Szyszlo,Peruvian,Male,1925.0,,,not_found,
5771,Jun Tabohashi,Japanese,Male,1931.0,,Q1713237,matched,Wikidata
5772,Yudio Tabuchi,Japanese,Male,,,,uncertain,
5775,Kenji Tadamoto,Japanese,Male,1926.0,,Q77288199,matched,Wikidata
5776,Tadasky (Tadasuke Kuwayama),Japanese,Male,1935.0,,,not_found,
5778,Walter Tafelmaier,German,Male,1935.0,,Q55219843,matched,Wikidata
5779,Tägtström,Swedish,,,,,uncertain,
5782,Takahama Kazuhide,Japanese,Male,1930.0,2010.0,Q55219846,matched,Wikidata
5787,Takeshi Imaji,Japanese,Male,1913.0,,Q134378046,matched,Wikidata
5789,Takis,French,Male,1925.0,2019.0,Q241927,matched,Wikidata
5796,Olli Aninbaum,Finnish,,,,Q79461906,matched,Wikidata
5798,Shisui Tanahashi,Japanese,Male,1906.0,1991.0,Q5489770,matched,Wikidata
5801,Tokutaro Tanaka,Japanese,Male,1909.0,,,not_found,
5805,Richard Taninbaum,American,Male,1952.0,,Q55219853,matched,Wikidata
5807,Mark Tansey,American,Male,1949.0,,Q317256,matched,Wikidata
5808,Jorge Tapia,Argentine,Male,1940.0,,Q130454007,matched,Wikidata
5810,Leopoldo Tartarini,Italian,Male,1932.0,,Q55219855,matched,Wikidata
5812,Taupin,French,,,,,uncertain,
5819,Terrance Nelson Taylor,American,Male,1937.0,,,not_found,
5822,J. A. Boiffard Tchimoukow,French,,,,,not_found,
5823,Jerzy Tchorzewski,Nationality unknown,Male,1928.0,1999.0,Q11725550,matched,Wikidata
5827,Hervé Télémaque,Haitian,Male,1937.0,2022.0,Q481327,matched,Wikidata
5829,Eugenio Tellez,Chilean,Male,1939.0,,,not_found,
5830,Franco Teodoro,Italian,Male,1939.0,2005.0,Q111745029,matched,Wikidata
5831,Georgiy Teptsov,Russian,Male,,,,uncertain,
5833,Teratani Keijiro,Japanese,Male,,,Q79462371,matched,Wikidata
5834,Eduardo Terrazas,Mexican,Male,1936.0,,Q22002438,matched,Wikidata
5836,Edmund Teske,American,Male,1911.0,1996.0,Q5339857,matched,Wikidata
5837,Peter Teubner,American,Male,,,,not_found,
5839,Nahum Tevet,Israeli,Male,1946.0,,Q3186348,matched,Wikidata
5843,Bob Thall,American,Male,1948.0,,Q4934169,matched,Wikidata
5847,Pär G. Thelander,Swedish,Male,1936.0,,,not_found,
5848,Francois Thépot,French,Male,1925.0,,,not_found,
5849,Wayne Thiebaud,American,Male,1920.0,2021.0,Q698275,matched,Wikidata
5850,E. Thiebault,French,Male,,,,uncertain,
5851,Monsieur Thiebault,French,Male,,,Q79461810,matched,Wikidata
5857,Thompson,British,,,,,uncertain,
5860,Jerry L. Thompson,American,Male,1945.0,,,not_found,
5862,William Thompson,American,Male,1919.0,,,uncertain,
5865,"Gebrüder Thonet, company design",Austrian,,1853.0,,,not_found,
5868,Leslie Thornton,American,Female,1951.0,,Q1820823,matched,Wikidata
5870,Kn Thurlbeck,American,Male,1947.0,,,not_found,
5871,Øistein Thurman,Norwegian,Male,1922.0,1988.0,Q55419498,matched,Wikidata
5873,George A. Tice,American,Male,1938.0,,,not_found,
5875,Rolf Tietgens,Nationality unknown,Male,,,,not_found,
5878,William Tillyer,British,Male,1938.0,,Q8019421,matched,Wikidata
5879,Joe Tilson,British,Male,1928.0,2023.0,Q1363990,matched,Wikidata
5880,Elizabeth Timberman,American,Female,1908.0,1988.0,Q77288042,matched,Wikidata
5883,Bruce Tippett,British,Male,1933.0,2017.0,Q21288577,matched,Wikidata
5886,Zdravko Tisljar,Yugoslav,,1938.0,,,not_found,
5887,Gérard Titus-Carmel,French,Male,1942.0,,Q3124332,matched,Wikidata
5888,Hap Tivey,American,Male,1947.0,,,not_found,
5890,Masatoshi Toda,Japanese,Male,1948.0,,,not_found,
5892,Francisco Toledo,Mexican,Male,1940.0,,,uncertain,
5893,Hans Tollin,Swedish,Male,1947.0,,Q77353581,matched,Wikidata
5899,Tontsere,Spanish,,,,,uncertain,
5903,Mario Toral,Chilean,Male,1934.0,,Q5999094,matched,Wikidata
5908,Endre Tót,Hungarian,Male,1937.0,,Q1326982,matched,Wikidata
5909,Carl Toth,American,Male,1947.0,,Q134413728,matched,Wikidata
5911,William N. Touzani,Moroccan,Male,1954.0,,Q134413597,matched,Wikidata
5912,Harold Tovish,American,Male,1921.0,2008.0,Q15429860,matched,Wikidata
5915,Townsend,Nationality unknown,,,,,uncertain,
5917,Tomonori Toyofuku,Japanese,Male,1925.0,2019.0,Q16262927,matched,Wikidata
5918,Karl Trabert,German,Male,1858.0,1968.0,Q40686385,matched,Wikidata
5920,Trace And Warner,American,,,,,uncertain,
5921,Neil Trager,American,Male,1947.0,,,not_found,
5922,Philip Trager,American,Male,1935.0,,,not_found,
5923,Michael Train,American,Male,,,,uncertain,
5924,Walter G. Treadwell,American,Male,,,,uncertain,
5925,Steven Trefonides,American,Male,1926.0,,,not_found,
5926,Marc Treib,American,Male,1943.0,,Q55219897,matched,Wikidata
5929,Otto Treumann,Dutch,Male,1919.0,2001.0,Q215918,matched,Wikidata
5930,Julien Trevelyan,British,Male,,,,not_found,
5933,Rosemarie Trockel,German,Female,1952.0,,Q65990,matched,Wikidata
5934,Rudi Tröger,German,Male,1929.0,2025.0,Q15434034,matched,Wikidata
5935,Heinz Trökes,German,Male,1913.0,1997.0,Q1601076,matched,Wikidata
5936,Henri Tronquoy,French,Male,,,Q21287774,matched,Wikidata
5939,David Trowbridge,American,Male,1945.0,,,not_found,
5940,Niklaus Troxler,Swiss,Male,1947.0,,Q1990474,matched,Wikidata
5941,Knut Troysaa,Norwegian,Male,,,,uncertain,
5943,David True,American,Male,1942.0,,,not_found,
5949,Donna Tryon,Nationality unknown,Female,,,,not_found,
5950,George Tscherny,American,Male,1924.0,2023.0,Q5545337,matched,Wikidata
5952,Augustin Tschinkel,Czech,Male,1905.0,1983.0,Q21078075,matched,Wikidata
5953,Oswald Tschirtner,Austrian,Male,1920.0,2007.0,Q87632,matched,Wikidata
5955,Tokiyoshi Tsubouchi,Japanese,Male,1946.0,,Q55219902,matched,Wikidata
5956,Hiromi Tsuchida,Japanese,Male,1939.0,,Q5421558,matched,Wikidata
5957,Hajime Tsuchisaki,Japanese,Male,,,,uncertain,
5959,Akihiko Tsukamoto,Japanese,Male,1952.0,,Q79460778,matched,Wikidata
5961,Nicolas Tucker,British,Male,1948.0,,Q134413598,matched,Wikidata
5962,Toba Tucker,American,Female,1935.0,,Q55219915,matched,Wikidata
5963,William Tucker,American,Male,1935.0,,,uncertain,
5967,Thomas Tulis,American,Male,1961.0,,Q7794586,matched,Wikidata
5968,Igael Tumarkin,Israeli,Male,1933.0,,,not_found,
5972,Giulio Turcato,Italian,Male,1912.0,1995.0,Q556328,matched,Wikidata
5976,Roberto Turnbull Buenrostro,Mexican,Male,1959.0,,Q77325140,matched,Wikidata
5977,Turner,Nationality unknown,,,,,uncertain,
5978,Alwyn Scott Turner,American,Male,1936.0,,Q55219922,matched,Wikidata
5979,Alan Turner,American,Male,1943.0,,,uncertain,
5981,James Turrell,American,Male,1943.0,,Q740966,matched,Wikidata
5982,Anne Turyn,American,Female,1954.0,,Q55219925,matched,Wikidata
5983,Richard Tuttle,American,Male,1941.0,,Q836743,matched,Wikidata
5985,Guenter Tuzina,German,Male,1951.0,,,not_found,
5986,Vilhelm Tveteraas,Norwegian,Male,1898.0,1972.0,Q19974732,matched,Wikidata
5990,Alexei Alexandrovich Tyapushkin,Russian,Male,1919.0,,Q134413599,matched,Wikidata
5992,Richard Tyler,American,Male,1947.0,,Q7329594,matched,Wikidata
5993,Nikolai Andreevich Tyrsa,Russian,Male,,,,not_found,
5998,Ansei Uchima,American,Male,1921.0,2000.0,Q63540053,matched,Wikidata
5999,Günther Uecker,German,Male,1930.0,2025.0,Q569940,matched,Wikidata
6001,Jerry Uelsmann,American,Male,1934.0,2022.0,Q1285072,matched,Wikidata
6003,Ulla af Ugglas,Swedish,Female,1916.0,,Q77354009,matched,Wikidata
6005,Timm Ulrichs,German,Male,1940.0,2026.0,Q105873,matched,Wikidata
6009,G. F. Underwood,American,,,,Q79459639,matched,Wikidata
6011,Unknown Designer,Nationality unknown,,,,,not_found,
6013,Unknown Designer,French,,,,,not_found,
6014,Unknown Designer,German,,,,,not_found,
6015,Unknown Designer,Dutch,,,,,not_found,
6016,Unknown Designer,Italian,,,,,not_found,
6017,Unknown Designer,Mexican,,,,,not_found,
6018,Unknown Designer,Swedish,,,,,not_found,
6019,Unknown Designer,Swiss,,,,,not_found,
6020,Unknown Designer,British,,,,,not_found,
6021,Unknown Designer,American,,,,,not_found,
6024,Unkn Graph Art/des - British,British,,,,Q79462492,matched,Wikidata
6025,Unkn Graph Art/des - Russian,Russian,,,,,not_found,
6026,Unknown Artist,Nationality unknown,,,,Q138222591,matched,Wikidata
6030,Unknown Artist,American,,,,Q138222591,matched,Wikidata
6031,Unknown sculptor,,,,,,not_found,
6035,José Urbach,American,Male,1940.0,,Q55219942,matched,Wikidata
6039,Graziella Urbinati,Italian,Female,1927.0,2010.0,Q55219945,matched,Wikidata
6040,Tony Urquhart,Canadian,Male,1934.0,2022.0,Q7823607,matched,Wikidata
6043,Kenji Ushiku,Japanese,Male,1922.0,2012.0,Q11570190,matched,Wikidata
6044,Kaworu Usui,Japanese,Male,,,,not_found,
6045,Ilya Utkin,Russian,Male,,,,not_found,
6047,Burk Uzzle,American,Male,1938.0,,Q1016334,matched,Wikidata
6051,Roger Vail,American,Male,1945.0,,Q92193782,matched,Wikidata
6052,Aida Vaisman,Argentine,Female,,1940.0,Q79460776,matched,Wikidata
6053,Meyer Vaisman,American,Male,1960.0,,Q16942327,matched,Wikidata
6054,Boris Vako,Russian,Male,,,,uncertain,
6059,Walter Valentini,Italian,Male,1928.0,2022.0,Q4018033,matched,Wikidata
6060,James Valkus,American,Male,,,,uncertain,
6061,Vallauris,French,,,,,uncertain,
6066,Philip Van Aver,American,Male,1939.0,,,not_found,
6067,Richard Van Buren,American,Male,1937.0,,Q33190179,matched,Wikidata
6069,Roland van den Berghe,Dutch,Male,1943.0,,,not_found,
6071,Piet van der Have,Dutch,Male,1930.0,,Q111971474,matched,Wikidata
6073,Frans van der Steen,Dutch,Male,1944.0,2008.0,Q41266318,matched,Wikidata
6081,Jan L. A. van Goethem,Dutch,Male,1929.0,,,not_found,
6083,Diederick Van Kleef,Dutch,Male,1954.0,,Q77353123,matched,Wikidata
6086,J. E. van Lint,Dutch,,,,Q79461282,matched,Wikidata
6093,Yarom Vardimon,Israeli,Male,1941.0,,Q6885285,matched,Wikidata
6094,Luis Vargas,Nationality unknown,Male,,,,uncertain,
6098,Various Artists,Danish,,,,,uncertain,
6099,Various Artists,French,,,,,uncertain,
6101,Various Artists,Haitian,,,,,uncertain,
6102,Various Artists,Italian,,,,,uncertain,
6103,Various Artists,Mexican,,,,,uncertain,
6104,Various Artists,Nationality unknown,,,,,uncertain,
6105,Various Artists,American,,,,,uncertain,
6106,Various Artists,Russian,,,,,uncertain,
6107,Various Artists,Various,,,,,uncertain,
6110,Sigurd Vasegaard,Danish,Male,1909.0,1967.0,Q52157193,matched,Wikidata
6112,Mohsen Vaziri-Moqaddam,Iranian,Male,1924.0,,,not_found,
6114,Keith Vaughan,British,Male,1943.0,,Q112463345,matched,Wikidata
6115,Ben Vautier,French,Male,1935.0,2024.0,Q604546,matched,Wikidata
6118,Alexander Semenovitch Vedernikov,Russian,Male,,,,not_found,
6121,Harriet M. Veissi,Nationality unknown,Female,,,Q79461201,matched,Wikidata
6123,Jukka Veistola,Finnish,Male,1946.0,2017.0,Q16991204,matched,Wikidata
6125,Vladimir Velickovic,Yugoslav,Male,1935.0,,,not_found,
6126,Ruth Velissaratos,American,Female,1887.0,,,not_found,
6127,Bernar Venet,French,Male,1941.0,,Q545445,matched,Wikidata
6128,Michael Venezia,American,Male,1935.0,2025.0,Q41316654,matched,Wikidata
6130,Venna,Italian,,,,,uncertain,
6131,Anita Ventura,American,Female,,,,uncertain,
6132,Robert Venturi,American,Male,1925.0,2018.0,Q212312,matched,Wikidata
6134,JoAnn Verburg,American,Female,1950.0,,Q19946055,matched,Wikidata
6138,Kurt Versen,American,Male,1901.0,,,not_found,
6141,Michael Vessa,American,Male,1948.0,,,not_found,
6143,Heinz Veuhoff,German,Male,1933.0,,Q55219962,matched,Wikidata
6144,Ivan (Vial Williams) Vial,Chilean,Male,1928.0,,Q134413600,matched,Wikidata
6145,Claude Viallat,French,Male,1936.0,,Q2978246,matched,Wikidata
6151,Constance Brenner Vieira Da Cunha,American,Female,1943.0,,,not_found,
6153,Jean-Pierre Vielfaure,French,Male,1930.0,2015.0,Q20291559,matched,Wikidata
6158,Miguel Vilá,Spanish,Male,,,,not_found,
6159,Juan Vila Vilacasas,Spanish,Male,1920.0,,Q134413729,matched,Wikidata
6160,Javier Vilato,Spanish,Male,,,,not_found,
6161,Eduardo Vilches,Chilean,Male,1932.0,,,uncertain,
6163,Jacques Villeglé,French,Male,1926.0,,,not_found,
6166,Victor Semenovich Vilner,Russian,Male,1925.0,2017.0,Q44957052,matched,Wikidata
6167,René Vincent,Haitian,Male,1911.0,,Q20561758,matched,Wikidata
6171,Carel Visser,Dutch,Male,1928.0,2015.0,Q604267,matched,Wikidata
6172,Carmel E. Vitullo,American,Female,,,,not_found,
6178,Lucien Vlerick,Belgian,Male,1921.0,,Q77353786,matched,Wikidata
6190,Jan Voss,German,Male,1936.0,,Q830192,matched,Wikidata
6192,Andrei Voznesensky,Russian,Male,1933.0,2010.0,Q236619,matched,Wikidata
6195,Lazar Vujaklija,Yugoslav,Male,1914.0,1995.0,Q21287785,matched,Wikidata
6197,Jean Vylen,Nationality unknown,Male,,,,uncertain,
6202,M. Waddell,American,,,,Q79459663,matched,Wikidata
6203,Theodore Waddell,American,Male,1928.0,,,not_found,
6204,Douglas Wadden,American,Male,,,,uncertain,
6206,Len Waernberg,Swedish,,1926.0,,Q117121587,matched,Wikidata
6209,John F. Waggaman,American,Male,1923.0,,,not_found,
6212,Wagula,Yugoslav,,,,,uncertain,
6213,Marcelle Wahl,Nationality unknown,Female,1888.0,1974.0,Q131462810,matched,Wikidata
6214,Diane Wakaski,Nationality unknown,Female,,,,not_found,
6215,Aijiro Wakita,Japanese,Male,1942.0,,,not_found,
6216,Robert Walch,American,Male,,,,not_found,
6218,Paul Waldman,American,Male,1936.0,,Q21072539,matched,Wikidata
6219,Butch Walker,American,Male,1941.0,,,uncertain,
6220,John Walker,British,Male,1939.0,,,uncertain,
6221,Sandy Walker,American,Female,1942.0,,Q22086685,matched,Wikidata
6224,August Walla,Austrian,Male,1936.0,2001.0,Q764407,matched,Wikidata
6226,John Wallace,Canadian,Male,,,,uncertain,
6231,William Walmsley,American,Male,1923.0,1961.0,Q8019951,matched,Wikidata
6236,Eugene Walters,American,Male,1942.0,,,not_found,
6237,Jo Ann Walters,American,Female,1952.0,,,not_found,
6238,Gene Walther,Swiss,Male,1910.0,1968.0,Q21880709,matched,Wikidata
6240,Nicolaas (Sophie Warburg) Warb,Dutch,Female,1906.0,,,not_found,
6241,Jim Ward,American,Male,1941.0,,Q1508964,matched,Wikidata
6243,Frederick Wardy,American,Male,1937.0,,,not_found,
6250,Marian Warzecha,Polish,Female,1930.0,2022.0,Q94308499,matched,Wikidata
6252,Wasserman,Swiss,,,,Q79462593,matched,Wikidata
6253,Yukichi Watabe,Japanese,Male,,,,not_found,
6254,Ryo Watanabe,Japanese,Male,1936.0,,Q77325170,matched,Wikidata
6256,Yoshio Watanabe,Japanese,Male,1907.0,2000.0,Q5476607,matched,Wikidata
6257,Neil S. Waterman,American,Male,,,,uncertain,
6258,E. K. Waters,American,,,,,not_found,
6262,Gilbert A. Watrous,American,Male,1919.0,,,not_found,
6264,Brian J. Watson,British,Male,1949.0,,Q77353374,matched,Wikidata
6265,F. Marriott Watson,British,,,,,uncertain,
6266,S. Watson,British,,,,,uncertain,
6268,Henning Watterston,American,Male,,,,not_found,
6273,Franklin Webber,American,Male,,,,uncertain,
6279,William Frederick Weege III,American,Male,1935.0,,Q77325246,matched,Wikidata
6281,William Wegman,American,Male,1943.0,,Q567366,matched,Wikidata
6283,Weigl-Waltl,German,,,,,not_found,
6288,Lawrence Weiner,American,Male,1942.0,2021.0,Q680192,matched,Wikidata
6289,Wolfgang Weingart,Swiss,Male,1941.0,2021.0,Q95955,matched,Wikidata
6291,Joyce Weinstein,American,Female,1931.0,,Q19594464,matched,Wikidata
6292,John Spence Weir,American,Male,1930.0,2022.0,Q134413601,matched,Wikidata
6293,Weisgerber,Austrian,,,,,uncertain,
6295,John Joseph Weiss,American,Male,1941.0,,,not_found,
6296,Sabine Weiss,Swiss,Female,1924.0,2021.0,Q3460581,matched,Wikidata
6297,Weissauer,Nationality unknown,,,,,uncertain,
6298,Ernest Weissman,Nationality unknown,Male,,,,not_found,
6299,Susan Weitzman,American,Female,,,,not_found,
6302,Stanislaw Wejman,Polish,Male,1944.0,,,not_found,
6303,Roger Welch,American,Male,1929.0,2022.0,Q826319,matched,Wikidata
6307,Lynton Wells,American,Male,1940.0,,Q60199245,matched,Wikidata
6311,Jane Wenger,American,Female,1944.0,,,not_found,
6312,Wilhelm Wenk,German,Male,,,,not_found,
6313,F. H. Wenzel,Nationality unknown,,,,Q79459625,matched,Wikidata
6316,John Wesley,American,Male,1928.0,,,uncertain,
6317,"Henry Wessel, Jr.",American,Male,1942.0,2018.0,Q373689,matched,Wikidata
6326,Terence Westmacott,Nationality unknown,Male,,,Q79462374,matched,Wikidata
6331,Bengt Westrell,Swedish,,1927.0,,Q77353363,matched,Wikidata
6332,Stefan Wewerka,German,Male,1928.0,2013.0,Q2337903,matched,Wikidata
6333,Dennis Wheeler,American,Male,1935.0,,Q55219988,matched,Wikidata
6341,Linda White,American,Female,1945.0,2010.0,Q6552064,matched,Wikidata
6343,Neal White,American,Male,1947.0,,Q134413602,matched,Wikidata
6344,Stephen White,American,Male,1948.0,,,uncertain,
6348,Forbes Johnstone Whiteside,American,Male,1918.0,,,not_found,
6350,Robert Whitman,American,Male,1935.0,2024.0,Q7351025,matched,Wikidata
6351,Jack Whitten,American,Male,1939.0,2018.0,Q6115781,matched,Wikidata
6352,Jan Wichers,German,Male,1944.0,,,uncertain,
6355,Hannah Weiner,Nationality unknown,Female,,,,uncertain,
6356,Metall-Arbeit Wiener Werkstätte,Austrian,,,,,not_found,
6357,Anne Wienholt,Austrian,Female,1920.0,2018.0,Q88693142,matched,Wikidata
6359,Don Wight,American,Male,1924.0,,,not_found,
6364,David Wilcox,American,Male,,,,uncertain,
6365,Gerald Wilde,British,Male,1905.0,1986.0,Q21464236,matched,Wikidata
6370,William T. Wiley,American,Male,1937.0,2021.0,Q2581047,matched,Wikidata
6373,John Willenbecher,American,Male,1936.0,,,not_found,
6376,Daniel S. Williams,American,Male,1942.0,,Q77288000,matched,Wikidata
6381,Mason Williams,American,Male,1938.0,,Q339892,matched,Wikidata
6382,William T. Williams,American,Male,1942.0,,Q8019143,matched,Wikidata
6384,Thornton Willis,American,Male,1936.0,2025.0,Q7796569,matched,Wikidata
6385,Manfred Willmann,Austrian,Male,1952.0,,Q61639024,matched,Wikidata
6389,Michael Wilson,American,Male,1947.0,,,uncertain,
6390,Robert Wilson,American,Male,1941.0,,,uncertain,
6393,David Wing,American,Male,1947.0,,Q107703784,matched,Wikidata
6395,Princess Winifred,Nationality unknown,Female,,,,uncertain,
6396,Trevor Winkfield,British,Male,1944.0,,Q21289892,matched,Wikidata
6397,Gerd Winner,German,Male,1936.0,2026.0,Q1510913,matched,Wikidata
6398,Geoff Winningham,American,Male,1943.0,,Q43140034,matched,Wikidata
6400,Neil Winokur,American,Male,1945.0,,Q65030571,matched,Wikidata
6402,Jackie Winsor,American,Female,1941.0,,,uncertain,
6403,Thomas W. Winstead,American,Male,1918.0,,,not_found,
6407,Robin Winters,American,Male,1950.0,,Q16145906,matched,Wikidata
6408,Terry Winters,American,Male,1949.0,,Q2405815,matched,Wikidata
6410,Kurt Wirth,Swiss,Male,1917.0,1996.0,Q1279024,matched,Wikidata
6411,Marc Wise,American,Male,1964.0,,,not_found,
6412,Francis Wishart,British,Male,1951.0,,Q55220001,matched,Wikidata
6415,Adrian Wiszniewski,British,Male,1958.0,,Q21453135,matched,Wikidata
6416,Joan Witek,American,Female,1943.0,,,not_found,
6417,Joel Peter Witkin,American,Male,1939.0,,,not_found,
6418,Rainer Wittenborn,German,Male,1941.0,,Q15439444,matched,Wikidata
6420,Johann Loetz,Austrian,Male,,,,not_found,
6424,Stanislav Wojtowicz,Polish,Male,,,,uncertain,
6427,Arne Wolf,American,Male,1929.0,,Q110111818,matched,Wikidata
6428,Sylvia Wolf,American,Female,1957.0,,,uncertain,
6429,Grete Wolf-Krakauer,Nationality unknown,Female,,,,not_found,
6430,Wolfsberg,German,,,,,uncertain,
6431,Jeffrey Wolin,American,Male,1951.0,,,not_found,
6436,Art Wood,American,Male,1918.0,,,uncertain,
6437,Brian Wood,Canadian,Male,1948.0,,Q913255,matched,Wikidata
6438,Esther Wood,American,Female,1921.0,,,uncertain,
6440,Gross Wood,American,Male,1919.0,,Q55220009,matched,Wikidata
6441,J. Trevor Wood,British,Male,1930.0,,Q77349612,matched,Wikidata
6443,D. B. Woodbury,American,Male,,1866.0,,not_found,
6445,George Woodman,American,Male,1932.0,2017.0,Q5546504,matched,Wikidata
6446,Bill Woodrow,British,Male,1948.0,,Q476192,matched,Wikidata
6448,Christopher Wool,American,Male,1955.0,,Q1087064,matched,Wikidata
6453,Troels Wörsel,Danish,Male,1950.0,2018.0,Q7844947,matched,Wikidata
6461,Andrzej J. Wroblewski,Polish,Male,1934.0,,,not_found,
6465,James Wyeth,American,Male,1946.0,,,not_found,
6466,Mary Wykeham,British,Female,,,,not_found,
6467,Lance Wyman,American,Male,1937.0,,Q9020185,matched,Wikidata
6469,Milton Wynne,American,Male,,,,not_found,
6471,Llewellyn Xavier,British,Female,1942.0,,,uncertain,
6474,Desiderio Hernández Xochitiozín,Mexican,Male,,,,not_found,
6475,Xomob(?),Russian,,,,,not_found,
6480,Takao Yamada,Japanese,Male,1938.0,2013.0,Q11470232,matched,Wikidata
6482,Harumi Yamaguchi,Japanese,Female,1941.0,,,not_found,
6486,Yoji Yamamoto,Japanese,Male,1943.0,,,uncertain,
6487,Ryuichi Yamashiro,Japanese,Male,1920.0,1997.0,Q2178400,matched,Wikidata
6488,Tad Yamashiro,American,Male,1930.0,,,not_found,
6489,Hiroshi Yamazaki,Japanese,Male,1946.0,2017.0,Q5771121,matched,Wikidata
6491,John Yang,American,Male,1933.0,2009.0,Q59773482,matched,Wikidata
6492,Ken Yanome,Japanese,Male,,,,not_found,
6493,Chuji Yao,Japanese,Male,,,,uncertain,
6494,Chuji Yasui,Japanese,Male,,,Q79460929,matched,Wikidata
6496,Yayanagi Tsuyoshi,Japanese,Male,1933.0,,,not_found,
6497,Manoucher Yektai,American,Male,1921.0,2019.0,Q6751468,matched,Wikidata
6499,George Ygfors,Swedish,Male,1926.0,,Q77353539,matched,Wikidata
6502,Tadanori Yokoo,Japanese,Male,1936.0,,,not_found,
6503,Yoo Kang Yl,Korean,,,,,not_found,
6504,Yoshi,Japanese,Male,,,,error,
6505,Chizuko Yoshida,Japanese,Female,1924.0,2017.0,Q5102670,matched,Wikidata
6506,Hodaka Yoshida,Japanese,Female,1926.0,1995.0,Q5875922,matched,Wikidata
6507,Katsuro Yoshida,Japanese,Male,1943.0,1999.0,Q43140268,matched,Wikidata
6509,Toshi Yoshida,Japanese,Male,,,,uncertain,
6510,Yoshio Yoshida,Japanese,Male,,,,uncertain,
6513,Naoki Yoshimoto,Japanese,Male,1940.0,,Q77353838,matched,Wikidata
6514,Masunobu Yoshimura,Japanese,Male,1932.0,2011.0,Q16336065,matched,Wikidata
6515,Senzo Yoshioka,Japanese,Male,,,,not_found,
6517,Alfred Young,Nationality unknown,Male,,,,uncertain,
6519,Ellsworth Young,American,Male,1866.0,1952.0,Q5366175,matched,Wikidata
6520,La Monte Young,American,Male,1935.0,,Q432822,matched,Wikidata
6521,Michael Young,American,Male,1952.0,,,uncertain,
6522,Peter Young,American,Male,1940.0,,Q1755473,matched,Wikidata
6523,Thomas Young,American,Male,1924.0,,,uncertain,
6524,Jack Youngerman,American,Male,1926.0,2020.0,Q6115904,matched,Wikidata
6525,Mario Yrisarry,American,Male,1934.0,,Q64532471,matched,Wikidata
6528,Teresa Zabala,American,Female,1938.0,,,not_found,
6529,Melvin Zabarsky,American,Male,1932.0,,,not_found,
6531,Julio Augusto Zachrisson,Panamanian,Male,1930.0,,,not_found,
6534,Stanislaw Zagorski,Polish,Male,1933.0,,Q2331231,matched,Wikidata
6536,Jack Zajac,American,Male,1929.0,,,not_found,
6543,Michael S. Zane,American,Male,1948.0,,,not_found,
6547,Bronislaw Zapolski,American,Male,1917.0,,Q55220031,matched,Wikidata
6549,Zarina,American,Female,1937.0,2020.0,Q16864498,matched,Wikidata
6550,Georges de Zayas,Mexican,Male,,,,not_found,
6551,Marian Zazeela,American,Female,1936.0,2024.0,Q325739,matched,Wikidata
6553,Bruno Zehnder,Swiss,Male,1945.0,,,not_found,
6554,Walter Zehringer,German,Male,1940.0,2020.0,Q77349653,matched,Wikidata
6557,Daniel Zelaya,Argentine,Male,1938.0,2012.0,Q79460955,matched,Wikidata
6558,Bronislaw Zelek,Polish,Male,1935.0,,,not_found,
6560,Charles Hossein Zenderoudi,Iranian,Male,1937.0,,Q1630531,matched,Wikidata
6562,Morris Zerner,Austrian,Male,,,Q79461812,matched,Wikidata
6565,J. Thomas Zetterstrom,American,Male,1945.0,,,not_found,
6566,Laura Ziegler,American,Female,1927.0,,,uncertain,
6567,Lolita Zikmane,Russian,Female,1941.0,,Q94628574,matched,Wikidata
6569,George Zimbel,Canadian,Male,1929.0,,,not_found,
6570,Murray Zimiles,American,Male,1941.0,,,not_found,
6572,Tom Zimmermann,German,Male,1925.0,,Q77288391,matched,Wikidata
6573,Jacques Zimmerman,Belgian,Male,1929.0,,,not_found,
6576,Alfred Karl Zlevor,Austrian,Male,1942.0,,Q77353302,matched,Wikidata
6578,Nicos Zographos,American,Male,1931.0,2023.0,Q1987298,matched,Wikidata
6583,Gilberto Zorio,Italian,Male,1944.0,,Q477899,matched,Wikidata
6584,Anders Zorn,Swedish,Male,1860.0,1920.0,Q206820,matched,Wikidata
6585,Marco Zotta,Italian,Male,1945.0,,Q77353794,matched,Wikidata
6588,Joe Zucker,American,Male,1941.0,2024.0,Q20859283,matched,Wikidata
6590,Zush (Alberto Porta),Spanish,Male,1946.0,,,not_found,
6593,Toots Zynsky,American,Female,1951.0,,Q19802671,matched,Wikidata
6594,Werner Zyrd,German,,1923.0,1996.0,Q79462621,matched,Wikidata
6595,Jack Barth,American,Male,1949.0,,Q22669150,matched,Wikidata
6596,Eric Erickson,American,Male,1953.0,,,uncertain,
6597,Donald C. Fritz,American,Male,1950.0,,,not_found,
6599,Sean Kalish,American,Male,1981.0,,,not_found,
6600,Berndt Kerkin,German,Male,1951.0,,Q55219098,matched,Wikidata
6601,Joseph Norman,American,Male,1957.0,,Q77324975,matched,Wikidata
6602,Lorna Simpson,American,Female,1960.0,,Q6681389,matched,Wikidata
6603,Jan Vercruysse,Belgian,Male,1948.0,2018.0,Q3439450,matched,Wikidata
6606,Susi Berger,Swiss,Female,1937.0,2019.0,Q85092893,matched,Wikidata
6608,Robin Chu,British,,1951.0,,Q55218378,matched,Wikidata
6609,Jack Daly,American,Male,1957.0,,,uncertain,
6610,Christopher Loew,American,Male,1963.0,,,not_found,
6611,Jim Gentes,American,Male,1957.0,,,not_found,
6612,Sam Lucente,American,Male,1958.0,,Q55219278,matched,Wikidata
6614,William L. Tolan,American,Male,1963.0,,Q42315156,matched,Wikidata
6616,Lois Conner,American,Female,1951.0,,Q6668231,matched,Wikidata
6617,Ulrich Rückriem,German,Male,1938.0,,Q543440,matched,Wikidata
6618,Robert Andrew Parker,American,Male,1927.0,,,not_found,
6619,Tone Vigeland,Norwegian,Female,1938.0,2024.0,Q17113635,matched,Wikidata
6621,John Armleder,Swiss,Male,1948.0,,Q475516,matched,Wikidata
6622,Jeff Koons,American,Male,1955.0,,Q297525,matched,Wikidata
6626,Michael Corris,American,Male,1949.0,,Q6829477,matched,Wikidata
6628,Margo Humphrey,American,Female,1942.0,,Q19757494,matched,Wikidata
6629,Hermann Pitz,German,Male,1956.0,,Q21033955,matched,Wikidata
6632,Glenn Goldberg,American,Male,1953.0,,Q21994083,matched,Wikidata
6633,Ilya Kabakov,American,Male,1933.0,2023.0,Q699736,matched,Wikidata
6634,Mimi Smith,American,Female,1942.0,,,uncertain,
6635,Jac Leirner,Brazilian,Female,1961.0,,Q1676900,matched,Wikidata
6638,Victor Burgin,British,Male,1941.0,,Q450764,matched,Wikidata
6639,Julio Larraz,American,Male,1944.0,,Q6309380,matched,Wikidata
6640,Jane Hammond,American,Female,1950.0,,,not_found,
6642,Art Spiegelman,American,Male,1948.0,,Q325945,matched,Wikidata
6644,Roberto Barni,Italian,Male,1939.0,,Q2188861,matched,Wikidata
6646,Vincente Rojo,Spanish,Male,1932.0,,,not_found,
6650,Paolo Favi,Italian,Male,1935.0,,Q55218650,matched,Wikidata
6651,Fabrizio Gori,Italian,Male,1940.0,,Q55218819,matched,Wikidata
6652,Emilio Malenotti,Italian,Male,1913.0,1999.0,Q55219317,matched,Wikidata
6653,Liberia Pini,Italian,,1929.0,,Q55219615,matched,Wikidata
6654,Philip Taaffe,American,Male,1955.0,,Q943181,matched,Wikidata
6655,Sophie Calle,French,Female,1953.0,,Q258630,matched,Wikidata
6656,Joy Jacobs,American,Female,1932.0,,,not_found,
6666,Maurice Eliot,Nationality unknown,Male,1862.0,1945.0,Q22022817,matched,Wikidata
6669,P. Jouve,Nationality unknown,,,,,uncertain,
6671,Annette Messager,French,Female,1943.0,,Q2665553,matched,Wikidata
6673,L. Simon,Nationality unknown,,,,,uncertain,
6674,Camille Bellanger,Nationality unknown,Female,,,,not_found,
6675,A. Laurens,Nationality unknown,,,,,uncertain,
6677,A. Lepère,Nationality unknown,,,,,not_found,
6678,E. A. Artigue,Nationality unknown,,,,,not_found,
6680,Hans Christiansen,Nationality unknown,Male,1866.0,1945.0,Q1579001,matched,Wikidata
6681,Robert Engels,Nationality unknown,Male,1866.0,1926.0,Q2157021,matched,Wikidata
6682,Jeanne Jacquemin,Nationality unknown,Female,1863.0,1938.0,Q22227067,matched,Wikidata
6683,Ernest Laurent,Nationality unknown,Male,1859.0,1929.0,Q2072609,matched,Wikidata
6685,Gaston Bussière,Nationality unknown,Male,1862.0,1928.0,Q1495565,matched,Wikidata
6687,Roedel,Nationality unknown,,,,Q98675077,matched,Wikidata
6688,J. G. Besson,French,Male,1868.0,,,not_found,
6689,A. Giraldon,Nationality unknown,,,,,not_found,
6690,Henri Le Sidaner,Nationality unknown,Male,1862.0,1939.0,Q577050,matched,Wikidata
6691,Maximilienne Guyon,Nationality unknown,Male,1868.0,1903.0,Q20751676,matched,Wikidata
6692,Henri Martin,French,Male,,,,uncertain,
6693,Fernand Piet,Nationality unknown,Male,1869.0,1942.0,Q1406530,matched,Wikidata
6695,A. Ibels,Nationality unknown,,,,,uncertain,
6696,Paul Leroy,Nationality unknown,Male,1860.0,1942.0,Q204465,matched,Wikidata
6698,Ch Huard,Nationality unknown,,,,,uncertain,
6700,Paul Renouard,Nationality unknown,Male,1803.0,1871.0,Q20537216,matched,Wikidata
6701,Louise Breslau,Nationality unknown,Female,,,,not_found,
6702,Maurice Desvallières,Nationality unknown,Male,,,,uncertain,
6704,A. Muller,Nationality unknown,,,,,uncertain,
6707,R. A. Vlmann,Nationality unknown,,,,,uncertain,
6708,A Yank,Nationality unknown,,,,,uncertain,
6714,Henri Guinier,Nationality unknown,Male,1867.0,1927.0,Q3131242,matched,Wikidata
6716,Raphael Collin,Nationality unknown,Male,,,,not_found,
6717,L. W. Hawkins,Nationality unknown,,,,,not_found,
6718,F. Luigini,Nationality unknown,,,,,not_found,
6720,Jeanne Granès,Nationality unknown,Female,1870.0,1923.0,Q20822005,matched,Wikidata
6721,L. H. Monod,Nationality unknown,,,,,not_found,
6724,L. O. Merson,Nationality unknown,,,,,not_found,
6734,M. Kennedy,American,,,,,uncertain,
6746,Robert Beaven,American,Male,,,,uncertain,
6747,David Black,Nationality unknown,Male,,,,uncertain,
6748,Ned Griner,Nationality unknown,Male,,,,uncertain,
6749,Charles Huffman,Nationality unknown,Male,,,,uncertain,
6750,Rachel Kemper,Nationality unknown,Female,,,,uncertain,
6751,Jerrold Maddox,Nationality unknown,Male,,,,uncertain,
6752,Jean Margolin,Nationality unknown,Male,1926.0,,Q99496341,matched,Wikidata
6753,Dale Rogers,American,Male,,,Q109554656,matched,Wikidata
6754,Sidney Shapiro,American,Male,,,,uncertain,
6755,Dennis Burton,Nationality unknown,Male,1933.0,2013.0,Q55217924,matched,Wikidata
6757,Gerald Gladstone,Nationality unknown,Male,1929.0,2005.0,Q5549180,matched,Wikidata
6758,Richard Gorman,Nationality unknown,Male,1935.0,2010.0,Q96630637,matched,Wikidata
6759,Robert Hedrick,Nationality unknown,Male,1930.0,2021.0,Q55219236,matched,Wikidata
6760,Robert Markle,Nationality unknown,Male,1936.0,1990.0,Q55219246,matched,Wikidata
6761,Waltrud Markgraf,Nationality unknown,Male,,,,uncertain,
6762,John Meredith,Nationality unknown,Male,,,,uncertain,
6763,Gordon Rayner,Nationality unknown,Male,1935.0,2010.0,Q55218171,matched,Wikidata
6765,Maschel Teitelbaum,Nationality unknown,Male,,,,uncertain,
6766,Horst B. Baerenz,German,Male,1939.0,,Q134378047,matched,Wikidata
6767,Oswald Michel,German,Male,,,,uncertain,
6768,Wolfgang Schlick,German,Male,1950.0,,Q2591200,matched,Wikidata
6769,Hans J. Zeidler,German,Male,,,,not_found,
6770,Walter Zimbrich,German,Male,1933.0,2012.0,Q94122505,matched,Wikidata
6771,Vladimir Akulinin,Nationality unknown,Male,,,,uncertain,
6772,Galja Bitt,Nationality Unknown,,,,,uncertain,
6773,Anatolij Krivtschikov,Nationality unknown,,,,,uncertain,
6774,Lev Nusberg,Nationality unknown,Male,1937.0,,Q1821701,matched,Wikidata
6775,Victor Stjepanov,Nationality unknown,Male,,,,uncertain,
6776,Rimma Zanjevskaja,Nationality unknown,Female,,,,uncertain,
6777,Pedro Alcantara,Nationality unknown,Male,,,,not_found,
6780,Rafael Coronel,Mexican,Male,1932.0,2019.0,Q250397,matched,Wikidata
6782,Roberto Donis,Nationality unknown,Male,1934.0,2008.0,Q2159487,matched,Wikidata
6783,Helen Escobedo,Mexican,Female,1934.0,2010.0,Q1601836,matched,Wikidata
6785,Manuel Espinoza,Venezuelan,Male,1937.0,,Q98140115,matched,Wikidata
6786,Luis Guevara Morena,Nationality unknown,Male,,,,not_found,
6789,Daniel Argimon,Nationality unknown,Male,,,,not_found,
6790,Penélope Bennett,Nationality unknown,Female,,,,not_found,
6791,Ramon Ferran Pages,Nationality unknown,Male,,,,not_found,
6792,Jordi Secall Roure,Nationality unknown,Male,,,,not_found,
6793,Fernando Grillon,Nationality unknown,Male,,,,not_found,
6795,Miguel Angel Rojas,Colombian,Male,1946.0,,,not_found,
6796,"Maria Teresa Cuéllar ""Teye""",Colombian,Female,1935.0,,,error,
6797,Ned Truss,Nationality unknown,Male,,,,not_found,
6798,Juan Cárdenas,Colombian,Male,1939.0,2024.0,Q11686420,matched,Wikidata
6799,Alfredo Guerrero,Nationality unknown,Male,1936.0,,Q19818141,matched,Wikidata
6800,Jacobo Borges,Venezuelan,Male,1931.0,,Q3157617,matched,Wikidata
6801,William Stone Reveron,Nationality unknown,Male,,,,not_found,
6802,John Lange,Venezuelan,Male,1932.0,2018.0,Q104565065,matched,Wikidata
6803,Hugo Arape,Nationality unknown,Male,,,,not_found,
6804,Yutaka Toyota,Japanese,Male,1931.0,,Q44975331,matched,Wikidata
6805,Raúl Cattelani,Nationality unknown,Male,1927.0,2015.0,Q42386513,matched,Wikidata
6806,Dan Dailey,American,Male,1947.0,,,uncertain,
6807,Laurie Anderson,American,Female,1947.0,,Q235066,matched,Wikidata
6809,John Ashbery,American,Male,1927.0,2017.0,Q29418,matched,Wikidata
6811,Lucinda Childs,American,Female,1940.0,,Q438806,matched,Wikidata
6812,Jane Comfort,American,Female,1945.0,,,uncertain,
6813,R. Crumb,American,Male,1943.0,,,not_found,
6814,Harvey Pekar,American,Male,1939.0,2010.0,Q440073,matched,Wikidata
6816,Evergon,Canadian,Male,1946.0,,Q3061474,matched,Wikidata
6817,Jayme Odgers,American,Female,1939.0,,Q6167836,matched,Wikidata
6818,Martha Holt,American,Female,1945.0,,,not_found,
6819,James Hong,American,Male,1948.0,,,uncertain,
6820,Betsey Johnson,American,Female,1942.0,,Q467665,matched,Wikidata
6821,Sonia Katchian,Nationality unknown,Female,1947.0,,Q134413607,matched,Wikidata
6822,Stephanie Brody Lederman,American,Female,1939.0,,,not_found,
6823,Jacqueline Livingston,American,Female,1943.0,2013.0,Q6120151,matched,Wikidata
6824,Joan Livingstone,American,Female,1948.0,,Q69355501,matched,Wikidata
6825,David Lusby,American,Male,1954.0,,Q134413608,matched,Wikidata
6826,Joseph Masheck,American,Male,1942.0,,Q112130466,matched,Wikidata
6827,Judith Mcwillie,American,Female,1946.0,,,not_found,
6828,Joan Nelsen,American,Female,1937.0,,Q134413609,matched,Wikidata
6829,Richard Olson,American,Male,1938.0,,,uncertain,
6830,Kingsley Parker,American,Male,1947.0,,Q134413611,matched,Wikidata
6831,Don Rodan,American,Male,1950.0,,Q117120940,matched,Wikidata
6832,Martha Rosler,American,Female,1943.0,,Q1903090,matched,Wikidata
6833,Michael Sorkin,American,Male,1948.0,2020.0,Q6834517,matched,Wikidata
6834,Soul Artists,American,,,,,not_found,
6835,Lee Ufan,Korean,Male,1936.0,,Q399775,matched,Wikidata
6836,Futura 2000,American,,1955.0,,Q14467027,matched,Wikidata
6837,Ali,American,,1956.0,,,uncertain,
6838,Fred,American,,1956.0,2013.0,Q594658,matched,Wikidata
6841,Zephyr,American,,1960.0,,,uncertain,
6842,Haze,American,,1961.0,,,uncertain,
6843,Stanley Stellar,American,Male,1945.0,,Q113740192,matched,Wikidata
6844,Benedict Tisa,American,Male,1942.0,,Q134413612,matched,Wikidata
6845,Curtis Van Buren,American,Male,1950.0,,Q134413613,matched,Wikidata
6846,Philip Warner,American,Male,1947.0,,Q7184524,matched,Wikidata
6847,Wenda Von Weise,American,Female,1941.0,1984.0,Q113467602,matched,Wikidata
6848,Harry Anderson,American,Male,1943.0,2018.0,Q1395573,matched,Wikidata
6856,Edward Dwurnik,Polish,Male,1943.0,2018.0,Q9250846,matched,Wikidata
6857,Stanislaw Fijalkowski,Polish,Male,1922.0,,,not_found,
6858,Izabella Gustowska,Polish,Female,1948.0,,,not_found,
6859,Andrzej Kalina,Polish,Male,1952.0,,Q9152371,matched,Wikidata
6860,Paul Marcus,American,Male,1953.0,,,uncertain,
6861,Jaume Plensa,Spanish,Male,1955.0,,Q1396516,matched,Wikidata
6862,Anna Sobol,Polish,Female,1946.0,,,not_found,
6863,Robert Stackhouse,American,Male,1942.0,,Q7349982,matched,Wikidata
6865,Jerome Schueger,American,Male,,,,uncertain,
6866,Antoinette Araco,American,Female,,,,uncertain,
6867,Leonard Dryansky,American,Male,,,,uncertain,
6868,Kenneth Fritch,American,Male,,,,uncertain,
6869,Richard Lazzaro,American,Male,,,,not_found,
6870,Daniel Rohn,American,Male,,,,uncertain,
6874,Sonja Ferlov,Danish,Female,1911.0,,,not_found,
6875,Stephen Gilbert,British,Male,1910.0,2007.0,Q2199539,matched,Wikidata
6876,Egill Jacobsen,Danish,Male,1910.0,1998.0,Q3049203,matched,Wikidata
6877,Chin Hsiao,Chinese,Male,1935.0,,,not_found,
6880,Charles Schenk,American,Male,,,,uncertain,
6881,IMEC,American,,,,,uncertain,
6888,Michael Bierut,American,Male,1957.0,,Q3856114,matched,Wikidata
6889,Victor Schrager,American,Male,1950.0,,Q43136622,matched,Wikidata
6891,Victor Skrebneski,American,Male,1929.0,2020.0,Q7926346,matched,Wikidata
6892,Miro Svolik,Czech,Male,1960.0,,,not_found,
6894,Eva Lipman,American,Female,1946.0,,Q21294985,matched,Wikidata
6895,James Casebere,American,Male,1953.0,,Q3160975,matched,Wikidata
6897,Mariana Cook,American,Female,1955.0,,Q28873662,matched,Wikidata
6898,Marcus Kutter,Swiss,Male,1925.0,,,not_found,
6900,Pierre Neumann,Swiss,Male,1951.0,,Q23068018,matched,Wikidata
6902,Glenn Ligon,American,Male,1960.0,,Q5568956,matched,Wikidata
6903,Lesley Dill,American,Female,1949.0,,Q6530475,matched,Wikidata
6905,Damien Hirst,British,Male,1965.0,,Q294326,matched,Wikidata
6906,Silvia Kolbowski,Argentine,Female,1953.0,,Q19664500,matched,Wikidata
6907,Tadaaki Kuwayama,Japanese,Male,1932.0,2023.0,Q3200723,matched,Wikidata
6908,Marc Quinn,British,Male,1964.0,,Q355811,matched,Wikidata
6909,Gavin Turk,British,Male,1965.0,,Q5528291,matched,Wikidata
6910,Rachel Whiteread,British,Female,1963.0,,Q454041,matched,Wikidata
6914,Bruce Gilden,American,Male,1946.0,,Q991646,matched,Wikidata
6915,Eberhard Grames,German,Male,1953.0,,Q1279023,matched,Wikidata
6917,Abelardo Morell,American,Male,1948.0,,Q4666660,matched,Wikidata
6919,Boris Yaro,American,Male,1938.0,,,not_found,
6920,Keith Coventry,British,Male,1958.0,,Q6384228,matched,Wikidata
6921,Steven Pippin,British,Male,1960.0,,Q3499260,matched,Wikidata
6923,Carl Pope,American,Male,1961.0,,,uncertain,
6924,Paul Shambroom,American,Male,1956.0,,Q7153537,matched,Wikidata
6925,Patrick Bailly-Maitre-Grand,French,Male,1945.0,,,not_found,
6926,Ellen Brooks,American,Female,1946.0,,Q5364768,matched,Wikidata
6927,Paul D'Amato,American,Male,1956.0,,,uncertain,
6929,Trix Wetter,Swiss,,1947.0,,Q79462446,matched,Wikidata
6932,Priscilla T. Forthman,American,Female,1958.0,,Q55218712,matched,Wikidata
6933,G. B. Gething,British,,,,Q79461106,matched,Wikidata
6935,Maria Benktzon,Swedish,Female,1946.0,,Q4987393,matched,Wikidata
6936,David Bush,Canadian,Male,1948.0,,Q117118270,matched,Wikidata
6938,Brian Lepine,Canadian,Male,1952.0,,Q117120061,matched,Wikidata
6939,Michael Zimmerman,American,Male,1956.0,,Q117121788,matched,Wikidata
6942,Hiroaki Kozu,Japanese,Male,1959.0,,Q55219158,matched,Wikidata
6944,Steve McGugan,American,Male,1960.0,,,not_found,
6946,Marcel Kunz,Swiss,Male,1941.0,,Q132231785,matched,Wikidata
6947,Peter Moser,,Male,,,,uncertain,
6950,Peter Cook,British,Male,1936.0,,,uncertain,
6951,Elizabeth Diller,American,Female,1954.0,,Q1225543,matched,Wikidata
6952,Ricardo Scofidio,American,Male,1935.0,2025.0,Q15713956,matched,Wikidata
6954,Fumihiko Maki,Japanese,Male,1928.0,2024.0,Q312827,matched,Wikidata
6955,OMA (Office for Metropolitan Architecture),Dutch,,1975.0,,,not_found,
6956,Rem Koolhaas,Dutch,Male,1944.0,,Q232364,matched,Wikidata
6957,Madelon Vriesendorp,Dutch,Female,1945.0,,Q2316264,matched,Wikidata
6958,Stephen Armellino,American,Male,1955.0,,,not_found,
6959,Les Broersma,American,Male,,,,not_found,
6960,John R. Morgan,American,Male,,,Q79459646,matched,Wikidata
6968,Santiago Calatrava,Spanish,Male,1951.0,,Q168482,matched,Wikidata
6969,Peter Eisenman,American,Male,1932.0,,Q317164,matched,Wikidata
6970,Ari 't Hart,Dutch,Male,1936.0,,Q77353330,matched,Wikidata
6972,Juan Hidalgo,Spanish,Male,1927.0,,,uncertain,
6974,Deborah Kass,American,Female,1952.0,,Q5248288,matched,Wikidata
6975,Via Lewandowsky,German,Male,1963.0,,Q1661967,matched,Wikidata
6977,Ronald Jones,American,Male,1952.0,2019.0,Q7364996,matched,Wikidata
6979,Markéta Luskacová,Czech,Female,1944.0,,,not_found,
6981,H. Scott Orr,British,Male,1881.0,1972.0,Q79461173,matched,Wikidata
6982,Thomas Ruff,German,Male,1958.0,,Q77558,matched,Wikidata
6983,Leslie Starobin,American,Female,1955.0,,Q134378056,matched,Wikidata
6984,Jindrich Streit,Czech,Male,1946.0,,,not_found,
6985,Robert Aller,American,Male,1947.0,,Q117117808,matched,Wikidata
6986,Peter Brown,American,Male,1948.0,,,uncertain,
6987,Robert Dawson,American,Male,1950.0,,,uncertain,
6988,Dennis Farber,American,Male,1946.0,,,not_found,
6989,Paola Ferrario,Italian,Female,1963.0,,Q55218678,matched,Wikidata
6990,Robert Kozma,American,Male,1951.0,,Q136035387,matched,Wikidata
6992,Gundula Schulze-Eldowy,German,Female,1954.0,,,not_found,
6993,Laura Volkerding,American,Female,1939.0,,,not_found,
6994,Gaston Darbour,Nationality unknown,Male,1869.0,1964.0,Q1495560,matched,Wikidata
6995,Jules Allen,American,Male,1947.0,,,uncertain,
6996,Bruce Bennet,American,Male,1961.0,,,not_found,
6997,C. Léandre,Nationality unknown,,,,,not_found,
6998,E. A. Wéry,Nationality unknown,,,,,not_found,
6999,Armand Point,Nationality unknown,Male,1861.0,1932.0,Q732208,matched,Wikidata
7000,Francois Deschamps,American,Male,1946.0,,Q134413615,matched,Wikidata
7003,Markus Oehlen,German,Male,1956.0,,Q166398,matched,Wikidata
7004,Leon Kossoff,British,Male,1926.0,2019.0,Q361396,matched,Wikidata
7005,Matthew Barney,American,Male,1967.0,,Q451185,matched,Wikidata
7006,Suzanne McClelland,American,Female,1959.0,,Q16193244,matched,Wikidata
7007,Cildo Meireles,Brazilian,Male,1948.0,,Q657493,matched,Wikidata
7009,Roberto Ciaccio,Italian,Male,1951.0,2014.0,Q3938687,matched,Wikidata
7010,Sergei Gitman,Russian,Male,,,,uncertain,
7011,David Levinthal,American,Male,1949.0,,Q4256545,matched,Wikidata
7013,Tofik Shakhverdiev,Russian,Male,,,,not_found,
7014,Valery Shchekoldin,Russian,Female,1946.0,,Q4528580,matched,Wikidata
7015,Laurie Simmons,American,Female,1949.0,,Q3219659,matched,Wikidata
7016,Penelope Umbrico,American,Female,1957.0,,Q7162591,matched,Wikidata
7017,Adrian Piper,American,Female,1948.0,,Q373948,matched,Wikidata
7018,Andres Serrano,American,Male,1950.0,,Q503335,matched,Wikidata
7020,Unknown Mexican Artist,Mexican,,,,,not_found,
7023,Sebastião Salgado,Brazilian,Male,1944.0,2025.0,Q358158,matched,Wikidata
7025,Carl Chiarenza,American,Male,1935.0,,,uncertain,
7027,Philip-Lorca diCorcia,American,Male,1951.0,,Q1274009,matched,Wikidata
7028,Robert Flynt,American,Male,1956.0,,,not_found,
7029,Connie Imboden,American,Female,1953.0,,Q2993480,matched,Wikidata
7030,Karen Klugman,American,Female,1946.0,,Q134378057,matched,Wikidata
7032,U.S. Army Signal Corps,American,,,,,not_found,
7033,Hermann Forsterling,German,Male,1955.0,,,not_found,
7034,William K. Greiner,American,Male,1957.0,,,not_found,
7035,Gregory Crewdson,American,Male,1962.0,,Q1347062,matched,Wikidata
7036,Barbara Jaffe,American,Female,1942.0,,Q117119604,matched,Wikidata
7038,Michal Rovner,Israeli,Female,1957.0,,Q1930439,matched,Wikidata
7039,Ken Schles,American,Male,1960.0,,,not_found,
7040,Barbel Scianghetti,American,Female,1939.0,,Q55219760,matched,Wikidata
7042,Ruud Jan Kokke,Dutch,Male,1956.0,,,not_found,
7044,Junichi Arai,Japanese,Male,1932.0,2017.0,Q55217919,matched,Wikidata
7045,Reiko Sudo,Japanese,Female,1953.0,,Q3932215,matched,Wikidata
7046,Peter Cohen,American,Male,1955.0,,,uncertain,
7047,Christian Leborg,Norwegian,Male,1966.0,,Q77353410,matched,Wikidata
7048,B. Tillmann,Swiss,,1947.0,,Q77353346,matched,Wikidata
7049,Charles Ray,American,Male,1953.0,,Q872846,matched,Wikidata
7051,Betty Woodman,American,Female,1930.0,2018.0,Q4899015,matched,Wikidata
7053,Dawoud Bey,American,Male,1953.0,,Q5242608,matched,Wikidata
7054,Vincent Borrelli,American,Male,1960.0,,,uncertain,
7055,Tadao Ando,Japanese,Male,1941.0,,Q208220,matched,Wikidata
7056,Bernard Tschumi,,Male,1944.0,,Q123966,matched,Wikidata
7057,Willie Cole,American,Male,1955.0,,Q8021437,matched,Wikidata
7058,Tony Fitzpatrick,American,Male,1958.0,2025.0,Q7822347,matched,Wikidata
7060,Margaret Lanzetta,American,Female,1957.0,,,not_found,
7062,Peter Karpf,Danish,Male,1940.0,,Q21287803,matched,Wikidata
7063,J. & J. Kohn,Austrian,,1867.0,,,not_found,
7064,Rolf Kothrade,German,Male,1946.0,,Q55219150,matched,Wikidata
7065,Kyoko Kumai,Japanese,Female,1943.0,,Q77353766,matched,Wikidata
7066,Faith Ringgold,American,Female,1930.0,2024.0,Q5431220,matched,Wikidata
7067,Alison Saar,American,Female,1956.0,,Q4727179,matched,Wikidata
7068,Juan Sánchez,American,Male,1954.0,,,error,
7070,Paula Scher,American,Female,1948.0,,Q7154764,matched,Wikidata
7072,John Cline,American,Male,,,,not_found,
7073,Dahlgren,American,,,,,uncertain,
7074,Jima,American,,,,,uncertain,
7075,Mortimer,American,,1941.0,,,uncertain,
7076,Mike Salisbury,American,Male,1942.0,2026.0,Q6848678,matched,Wikidata
7078,Ekkeland Götze,German,Male,1948.0,,Q15430026,matched,Wikidata
7079,Heribert Ottersbach,German,Male,1960.0,,,not_found,
7080,Robert Therrien,American,Male,1947.0,2019.0,Q22237360,matched,Wikidata
7081,Olaf Wegewitz,German,Male,1949.0,,Q1598520,matched,Wikidata
7084,Anton van Dalen,American,Male,1938.0,2024.0,Q23928014,matched,Wikidata
7085,Paul Castrucci,American,Male,1978.0,,,uncertain,
7086,John Fekner,American,Male,1950.0,,Q628282,matched,Wikidata
7087,Eric Drooker,American,Male,1958.0,,Q375369,matched,Wikidata
7088,Stash Two (Josh Franklin),American,Male,1967.0,,,not_found,
7089,Tom McGlynn,American,Male,1958.0,,,not_found,
7090,Emily Carter,American,Female,,,,uncertain,
7091,Dennis Thomas,American,Male,1955.0,,Q117121429,matched,Wikidata
7092,Day Gleeson,American,Male,1948.0,,Q55218798,matched,Wikidata
7093,Nadia Coën,American,Female,1961.0,,Q55218402,matched,Wikidata
7095,Miguel Piñero,American,Male,,,,uncertain,
7096,Andrew Castrucci,American,Male,1961.0,,Q134413617,matched,Wikidata
7097,Betzaida Concepción,American,Female,1977.0,,Q55218409,matched,Wikidata
7098,Seth Tobocman,American,Male,1958.0,,Q7456621,matched,Wikidata
7099,Sabrina Jones,American,Female,1960.0,,Q16193669,matched,Wikidata
7100,Red David Rodriguez,American,Male,1958.0,,Q55219701,matched,Wikidata
7101,James Romberger,,Male,1958.0,,Q6142393,matched,Wikidata
7102,Neighborhood News,American,,,,,not_found,
7103,Lee Quinones,American,Male,1960.0,,,not_found,
7104,Lady Pink,American,Female,,,,not_found,
7105,Sebastian Schroder,German,Male,1961.0,,Q134413618,matched,Wikidata
7106,Missing Foundation,American,,,,,uncertain,
7107,Walter Sipser,American,Male,1961.0,,,not_found,
7108,Bruce Witsiepe,American,Male,1951.0,,,not_found,
7109,Will Sales,American,Male,1928.0,,Q134413619,matched,Wikidata
7110,Avram Finkelstein,American,Male,1952.0,,Q4829438,matched,Wikidata
7111,Vincent Gagliostro,,Male,,,Q23068098,matched,Wikidata
7112,Marguerite van Cook,American,Female,,,,not_found,
7113,Eduardo Galeano,American,Male,,,,uncertain,
7114,Chinn Yuen-Yuei,Chinese,,1923.0,,,not_found,
7115,Tony Bevan,British,Male,1951.0,,Q1486644,matched,Wikidata
7116,Judith Francisca Baca,American,Female,1946.0,,,not_found,
7117,Mel Chin,American,Male,1951.0,,Q6810674,matched,Wikidata
7118,Gonzalo Diaz,Chilean,Male,1947.0,,,not_found,
7119,Mike Glier,American,Male,1953.0,,,not_found,
7120,Alexander Kosolopov,Russian,Male,1943.0,,Q77324775,matched,Wikidata
7122,Guillermo Kuitca,Argentine,Male,1961.0,,Q348591,matched,Wikidata
7124,Otto Fried,German,Male,1922.0,2020.0,Q63835896,matched,Wikidata
7126,Houston Conwill,American,Male,1947.0,2016.0,Q18685493,matched,Wikidata
7127,Dan Stoenescu,American,Male,1921.0,,,uncertain,
7130,Karin Sander,German,Female,1957.0,,Q1729543,matched,Wikidata
7131,Guy Teschmacher,American,Male,1939.0,,,not_found,
7132,Dieter Wackerlin,Swiss,Male,,,Q79460984,matched,Wikidata
7134,Joseph Schlinger,American,Male,,,,not_found,
7136,Manfred Malzacher,American,Male,1926.0,,Q117120219,matched,Wikidata
7137,Jack Stringer,American,Male,1927.0,,,not_found,
7138,Carl Norby,American,Male,1935.0,,,not_found,
7139,Javier Carvajal,Spanish,Male,1927.0,,,uncertain,
7140,"The Custanite Corp., Brooklyn, NY",,,1952.0,,,not_found,
7142,Robert Dumas-Hermes,French,Male,1917.0,,Q55218552,matched,Wikidata
7144,Louis J. Zerbee,American,Male,,,,not_found,
7145,Ulm Hochschule für Gestaltung,German,,1953.0,,,not_found,
7146,Thomas V. Paulson,American,Male,1925.0,,,not_found,
7147,Reinhold Weiss,German,Male,1934.0,2022.0,Q17325866,matched,Wikidata
7148,Eric Randmark,Swedish,Male,,,Q79461049,matched,Wikidata
7149,Frank Heacox,American,Male,1923.0,,,not_found,
7150,Flemming Bo Hansen,Danish,Male,1955.0,,Q77353514,matched,Wikidata
7152,Bill Stewart,American,Male,1920.0,,,uncertain,
7153,Moshe Zabari,American,Male,1935.0,2025.0,Q21521394,matched,Wikidata
7154,Yong Soon Min,American,Female,1953.0,2024.0,Q28924299,matched,Wikidata
7155,Patricia Dalzell,American,Female,1938.0,,,not_found,
7156,Charles J. Mauro,American,Male,,,,uncertain,
7157,Pierangela d'Aniello,Italian,Female,1939.0,,Q55218453,matched,Wikidata
7158,Perry King,British,Male,1938.0,,,uncertain,
7160,Geoffrey James,Canadian,Male,1942.0,,Q5534703,matched,Wikidata
7161,"Pulos Design Associates, Inc.",American,,,,,not_found,
7162,Richard Lowrie,American,Male,,,,not_found,
7163,Richard N. Naylor,American,Male,1943.0,,,not_found,
7164,Corrado Aroldi,Italian,Male,1936.0,,Q55217952,matched,Wikidata
7165,Cesare Leonardi,Italian,Male,1935.0,2021.0,Q38002088,matched,Wikidata
7167,Dante Bandini,Italian,Male,1940.0,,Q55217981,matched,Wikidata
7169,Ambrogio Tresoldi,Italian,Male,,,,uncertain,
7170,Tony Esposito,Canadian,Male,1943.0,2021.0,Q954322,matched,Wikidata
7171,Robert Siegel,American,Male,1939.0,2012.0,Q2158822,matched,Wikidata
7172,John E. Mullin,American,Male,1963.0,,,not_found,
7173,Eric Paddock,American,Male,1954.0,,,not_found,
7174,John Pinderhughes,American,Male,1946.0,,Q28861812,matched,Wikidata
7175,Toshio Shibata,Japanese,Male,1949.0,,Q5546908,matched,Wikidata
7176,Craig Schuster,Australian,Male,1960.0,,,not_found,
7177,Carrie Mae Weems,American,Female,1953.0,,Q5046268,matched,Wikidata
7182,Peter Hiort-Loerenzen,Danish,Male,1947.0,,,not_found,
7183,Olivier,French,,,,,uncertain,
7186,Antonio Macchi Cassia,Italian,Male,1937.0,,Q38949902,matched,Wikidata
7187,Gugelot Institute,German,,,,Q79461164,matched,Wikidata
7188,Hancock Laverne,American,Male,1926.0,,Q55219206,matched,Wikidata
7189,Roberto Lucci,Italian,Male,,,,not_found,
7190,Allen John Bootroyd,British,Male,1943.0,,Q55218083,matched,Wikidata
7191,Kurt Steisslinger,German,Male,,,,not_found,
7192,Paul D. Miller,American,Male,1943.0,,,uncertain,
7194,Harry V. Cremonese,American,Male,1939.0,,,not_found,
7195,Michael Alan Cousins,American,Male,1938.0,,,not_found,
7196,M & Co,American,,,,,not_found,
7198,Eric Rivkin,American,Male,1951.0,,,not_found,
7199,Kent Macintosh,American,Male,,,,not_found,
7200,Torsten Thorup,Danish,Male,1944.0,,Q125267322,matched,Wikidata
7202,Herbert H. Schultes,German,Male,1938.0,2020.0,Q1586753,matched,Wikidata
7203,Norbert Schlagheck,German,Male,1925.0,2002.0,Q1670356,matched,Wikidata
7204,Hap Sakwa,American,Male,1950.0,,Q55219726,matched,Wikidata
7205,Hosowo Tomohiro,Japanese,Male,1953.0,,Q55219881,matched,Wikidata
7206,"Bell Laboratories, company design",American,,1974.0,,,not_found,
7207,Stephen Hobson,American,Male,1942.0,,,uncertain,
7208,Glenn Edens,American,Male,1952.0,,,not_found,
7209,Giotto Stoppino,Italian,Male,1926.0,2011.0,Q3766034,matched,Wikidata
7211,Jan Matthias,Austrian,,1996.0,,Q60244451,matched,Wikidata
7212,Koen De Winter,Belgian,Male,1943.0,,,uncertain,
7213,Roberto Ubaldi,Italian,Male,1940.0,,Q55219932,matched,Wikidata
7214,Umberto Orsoni,Italian,Male,1940.0,,Q55219553,matched,Wikidata
7215,Gianni Pareschi,Italian,Male,1940.0,,,not_found,
7216,Gianfranco Facchetti,Italian,Male,1939.0,,Q55218631,matched,Wikidata
7217,Peter L. Zane,American,Male,1950.0,,Q26267148,matched,Wikidata
7218,Bengt Palmgren,Swedish,Male,1944.0,,Q6033844,matched,Wikidata
7219,Kevan Laycraft,Canadian,Male,1955.0,,Q23308998,matched,Wikidata
7220,John Lonczak,American,Male,1954.0,,,not_found,
7221,Roald Steen Hansen,Danish,Male,1942.0,,Q77353907,matched,Wikidata
7222,Mary Kocol,American,Female,1962.0,,,not_found,
7223,Davide Mercatali,Italian,Male,1948.0,,Q27978826,matched,Wikidata
7225,Carmen Basile,American,Female,1947.0,,,not_found,
7226,Jacobus Lucas Verhoog,Danish,Male,1878.0,,,not_found,
7227,"Unknown Designer, Chinese",Chinese,,,,,not_found,
7229,Rafael Viñoly,American,Male,1944.0,2023.0,Q952826,matched,Wikidata
7232,Giuseppe Cappelli,Italian,Male,,,,uncertain,
7233,William de Vries,Dutch,Male,1908.0,1969.0,Q77354048,matched,Wikidata
7234,Earl Childress,American,Male,1956.0,,Q55218373,matched,Wikidata
7235,"Robert Kahn Architects, New York",,,,,,not_found,
7236,"Nageli & Vallebuona Architekten, Berlin",German,,,,,not_found,
7238,Stephen Peart,British,Male,1958.0,,Q117120734,matched,Wikidata
7239,Steven T. Kaneko,American,Male,1962.0,,,not_found,
7240,Robert J. King,American,Male,1917.0,,,uncertain,
7241,Panasonic,Japanese,,1918.0,,,uncertain,
7242,Kari Virtanen,Finnish,Male,1948.0,,Q11870019,matched,Wikidata
7245,Giuseppe Pensotti,Italian,Male,1939.0,,Q55219592,matched,Wikidata
7246,Gruppo G14,Italian,,,,,not_found,
7247,Paulus van Leeuwen,Dutch,Male,1955.0,,Q77353874,matched,Wikidata
7248,Alexander Blomberg,German,Male,1949.0,,,not_found,
7249,Alice von Pechmann,American,Female,1906.0,,Q62593132,matched,Wikidata
7252,Unknown Designer,Japanese,,,,,not_found,
7264,Unknown Designer,Austrian,,,,,not_found,
7275,John Barnard,British,Male,1946.0,,Q173549,matched,Wikidata
7276,FM Designs,British,,1988.0,,,uncertain,
7277,Alberto Meda,Italian,Male,1945.0,,Q376694,matched,Wikidata
7278,Franco Raggi,Italian,Male,1945.0,,Q117120845,matched,Wikidata
7279,Denis Santachiara,Italian,Male,1950.0,,Q1187625,matched,Wikidata
7280,Tim Parsey,British,Male,1960.0,,Q55219576,matched,Wikidata
7281,Mark Sanders,British,Male,1956.0,,,uncertain,
7282,Bashir Zivari,American,Male,1961.0,,,not_found,
7283,Masuteru Aoba,Japanese,Male,1939.0,2011.0,Q11662742,matched,Wikidata
7295,Unknown Designer,Czech,,,,,not_found,
7308,Jürgen Greubel,German,Male,,,Q79461443,matched,Wikidata
7316,Paolo Lomazzi,Italian,Male,1936.0,,Q11940051,matched,Wikidata
7317,Donato D'Urbino,Italian,Male,1935.0,,Q11917679,matched,Wikidata
7319,Ugo La Pietra,Italian,Male,1938.0,,Q23309404,matched,Wikidata
7327,Lynn Alexander,American,Female,,,,not_found,
7330,Yvonne Dellatre,Swiss,Female,,,,not_found,
7338,Jack Lenor Larsen,American,Male,1927.0,2020.0,Q6113656,matched,Wikidata
7340,Klearflax Linen Looms,American,,,,,uncertain,
7341,Martin,Nationality unknown,Male,,,,uncertain,
7348,Joel Robinson,American,Male,,,,uncertain,
7351,Lodovico Meneghetti,Italian,Male,1926.0,2020.0,Q55219389,matched,Wikidata
7355,Sigurd Persson,Swedish,Male,1914.0,2003.0,Q6043726,matched,Wikidata
7360,Ellen Siegel,American,Female,,,Q112089790,matched,Wikidata
7378,Roger Tallon,French,Male,1929.0,2011.0,Q464229,matched,Wikidata
7381,Bertel Gardberg,Finnish,Male,1916.0,2007.0,Q3615124,matched,Wikidata
7387,Willa Percival,American,Female,,,,not_found,
7388,Matthew Abbott,British,Male,1965.0,,Q21290826,matched,Wikidata
7389,Petah Coyne,American,Female,1953.0,,Q7171616,matched,Wikidata
7391,Marisa Merz,Italian,Female,1931.0,2019.0,Q6765578,matched,Wikidata
7392,Donald T. Chadwick,American,Male,1936.0,,,not_found,
7395,The Stanley Works,American,,1843.0,,,not_found,
7397,Werner Büttner,German,Male,1954.0,,Q1561577,matched,Wikidata
7400,Marc van de Loo,Swiss,Male,1966.0,,,not_found,
7401,Steve Jobs,American,Male,1955.0,2011.0,Q19837,matched,Wikidata
7402,Jerry Manock,American,Male,1944.0,,Q3177490,matched,Wikidata
7403,Walter Ballmer,Swiss,Male,1923.0,2011.0,Q77354038,matched,Wikidata
7404,Peggy Diggs,American,Female,1946.0,,,not_found,
7406,Tadeusz Myslowski,American,Male,1943.0,,Q7674503,matched,Wikidata
7407,Jaune Quick-to-see Smith,American,Female,1940.0,,,not_found,
7408,Ann Hamilton,American,Female,1956.0,,Q4766433,matched,Wikidata
7410,Miguel Angel Rios,Argentine,Male,1943.0,,,not_found,
7411,Atelier de Creation Graphique,French,,,,,uncertain,
7412,Tsuguya Inone,Japanese,Female,,,,not_found,
7413,Toshifumi Kawahara,Japanese,Male,,,Q79462442,matched,Wikidata
7414,Akio Okumura,Japanese,Male,1943.0,2011.0,Q65259834,matched,Wikidata
7415,Shinro Otake,Japanese,Male,,,,not_found,
7416,Gary Hill,American,Male,1951.0,,Q2545780,matched,Wikidata
7417,Otto Struck,German,Male,,,Q79461943,matched,Wikidata
7418,Chuck Hoberman,American,Male,1956.0,,Q4981234,matched,Wikidata
7419,Scott Marble,American,Male,1960.0,,Q27595501,matched,Wikidata
7420,Yoshito Takahashi,Japanese,Male,1962.0,,,uncertain,
7421,Jacques Herzog,Swiss,Male,1950.0,,Q2745982,matched,Wikidata
7422,Pierre de Meuron,Swiss,Male,1950.0,,Q3174960,matched,Wikidata
7423,Karen Fairbanks,American,Female,1959.0,,,not_found,
7426,Martin Diethelm,Swiss,Male,1943.0,,Q79461691,matched,Wikidata
7427,Hans Gantert,German,Male,1934.0,2004.0,Q77353573,matched,Wikidata
7428,José Bedia,Cuban,Male,1959.0,,,not_found,
7429,Vijay Kumar,Indian,Male,1942.0,,,uncertain,
7432,Walter Pfeiffer,,Male,1946.0,,Q279824,matched,Wikidata
7433,J. Van Der Wal,Nationality unknown,,,,Q79459643,matched,Wikidata
7434,Bureau,American,,,,,uncertain,
7435,Donald Moffett,American,Male,1955.0,,Q5294889,matched,Wikidata
7436,Marlene McCarty,American,Female,1957.0,,Q28661487,matched,Wikidata
7439,Marco Ferreri,Italian,Male,1958.0,,,uncertain,
7440,Kazuo Kawasaki,Japanese,Male,1949.0,,Q3814185,matched,Wikidata
7441,Ross Lovegrove,British,Male,1958.0,,Q573143,matched,Wikidata
7443,David Law,American,Male,1937.0,1971.0,Q2791015,matched,Wikidata
7447,Mona Hatoum,British,Female,1952.0,,Q273696,matched,Wikidata
7448,Rodolfo Bretzel,Italian,Male,1966.0,,Q55218209,matched,Wikidata
7449,Thomas Eriksson,Swedish,Male,1959.0,,Q555855,matched,Wikidata
7450,Jean Nouvel,French,Male,1945.0,,Q214317,matched,Wikidata
7451,Vincent de Rijk,Dutch,Male,1962.0,,Q77354030,matched,Wikidata
7452,Arribas,Spanish,,,,,uncertain,
7454,Boni,Spanish,,,,,uncertain,
7455,J. Briones,Spanish,,,,,not_found,
7456,Art Chantry,American,Male,1954.0,,,not_found,
7457,Jose Espert,Spanish,Male,,,Q79461408,matched,Wikidata
7459,Juan Parrilla,Spanish,Male,1943.0,2020.0,Q51733367,matched,Wikidata
7460,Simon Leung,American,Male,1964.0,,,uncertain,
7461,Gabriel Orozco,Mexican,Male,1962.0,,Q1242404,matched,Wikidata
7462,Kim Jones,American,Male,1944.0,,Q6408927,matched,Wikidata
7463,Sara Sosnowy,American,Female,1957.0,,Q38112179,matched,Wikidata
7465,Elyn Zimmerman,American,Female,1945.0,,Q28420172,matched,Wikidata
7466,Cliff Chi,American,Male,1964.0,,Q55218371,matched,Wikidata
7470,Christian de Portzamparc,French,Male,1944.0,,Q312838,matched,Wikidata
7471,Hélène Delprat,German,Female,1957.0,,Q23926177,matched,Wikidata
7473,Grenville Davey,British,Male,1961.0,2022.0,Q5607518,matched,Wikidata
7474,General Idea,Canadian,Male,,,,uncertain,
7476,Federico Guzmán,Spanish,Male,1964.0,,,not_found,
7477,Alfredo Jaar,Chilean,Male,1956.0,,Q523915,matched,Wikidata
7478,Richard Mock,American,Male,1944.0,2006.0,Q15461045,matched,Wikidata
7479,Rirkrit Tiravanija,Thai,Male,1961.0,,Q989861,matched,Wikidata
7480,Enrique Chagoya,Mexican,Male,1953.0,,Q1343964,matched,Wikidata
7483,James Kearns,American,Male,1924.0,,Q20871041,matched,Wikidata
7485,Luis Alberto Wells,Argentine,Male,1940.0,,,not_found,
7487,Tom Friedman,American,Male,1965.0,,Q2439673,matched,Wikidata
7488,Doris Salcedo,Colombian,Female,1958.0,,Q2916050,matched,Wikidata
7489,Tony Oursler,American,Male,1957.0,,Q571399,matched,Wikidata
7490,Kcho (Alexis Leyva Machado),Cuban,Male,1970.0,,,not_found,
7491,Simon Patterson,British,Male,1967.0,,,uncertain,
7492,Kay Rosen,American,Female,1947.0,,Q16143562,matched,Wikidata
7493,Alexis Smith,American,Female,1949.0,,,uncertain,
7494,Sue Williams,American,Female,1954.0,,,uncertain,
7495,Giulio Paolini,Italian,Male,1940.0,,Q826845,matched,Wikidata
7496,Gilbert & George,British,Male,,,Q684974,matched,Wikidata
7497,Karen Kunc,American,Female,1952.0,,Q59578164,matched,Wikidata
7498,Douglas Blau,American,Male,1955.0,,,not_found,
7500,Raymond Pettibon,American,Male,1957.0,,Q564945,matched,Wikidata
7501,Toba Khedoori,Australian,Female,1964.0,,Q7811437,matched,Wikidata
7502,Rebecca Horn,German,Female,1944.0,2024.0,Q442192,matched,Wikidata
7503,Roni Horn,American,Female,1955.0,,Q433895,matched,Wikidata
7504,Phyllis Bramson,American,Female,1941.0,,,not_found,
7505,Koichi Yoshimura,Japanese,Male,1940.0,,Q55220022,matched,Wikidata
7506,Yamazaki Vellodo Co. Ltd.,Japanese,,,,Q79493995,matched,Wikidata
7507,Eiji Miyamoto,Japanese,Male,1948.0,,Q79461016,matched,Wikidata
7510,Ritva Puotila,Finnish,Female,1935.0,,Q11890978,matched,Wikidata
7514,Tomoyuki Sugiyama,Japanese,Male,1954.0,,Q11521941,matched,Wikidata
7517,Cyan,German,,1992.0,,,uncertain,
7518,Jennifer Morla,American,Female,1955.0,,Q15485389,matched,Wikidata
7520,Luc Tuymans,Belgian,Male,1958.0,,Q200622,matched,Wikidata
7521,Marlene Dumas,South African,Female,1953.0,,Q260617,matched,Wikidata
7522,Nobuyoshi Araki,Japanese,Male,1940.0,,Q450696,matched,Wikidata
7523,Willie Birch,American,Male,1942.0,,Q20861416,matched,Wikidata
7525,Andrea Zittel,American,Female,1965.0,,Q495290,matched,Wikidata
7526,Toyo Ito,Japanese,Male,1941.0,,Q333585,matched,Wikidata
7527,Daniel Libeskind,American,Male,1946.0,,,not_found,
7528,Cesar Pelli,American,Male,1926.0,,,not_found,
7529,Ben van Berkel,Dutch,Male,1957.0,,Q565390,matched,Wikidata
7530,Mehrdad Yazdani,Iranian,Male,1959.0,,Q5949779,matched,Wikidata
7531,Bernhard Fuchs,Austrian,Male,1971.0,,Q825061,matched,Wikidata
7532,Nan Goldin,American,Female,1953.0,,Q234279,matched,Wikidata
7533,Jean-Luc Moulène,French,Male,1955.0,,Q3167219,matched,Wikidata
7534,Julião Sarmento,Portuguese,Male,1948.0,,,not_found,
7535,Christian Schumann,American,Male,1970.0,,,uncertain,
7537,Mikko Heikkinen,Finnish,Male,1949.0,,Q6849966,matched,Wikidata
7539,Markku Komonen,Finnish,Male,1945.0,,Q15439510,matched,Wikidata
7540,Stuart Brisley,British,Male,1933.0,,Q1292043,matched,Wikidata
7541,Don Brown,British,Male,1962.0,,,uncertain,
7545,Tracey Emin,British,Female,1963.0,,Q241185,matched,Wikidata
7547,Liam Gillick,British,Male,1964.0,,Q828254,matched,Wikidata
7548,Gary Hume,British,Male,1962.0,,,not_found,
7550,Sam Taylor-Wood,British,Female,1967.0,,,not_found,
7558,Elia Zenghelis,British,Female,1937.0,,Q1658487,matched,Wikidata
7559,Zoe Zenghelis,British,Female,1937.0,,Q125272537,matched,Wikidata
7560,Gwathmey Siegel & Associates Architects,American,,1967.0,,,uncertain,
7561,Laurids Ortner,Austrian,Male,1941.0,,Q1808327,matched,Wikidata
7562,Manfred Ortner,Austrian,Male,1943.0,,Q1889759,matched,Wikidata
7563,Kazuyo Sejima & Associates,Japanese,,1987.0,,,not_found,
7564,Marc Tsurumaki,American,Male,1965.0,,,not_found,
7565,Jonathan Crary,American,Male,1951.0,,Q6272840,matched,Wikidata
7566,Joel Sanders,American,Male,1956.0,,,not_found,
7567,"Herzog & de Meuron, Basel",Swiss,,1978.0,,,not_found,
7568,Thomas Blossfeldt,Swiss,Male,1950.0,,,not_found,
7569,Norman Foster,British,Male,1935.0,,Q104898,matched,Wikidata
7570,James Wines,American,Male,1932.0,,Q2396391,matched,Wikidata
7571,Harry C. Wolf,American,Male,1935.0,,Q77352890,matched,Wikidata
7572,Wolf D. Prix,Austrian,Male,1942.0,,Q114444,matched,Wikidata
7573,Helmut Swiczinsky,Polish,Male,1944.0,2025.0,Q1604245,matched,Wikidata
7574,Ortner & Ortner,Austrian,,1987.0,,,not_found,
7575,Winy Maas,Dutch,Male,1959.0,,Q1356269,matched,Wikidata
7576,Elizabeth Alford,American,Female,1967.0,,,uncertain,
7577,Ray Maggiore,American,Male,1964.0,,Q55219678,matched,Wikidata
7578,Vince Scirano,American,Male,1966.0,,Q55219761,matched,Wikidata
7579,Ron Steiner,American,Male,1952.0,,Q124859564,matched,Wikidata
7581,Xaveer de Geyter,Dutch,Male,1970.0,,,not_found,
7583,Rody Graumans,Dutch,Male,1968.0,,Q77353919,matched,Wikidata
7584,Hella Jongerius,Dutch,Female,1963.0,,Q924426,matched,Wikidata
7585,Tejo Remy,Dutch,Male,1960.0,,Q3517213,matched,Wikidata
7586,Arian Brekveld,Dutch,Male,1968.0,,Q29421990,matched,Wikidata
7587,Jos van der Meulen,Dutch,Male,1958.0,,Q53543511,matched,Wikidata
7588,Marcel Wanders,Dutch,Male,1963.0,,Q648761,matched,Wikidata
7590,Studio Tetrarc,Italian,,1969.0,,Q77353971,matched,Wikidata
7592,Paolo Rizzatto,Italian,Male,1941.0,,Q55219698,matched,Wikidata
7594,Maurizio Ficcadenti,Italian,Male,1970.0,,Q55218687,matched,Wikidata
7595,David Moreno,American,Male,1957.0,,,uncertain,
7596,Florence Knoll,American,Female,1917.0,2019.0,Q5460673,matched,Wikidata
7597,Patti Smith,American,Female,1946.0,,Q557,matched,Wikidata
7598,Bent Hedegaard Nobert,Danish,Male,1959.0,,Q77353368,matched,Wikidata
7599,Montse Padrós i Marqués,Spanish,Male,1952.0,,,not_found,
7600,Carlos Riart,Spanish,Male,1944.0,,Q125213170,matched,Wikidata
7601,Ben Faydherbe,Dutch,Male,1958.0,,Q124663005,matched,Wikidata
7602,Wout De Vringer,Dutch,Male,1959.0,,Q38248868,matched,Wikidata
7603,Opera,Dutch,,1985.0,,,uncertain,
7604,Ton Homburg,Dutch,Male,1952.0,,,not_found,
7606,Robert A. M. Stern,American,Male,1939.0,2025.0,Q166567,matched,Wikidata
7609,Steven Holl Architects,American,,1976.0,,,uncertain,
7610,Stephen Cassell,American,Male,1963.0,,,not_found,
7611,Pier Copat,American,Male,,,,not_found,
7612,Bryan Bell,American,Male,,,,uncertain,
7613,Peter Lynch,American,Male,,,,uncertain,
7614,Pieter Laurens Mol,Dutch,Male,1946.0,,Q22237588,matched,Wikidata
7615,Waltercio Caldas,Brazilian,Male,1946.0,,,not_found,
7616,Lari Pittman,American,Male,1952.0,,Q13593213,matched,Wikidata
7617,Nancy Rubins,American,Female,1952.0,,Q2236424,matched,Wikidata
7618,Nicola Tyson,British,Female,1960.0,,Q19577787,matched,Wikidata
7619,Lex Reitsma,Dutch,Male,1958.0,,Q29559459,matched,Wikidata
7620,Studio Boot,Dutch,,1992.0,,Q124354948,matched,Wikidata
7621,Edwin Vollebergh,,Male,1962.0,,Q124664994,matched,Wikidata
7622,Pietra Jansen,,Female,,,,not_found,
7623,Una,Dutch,,1992.0,,,uncertain,
7624,Will De L'ecluse,Dutch,Male,1951.0,,,not_found,
7625,Jan van Toorn,Dutch,Male,1932.0,2020.0,Q2523286,matched,Wikidata
7627,Rudolf Stingel,Italian,Male,1956.0,,Q2173916,matched,Wikidata
7629,Carol Hepper,American,Female,1953.0,,Q55218914,matched,Wikidata
7631,Yasumasa Morimura,Japanese,Male,1951.0,,Q595342,matched,Wikidata
7632,Wild Plakken,Dutch,,1977.0,,,uncertain,
7633,Lies Ros,Dutch,Male,1952.0,,Q29400963,matched,Wikidata
7634,Frank Beekers,Dutch,Male,1952.0,,Q29400995,matched,Wikidata
7635,Rob Schroder,Dutch,Male,1950.0,,,uncertain,
7636,IBM Corporation,American,,1911.0,,,not_found,
7637,Paul McCarthy,American,Male,1945.0,,Q221732,matched,Wikidata
7638,Roger Ballen,South African,Male,1950.0,,Q1550279,matched,Wikidata
7639,Ellen Gallagher,American,Female,1965.0,,Q4132681,matched,Wikidata
7642,Yvonne Droge-Wendel,German,Female,1961.0,,,not_found,
7646,Frank Paulin,American,Male,1926.0,2016.0,Q5488924,matched,Wikidata
7647,Dieter Appelt,German,Male,1935.0,,Q447569,matched,Wikidata
7648,Shimon Attie,American,Male,1957.0,,Q16150144,matched,Wikidata
7649,Per Bernsten,Norwegian,Male,1942.0,,Q22712793,matched,Wikidata
7650,Bruce Charlesworth,American,Male,1950.0,,Q4977259,matched,Wikidata
7651,David Goldes,American,Male,1947.0,,,not_found,
7652,Geoffrey Biddle,American,Male,1950.0,,Q102122562,matched,Wikidata
7654,Carl Martin,American,Male,1958.0,,,uncertain,
7655,Floris M. Neusüss,German,Male,1937.0,,,not_found,
7656,Melissa Ann Pinney,American,Female,1953.0,,Q26265885,matched,Wikidata
7657,Gabrielle Russomagno,American,Female,1963.0,,,not_found,
7658,Shelly Rusten,American,Male,1938.0,,,not_found,
7662,Franz Erhard Walther,German,Male,1939.0,,Q1446682,matched,Wikidata
7663,Joel Leivick,American,Male,1951.0,,Q55219216,matched,Wikidata
7665,Eduardo Arroyo,Spanish,Male,1937.0,2018.0,Q555137,matched,Wikidata
7673,Fred Tomaselli,American,Male,1956.0,,Q4460192,matched,Wikidata
7674,Sylvie Fleury,Swiss,Female,1961.0,,Q528083,matched,Wikidata
7676,Antonio Muntadas,Spanish,Male,1942.0,,,not_found,
7677,Alyson Shotz,American,Female,1964.0,,,not_found,
7678,Martin Walde,Austrian,Male,1957.0,,Q22237428,matched,Wikidata
7679,Kara Walker,American,Female,1969.0,,Q444277,matched,Wikidata
7680,Michael Joaquin Grey,American,Male,1961.0,,Q6831637,matched,Wikidata
7681,Paulina Wallenberg-Olsson,,Female,,,,uncertain,
7683,Helga von Eicken-Kopperl,Canadian,Female,,,,uncertain,
7685,Peter Nadin,American,Male,1954.0,,Q21995269,matched,Wikidata
7688,Adam Bartos,American,Male,1953.0,,Q63064476,matched,Wikidata
7689,Yukinori Yanagi,Japanese,Male,1959.0,,Q11534312,matched,Wikidata
7691,Kevin Bubriski,American,Male,1954.0,,Q6395920,matched,Wikidata
7692,Terry Evans,American,Female,1944.0,,,uncertain,
7696,Nicholas Grimshaw,British,Male,1939.0,2025.0,Q1348044,matched,Wikidata
7697,Eric Rondepierre,French,Male,1950.0,2024.0,Q3056389,matched,Wikidata
7698,David Spear,American,Male,1937.0,,,not_found,
7699,Paul Jeuffrain,French,Male,1809.0,1916.0,Q3371532,matched,Wikidata
7702,John Milisenda,American,Male,1947.0,,,not_found,
7703,Margaret Moulton,American,Female,1956.0,,,not_found,
7704,Susan Weil,American,Female,1930.0,,Q7648521,matched,Wikidata
7705,Frank Sellitto,American,Male,1951.0,,Q107703789,matched,Wikidata
7706,Wojciech Prazmowski,Polish,Male,1949.0,,,not_found,
7707,Mike and Doug Starn,American,Male,1961.0,,,not_found,
7708,"U.S. Geological Survey and NASA, Surveyor III",American,,,,,uncertain,
7709,Jay Wolke,American,Male,1954.0,,,not_found,
7711,Jerry Schatzberg,American,Male,1927.0,,Q935852,matched,Wikidata
7712,Carolee Schneemann,American,Female,1939.0,2019.0,Q299662,matched,Wikidata
7714,Graham Smith,British,Male,1947.0,,Q5593247,matched,Wikidata
7717,Catherine Wagner,American,Female,1953.0,,Q16185651,matched,Wikidata
7719,Sven Dalsgaard,Danish,Male,1914.0,1999.0,Q12337877,matched,Wikidata
7720,Knud Jans,Danish,Male,1916.0,1985.0,Q98126004,matched,Wikidata
7721,Niels Jensen,Danish,Male,,,,uncertain,
7722,Bago Nielsen,Danish,,,,,uncertain,
7723,Axel Wilmar,Danish,Male,,,,uncertain,
7724,Johs Jensen,Danish,Male,,,,not_found,
7725,Raphael Drouart,French,Male,1884.0,1972.0,Q21289707,matched,Wikidata
7728,Willibald Kramm,German,Male,1891.0,1969.0,Q52150849,matched,Wikidata
7730,Georg Meistermann,German,Male,1911.0,1990.0,Q1410754,matched,Wikidata
7731,Emil Kiess,German,Male,1930.0,,Q1336351,matched,Wikidata
7732,Hubertus von Pilgrim,German,Male,1931.0,2026.0,Q1500200,matched,Wikidata
7736,Arnold Lafontant,Haitian,Male,,,Q12887538,matched,Wikidata
7737,Gabriel Lévêque,Haitian,Male,1923.0,,,not_found,
7738,Lusimond Merelus,Haitian,Male,,,Q20558220,matched,Wikidata
7739,Denis Vergin,Haitian,Male,,,Q12889503,matched,Wikidata
7753,Jack Garver,American,Male,1921.0,,Q131786272,matched,Wikidata
7756,John Wood,American,Male,,,,uncertain,
7804,Stephan Balkenhol,German,Male,1957.0,,Q517388,matched,Wikidata
7805,Douglas Gordon,Scottish,Male,1966.0,,Q1252327,matched,Wikidata
7806,Andreas Gursky,German,Male,1955.0,,Q497712,matched,Wikidata
7808,Imi Knoebel,German,Male,1940.0,,Q241977,matched,Wikidata
7810,Sarah Lucas,British,Female,1962.0,,Q267786,matched,Wikidata
7813,Clements,American,Male,,,,uncertain,
7814,Jean-Luc Mylayne,French,Male,1946.0,,Q21534700,matched,Wikidata
7815,Tommaso Cuccioni,Italian,Male,1790.0,1864.0,Q23774075,matched,Wikidata
7816,VALIE EXPORT,Austrian,Female,1940.0,,,not_found,
7817,Cady Noland,American,Female,1956.0,,Q437729,matched,Wikidata
7818,Vik Muniz,Brazilian,Male,1961.0,,Q1288454,matched,Wikidata
7819,Kirill Rozhdestvenskii,Russian,Male,1932.0,,Q134378059,matched,Wikidata
7820,Alexander Slussarev,Russian,Male,1944.0,,Q134378061,matched,Wikidata
7821,R.J. Waters & Co.,American,,,,,not_found,
7823,Franco Zecchin,Italian,Male,1953.0,,Q103783702,matched,Wikidata
7824,Roman Signer,Swiss,Male,1938.0,,Q463844,matched,Wikidata
7825,Thomas Struth,German,Male,1954.0,,Q522783,matched,Wikidata
7826,Jeff Wall,Canadian,Male,1946.0,,Q550428,matched,Wikidata
7827,Uta Barth,American,Female,1958.0,,Q122006,matched,Wikidata
7828,Tria Giovan,American,Female,1961.0,,Q55218786,matched,Wikidata
7831,Gerd Bonfert,Romanian,Male,1953.0,,Q12729037,matched,Wikidata
7833,Manuel Valdes,Spanish,Male,1942.0,,,uncertain,
7835,Peter Klasen,German,Male,1935.0,,Q2076300,matched,Wikidata
7836,David Swedlow,American,Male,,,,not_found,
7837,Peter Stampfli,Swiss,Male,1937.0,,,not_found,
7839,George Demeny,,Male,,,,uncertain,
7840,Ava Gerber,American,Female,1961.0,,Q55218770,matched,Wikidata
7841,Sean Mellyn,American,Male,1965.0,,,not_found,
7842,Jonathan Seliger,American,Male,1955.0,,,not_found,
7843,Frank K. Bacher,Nationality unknown,Male,,,,uncertain,
7844,Katy Schimert,American,Female,1963.0,,Q6378525,matched,Wikidata
7845,Diana Michener,American,Female,1940.0,,Q110237258,matched,Wikidata
7846,Bernard Rancillac,French,Male,1931.0,2021.0,Q2898497,matched,Wikidata
7847,Rafael Montañez Ortiz,American,Male,1934.0,,,not_found,
7848,Dörte Eissfeldt,German,Female,1950.0,,,not_found,
7849,Sharon Harper,American,Female,1966.0,,,not_found,
7850,Sanjeev Saith,Indian,Male,1958.0,,Q134413623,matched,Wikidata
7852,Bastienne Schmidt,German,Male,1961.0,,Q810650,matched,Wikidata
7853,Colette Alvarez Urbajtel,French,Female,1934.0,,,not_found,
7854,Nicholas Dean,American,Male,1933.0,,,uncertain,
7855,Rachel Harrison,American,Female,1966.0,,Q4496069,matched,Wikidata
7856,Herb Snitzer,American,Male,1932.0,,,not_found,
7857,The Group,Finnish,,,,,uncertain,
7858,Juha Kaakko,Finnish,,1964.0,,Q124873105,matched,Wikidata
7859,Kimmo Liimatainen,Finnish,,1965.0,,,uncertain,
7860,Jari Tirkkonen,Finnish,,1965.0,,Q124873137,matched,Wikidata
7861,Ilkka Laine,Finnish,Female,1964.0,,Q124873116,matched,Wikidata
7862,Heikkinen Komonen Architects,Finnish,,1974.0,,,not_found,
7863,Seiichi Furuya,Japanese,Male,1950.0,,Q4493559,matched,Wikidata
7864,Vladimir Syomin,Russian,Male,1938.0,,Q4448724,matched,Wikidata
7865,Amy Arbus,American,Female,1954.0,,Q4749074,matched,Wikidata
7866,Accra Shepp,American,Male,1962.0,,,not_found,
7867,Bertien van Manen,Dutch,Female,1942.0,2024.0,Q2465260,matched,Wikidata
7868,Judith Rothschild,American,Female,1921.0,1993.0,Q20903150,matched,Wikidata
7869,Power Boothe,American,Male,1945.0,,Q44433952,matched,Wikidata
7870,Naomi Boretz,American,Female,1935.0,2023.0,Q62958479,matched,Wikidata
7871,Marvin Brown,American,Male,1943.0,,,uncertain,
7872,Kenneth Bushnell,,Male,1933.0,,,not_found,
7873,Jean Cohen,American,Female,,,,uncertain,
7875,Gabriele Evertz,American,Female,1945.0,,Q23310132,matched,Wikidata
7876,Helen Gilbert,American,Female,1922.0,2002.0,Q16744965,matched,Wikidata
7877,James Gross,American,Male,,,,uncertain,
7878,Paul Heald,American,Male,,,,uncertain,
7880,James Juszczyk,American,Male,1943.0,,Q56829723,matched,Wikidata
7881,Martha Keller,American,Female,,,,uncertain,
7882,Jane Logemann,American,Female,1942.0,,Q29047374,matched,Wikidata
7883,Katinka Mann,American,Female,1925.0,2022.0,Q63037298,matched,Wikidata
7884,Nancy Manter,American,Female,1951.0,,Q63037456,matched,Wikidata
7885,Hiroshi Murata,Japanese,Male,1941.0,,Q77324910,matched,Wikidata
7886,Mary Obering,American,Female,1937.0,2022.0,Q22002909,matched,Wikidata
7887,Joan Webster Price,American,Female,,,,not_found,
7888,Raquel Rabinovich,American,Female,1929.0,2025.0,Q63090034,matched,Wikidata
7890,Ce Roser,American,Female,1930.0,,Q16091614,matched,Wikidata
7891,Irene Rousseau,American,Female,1941.0,,Q63089897,matched,Wikidata
7892,Wilfred Graf Schwerin Von Krosigk,American,Male,,,,not_found,
7894,Peter Stroud,American,Male,1921.0,2012.0,Q21289641,matched,Wikidata
7895,Mac Wells,American,Male,1925.0,2009.0,Q109518815,matched,Wikidata
7896,Stephen Westfall,American,Male,1953.0,,Q7610832,matched,Wikidata
7898,Bill Viola,American,Male,1951.0,2024.0,Q437616,matched,Wikidata
7899,Maya Ying Lin,American,Female,1959.0,,,not_found,
7900,Tom Slaughter,American,Male,1955.0,2014.0,Q66035047,matched,Wikidata
7901,An-My Lê,American,Female,1960.0,,Q10733112,matched,Wikidata
7906,Ming Smith,American,Female,1951.0,,Q28871212,matched,Wikidata
7908,Vivian Cherry,American,Female,1920.0,2019.0,Q55218366,matched,Wikidata
7909,Valdir Cruz,Brazilian,Male,1952.0,,Q7909422,matched,Wikidata
7911,Charles Long,American,Male,1958.0,,Q51273006,matched,Wikidata
7914,Ian Wallace,Canadian,Male,1943.0,,,uncertain,
7917,Not Vital,Swiss,Male,1948.0,,Q2001713,matched,Wikidata
7918,Jill Baroff,American,Female,1954.0,,,not_found,
7919,William Kentridge,South African,Male,1955.0,,Q666092,matched,Wikidata
7920,Maria Serebriakova,Russian,Female,1965.0,,Q2855813,matched,Wikidata
7922,Roger Cutforth,British,Male,1944.0,2019.0,Q29959425,matched,Wikidata
7923,Hope Sandrow,American,Female,1951.0,,,not_found,
7924,Bogdan Achimescu,Romanian,Male,1965.0,,Q4937411,matched,Wikidata
7925,Deborah Oropallo,American,Female,1954.0,,Q36683696,matched,Wikidata
7927,Rona Pondick,American,Female,1952.0,,,not_found,
7928,Louise Lawler,American,Female,1947.0,,Q539270,matched,Wikidata
7929,Joseph Grigely,American,Male,1956.0,,Q11929013,matched,Wikidata
7930,Jonas Mekas,Lithuanian,Male,1922.0,2019.0,Q699702,matched,Wikidata
7931,Luca Buvoli,Italian,Male,1963.0,,Q21529734,matched,Wikidata
7933,Neil M. Denari,American,Male,1957.0,,,not_found,
7935,Werner Aisslinger,German,Male,1964.0,,Q75156,matched,Wikidata
7936,Wendell Castle,American,Male,1932.0,2018.0,Q2559029,matched,Wikidata
7938,Tom Dixon,British,Male,1959.0,,,uncertain,
7941,Jacques Lowe,American,Male,1924.0,2001.0,Q16015195,matched,Wikidata
7954,Lew Thomas,American,Male,1932.0,2021.0,Q42429326,matched,Wikidata
7959,Jean-Michel Othoniel,French,Male,1964.0,,,not_found,
7960,Elaine Reichek,American,Female,1943.0,,Q19665343,matched,Wikidata
7962,Sarah Sze,American,Female,1969.0,,Q3473432,matched,Wikidata
7965,Lisa Yuskavage,American,Female,1962.0,,,uncertain,
7967,Chris Ofili,British,Male,1968.0,,Q1077608,matched,Wikidata
7968,Jim Shaw,American,Male,1952.0,,,uncertain,
7969,Gary Simmons,American,Male,1964.0,,Q5525940,matched,Wikidata
7970,Katharina Bosse,German,Female,1968.0,,Q3194010,matched,Wikidata
7975,Arkadii Shishkin,Russian,Male,1899.0,1985.0,Q134376001,matched,Wikidata
7977,Aleksandr Ustinov,Russian,Male,1909.0,,,uncertain,
7979,interware SARL,French,Male,2000.0,,Q77353644,matched,Wikidata
7980,Jasper Morrison,British,Male,1959.0,,Q1374775,matched,Wikidata
7983,"Sony Corporation, company design",Japanese,,1946.0,,,not_found,
7984,Bas Oudt,Dutch,Male,1956.0,2014.0,Q2336763,matched,Wikidata
7987,Michael Webb,British,Male,1937.0,,Q427301,matched,Wikidata
7993,Constantin Boym,American,Male,1955.0,,Q29789627,matched,Wikidata
7994,Laurene Leon Boym,American,Female,1964.0,,Q29789631,matched,Wikidata
7995,Michel Bufet,French,Male,,,Q79461752,matched,Wikidata
7996,Antonio Citterio,Italian,Male,1950.0,,Q601610,matched,Wikidata
7997,Glen Oliver Löw,German,Male,1959.0,,Q117120148,matched,Wikidata
7998,Lyn Godley,American,Female,1956.0,,,not_found,
7999,Marc Newson,Australian,Male,1963.0,,Q1355565,matched,Wikidata
8001,Jhoon Rhee,American,,1932.0,2018.0,Q1046410,matched,Wikidata
8002,Paul Schudel,Dutch,Male,1951.0,,Q29436231,matched,Wikidata
8003,Hans Maier-Aichen,German,Male,1940.0,,Q55219304,matched,Wikidata
8005,Sebastian Bergne,British,Male,1966.0,,Q7442377,matched,Wikidata
8007,Santina Bonini,Italian,Female,1961.0,,Q55218074,matched,Wikidata
8008,Claudio Cesar,American,Male,1955.0,,Q117118357,matched,Wikidata
8010,Bob Evans,American,Male,1950.0,,,uncertain,
8012,Gordon Randall Perry,American,Male,1943.0,,,not_found,
8013,Figla Research Center,Japanese,,,,,uncertain,
8014,Joseph Forakis,American,Male,1962.0,,Q117118929,matched,Wikidata
8015,Eric Goetz,American,Male,1949.0,,Q5386590,matched,Wikidata
8016,Howatt Archery,Nationality unknown,,,,Q79461254,matched,Wikidata
8017,Lawrence Lam,American,Male,1960.0,,,not_found,
8019,Ernesto Spicciolato,Italian,Male,1957.0,,Q55219809,matched,Wikidata
8020,Takeshi Ishiguro,Japanese,Male,1969.0,,Q77353973,matched,Wikidata
8021,Per Jari,Swedish,,1951.0,,Q117119620,matched,Wikidata
8022,Jan Ohrn,Swedish,,1943.0,,Q117120648,matched,Wikidata
8023,Doug Olson,American,Male,1961.0,,,uncertain,
8024,Lawrence Livermore National Laboratory,American,,1952.0,,,uncertain,
8026,Christopher Connell,Australian,Male,1954.0,,Q77353412,matched,Wikidata
8028,Noriaki Okabe,Japanese,Male,1931.0,,,uncertain,
8029,Sanford Redmond,American,Male,1924.0,,Q117120867,matched,Wikidata
8030,Scott Riegleman,American,Male,1957.0,,,not_found,
8031,Marc Sadler,French,Male,1946.0,,Q55219724,matched,Wikidata
8033,Fiona Banner,British,Female,1966.0,,Q5451020,matched,Wikidata
8034,Karen Kilimnik,American,Female,1955.0,,Q513948,matched,Wikidata
8035,Emros Team,Japanese,Male,,,Q79461044,matched,Wikidata
8036,Wayman R. Spence,American,Male,1934.0,,Q55219806,matched,Wikidata
8037,Giorgio Gurioli,Italian,Male,1957.0,,Q117119258,matched,Wikidata
8038,Francesco Scansetti,Italian,Male,1955.0,,Q55219740,matched,Wikidata
8039,Bradford Bissell,American,Male,1957.0,,Q55218053,matched,Wikidata
8040,Charles S. Anderson,American,Male,1958.0,,,uncertain,
8041,Tracey Moffatt,Australian,Female,1960.0,,Q1284772,matched,Wikidata
8042,Elizabeth Peyton,American,Female,1965.0,,Q442486,matched,Wikidata
8043,Ugo Rondinone,Swiss,Male,1964.0,,Q599273,matched,Wikidata
8044,Wolfgang Tillmans,German,Male,1968.0,,Q704012,matched,Wikidata
8045,Hans-Peter Feldmann,German,Male,1941.0,2023.0,Q471419,matched,Wikidata
8046,Luba Lukova,American,Female,1960.0,,Q23882767,matched,Wikidata
8048,Ralph Schraivogel,Dutch,Male,1960.0,,Q2129764,matched,Wikidata
8050,Marlene Streeruwitz,Austrian,Female,1950.0,,Q88984,matched,Wikidata
8051,Wiel Arets,Dutch,Male,1955.0,,Q2145216,matched,Wikidata
8052,Dominique Perrault,French,Male,1953.0,,Q504358,matched,Wikidata
8053,"Dominique Perrault Architecture, Paris",French,,1981.0,,,uncertain,
8055,Taniguchi & Associates,Japanese,,,,,not_found,
8056,Yoshio Taniguchi,Japanese,Male,1931.0,,,uncertain,
8057,Bernard Tschumi Architects,Swiss,,,,,not_found,
8063,Ghislain Uhry,French,,1932.0,2025.0,Q95332901,matched,Wikidata
8066,Arnold Crane,American,Male,1932.0,,,uncertain,
8068,Jorge Ribalta,Spanish,Male,1963.0,,Q17036443,matched,Wikidata
8071,Oliver Wasow,American,Male,1960.0,,Q119628844,matched,Wikidata
8072,"Prefecture of Police, Paris",,,,,,not_found,
8073,Cai Guo-Qiang,Chinese,Male,1957.0,,Q930462,matched,Wikidata
8074,Jitka Hanzlová,Czech,Female,1958.0,,Q18684136,matched,Wikidata
8078,Gerhard Rühm,Austrian,Male,1930.0,,Q45392,matched,Wikidata
8079,Merry Alpern,American,Female,1955.0,,Q28784694,matched,Wikidata
8080,Thomas Geismar,American,Male,1931.0,,,not_found,
8081,Bruce Blackburn,American,Male,1938.0,,,not_found,
8082,Thomas Mohr,American,Male,1948.0,,,uncertain,
8086,Gosbert Adler,German,Male,1956.0,,Q29551825,matched,Wikidata
8087,Peter Doig,British,Male,1959.0,,Q1281272,matched,Wikidata
8088,Bing Wright,American,Male,1958.0,,,not_found,
8089,Christopher Bucklow,British,Male,1957.0,,Q5112003,matched,Wikidata
8090,Miyako Ishiuchi,Japanese,Female,1947.0,,,not_found,
8091,Julia Fish,American,Female,1950.0,,Q20856657,matched,Wikidata
8092,Suzan Frecon,American,Female,1941.0,,Q7650678,matched,Wikidata
8093,Marcia Hafif,American,Female,1929.0,2018.0,Q19976003,matched,Wikidata
8094,Marco Breuer,German,Male,1966.0,,Q6757487,matched,Wikidata
8096,Jeanne Dunning,American,Female,1960.0,,Q28924473,matched,Wikidata
8097,Eve Laramee,American,Female,1956.0,,,not_found,
8104,Charles Zimmerman,,Male,1942.0,,,uncertain,
8106,Kohei Sugiura,Japanese,Male,1932.0,,Q11253420,matched,Wikidata
8108,Andrea Branzi,Italian,Male,1938.0,2023.0,Q2846309,matched,Wikidata
8109,Yona Friedman,French,Male,1923.0,2019.0,Q542741,matched,Wikidata
8114,Rodolfo Machado,American,Male,1942.0,,Q124848586,matched,Wikidata
8115,Max Peintner,Austrian,Male,1937.0,,Q1913205,matched,Wikidata
8119,Mark Bennett,American,Male,1956.0,,,uncertain,
8120,Michael Ray Charles,American,Male,1967.0,,Q2684150,matched,Wikidata
8121,Julia Jacquette,American,Female,1964.0,,Q16195602,matched,Wikidata
8122,Fabian Marcaccio,Argentine,Male,1963.0,,Q1390638,matched,Wikidata
8123,Mariko Mori,Japanese,Female,1967.0,,Q438703,matched,Wikidata
8125,Massimo Scolari,Italian,Male,1943.0,,Q366370,matched,Wikidata
8126,Julian Opie,British,Male,1958.0,,Q451564,matched,Wikidata
8130,Jorge Silvetti,American,Male,1942.0,,Q23068083,matched,Wikidata
8131,Gianni Braghieri,Italian,Male,1945.0,,Q55218203,matched,Wikidata
8132,Jorge Pardo,American,Male,1963.0,,Q1443521,matched,Wikidata
8133,Cornelia Parker,British,Female,1956.0,,Q441501,matched,Wikidata
8134,Robert Cole,,Male,,,Q49533924,matched,Wikidata
8135,Shoji Sadao,American,Male,1927.0,2019.0,Q21597981,matched,Wikidata
8136,Charles Spurrier,Swiss,Male,1930.0,,Q77348185,matched,Wikidata
8137,Allyson Strafella,American,Female,1969.0,,Q55219829,matched,Wikidata
8139,Rineke Dijkstra,Dutch,Female,1959.0,,Q269828,matched,Wikidata
8141,Peter Goin,American,Male,1951.0,,Q7174275,matched,Wikidata
8142,Wilhelm Ebentreich,German,Male,1952.0,,Q55218566,matched,Wikidata
8143,Detlef Fiedler,German,Male,1955.0,,Q55218689,matched,Wikidata
8144,Daniela Haufe,German,Female,1966.0,,Q55218890,matched,Wikidata
8145,Siegfried Jablonsky,German,Male,1950.0,,Q55219035,matched,Wikidata
8146,Sophie Alex,German,Female,1967.0,,,not_found,
8148,Guglielmo Berchicci,Italian,Male,1957.0,,Q55218036,matched,Wikidata
8149,Konstantin Grcic,German,Male,1965.0,,Q96612,matched,Wikidata
8151,Kunié Sugiura,American,Female,1942.0,,,not_found,
8152,Vera Lutter,German,Female,1960.0,,Q4269864,matched,Wikidata
8153,Stan Douglas,Canadian,Male,1960.0,,Q129554,matched,Wikidata
8154,Andreas Slominski,German,Male,1959.0,,Q500706,matched,Wikidata
8155,Wijnanda Deroo,Dutch,Female,1955.0,,Q43129482,matched,Wikidata
8156,Beat Streuli,Swiss,Male,1957.0,,Q376770,matched,Wikidata
8158,Mario Romano,Italian,Male,,,,uncertain,
8160,Stefano Giovannoni,Italian,Male,1954.0,,Q1764852,matched,Wikidata
8164,Harmony Korine,American,Male,1973.0,,Q528949,matched,Wikidata
8168,Boris Mikhailov,Ukrainian,Male,1938.0,,,uncertain,
8169,Langlands & Bell,British,,1978.0,,,uncertain,
8173,Götz Keller,German,,1958.0,,,not_found,
8174,Marty Kohn,Canadian,Male,1953.0,,,not_found,
8175,Jeroen Thomas,Dutch,Male,1952.0,,Q117121431,matched,Wikidata
8176,Garciella Torre,Spanish,Female,1959.0,,Q135908050,matched,Wikidata
8177,Willem Jan Neutelings,Dutch,Male,1959.0,,Q2019359,matched,Wikidata
8178,Brigitte Kochta,German,Female,1958.0,,Q55219137,matched,Wikidata
8179,Luc Reuse,Belgian,Male,1955.0,,Q101127345,matched,Wikidata
8180,M. Bosshard,Italian,Male,,,,uncertain,
8183,Eleanor Antin,American,Female,1935.0,,Q1325708,matched,Wikidata
8184,Phel Steinmetz,American,Male,1944.0,,,not_found,
8186,Micha Bar-Am,Israeli,Female,1930.0,,Q939289,matched,Wikidata
8187,Laurenz Berges,German,Male,1966.0,,Q55218039,matched,Wikidata
8188,E. V. Day,American,Female,1968.0,,,not_found,
8190,Catherine Opie,American,Female,1961.0,,Q50049,matched,Wikidata
8191,Inka Essenhigh,American,Female,1969.0,,,uncertain,
8192,Eberhard Havekost,German,Male,1967.0,2019.0,Q320634,matched,Wikidata
8193,James Welling,American,Male,1951.0,,Q6145303,matched,Wikidata
8194,Michael Wesely,German,Male,1963.0,,Q1929795,matched,Wikidata
8197,Shahzia Sikander,Pakistani,Female,1969.0,,Q7462372,matched,Wikidata
8198,Do Ho Suh,Korean,Male,1962.0,,Q3033213,matched,Wikidata
8199,Lynne Yamamoto,Nationality unknown,Female,1961.0,,Q28924569,matched,Wikidata
8200,David Byrne,American,Male,1952.0,,Q336640,matched,Wikidata
8201,Bruce Pearson,American,Male,1942.0,,Q2061831,matched,Wikidata
8202,Nari Ward,American,Male,1963.0,,Q6965909,matched,Wikidata
8203,Kevin Appel,American,Male,1967.0,,Q6395737,matched,Wikidata
8204,Willi Baum,Swiss,Male,,,Q79462633,matched,Wikidata
8205,John M. Dillon,American,Male,,,,uncertain,
8206,Gabriele Nothhelfer,German,Female,1945.0,,Q22671887,matched,Wikidata
8207,Helmut Nothhelfer,German,Male,1945.0,,Q22671921,matched,Wikidata
8209,Beryl Marton,American,Female,,,,not_found,
8210,John Ross,American,Male,,,,uncertain,
8211,Giovanni Anselmo,Italian,Male,1934.0,2023.0,Q637274,matched,Wikidata
8214,John Rauch,American,Male,1930.0,,,uncertain,
8215,"Venturi, Rauch and Scott Brown",American,,1980.0,,,not_found,
8216,Denise Scott Brown,American,Female,1931.0,,Q457718,matched,Wikidata
8218,Thom Mayne,American,Male,1944.0,,Q312847,matched,Wikidata
8220,Alessandro Magris,Italian,Male,1941.0,2010.0,Q55219302,matched,Wikidata
8221,Roberto Magris,Italian,Male,1935.0,,,uncertain,
8222,Gian Piero Frassinelli,Italian,Male,1939.0,,Q55218722,matched,Wikidata
8223,Adolfo Natalini,Italian,Male,1941.0,2020.0,Q3605457,matched,Wikidata
8224,Cristiano Toraldo di Francia,Italian,Male,1941.0,2019.0,Q3697475,matched,Wikidata
8225,Alison Sky,American,Female,1946.0,,Q20882476,matched,Wikidata
8226,Michelle Stone,American,Female,1944.0,,Q20882481,matched,Wikidata
8227,Emilio Sousa,American,Male,1944.0,,,uncertain,
8228,Alessandro Poli,Italian,Male,1965.0,,Q16268665,matched,Wikidata
8229,Peter Wollbrandt,,Male,,,,not_found,
8230,Wilhelm Heuschen,,Male,,,,not_found,
8231,Henny Cahn,Dutch,Male,1908.0,1999.0,Q2497786,matched,Wikidata
8232,Toni Del Renzio,Nationality unknown,,,,,not_found,
8234,Robert M. Jones,Nationality unknown,Male,,,Q79459679,matched,Wikidata
8235,R. Schwarzkopf,Nationality unknown,,,,Q79462059,matched,Wikidata
8236,Walter Seifert,German,Male,,,Q79462589,matched,Wikidata
8240,Richard Gangle,American,Male,1918.0,,Q55218746,matched,Wikidata
8241,Ken Grant,British,Male,1967.0,,Q16729407,matched,Wikidata
8243,Martin Manz,German,Male,1954.0,,Q134378063,matched,Wikidata
8244,Alessandra Sanguinetti,American,Female,1968.0,,Q17184148,matched,Wikidata
8245,Susan Unterberg,American,Female,1941.0,,Q42315143,matched,Wikidata
8246,Z. Robaszek,Nationality unknown,,,,Q23070470,matched,Wikidata
8248,Thomas Kinslow,,Male,,,Q117119781,matched,Wikidata
8249,J. da Nobrega,Italian,,1945.0,,,not_found,
8250,J. Charters,Italian,,1945.0,,,not_found,
8252,Mac Adams,American,Male,1943.0,,Q3273906,matched,Wikidata
8256,Leonid A. Voronov,Russian,Male,,,,not_found,
8257,Armando Testa,Italian,Male,1917.0,1992.0,Q3623003,matched,Wikidata
8260,Doug Aitken,American,Male,1968.0,,Q2419774,matched,Wikidata
8261,Vanessa Beecroft,Italian,Female,1969.0,,Q152292,matched,Wikidata
8262,Yves José Zimmerman,Swiss,Male,1937.0,,Q77354063,matched,Wikidata
8263,Gérard Miedinger,Swiss,Male,1912.0,1995.0,Q77353548,matched,Wikidata
8264,Nikolai Kuleshov,Russian,Male,,,,uncertain,
8265,Wes Wilson,American,Male,1937.0,2020.0,Q3567371,matched,Wikidata
8266,Jake Chapman,British,Male,1966.0,,Q19796190,matched,Wikidata
8267,Dinos Chapman,British,Male,1962.0,,Q19796213,matched,Wikidata
8268,Klaus Staeck,German,Male,1938.0,,Q90955,matched,Wikidata
8270,Jacek Neugebauer,Polish,Male,1934.0,2021.0,Q77353650,matched,Wikidata
8271,Edward Fella,American,Male,1938.0,,Q5342876,matched,Wikidata
8274,Zdenĕk Ziegler,Czech,Male,1932.0,,,not_found,
8275,Nicola Constantino,Argentine,Female,1964.0,,,not_found,
8276,Thomas Hirschhorn,Swiss,Male,1957.0,,Q115700,matched,Wikidata
8277,Horst Hoheisel,German,Male,1944.0,,Q1629476,matched,Wikidata
8278,Michael Joo,American,Male,1966.0,,,not_found,
8279,Dan Olson,American,Male,1955.0,,Q55219529,matched,Wikidata
8283,Todd Piper-Hauswirth,,Male,,,,not_found,
8285,Kerry James Marshall,American,Male,1955.0,,Q832432,matched,Wikidata
8287,Lisa Ruyter,American,Female,1968.0,,,not_found,
8288,Richard Billingham,British,Male,1970.0,,Q7324163,matched,Wikidata
8292,Janine Antoni,Bahamian,Female,1964.0,,Q6154531,matched,Wikidata
8293,Peter Bradley,American,Male,1940.0,,,uncertain,
8294,Jose Antonio Fernández-Muro,Argentine,Male,1920.0,,,not_found,
8296,Judy Stern,,Female,,,,uncertain,
8297,Pipilotti Rist,Swiss,Female,1962.0,,Q116054,matched,Wikidata
8298,Ken Miller,American,Male,1958.0,,,uncertain,
8299,Richard Mantel,American,Male,1941.0,,,not_found,
8300,Leslie Sweet,American,Male,1958.0,,Q55219841,matched,Wikidata
8303,Frank Benedict,American,Male,1951.0,,,not_found,
8304,Los Carpinteros,Cuban,,,,,uncertain,
8305,Marco Castillo,Cuban,Male,1971.0,,,uncertain,
8306,Alexandre Arrechea,Cuban,Male,1970.0,,Q2833412,matched,Wikidata
8307,Dagoberto Rodriguez,Cuban,Male,1969.0,,,not_found,
8309,Eberhard Marhold,German,Male,1943.0,,Q55219336,matched,Wikidata
8310,Roswitha Marhold,German,Female,,,,uncertain,
8319,Fred Mayer,Swiss,Male,1938.0,2021.0,Q114541,matched,Wikidata
8320,John Morris,American,Male,1965.0,,,uncertain,
8323,Renata Grindler,German,Female,1940.0,,,not_found,
8324,John Van Hamersveld,American,Male,1941.0,,,not_found,
8326,Rudolf Bircher,Swiss,Male,1911.0,2009.0,Q79462208,matched,Wikidata
8327,José Toirac,Cuban,Male,1966.0,,,not_found,
8328,Polly Apfelbaum,American,Female,1955.0,,Q16149444,matched,Wikidata
8330,Maurizio Cattelan,Italian,Male,1960.0,,Q655398,matched,Wikidata
8331,Diana Thater,American,Female,1962.0,,Q514459,matched,Wikidata
8337,Wilhelm Langloh,German,Male,,,,not_found,
8338,Eva Schoeler,,Female,,,,not_found,
8339,Leo Gantenbein,Swiss,Male,1920.0,1998.0,Q77353772,matched,Wikidata
8340,Winfried Holtz,German,Female,1937.0,,Q99672858,matched,Wikidata
8341,Siegfried Himmer,German,Male,1935.0,2003.0,Q55218935,matched,Wikidata
8342,Hans Buschfeld,German,Male,1939.0,,Q136029988,matched,Wikidata
8343,Heinz Lippert,German,Male,1938.0,,Q55219249,matched,Wikidata
8344,Coort von Mannstein,German,Male,1937.0,,,not_found,
8345,Karl Michel,German,Male,1895.0,1945.0,Q1305908,matched,Wikidata
8346,Hans Michel,German,Male,1920.0,1996.0,Q1581363,matched,Wikidata
8347,Brian Tattersfield,British,Male,1936.0,,Q55219859,matched,Wikidata
8349,Shirin Neshat,Iranian,Female,1957.0,,Q262413,matched,Wikidata
8350,Nicolaus Ott,German,Male,1949.0,,Q55219560,matched,Wikidata
8351,Alfred Bernard Stein,German,Male,1947.0,,Q55219825,matched,Wikidata
8366,Kilian Breier,German,Male,1931.0,2011.0,Q1741274,matched,Wikidata
8367,Eleanore Bujatti,Austrian,Female,1919.0,,,not_found,
8370,Miroslaw Balka,Polish,Male,1958.0,,,not_found,
8372,I. Stepanov,Russian,,,,,uncertain,
8377,Billy Sullivan,American,Male,1946.0,,,uncertain,
8383,Francis Alÿs,Belgian,Male,1959.0,,Q558288,matched,Wikidata
8392,Marek Freudenreich,Polish,Male,1939.0,,Q11768125,matched,Wikidata
8393,Hans Hartmann,Swiss,Male,1913.0,,,uncertain,
8394,Bonnie Maclean,American,Female,1949.0,,,not_found,
8396,John H. Myers,American,Male,,,Q112256126,matched,Wikidata
8398,Werner Zryd,Swiss,Male,1923.0,,Q77354045,matched,Wikidata
8401,Marfurt,Nationality unknown,,,,,not_found,
8402,Maciej Zbikowski,Polish,Male,1935.0,,Q79461622,matched,Wikidata
8403,Marguerite Delorme,Nationality unknown,,1876.0,1946.0,Q15970234,matched,Wikidata
8404,Jöran Lindvall,Swedish,,,,,uncertain,
8405,Sture Balgård,,Male,,,,uncertain,
8406,Eva Björklund,,Female,,,,uncertain,
8407,Anibal Gil,Colombian,Male,1932.0,,Q134378064,matched,Wikidata
8409,Makoto Saito,Japanese,Male,1952.0,,,uncertain,
8410,A. Wagner,German,,,,,uncertain,
8411,Kevin Dwyer,American,Male,1952.0,,,uncertain,
8413,Günter Zamp Kelp,Austrian,Male,1941.0,,Q1521652,matched,Wikidata
8414,Klaus Pinter,Austrian,Male,1940.0,,Q99507959,matched,Wikidata
8415,Carl Jacobs,Danish,Male,1925.0,,Q77353378,matched,Wikidata
8417,Harri Koskinen,Finnish,Male,1970.0,,Q921213,matched,Wikidata
8418,Philippe Starck,French,Male,1949.0,,Q316906,matched,Wikidata
8419,Akihiro Kaneko,Japanese,Male,1961.0,,Q55219074,matched,Wikidata
8420,Yoshihiro Kimura,Japanese,Male,1947.0,,Q55219102,matched,Wikidata
8421,Osamu Mita,Japanese,Male,,,Q79461910,matched,Wikidata
8422,Keiji Otani,Japanese,Male,1967.0,,,not_found,
8426,Bruce Ancona,American,Male,1956.0,,Q55217912,matched,Wikidata
8427,Louis Henry,American,Male,1971.0,,,uncertain,
8428,Ron Arad,British,Male,1951.0,,Q728087,matched,Wikidata
8429,Marc Berthier,French,Male,1935.0,2022.0,Q3287810,matched,Wikidata
8431,Gruppo DAM (Designer Associati Milano),Italian,,,,,not_found,
8432,Art Fry,American,Male,1931.0,,,not_found,
8434,Pentagram,American,,1972.0,,,uncertain,
8436,Andries Van Onck,Dutch,Male,1928.0,,Q77353318,matched,Wikidata
8439,John Tang,American,Male,1959.0,,,uncertain,
8440,Peter Cazalet,American,Male,1969.0,,,uncertain,
8441,Benjamin Chia,,Male,,,,not_found,
8442,Russell Crotty,American,Male,1956.0,,Q7381442,matched,Wikidata
8444,John Currin,American,Male,1962.0,,Q707675,matched,Wikidata
8445,Margherita Manzelli,Italian,Female,1968.0,,Q21809614,matched,Wikidata
8446,Jodiah Jacobs,American,Male,1962.0,,Q55219039,matched,Wikidata
8448,John D. Thomas,American,Male,,1947.0,Q108400721,matched,Wikidata
8451,Dieter Rams,German,Male,1932.0,,Q76427,matched,Wikidata
8452,Jockum Nordström,Swedish,Male,1963.0,,Q3378084,matched,Wikidata
8454,Mikael Björnstjerna,Swedish,Male,1945.0,,Q77285993,matched,Wikidata
8456,Fernando Campana,Brazilian,Male,1961.0,2022.0,Q61314432,matched,Wikidata
8457,Humberto Campana,Brazilian,Male,1953.0,,Q61314431,matched,Wikidata
8465,David Bates,American,Male,1952.0,1921.0,Q5231197,matched,Wikidata
8466,Leslie Evans,British,,1945.0,,Q98766539,matched,Wikidata
8468,Estella Conwill Majozo,American,Female,1949.0,,Q55219312,matched,Wikidata
8470,John Bock,German,Male,1965.0,,Q882990,matched,Wikidata
8471,Christopher Brown,American,Male,1951.0,,,uncertain,
8472,Cecily Brown,British,Female,1969.0,,Q458521,matched,Wikidata
8473,Janet Cardiff,Canadian,Female,1957.0,,Q1682651,matched,Wikidata
8475,Nikolai Lavrent'ev,Russian,Male,,,Q79461861,matched,Wikidata
8476,Varvara Alexandrovna Rodchenko,Russian,Female,1925.0,,,not_found,
8477,Anna Maria Maiolino,Brazilian,Female,1942.0,,Q593656,matched,Wikidata
8478,Christian Marclay,American,Male,1955.0,,Q923306,matched,Wikidata
8479,Beatriz Milhazes,Brazilian,Female,1960.0,,Q436741,matched,Wikidata
8480,Takashi Murakami,Japanese,Male,1962.0,,Q352437,matched,Wikidata
8484,P. Suvorov,Nationality unknown,,,,,uncertain,
8485,Gillian Wearing,British,Female,1963.0,,Q10444417,matched,Wikidata
8486,Pae White,American,Female,1963.0,,Q2046038,matched,Wikidata
8487,Jerome Olivet,,Male,,,,not_found,
8490,Richard Hell,American,Male,1949.0,,Q446627,matched,Wikidata
8494,Nedko Solakov,Bulgarian,Male,1957.0,,Q284264,matched,Wikidata
8496,Dan Walsh,American,Male,1960.0,,Q5214549,matched,Wikidata
8497,Rudolf Bonvie,German,Male,1947.0,,Q94288744,matched,Wikidata
8500,Christopher Giglio,American,Male,1964.0,,Q117119109,matched,Wikidata
8501,Associated Press,,,,,,uncertain,
8503,Alex Anderson/The New York Times,Nationality unknown,Male,,,,not_found,
8504,Acme News Pictures,,,,,,not_found,
8506,"Abraham Zapruder / Life Magazine, Time Inc.",American,Male,,,,not_found,
8507,William H. Gallagher/Associated Press,Nationality unknown,Male,,,,not_found,
8508,Automatic Camera/Photomaton,,,,,,not_found,
8509,Bangs Studio,,,,,,uncertain,
8511,Bettmann/United Press International,,,,,,not_found,
8512,Neal Boenzi/The New York Times,American,Male,1925.0,,,not_found,
8513,"Blackstar Publishing Co., Inc.",Nationality unknown,,,,,not_found,
8515,British Official Radiophoto/The New York Times,,,,,,not_found,
8517,Brown Brothers,American,Male,1904.0,,,uncertain,
8519,Chuck Burton/Associated Press,American,Male,1955.0,,,not_found,
8520,Camera Arts Studios,,,,,,uncertain,
8522,Pat Candido/The New York Daily News,Nationality unknown,,,,,not_found,
8523,Peter Carroll/Associated Press,Nationality unknown,Male,,,,not_found,
8524,Don Hogan Charles/The New York Times,American,Male,1938.0,,,not_found,
8525,Alan Chin,Nationality unknown,Male,1971.0,,Q4706369,matched,Wikidata
8526,Bill Cunningham/The New York Times,American,Male,1929.0,,,not_found,
8528,Committee on Public Information,,,,,,uncertain,
8529,London Daily Mirror,,,,,,not_found,
8530,Suzanne De Chillo/The New York Times,Nationality unknown,Female,,,,not_found,
8531,Vic Delucia/The New York Times,American,Male,1933.0,,,not_found,
8532,Fehim Demir/Agence France-Presse,Bosnian,Male,1959.0,,,not_found,
8533,Doty/Times Wide World Press,Nationality unknown,,,,,not_found,
8534,Richard Drew/Associated Press,American,Male,1946.0,,,not_found,
8535,"Fairchild Aerial Surveys, Inc.",,,,,,uncertain,
8537,John Filo/Valley Daily News via Associated Press,American,Male,1948.0,,,not_found,
8538,Stanley J. Forman/Boston Herald via Associated Press,American,Male,1945.0,,,not_found,
8539,Berlin Foto Senneke,,,,,,uncertain,
8540,Fotograms,,,,,,uncertain,
8541,Fox News,,,,,,uncertain,
8542,French Pictorial Service,,,,,Q79461100,matched,Wikidata
8544,Eddie McGovern,Nationality unknown,Male,,,,uncertain,
8545,Art Greenspon/Associated Press,American,Male,1942.0,,,not_found,
8548,Susan Harris/The New York Times,American,Female,1954.0,,,not_found,
8550,Harris & Ewing/Times World Wide Photos,American,,,,,not_found,
8551,Eddie Hausner/The New York Times,American,Male,1926.0,,,not_found,
8552,Albert Hilsher/Times Wide World,Nationality unknown,Male,,,,not_found,
8553,Bruce Hoertel/The New York Times,American,Male,1923.0,,,not_found,
8555,Hoffman/International Press Studio,,,,,,uncertain,
8557,John Hubbard/Black Star Publishing Co.,American,Male,1939.0,,,not_found,
8558,Auguste Adolphe Bertsch,French,Male,,1871.0,,not_found,
8559,Barney Ingoglia/The New York Times,American,Male,1928.0,,,not_found,
8560,International News Photo,,,,,,not_found,
8562,International Newsreel,,,,,,uncertain,
8563,Bob Jackson,American,Male,1934.0,2022.0,Q4932910,matched,Wikidata
8565,Edward Keating/The New York Times,American,Male,1956.0,,,not_found,
8570,Lechner/The New York Times,Nationality unknown,,,,,not_found,
8571,Jay King,American,Male,1944.0,,Q55219105,matched,Wikidata
8574,Franz Lowy/Times Wide World,Austrian,Male,,,,not_found,
8575,Herbert Krenchel,Danish,Male,1922.0,2014.0,Q354080,matched,Wikidata
8576,Arturo Mari/L'Osservatore Romano,Italian,Male,,,,not_found,
8578,Peter Pelzel,Italian,Male,1937.0,,Q55219587,matched,Wikidata
8579,Medem Photo Service,Nationality unknown,,,,,uncertain,
8580,Ministere De La Guerre,Nationality unknown,,,,,not_found,
8582,Yasuki Nagao/United Press International,Japanese,Male,,,,not_found,
8583,NASA,American,,,,,uncertain,
8584,Richard Rothman,American,Male,1956.0,,,not_found,
8585,Günther Ssymmank,German,Male,1920.0,,Q55219813,matched,Wikidata
8586,Fred Hansen/Pacific and Atlantic Photos,Nationality unknown,Male,,,,not_found,
8587,The New York Daily News,,,,,,not_found,
8588,Martine Barrat,French,Female,1943.0,,Q16197994,matched,Wikidata
8590,Peter G. Kayafas,American,Male,1971.0,,,not_found,
8591,The New York Times Studio,,,,,,not_found,
8592,Cal Osbon,American,Male,,,,not_found,
8594,Keith Pannel/Mail on Sunday,British,Male,1956.0,,,not_found,
8595,Unknown photographer,,,,,,not_found,
8596,Bill Parsons / Nancy Palmer Agency,Nationality unknown,Male,,,,not_found,
8597,Maria Martinez-Cañas,Cuban,Female,1960.0,,Q20026725,matched,Wikidata
8598,Glen Pettit/The New York Times,American,Male,1971.0,,,not_found,
8599,The Pictoral News Company,,,,,,uncertain,
8600,Igor Moukhin,Russian,Male,1961.0,,Q3498887,matched,Wikidata
8601,Douglas C. Pizac/Associated Press,American,Male,1954.0,,,not_found,
8602,Kent Porter/The Press Democrat via Assocated Press,American,Male,1962.0,,,not_found,
8603,Press Illustrating Company,,,,,,uncertain,
8604,Presse Bild Zentrale,,,,,Q79462023,matched,Wikidata
8605,Moscow Presse Cliche,,,,,Q79461816,matched,Wikidata
8606,Red Cross Institute for Crippled and Disabled Men,,,,,,uncertain,
8608,Rollins/Associated Press,Nationality unknown,,,,,error,
8609,Osamu Kanemura,Japanese,Male,1964.0,,Q5016454,matched,Wikidata
8610,Librado Romero/Associated Press,American,Male,1942.0,,,not_found,
8611,Thomas Demand,German,Male,1964.0,,Q75532,matched,Wikidata
8612,Joe Rosenthal/Times World Wide Photos,American,Male,1911.0,,,not_found,
8613,Alex J. Rota/The New York Times,Nationality unknown,Male,,,,not_found,
8615,Henry Ruschin,Nationality unknown,Male,,,,not_found,
8617,Cliff Schiappa/Associated Press,American,Male,1957.0,,,not_found,
8619,Barton Silverman/The New York Times,American,Male,1942.0,,,not_found,
8621,J.C.P. Skottowe/Times Wide World Photos,American,Male,,,,not_found,
8622,Dana Stone/United Press International,Nationality unknown,Female,,,,not_found,
8623,Stork Club News Service,,,,,,not_found,
8625,Stroop Report,Nationality unknown,Male,,,,uncertain,
8626,Ray Stubblebine/Associated Press,American,Male,1946.0,,,not_found,
8627,Kryn Taconis/Magnum Photos Co.,Dutch,Male,1918.0,,,not_found,
8629,Glenn Rudolph,American,Male,1946.0,,Q94634789,matched,Wikidata
8630,Paul Thompson,American,Male,,,,uncertain,
8631,Times Photo Service,,,,,,uncertain,
8633,Caroline Feyt,French,Female,1965.0,,Q55218683,matched,Wikidata
8635,Jean Christian Bourcart,French,Male,1960.0,,,not_found,
8636,Bob Beerman,American,Male,,,,not_found,
8637,Topical Press Agency,,,,,,uncertain,
8638,United Press International,,,,,,uncertain,
8639,U.S. Army Air Force,American,,,,,not_found,
8640,U.S. Coast Guard,American,,,,,uncertain,
8642,Marilynn K. Yee/The New York Times,American,Female,1950.0,,,not_found,
8643,Yerkes Observatory,,,,,,uncertain,
8647,Tzarskoe Selo C.E. de Hahn & Co.,,,,,,uncertain,
8648,International Film Service Company/Hearst,,,,,,not_found,
8649,Radio Corporation of America,American,,,,,uncertain,
8650,Anne Marie Fishbein,American,Female,1958.0,,,not_found,
8651,Matthias Hoch,German,Male,1958.0,,Q166477,matched,Wikidata
8652,Curt Richter,American,Male,1956.0,,,uncertain,
8653,Carlo Mazzeri,Italian,Male,1927.0,,Q38538044,matched,Wikidata
8654,Lutz Dille,Canadian,Male,1922.0,2008.0,Q55218800,matched,Wikidata
8656,Georgina Starr,British,Female,1968.0,,Q5548303,matched,Wikidata
8657,Dan Grossi/Associated Press,Nationality unknown,Male,,,,not_found,
8658,Katherine Turczan,American,Female,1965.0,,,not_found,
8659,Tom Wood,British,Male,1951.0,,Q2440237,matched,Wikidata
8660,Raymond Riley,American,Male,1958.0,,,not_found,
8661,David Shen,American,Male,1958.0,,Q55219778,matched,Wikidata
8675,"L.M. Ericsson Telephone Company, company design",Swedish,,1876.0,,,not_found,
8676,Hugo Blomberg,Swedish,Male,1897.0,1994.0,Q16945126,matched,Wikidata
8677,Ralph Lysell,Swedish,Male,1907.0,1987.0,Q2129709,matched,Wikidata
8678,Hans Gösta Thames,Swedish,Male,1916.0,,,not_found,
8680,"Architetti Montagni, Berizzi, Butte",Italian,,1950.0,,,not_found,
8681,Dario Montagni,Italian,Male,1929.0,,Q55219423,matched,Wikidata
8683,Cesare Butté,Italian,Male,1930.0,,Q55218267,matched,Wikidata
8685,A. L. Pugh,American,,,,,not_found,
8686,S. J. Stein,,,,,,not_found,
8691,Michio Arai,Japanese,Male,1938.0,,Q55217921,matched,Wikidata
8692,IDEO,,,1991.0,,,uncertain,
8695,William Campbell,American,Male,1954.0,,,uncertain,
8696,Michael Cohen,American,Male,,,,uncertain,
8697,Ergonomi Design Gruppen (now Veryday),Swedish,,1969.0,,,not_found,
8698,Giovanni Bassi,Italian,Male,1926.0,,Q115789954,matched,Wikidata
8699,Gianfranco Masi,Italian,Male,,,,uncertain,
8700,Saul Nesbitt,American,Male,1925.0,,Q55219464,matched,Wikidata
8701,Franca Stagi,Italian,Male,1937.0,2008.0,Q55219815,matched,Wikidata
8702,Paolo Orlandini,Italian,Male,,,,not_found,
8703,Kikukawa Katsuyoshi,Japanese,Female,1935.0,,Q55219080,matched,Wikidata
8704,Martijn Wegman,Danish,Male,1955.0,,Q97728634,matched,Wikidata
8705,John Mascheroni,American,Male,1932.0,,,not_found,
8706,Gianni Passini,Italian,Male,1941.0,,,not_found,
8707,Diller + Scofidio,American,,1979.0,,,not_found,
8708,Ernst Lieser,Swedish,Male,1940.0,,,uncertain,
8709,Julius Barnes,,Male,,,,uncertain,
8716,"Atelier d'Architecture Christian de Portzamparc, Paris",,,,,,not_found,
8722,United Nations Headquarters Board of Design,,,,,,not_found,
8805,Rafael Viñoly Architects,American,,,,,uncertain,
8811,Taller de Arquitectura,,,,,,not_found,
8822,Gregory Baird,,Male,,,,not_found,
8823,Rogelio Jimenez,,Male,,,,not_found,
8836,Juan Herreros,Spanish,Male,1958.0,,Q9015605,matched,Wikidata
8837,Iñaki Ábalos,Spanish,Male,1956.0,,Q16142746,matched,Wikidata
8838,"Abalos&Herreros, Madrid",Spanish,,1984.0,,,not_found,
8841,Hugo Herdeg,Nationality unknown,Male,,,,not_found,
8855,Tod Williams Billie Tsien and Associates,,,,,,not_found,
8879,"Massachusetts Institute of Technology, Cambridge, MA",American,,1861.0,,,not_found,
8885,G. Geist,,,,,,not_found,
8886,J. Sawade,,,,,,not_found,
8902,Terence Riley,American,Male,1954.0,2021.0,Q95276583,matched,Wikidata
8928,Coop Himmelb(l)au,Austrian,,1968.0,,,uncertain,
8933,Yushi Uehara,Japanese,Male,1964.0,,Q55219938,matched,Wikidata
8944,Dave Stewart,,Male,1952.0,,,uncertain,
8958,Kazuyo Sejima,Japanese,Female,1956.0,,Q253350,matched,Wikidata
8987,"Toyo Ito & Associates, Architects",Japanese,,1971.0,,,uncertain,
8988,Renzo Piano,Italian,Male,1937.0,,Q190148,matched,Wikidata
8998,"Asymptote Architecture, New York",,,1989.0,,,not_found,
8999,"Tiffany Studios, New York, NY",,,,,,not_found,
9000,"Nuutajärvi Glass Works, Wärtsilä, Finland",,,,,,not_found,
9002,"Danese S.r.l., Italy",Italian,,1955.0,,,not_found,
9004,"Cassina, S.p.A., Milan",,,,,,not_found,
9005,"Corning Glass Works, Corning, NY",American,,1851.0,,,not_found,
9007,"Bonniers, Inc., New York",,,,,,not_found,
9009,"Slazengers Ltd., England",British,,1881.0,,,not_found,
9010,"Necchi, S.p.A., Pavia, Italy",,,,,,not_found,
9011,"Werkstätte Carl Auböck, Vienna",,,,,,not_found,
9015,"Poltronova, Italy",,,,,,not_found,
9016,"Focus Belysning, Denmark",,,1975.0,,,not_found,
9018,"Tupper Corporation, Farnumsville, MA",,,,,,not_found,
9019,"Robinson, Lewis and Rubin, Inc., Brooklyn, NY",,,,,,not_found,
9020,"AMAC Plastic Products Corp., Sausalito, California",,,,,,not_found,
9021,"Thomas Der Rosenthal A.G., Selb, West Germany (now Germany)",,,,,,not_found,
9022,"Stirex Innovation AB, Spanga, Sweden",,,,,,not_found,
9024,"Hedwin Corp., Baltimore, MD",,,,,,not_found,
9025,"Oy Fiskars Ab, Helsinki",,,,,,not_found,
9026,"Georg Jensen Sølvsmedie, Copenhagen, Denmark",,,,,,not_found,
9029,"Fuso Gomu Ind. Co., Ltd., Tokyo",,,,,,not_found,
9031,"Plastic Productions Co., Redwood City, CA",,,,,,not_found,
9032,"Plastic Production Co., Redwood City, CA",,,,,,not_found,
9033,"Helit, Ulm, Germany",,,,,,not_found,
9034,"Mepalservice b.v. Lochem (gld), The Netherlands",,,,,,not_found,
9035,"Fratelli Guzzini, Italy",,,,,,not_found,
9036,"Rosenthal Porzellan A.G., Selb, Germany",,,,,,not_found,
9037,"Libbey Glass Company Division, Owens-Illinois Co., Toledo, OH, established 1818",American,,,,,not_found,
9038,"Cristalleria Nason e Moretti, Venezia-Murano, Italy",,,,,,not_found,
9040,"Venini & Co., Murano, Italy",,,1921.0,,,not_found,
9042,"Aoshima Shoten Co., Ltd., Japan",,,,,,not_found,
9058,"Bauhaus, Dessau",,,,,,not_found,
9062,"Westinghouse Electric & Mfg. Co., NY",American,,,,,not_found,
9066,"Neselco, Copenhagen",,,,,,not_found,
9072,"Alias SpA, Bergamo, Italy",Italian,,1979.0,,,not_found,
9078,"C & B Italia, Como, Italy",,,,,,not_found,
9081,"AB Gustavsberg Fabriker, Sweden",Swedish,,,,,not_found,
9083,"Brionvega S.p.A., Italy",,,,,,not_found,
9084,"Treitel-Gratz Co., Inc., New York, NY",,,,,,not_found,
9088,"Folmer Christensen, Vanlose, Denmark",,,,,,not_found,
9097,"J.P. Kayser Sohn, Cologne",,,1814.0,,,not_found,
9100,"Gavina, Italy",,,,,,not_found,
9101,"Sculpture House, New York, NY",,,,,,not_found,
9102,"Benedikt von Poschinger Kristallwarenfabric, Oberzwieslau, Germany",,,,,,not_found,
9103,"Peter Hamburger Designs, New York, NY",,,,,,not_found,
9104,"Zanotta S.p.A., Italy",,,,,,not_found,
9110,"GNT Automatic A/S, Soeborg, Denmark",,,,,,not_found,
9112,"Braun AG, Frankfurt, Germany, est. 1921",,,,,,not_found,
9113,"Moss Tent Works, Camden, ME",,,,,,not_found,
9114,"Kimura Glass Co. Ltd., Tokyo",,,,,,not_found,
9115,"Louis Poulsen & Co., Copenhagen, Denmark",,,,,,not_found,
9118,"Cini & Nils, Milan",,,,,,not_found,
9128,"Heath Ceramics, Sausalito, CA",,,,,,not_found,
9130,"Bruno Danese, Milan, Italy",,,,,,not_found,
9139,"R.E.M. di Rossetti Enrico, Italy",,,,,,not_found,
9140,"Terraillon S.L.R., Italy",,,,,,not_found,
9143,"Gufram S.R.L., Italy",,,,,,not_found,
9150,Unknown Japanese Manufacturer,Japanese,,,,,not_found,
9154,"George Kovacs, Lighting Inc., New York, NY",,,,,,not_found,
9156,"Vereinigte Lausitzer Glaswerke A.G., Weisswasser, Germany",,,,,,not_found,
9160,Unknown American Manufacturer,American,,,,,not_found,
9163,"Aurora S.p.A., Torino, Italy",,,,,,not_found,
9175,"Sitterle Ceramics, Croton Falls, NY",,,,,,not_found,
9177,"Flexform, Italy",,,,,,not_found,
9178,"Habitat, Inc., New York, NY",,,,,,not_found,
9179,"American Optical Corp., Southbridge, MA",American,,1850.0,,,not_found,
9184,"Cleto Munari, Venice",,Male,,,,not_found,
9188,"Wiener Werkstätte, Vienna",,,,,,not_found,
9191,"C. Hugo Pott, Solingen, Germany",,Male,,,,not_found,
9194,"Herman Miller Furniture Co., Zeeland, MI",,,,,,not_found,
9197,"Vortice Elettrosociali, S.p.A., Italy",,,,,,not_found,
9199,"Bang & Olufsen, Struer, Denmark",,,1925.0,,,not_found,
9202,"Iittala Glassworks, Iittala, Finland",,,,,,not_found,
9206,S.M. Hexter Company,,,,,Q79462235,matched,Wikidata
9210,"Ceramic Japan Co. Ltd., Aichi-ken, Japan",,,,,,not_found,
9213,"Lucie Rie Pottery, London",,,,,,not_found,
9216,"Akzo Nobel Geosynthetics Company, Asheville, NC",American,,,,,not_found,
9219,"Kartell S.p.A., Milan, Italy",,,,,,not_found,
9220,"Beylerian Ltd., New York, NY",,,,,,not_found,
9221,Flos S.p.A.,Italian,,1962.0,,,not_found,
9222,"Konwiser Inc., New York, NY",American,,,,,not_found,
9224,"Nikon (Nippon Kogaku K.K.), Tokyo",Japanese,,1917.0,,,not_found,
9228,"Elberel Italiana, Italy",,,,,,not_found,
9230,"Revere Copper and Brass, Inc., Rome, NY",American,,1929.0,,,not_found,
9231,"Campeggi, Milan",,,,,,not_found,
9237,"Matsushita Electrical Industrial Company, Osaka",,,,,,not_found,
9238,"Nemo S.r.L., Rovallesca, Italy",,,,,,not_found,
9239,"Eimer & Amend, New York, NY",American,,,,,not_found,
9240,"IBM, East Fishkill, NY",,,,,,not_found,
9241,"International Business Machines Corp., Armonk, NY",American,,1914.0,,,not_found,
9242,"Bracciodiferro S.r.L., Genoa, Italy",,,,,,not_found,
9244,"L. Anton Maix Fabrics, New York, NY",,,,,,not_found,
9246,"Württembergische Metallwarenfabrik, Geislingen, Germany",,,,,,not_found,
9255,"Staatliche Porzellan-Manufaktur, Berlin (now Konigliche Porzellan-Manufaktur)",,,,,,not_found,
9257,"Gerhardi & Co., Ludenscheid, Germany",,,,,,not_found,
9259,"Ekco Products Co., Chicago, IL",American,,1888.0,,,not_found,
9262,"Elco Bellato, Venice",,,,,,not_found,
9263,"Two's Company, Mount Vernon, NY",,,,,,not_found,
9264,"Silkar Studios, New York, NY",,,,,,not_found,
9266,"Lomonosov Porcelain Factory, Leningrad (now St. Petersburg)",,,,,,not_found,
9269,"SIG Workshop Co. Ltd., Ishikawa, Japan",,,,,,not_found,
9272,"Ruppelwerk GmbH, Gotha, Germany",,,,,,not_found,
9276,"Italjet S.p.A., Bologna",,,,,,not_found,
9277,"J.P. Kayser-Sohn Krefeld-Brockman, Germany",,,,,,not_found,
9279,"Glass Com Production, Kimura Glass Co. Ltd.,Tokyo",,,,,,not_found,
9280,"Gebrüder Thonet A.G., Germany",,,,,,not_found,
9281,"Poggi, Italy",,,,,,not_found,
9284,"Laverne Originals, New York, NY",,,,,,not_found,
9286,"Anoishi Saw Manufacturing Co., Japan",,,,,,not_found,
9289,"Cappellini S.p.A., Milan, Italy",,,,,,not_found,
9292,"Alessi S.p.A., Italy",Italian,,,,,not_found,
9294,"Artemide S.p.A., Milan, Italy",,,,,,not_found,
9300,"Iittala, New York, NY",,,,,,not_found,
9304,"Synthetic Industries, Chattanooga, TN",American,,1969.0,,,not_found,
9305,Seneca Glass Co.,American,,,,,uncertain,
9307,"Bauhaus Metal Workshop, Germany",,,,,,not_found,
9308,"Knoll Associates, New York, NY",,,,,,not_found,
9310,"Metallwerkstätte, Staatliches Bauhaus, Germany",,,,,,not_found,
9311,"Svenska Artek, Hedemora, Sweden",,,,,,not_found,
9312,"Isabel Scott Fabrics, New York, NY",,,,,,not_found,
9316,Baralan International S.p.a. Containers for the Cosmetic Industry,,,,,,not_found,
9318,"Estler-Regale G.m.b.H., Berlin",,,,,,not_found,
9325,"Japan Victor Corporation (JVC), Japan",,,,,,not_found,
9331,"Arabia, Wärtsilä Ab, Helsinki, Finland",Finnish,,1874.0,,,not_found,
9337,"Torben Örskov & Co. A/S, Copenhagen",,,,,,not_found,
9339,"Coors Porcelain Co., Golden, CO",American,,1910.0,,,not_found,
9341,"The Knoll Group, New York, NY",,,,,,not_found,
9342,Hoechst Trevira GmbH,German,,1946.0,,,uncertain,
9345,"Allgemeine Elektricitäts Gesellschaft (A.E.G.), Germany",German,,,,,not_found,
9347,"J. & L. Lobmeyr, Vienna",,,,,,not_found,
9348,"Evans Products Co., Molded Plywood Div., Venice, CA",,,,,,not_found,
9354,Fritz Hansen,,,,,,uncertain,
9356,"Hats Incredible, Inc., Braintree, MA",,,,,,not_found,
9358,"Knoll Textiles, New York, NY",,,1947.0,,,not_found,
9361,"Knoll International, Inc., New York, NY",,,,,,not_found,
9362,"Dovoplast, Vienna",,,,,,not_found,
9367,"Printex Corporation of America, Ossining, NY",,,,,,not_found,
9381,"Gebrüder Thonet, Vienna, Austria",,,,,,not_found,
9384,"Laverne Inc., New York, NY",,,,,,not_found,
9386,Bent Nobert MDD Industrial Design APS,,,,,,not_found,
9389,"Kandya, England",,,,,,not_found,
9391,"Svenskt Tenn, Stockholm",,,,,,not_found,
9392,"The Watertown Manufacturing Co., Watertown, CT",American,,,,,not_found,
9393,"Angelo Testa Co., Chicago",,,,,,not_found,
9396,Mobles 114,,,,,,not_found,
9397,"Design House Stockholm AB, Stockholm",,,,,,not_found,
9399,"Zenith Radio Corporation, Chicago, IL",,,1923.0,,,not_found,
9400,Easy Edges Inc.,,,,,,not_found,
9401,"Luceplan, S.p.A., Italy",,,1978.0,,,not_found,
9403,"Fasem International srl, Vicopisano, Italy",,,1976.0,,,not_found,
9405,"Chemex Corp., New York, NY",,,,,,not_found,
9407,San Lorenzo SRL,,,,,,not_found,
9409,"Danese S.r.l., Italy",,,,,,not_found,
9418,"Stendig, Inc., New York, NY",,,,,,not_found,
9419,"Alberto Bazzini, Milan, Italy",,Male,,,,not_found,
9423,"Driade S.p.A., Italy",,,,,,not_found,
9424,"Firma Karl Mathsson, Varnamo, Sweden",,,,,,not_found,
9427,"FlosUSA, Huntington Station, NY",,,,,,not_found,
9431,"OWO (now XO), Brie-Comte-Robert, France",,,,,,not_found,
9433,"Aram Designs Ltd., London",,,,,,not_found,
9436,"Officina Alessi, Italy",,,,,,not_found,
9439,"OWO, Montfort-l'Amaury, France",,,,,,not_found,
9441,"Ritz-Italora, Milan, Italy",,,,,,not_found,
9442,"Agfa-Gevaert AG, Munich",German,,,,,not_found,
9444,"B & B Italia, S.p.A., Como, Italy",,,,,,not_found,
9447,"Ing C. Olivetti & C., S.p.A., Ivrea, Italy",,,,,,not_found,
9448,"Ing. C. Olivetti & C. S.p.A., Ivrea, Italy",,,,,,not_found,
9454,"Unknown British Manufacturer, England",British,,,,,not_found,
9456,"Haagsche Plateelbakkerig Rozenburg, The Hague",,,,,,not_found,
9457,"Dorothy Liebes Textiles Inc., New York, NY",,,,,,not_found,
9460,Unknown Czechoslovakian Manufacturer,Czechoslovakian,,,,,not_found,
9461,"Heller, New York, NY",,,,,,not_found,
9465,"Alfi, Wertheim, Germany",German,,,,,not_found,
9467,"Thomson Consumer Electronics, France for Saba, France",,,,,,not_found,
9471,"Braquette, Inc., New York, NY",,,,,,not_found,
9475,"Berthold Palme, Czech Republic",,,,,,not_found,
9478,"Ficks Reed Co., Cincinnati, OH",,,,,,not_found,
9481,"Brunschwig & Fils, New York, NY",,,,,,not_found,
9483,Unknown German Manufacturer,German,,,,,not_found,
9484,"Vitra AG, Switzerland",,,,,,not_found,
9491,"Joaquin Pottery Co., Stockton, CA",American,,,,,not_found,
9495,"Kosta Glasbruk, Sweden",,,,,,not_found,
9502,"Artek-Pascoe, Inc., New York, NY",,,,,,not_found,
9506,"Blenko Glass Co., Inc., Milton, WV",American,,1893.0,,,not_found,
9508,"Stadler Werkstätten, Nonnenhorn, Germany",,,,,,not_found,
9511,"The Isokon Furniture Company, London",,,,,,not_found,
9512,"Superior Toy and Mfg., Co., Chicago, IL",,,,,,not_found,
9519,"Shoe Form Co., Inc., Utility Box Div., Auburn, NY",American,,,,,not_found,
9522,"Alessi, Crusinallo, Italy",Italian,,1921.0,,,not_found,
9527,"Klise Manufacturing Co., Grand Rapids, MI",,,,,,not_found,
9529,"Chas. D. Briddell, Inc., Crisfield, MD",,,,,,not_found,
9548,Flos USA,,,,,,not_found,
9550,"W.R. Case & Sons Cutlery Co., Bradford, PA",American,,1889.0,,,not_found,
9552,"Nessen Studio, Inc. (now Nessen Lamps, Inc.), New York",,,,,,not_found,
9554,"Crayonne Ltd., Sudbury-on-Thames, England",,,,,,not_found,
9555,"Technics, Secaucus, NJ",,,,,,not_found,
9556,France Fluocaril,,,,,,not_found,
9557,"Mardigian Corp., Detroit, MI",,,,,,not_found,
9561,"W. Rosenlew and Co., Finland",,,,,,not_found,
9562,"Imperial Glass Corp., Bellaire, OH",American,,,,,not_found,
9567,"Johannes Hansen, Denmark",,Male,1940.0,,,not_found,
9569,"Kensington, Inc., New Kensington, PA",American,,,,,not_found,
9571,"Kaneko Orimono Co., Ltd., Gumma, Japan",Japanese,,,,,not_found,
9572,"Kimura Senko Co., Ltd., Shinga, Japan",,,,,,not_found,
9573,"Mitasho Co., Ltd., Gunma, Japan",,,,,,not_found,
9575,"Landers, Frary & Clark, New Britain, CT",American,,,,,not_found,
9576,"NUNO Corporation, Tokyo, Japan",,,,,,not_found,
9577,"Umentani Craft, Kyoto",,,,,,not_found,
9578,"Lenox, Inc., Trenton, NJ",American,,1889.0,,,not_found,
9580,"Seguso S.R.L., Murano, Italy",Italian,,1933.0,,,not_found,
9581,"Sakase Adtech Co., Fukui, Japan",Japanese,,,,,not_found,
9584,Klearflax Linen Looms Inc.,,,,,,not_found,
9585,"Urase Co., Ltd., Fukui, Japan",Japanese,,,,,not_found,
9586,"Yamazaki Vellodo Co., Ltd.",,,,,,not_found,
9589,"Tsuguo Co., Ltd., Yamanashi, Japan",,,,,,not_found,
9592,"S. Yoshimura Co., Ltd., Fukui City, Japan",,,,,,not_found,
9594,"Marrell Studios, San Francisco, CA",,,,,,not_found,
9595,"Seiren Co., Ltd., Fukui, Japan",,,,,,not_found,
9600,"Tiffany Glass & Decorating Co., New York, NY",,,,,,not_found,
9602,"Lenore Tawney, New York, NY",,,,,,not_found,
9604,"The Gorham Co., Providence, RI",,,,,,not_found,
9607,"Werkstätten Karl Hagenauer, Vienna",,,,,,not_found,
9608,"General Lighting Co., Brooklyn, NY",,,,,,not_found,
9609,"Harvill Corp., Los Angeles, CA",American,,,,,not_found,
9611,R.A. Frederick Co.,,,,,,uncertain,
9616,"The Hobart Manufacturing Company, Troy, Ohio, established 1897",,,,,,not_found,
9618,Unknown Russian manufacturer,Russian,,,,,not_found,
9620,"BP Solar (British Petroleum Solar), Aylesbury, England",,,,,,not_found,
9626,"Metal-Lite Products, Inc., Bay City, MI",,,,,,not_found,
9627,"Sony Corporation of America, Park Ridge, NJ",,,,,,not_found,
9629,"G.M. Thurnauer Co., Czechoslovakia",Czech,,,,,not_found,
9632,"Neuzeughammer Ambosswerk, Austria",,,,,,uncertain,
9633,"Yamaha Corporation, Hamamatsu, Japan",,,1887.0,,,not_found,
9641,Vitra International AG,,,,,,not_found,
9646,"Embru-Werke Mantel & Cie., Rüti, Switzerland",,,,,,not_found,
9647,NEC Corporation,Japanese,,,,,not_found,
9650,"Tiroler Glashütte, Claus Joseph Riedel K.G., Kufstein/Tirol, Austria",,,,,,not_found,
9656,Gaudí's Workshop,,,,,,not_found,
9661,"Emor Radio Company, Ltd., England",,,,,,not_found,
9663,"Karhula Glassworks, Finland",,,,,,uncertain,
9674,"Rookwood Pottery, Cincinnati, OH",,,,,,not_found,
9677,"Lohmann GmbH and Co., Neuwield, Germany",German,,,,,not_found,
9678,"Liberty & Co., Ltd., London",,,1875.0,,,not_found,
9679,"Vereinigte Werkstätten für Kunst im Handwerk, Munich",,,,,,not_found,
9682,"Daum Frères, Nancy, France",French,,1875.0,,,not_found,
9686,"Jaguar Ltd., Coventry, England",,,,,,not_found,
9688,"Jenaer Glaswerk, Schott & Genossen, Jena, Germany",,,,,,not_found,
9691,"Nakayamafuku Company, Ltd., Osaka",,,,,,not_found,
9692,"Miyashin Co., Ltd., Tokyo",,,,,,not_found,
9693,"Karlsson & Nilsson, Sweden",Swedish,,,,,uncertain,
9696,"Popeet Container Corp., Verona, NJ",,,,,,not_found,
9698,"Whitefriars Glassworks, England",,,,,,not_found,
9700,"Kenco Products Corp., New Kensington, PA",,,,,,not_found,
9702,"Heuer-Leonidas S.A., Bienne, Switzerland",,,,,,not_found,
9703,U.S. Armor Corporation,American,,,,,not_found,
9705,"Woodnotes Oy, Helsinki",,,,,,not_found,
9711,"Bell Sports, Inc., California",,,,,,not_found,
9712,"N.V. Schlegel S.A., Gistel, Belgium",Belgian,,,,,not_found,
9716,"Craftsman Workshops, Eastwood, New York",,,,,,not_found,
9719,"Mindset Corporation, Sunnyvale, CA",,,,,,not_found,
9721,"A. Michelsen Silversmith, Denmark",,,,,,not_found,
9723,"I.P. Lunds, Denmark",,,,,,not_found,
9724,"Lalance & Grosjean Mfg. Co., Woodhaven, NY",American,,,,,not_found,
9725,"Sears Roebuck Co., USA",,,,,,not_found,
9726,"Robert Barber, Inc., New York, NY",,,,,,not_found,
9735,"Dunbar Furniture Manufacturing Corp., Berne, IN",,,,,,not_found,
9739,"Langbein, Giftwares Div., Brooklyn, NY",,,,,,not_found,
9740,"Maison B. Bottet Père, Lyon",,,,,,not_found,
9747,"Bell Helicopter Inc., Buffalo, NY",,,,,,not_found,
9751,"Race Furniture Ltd., Sheerness, England",,,,,,not_found,
9752,"INAX Corporation, Tokoname, Japan",,,,,,not_found,
9753,"Widdicomb Furniture Co., New York, NY",,,,,,not_found,
9754,"Wärtsilä-Koncernen AB, Notsjö Glasbruk, Finland",,,,,,not_found,
9755,"Toray Industries, Inc., Tokyo",Japanese,,1926.0,,,not_found,
9757,"Joseph Franken Decorative Accessories, New York, NY",,,,,,not_found,
9759,"Dansk Aluminum Industri N/S, Copenhagen, Denmark",,,,,,not_found,
9760,"N.V. Koninklijke Nederlandse Glasfabriek, Leerdam, The Netherlands",,,,,,not_found,
9762,Lemurian Crafts,,,,,,uncertain,
9765,"André Giraud & Brousseau, Limoges, France",French,,,,,not_found,
9766,"Stede, Inc., Chicago",,,,,,not_found,
9770,"The Hallicrafters Co., Chicago, IL",,,,,,not_found,
9772,"Fabry Associates, Inc., New York, NY",,,,,,not_found,
9774,"A. Bianchi srl/Bilumen, Milan",,,,,,not_found,
9775,"McDonnell Aircraft Corp., St. Louis, MO",American,,1939.0,,,not_found,
9777,"Amefa Alpeldoornse, Apeldoorne, The Netherlands",,,1931.0,,,not_found,
9779,"Kromex Sales Co., Cleveland, OH",,,,,,not_found,
9780,"Porzellanfabrik, Arzberg, Germany",,,,,,not_found,
9782,"ETAC, Sweden",,,,,,not_found,
9784,"Alsterfors, Sweden",Swedish,,,,,not_found,
9788,"Tendo Co., Ltd., Tokyo",,,,,,not_found,
9789,"Herman Miller, Inc., Zeeland, MI",,,,,,not_found,
9791,"Bieffeplast S.p.A., Padua, Italy",,,,,,not_found,
9796,"Haussmann & Haussmann, Zurich",,,,,,not_found,
9798,"The Gillette Company, Boston, MA",,,,,,not_found,
9800,"Carrollton Metal Products Company, Carrollton, OH",,,,,,not_found,
9821,"Bruno Ninaber Van Eyben Design & Production, Boxtel, Holland",,,,,,not_found,
9822,"Almo, New York",American,,,,,not_found,
9830,Collins Tools,American,,1826.0,,,uncertain,
9832,"Swift & Anderson, Inc., Boston, MA",American,,,,,not_found,
9833,"RFSU Rehab, Stockholm, Sweden",Swedish,,,,,not_found,
9835,"Sylvania Electric Products, Inc., New York, NY",American,,,,,not_found,
9837,"Bridges Musical Instruments, Canada",,,,,,not_found,
9842,"Thonet Frères, Paris, France",,,,,,not_found,
9845,"Canon, Inc., Japan",Japanese,,1947.0,,,not_found,
9846,"Swedese Mobler AB, Sweden",,,,,,not_found,
9861,"Jacob & Josef Kohn, Vienna",,,,,,not_found,
9863,"E. Bakalowitz Söhne, Vienna",,,,,,not_found,
9865,"SIGG, Switzerland",,,,,,not_found,
9872,"Stelton A/S, Copenhagen, Denmark",,,,,,not_found,
9875,"Bang & Olufsen of America, Mount Prospect, IL",,,,,,not_found,
9878,Gerard van de Groenekan,,Male,,,,uncertain,
9880,"Cravell, Inc., Long Island, NY",American,,,,,not_found,
9882,"G. Soderstrom, Helsinki",,,,,,not_found,
9883,"Creative Playthings, Princeton, New Jersey",,,1949.0,,,not_found,
9885,"Kurt Versen Co., Englewood, NJ",,,,,,not_found,
9886,"Gerber Legendary Blades, Portland, OR",,,,,,not_found,
9887,"A.L. Hirsch & Co., New York, NY",American,,,,,not_found,
9889,"Viking Glass Co., New Martinsville, WV",,,,,,not_found,
9891,"Menlo Textiles, Menlo Park, CA",,,,,,not_found,
9897,Maurice Rheims,,Male,,,,uncertain,
9901,"William Hutton & Sons, Sheffield, England",,,,,,not_found,
9903,"Konrad König, Munich",,Male,,,,not_found,
9905,"Frantz Hingelberg, Aarhus, Denmark",,Male,,,,not_found,
9911,"Dresdner Werkstätten für Handwerkskunst, Dresden",,,,,,not_found,
9917,"Louisville Tackle Co., Louisville, KY",American,,,,,not_found,
9919,"The Silex Company Boston, MA (now Silex & Equipment Div., Bloomfield Industries, New York, NY)",,,,,,not_found,
9923,"Markle Featherlite Products Corp., Rochester (later in Oak Park), MI",,,,,,not_found,
9931,"The Van Dorn Iron Works Co., Cleveland, OH",,,,,,not_found,
9932,"Deutsche Werkstaetten GmbH, Hellerau, Germany",,,,,,not_found,
9933,"Deutsche Werkstätten für Handwerkskunst, Germany",,,,,,not_found,
9941,"Nybro, Sweden",Swedish,,,,,not_found,
9948,"Iroquois China Co., Syracuse, NY",,,,,,not_found,
9951,"The Yale & Towne Mfg. Co., Stamford, CT",American,,,,,not_found,
9952,"Schwintzer & Gräff, Berlin",,,,,,not_found,
9953,"American Steel & Wire Co., Worcester, MA",American,,1898.0,,,not_found,
9954,Telex Electro Acoustic Division,,,,,Q79462331,matched,Wikidata
9958,"Aluminum Company of America, Pittsburgh, Pennsylvania",American,,1888.0,,,not_found,
9961,"Riverside China, Riverside, CA",,,,,,not_found,
9962,"Körtig & Matthiesen, Leipzig, Germany",,,,,,not_found,
9968,"Bauhaus Weaving Workshops, Weimar",,,,,,not_found,
9970,"Karhula-Iittala, Iittala, Finland",,,,,,not_found,
9971,"Warehouse Point Co., Warehouse Point, CT",American,,,,,not_found,
9972,"Hemco Plastics Div. of Bryant Electrical Co., Bridgeport, CT",American,,,,,uncertain,
9973,Eliot Noyes and Associates,American,,,,,not_found,
9979,"Asko, Lahti, Finland",,,,,,not_found,
9980,"Authentics artipresent GmbH, Germany",,,1981.0,,,not_found,
9983,"Unifor S.p.A., Turate, Italy",,,,,,not_found,
9984,"The Hartford Products Corp., Chicago, IL",,,,,,not_found,
9985,"Ansa Bottle Company, Inc., Muskogee, OK",,,,,,not_found,
9988,"Porzellanfabrik, Schoenwald, Germany",,,,,,not_found,
9989,"E. Kold Christensen, Copenhagen, Denmark",,,,,,not_found,
9995,"Alessi Fratelli S.p.A., Crusinallo, Italy",Italian,,,,,not_found,
9998,"Hospitalsartikler A/S, Solberg, Denmark",,,,,,not_found,
10001,"Tecno S.p.A., Milan",,,,,,not_found,
10004,"Carl Hansen and Son, Odense, Denmark",,,,,,not_found,
10009,"New City Editions, Venice, CA",,,,,,not_found,
10010,"Hudson Fixtures, USA",,,,,,not_found,
10012,"Hall's Wheels, Cambridge, MA",,,,,,not_found,
10013,"Hall China Co., East Liverpool, OH",,,,,,not_found,
10014,"Mutual Sunset Lamp Mfg. Co., New York, NY",,,,,,not_found,
10016,"Intel Corporation, Santa Clara, CA",American,,1968.0,,,not_found,
10022,Stanley-Bostitch,American,,,,,not_found,
10024,"Wohnbedarf AG, Zürich",,,,,,not_found,
10026,"Rudolf Held, Schelklingen, Germany",,Male,,,,not_found,
10027,"The Aluminum Cooking Utensil Co., New York, NY",American,,1901.0,,,not_found,
10029,"Küschall of America, Camarillo, CA",,,,,,not_found,
10030,"Antiference Ltd., Aylesbury, England",,,,,,not_found,
10031,"Prophylactic Brush Co., Prolon Div., Florence, MA",,,,,,not_found,
10032,"Olivetti Underwood Corporation, New York, NY",,,,,,not_found,
10033,"Design M Ingo Maurer GmbH, Munich",,,,,,not_found,
10034,Sargent & Co.,American,,,,,uncertain,
10038,"Mitsuboshi Company, Seki-city, Gifu, Japan",,,1873.0,,,not_found,
10039,"Raymar Industries, Inc., New York, NY",,,,,,not_found,
10042,"Tyke Corporation, Chicago, IL",,,,,,not_found,
10044,"Brown & Sharpe Mfg. Co., Providence, RI",American,,1833.0,,,not_found,
10045,"West Bend Aluminum Co., Wisconsin",,,1911.0,,,not_found,
10050,"G. B. Plast, Bologna, Italy",,,,,,not_found,
10061,"Rossi & Arcandi, Vicenza, Italy",,,,,,not_found,
10065,"International Silver Co., Meriden, CT",,,1808.0,,,not_found,
10066,"Allan Adler Handwrought Silver, Hollywood, California",American,,,,,not_found,
10068,"Sinclair Radionics Ltd., Huntingdon, England",,,,,,not_found,
10069,"J.W. Hukin & J.T. Heath, London",,,,,,not_found,
10078,"Elkington & Co., England",,,,,,not_found,
10079,Alfred E. Knobler & Co.,,,,,,uncertain,
10080,"Fopais Franchini, Milan",,,,,,uncertain,
10081,"Godley-Schwan, PA",,Male,,,,not_found,
10082,"Anchor Tool Co., USA",American,,,,,not_found,
10085,Fortuny,,,,,,uncertain,
10086,"Ishimaru Co., Japan",,,,,,not_found,
10090,"Escofet y Ca, Barcelona",,,,,,not_found,
10092,"Eugene Dietzgen Company, New York, NY",American,,,,,not_found,
10093,Victor Tool Co.,American,,,,,uncertain,
10098,"Castleton China Co., New Castle, PA",,,,,,not_found,
10105,Hutzler Manufacturing Co.,American,,1938.0,,Q77353634,matched,Wikidata
10106,"Wecolite Co., New York, NY",American,,,,,not_found,
10108,"Franz Schneider Brakel GmbH & Co., Germany",,,,,,not_found,
10109,"S.A. des Cabléries et Tréfileries Cossonay, Switzerland",,,,,,not_found,
10111,"Northampton Cutlery Company, Northampton, MA",,,,,,not_found,
10113,"S.K.F. Industries, Inc., Hartford, CT",American,,,,,not_found,
10115,"Emilio Lagostina, S.p.A., Italy",,,,,,not_found,
10116,"Chase Brass & Copper Co., Waterbury, CT",American,,1876.0,,,not_found,
10117,"Jernbolaget, Eskilstuna, Sweden",,,1868.0,,,not_found,
10118,"Federal Tool Co., Inc., Springfield, MA",American,,,,,not_found,
10119,"Rheemax, Inc., USA",,,,,,not_found,
10121,"Scovill Mfg. Co., Plumbers Brass Goods Div., Waterbury, CT",American,,1802.0,,,not_found,
10122,"Niels Vodder, Allerod, Denmark",,Male,,,,not_found,
10126,"Designum, The Netherlands",,,,,,not_found,
10129,"Neils Vodder, Cabinetmaker, Copenhagen",,,,,,not_found,
10130,"Manhattan Wire Goods Co., Inc., USA",,,,,,not_found,
10131,"Ciciban Shoe & Children's Ware Factory, Yugoslavia",,,,,,not_found,
10132,"Harry Allen and Associates, USA",American,,,,,not_found,
10133,"Goodell Co., Antrim, NH",American,,,,,not_found,
10134,"Baker Furniture, Inc., Grand Rapids, MI",,,,,,not_found,
10137,"Sandvikens Jernverks A.B., Sweden",,,,,,not_found,
10138,"Akari Associates, Long Island City, New York",American,,,,,not_found,
10143,"Artek Oy, Helsinki",,,,,,not_found,
10144,"Thyco Electrical Products, Inc., Los Angeles",,,,,,not_found,
10148,"Compagnie des Cristalleries de Baccarat, Paris",French,,1765.0,,,not_found,
10149,"The L.S. Starrett Co., Athol, MA",American,,1880.0,,,not_found,
10152,"Western Electric, New York, NY",,,,,,not_found,
10153,"Radius GmbH, Germany",,,,,,not_found,
10154,"Corning Glass Works--Steuben Division, Corning, NY",,,,,,not_found,
10157,"BioMechanical Composites, CA",American,,,,,not_found,
10160,"Gedy S.p.A., Milan",,,,,,not_found,
10161,"N.S. Gustin Co., New York",,,,,,uncertain,
10162,"Middletown Mfg. Co., Middletown, NY",,,,,,not_found,
10164,"Josiah Wedgwood & Sons Ltd., Stoke-on-Trent, England",,,,,,not_found,
10165,Bell Laboratories,,,,,,not_found,
10166,"Cesar Color, Inc., USA",,,,,,not_found,
10168,"Künstlerwerkstätten Verein, Vienna",,,,,,not_found,
10169,Karl Krehan,,Male,,,,uncertain,
10170,"Keramik Manufaktur Kupfermuehle, Germany",,,,,,not_found,
10171,"Jenaer Glaswerk Schott & Gen., Mainz, Germany",,,,,,not_found,
10176,"The Lancaster Lens Co., Lancaster, OH",,,,,,not_found,
10179,"BMI, Germany",German,,,,,not_found,
10190,"The Dow Chemical Company, USA",American,,1897.0,,,not_found,
10196,"Bob Evans Designs, Inc., USA",,,,,,not_found,
10198,"Vittorio Necchi, Pavia, Italy",,Male,,,,not_found,
10201,"Grasoli-Werk Gebr. Grah, Solingen, Germany",German,,,,,not_found,
10202,"Riihimäen Lasi Oy, Riihimäki, Finland",,,,,,not_found,
10206,"Designs for Vision, Inc., USA",,,,,,not_found,
10208,"Studio Fris, Edam, The Netherlands",,,,,,not_found,
10210,"Lecson Audio Limited, Cambridge, England",British,,,,,not_found,
10211,"Style, Milan",,,,,,not_found,
10215,"Figla Co., Ltd., Japan",,,,,,not_found,
10219,"Amcor, Ltd., Tel Aviv",,,,,,not_found,
10220,"Foscarini Murano S.p.A., Italy",,,1981.0,,,not_found,
10222,"Club Aluminum Products Co., Chicago, IL",,,,,,not_found,
10224,"Peill & Putzler, Düren, Germany",,,,,,not_found,
10226,"Eric Goetz Custom Sailboats, USA",,,,,,not_found,
10234,"P. Rigatti, Empoli, Italy",Italian,,,,,uncertain,
10235,"Richard Süssmuth Glashütte, Immenhausen, Germany",,,,,,not_found,
10237,"Martin Archery, USA",,,,,,not_found,
10238,Unknown Italian Manufacturer,Italian,,,,,not_found,
10239,M. Katsuyoshi,,,,,,not_found,
10241,"Platinum Pen Company, Ltd., Tokyo",,,,,,not_found,
10242,"IBM Corporation, New York, NY",,,,,,not_found,
10243,"AB Strömbergshyttan, Hovmantorp, Sweden",Swedish,,,,,not_found,
10245,"Logitech, Inc.",American,,1981.0,,,uncertain,
10246,"Gallowhur Chemical Corp., Windsor, VT",,,,,,not_found,
10247,"Vollrath Co., Sheboygan, WI",American,,1874.0,,,not_found,
10249,"Karhula-Iittala Glassworks, Iittala, Finland",,,,,,not_found,
10250,"Panasonic Company, Secaucus, NJ",,,,,,not_found,
10251,"Gilardi & Barzaghi, Italy",,,,,,not_found,
10253,Waltham Screw Co.,American,,,,,uncertain,
10256,"Tobe Pascher Workshop, The Jewish Museum, New York, NY",,,,,,not_found,
10257,"Kodak A/G, Stuttgart",,,,,,not_found,
10258,"Mitsubishi Electric Corp., Tokyo",,,,,,not_found,
10261,"Yale Security Products, Ltd., England",,,,,,not_found,
10262,"Pacesetter AB, Sweden",,,,,,not_found,
10263,"Polar Ware Company, Sheboygan, WI",American,,,,,not_found,
10265,"Arteluce S.A., Milan",,,1936.0,,,not_found,
10266,"Ideal Toy Corporation, New York",,,,,,not_found,
10267,"MSA, Pittsburgh, PA",,,,,,not_found,
10269,"Sarvis, Finland",,,,,,not_found,
10270,"Innovations in Composites, Inc., CA",,,,,,not_found,
10273,"Poiret, Paris",,,,,,not_found,
10274,"Sasaki, Japan",,,,,,not_found,
10275,"Grand Bleu, Inc., Japan",,,,,,not_found,
10276,"Salviati & C., Venice, Italy",,,,,,not_found,
10277,"Beamo Corporation, Cambridge, MA",,,,,,not_found,
10278,"Casio Computer Co., Ltd., Tokyo",,,,,,not_found,
10279,"Fuso Gum Industry Co., Ltd., Japan",,,,,,not_found,
10281,"Ermenegildo Collini S.p.A., Milan, Italy",,,,,,not_found,
10286,"Mares Sport, Rapallo, Italy",,,,,,not_found,
10287,"AB Rörstrands Porslinsfabriker, Lidköping, Sweden",Swedish,,,,,not_found,
10289,"Tiffany Furnaces, Corona, NY",,,,,,not_found,
10290,"Zelco Industries, Inc.",American,,1976.0,,,not_found,
10291,"Peter Danko and Associates Inc., Clinton, MD",,,,,,not_found,
10292,Knoll In-house Design Team,,,,,,not_found,
10293,"Olivetti, Milan",,,,,,not_found,
10294,"Metal Office Furniture Co. (presently Steelcase, Inc.), New York, NY",,,,,,not_found,
10295,"Apple, Inc.",,,1976.0,,,not_found,
10296,"MAP (Merchants of Australian Products Pty., Ltd.)",,,1989.0,,,not_found,
10298,"Wenger, Switzerland",Swiss,,1893.0,,,not_found,
10299,"James Dixon & Sons, England",,,,,,not_found,
10301,"H.H. de Boer and Son, Bergum, The Netherlands",,,,,,not_found,
10302,"Owens-Illinois Glass Co., Toledo, OH",American,,1903.0,,,not_found,
10303,"St. Regis Paper Co., Panelyte Div., New York, NY",American,,,,,not_found,
10304,"J.A. Henckels Zwillingswerk AG, Solingen, West Germany (now Germany)",,,,,,not_found,
10305,"Rubycliff Ltd., England",,,,,,uncertain,
10306,"Mazda Motor Corporation, California",American,,1920.0,,,not_found,
10308,"Askon Tehtaat OY, Lahti, Finland",,,,,,not_found,
10311,"Aizawa, Japan",Japanese,,,,,not_found,
10314,"Alias S.r.l., Italy",Italian,,,,,not_found,
10316,"The Steubenville Pottery Company, Steubenville, OH",,,,,,not_found,
10322,"Okamura Corporation, Japan",,,,,,not_found,
10325,George H. Hake Corp.,,,,,,not_found,
10326,"Diamond Plastic Box, Inc., Roanoke, VA",,,,,,not_found,
10329,"Workshop of Gunta Stölzl, Zürich",,,,,,not_found,
10331,"H.P. Designs, The Netherlands",,,,,,not_found,
10336,"Skools, Inc., USA",,,,,,not_found,
10338,"E. Bakalowitz & Söhne, Vienna",,,,,,not_found,
10343,"Seiko Epson Corporation, Japan",,,,,,not_found,
10345,"The General Fireproofing Co., Youngstown, OH",,,,,,not_found,
10347,"WRS Sportsmed, Texas",,,,,,not_found,
10348,"Syn S.r.l., Italy",,,,,,not_found,
10350,"O'Neill, Inc.",American,,,,,uncertain,
10351,"Wagner Mfg. Co., Sidney, OH",,,,,,not_found,
10352,"Orrefors, Sweden",,,,,,not_found,
10353,"Oy Airam Ab, Helsinki",,,,,,not_found,
10357,"Gross Wood & Co., San Francisco, CA",,,,,,not_found,
10358,"Azucena S.r.L., Milan",,,,,,not_found,
10360,"Charles Horner Ltd., Halifax",,,,,,not_found,
10361,"Cheney Greef & Co., New York, NY",American,,,,,not_found,
10363,"Design Frame Inc., New York, NY",,,,,,not_found,
10364,"Stockmann-Orno, Finland",,,,,,not_found,
10365,"Bear Archery Company, Grayling, MI",,,,,,not_found,
10370,"Edison Price, New York, NY",,,,,,not_found,
10371,"Bell-Toptex, Inc., Bell, CA",,,,,,not_found,
10372,"Paulson Manufacturing Corp., Fallbrook, CA",,,,,,not_found,
10374,Fratelli Grivel (now Grivel S.r.l.),Italian,,1818.0,,,not_found,
10378,"OY Tampella AB, Finland",,,,,,not_found,
10379,"Grohmann Knives, Ltd., Pictou, Canada",,,,,,not_found,
10381,"Blyde & Co. Ltd., England",,,,,,not_found,
10383,"Hämmerli, Ltd., Lenzburg, Switzerland",Swiss,,,,,not_found,
10385,"Head Ski Co., Timonium, MD",,,,,,not_found,
10386,"Hobie Surfboards, Dana Point, CA",,,,,,not_found,
10390,"Huonekalutehdas Korhonen Oy, Littoinen, Finland",,,,,,not_found,
10391,"Carl Zeiss, Inc.",German,,1846.0,,,uncertain,
10398,"Shop of Samuel Gragg, Furniture Warehouse, Boston, MA",,,,,,not_found,
10399,"Swid Powell, New York",,,,,,not_found,
10401,"Kundalini srl. - Corpi di Illuminazione, Milan",,,,,,not_found,
10404,"Strategi/Holmback ApS, Copenhagen",,,,,,not_found,
10406,"Boda Nova, Sweden",,,1970.0,,,not_found,
10416,"Campana Objetos, São Paulo, Brazil",,,,,,not_found,
10418,"FRZ-Metallwarenfabrik, Zuzenhausen, Germany",,,,,,not_found,
10419,"Edra Mazzei, Pisa, Italy",,Female,,,,not_found,
10420,"LEGO Group, Billund, Denmark",,,,,,not_found,
10421,"Gittler Guitar Inc., New York, NY",,,,,,not_found,
10422,"Riedel Crystal, Kufstein, Austria",,,,,,not_found,
10423,"Segno srl, Milan",,,,,,not_found,
10428,"Bamberg Metallwerkstätten, Berlin",,,,,,not_found,
10434,"Inoue Pleats Co., Ltd., Fukui, Japan",Japanese,,,,,not_found,
10435,"Porcelli Assoc., Inc., USA",,,,,,not_found,
10438,"Ingo Maurer GmbH, Germany",,,,,,not_found,
10440,"Van Keppel-Green, USA",,,,,,not_found,
10442,"Swatch AG, Switzerland",Swiss,,1983.0,,,not_found,
10449,"Guild of Handicraft Ltd., London",,,,,,not_found,
10450,"Design Research, New York",,,,,,not_found,
10453,"Kebe Møbler ApS, Copenhagen",,,,,,not_found,
10459,"Atelier Vitreon, North Haven, CT",,,,,,not_found,
10462,"La Société F.S.D., France",,,,,,not_found,
10465,"Studio Luce, Italy",,,,,,uncertain,
10468,H. C. Craythorne,,,,,,not_found,
10473,"Giovannetti, Italy",,,,,,not_found,
10474,"Robeson Cutlery Co., Inc., Perry, NY",,,,,,not_found,
10477,"Interex Inc., New York, NY",,,,,,not_found,
10478,"Old Hall Works Tableware, Bloxwich, U.K.",,,,,,not_found,
10480,"Leif Wessman Associates, Inc., New York, NY",,,,,,not_found,
10481,"San Castings Corp., Brewster, NY",,,,,,not_found,
10482,"Longato Arredamenti S.p.A., Padua, Italy",,,,,,not_found,
10483,"Continental Can Co., USA",American,,,,,not_found,
10485,"Studio DA, Japan",,,,,,not_found,
10487,"Smith Metal Arts, Buffalo, NY",,,,,,not_found,
10489,"Metalcraft Studio, Konrad König, Munich",,,,,,not_found,
10490,"Loewe S.A., Madrid",,,,,,not_found,
10492,"Vacheron & Constantin-Le Coultre Watches, Inc., Switzerland",,,,,,not_found,
10495,"Heidi Weber, Zürich",,Female,,,,not_found,
10497,"Arflex, S.p.A., Italy",,,,,,not_found,
10501,"Vitra-Fehlbaum GmbH, Weil-am-Rhein, West Germany (now Germany)",,,,,,not_found,
10503,"Hermès, Paris",,,,,,not_found,
10505,"R. Kirsch, Germany",,,,,,not_found,
10507,"Transcriptors, Ltd., New York",,,,,,not_found,
10513,"Edelzinn E. Hueck, Lüdenscheid, Austria",,,,,,not_found,
10515,"Hammy Oy, Helsinki",,,,,,not_found,
10517,"Hackman & Co., Helsinki",,,,,,not_found,
10519,"Desny, Paris",French,,,,,not_found,
10522,"Anonima Castelli, Bologna, Italy",,,,,,not_found,
10523,"Gebrüder Junghans AG, Schramberg, Germany",,,,,,not_found,
10526,"Airborne, France",French,,,,,not_found,
10530,"Fontana Arte, Italy",,,1932.0,,,not_found,
10531,"Baldioli Eustasio & Figli, Omegna, Italy",Italian,,,,,not_found,
10538,"G. A. Van de Groenekan, Amsterdam, The Netherlands",,,,,,not_found,
10540,"Tensor Corporation, Brookyln, NY",,,,,,not_found,
10541,"Pirelli S.p.A., Milan",,,,,,not_found,
10543,"Randall Made Knives, Orlando, FL",,,,,,not_found,
10548,"Van Leer Vatenfabrieken N.V., Amstelveen, The Netherlands",Dutch,,,,,not_found,
10551,"F. M. Matsson, Sweden",,,,,,not_found,
10554,"Danese, Milan",,,,,,not_found,
10555,"Thonet, Germany",,,,,,not_found,
10559,"Dansk Forsolvnings Anstalt, Copenhagen",,,,,,not_found,
10561,"Arterior Textile GMBH, Wuppertal, Germany",,,,,,not_found,
10562,"Robert Murphy's Sons Co., Ayer, MA",,,,,,not_found,
10563,"Lightolier Inc., Jersey City, NJ",,,,,,not_found,
10565,"Kingsley Electronics, Taiwan",,,,,,not_found,
10567,"Progetti, Italy",,,,,,not_found,
10569,"Richard Perry, Son & Company, Wolverhampton, England",,,,,,not_found,
10582,"J. & J. Kohn, Vienna",,,,,,not_found,
10584,"OSRAM GmbH, Munich",,,,,,not_found,
10586,Microsoft Corporation,,,,,,not_found,
10588,Lehrwerkstatte fur Glasinstrumentmacher,,,,,,not_found,
10589,"Grossherzogliche Sächische Fachschule, Germany",,,,,,not_found,
10591,"Sointu Incorporated, New York, NY",,,,,,not_found,
10594,"Diehl Manufacturing Co., Elizabeth, NJ",,,,,,not_found,
10596,"Metz & Co., The Netherlands",,,,,,not_found,
10599,"Eschenbach Optik Nürnberg, Germany",,,,,,not_found,
10602,"Carrera International GmbH, Traun, Austria",,,,,,not_found,
10605,"Grid Systems Corp., Mountain View, CA",,,,,,not_found,
10607,"National Semiconductor Corporation, USA",American,,1959.0,,,not_found,
10609,"Barcalo Manufacturing Co., New York, NY",,,,,,not_found,
10610,"Drain-Dri Co., San Francisco, CA",American,,,,,not_found,
10612,"G.A. Van de Groenekan, De Bilt, The Netherlands",,,,,,not_found,
10613,"The Winsted Hardware Manufacturing Co., Winsted, CT",American,,,,,not_found,
10616,"Bayerische Massindustrie, Hersbruck, West Germany (now Germany)",,,,,,not_found,
10618,"Rietveld's Workshop, Utrecht",,,,,,not_found,
10619,"Red Wing Pottery, MN",,,,,,not_found,
10620,"Bernini, Italy",,,,,,not_found,
10622,Unknown Mexican Manufacturer,Mexican,,,,,not_found,
10628,"NY Form, Italy",,,,,,not_found,
10630,"S.p.A. Carrozzeria Pininfarina, Torino, Italy",,,,,,not_found,
10632,"Gruppo Industriale Busnelli S.p.A., Milan",,,,,,not_found,
10633,"Berliner Metallgewerbe Joseph Müller, Germany",,,,,,not_found,
10636,"Boffi S.p.A., Cesano Maderno, Italy",,,,,,not_found,
10637,"Scientific Optics Ltd., England",,,,,,not_found,
10638,"Vistosi, Italy",,,,,,not_found,
10639,"GAF Corporation, New York, NY",,,,,,not_found,
10642,"Dictaphone AG, Killwangen, Switzerland",,,,,,not_found,
10643,"Sambonet S.p.A., Vercelli, Italy",,,,,,not_found,
10645,"Snaidero, Italy",Italian,,1946.0,,,not_found,
10648,"Uncle Sam's Umbrella Shop, New York, NY",American,,,,,not_found,
10650,"Guzzini, Italy",,,,,,not_found,
10651,"Droog Design, the Netherlands",,,,,,not_found,
10652,"Sanka Oy Loviisa, Finland",,,,,,not_found,
10653,"Oak, Product Design and Consultancy, Rotterdam",,,,,,not_found,
10655,"Form GmbH, Germany",German,,,,,uncertain,
10656,"Goods, Amsterdam, The Netherlands",,,,,,not_found,
10658,"Ideal Standard S.p.A., Milan",,,,,,not_found,
10661,"Howard Miller Clock Co., Zeeland, MI",,,,,,not_found,
10662,"Royal Crest Venetian Blind Co., Rossford, OH",,,,,,not_found,
10664,"ATH Design International, The Netherlands",,,,,,not_found,
10666,"Mallory Industries, Inc., Farmington, CT",American,,1956.0,,,not_found,
10667,"Industrie Formenti Italia, Milan",,,,,,not_found,
10671,Kristian Schneider,,Male,,,,uncertain,
10672,"Bell Helmets, Inc., Norwalk, CA",,,,,,not_found,
10685,"Newton Plastics, Newton Upper Falls, MA",,,,,,not_found,
10688,"Fasttrack Enterprises, Ltd., Calgary",,,,,,not_found,
10696,"Belgian International Carpet, Belgium",,,,,,not_found,
10701,"Kelly & Thompson, USA",,,,,,not_found,
10702,"Theodore Müller, Belgium/Germany",,,,,,not_found,
10704,"Rosenthal Einrichtung, Munich",,,,,,not_found,
10705,"Shinseo Kogyo Co., Tokyo",,,,,,not_found,
10706,"Compagnia Italiana Lumi, Rome",,,,,,not_found,
10708,"Ferrari S.p.A., Maranello, Italy",,,1929.0,,,not_found,
10718,"frogdesign, Sunnydale, CA",American,,1969.0,,,not_found,
10724,"Metall-Arbeit Wiener Werkstätte, Vienna, Austria",,,,,,not_found,
10725,"Smart Design, New York",American,,1979.0,,,uncertain,
10726,"OXO International, New York, NY",,,,,,not_found,
10727,Anonymous,,,,,,uncertain,
10728,"Argentor, Vienna",,,,,,not_found,
10734,"Avard Inc., New York, NY",,,,,,not_found,
10735,"Stilnovo, Italy",,,,,,not_found,
10741,"Minerva, Milan, Italy",,,,,,not_found,
10742,"Casigliani S.p.A., Pisa",,,,,,not_found,
10745,"ICI Design Institute Inc., Osaka",,,,,,not_found,
10746,"Associated Spring Raymond Barnes Group, Inc., Dallas, TX",American,,,,,not_found,
10747,"Paul Mayen Designs, New York, NY",,,,,,not_found,
10749,"Bauhaus Ceramic Workshops, Weimar, Germany",,,,,,not_found,
10755,"Novelectric A.G., Zürich, Switzerland",,,,,,not_found,
10759,"Northern Plastics, Syracuse, NY",,,,,,not_found,
10761,CSS/Winfield,,,,,,uncertain,
10762,"Siemens & Halske A.G., Munich",German,,1847.0,,,not_found,
10765,"Fratelli Fantini, S.p.A., Pella, Italy",,,,,,not_found,
10766,"Enorme, Italy",,,,,,not_found,
10769,"Fabbriche Elettrotecniche Riunite, S.p.A. (now Zerowatt, S.p.A.), Italy",,,,,,not_found,
10771,"Glasfabrik Johann Loetz Witwe, Klöstermühle, Austria",,,,,,not_found,
10772,Fratelli Chiminella,,,,,,uncertain,
10776,"Oluce, Milan, Italy",,,,,,not_found,
10780,"Yamakawa Rattan Co., Ltd., Japan",,,,,,not_found,
10782,"Kotobuki Corporation, Japan",,,,,,not_found,
10783,"Heifetz Mfg. Co., New York, NY",,,,,,not_found,
10789,"Simpson Sports, Torrance, CA",,,,,,not_found,
10790,Ldesign SARL,French,,,,,not_found,
10792,"Velca, Milan",,,,,,not_found,
10793,"Elektroakusticni Laboratorij, Ljubljana, Yugoslavia",,,,,,not_found,
10794,"Wings over the World Corporation, New York, NY",,,,,,not_found,
10796,"L'Atelier de Serge Mouille, France",,,,,,not_found,
10797,"Hudson Studios, Madison, NJ",,,,,,not_found,
10798,Karhulalittala,,,,,,not_found,
10800,"Ateliers Jean Prouvé, Nancy, France",,,,,,not_found,
10801,"J.G. Furniture Co., Brooklyn, NY",,,,,,not_found,
10804,"Sony Corporation, Creative Center",Japanese,,1961.0,,,uncertain,
10806,"Raichle Boot Co. Ltd., Switzerland",,,,,,not_found,
10809,Rathcon Inc.,,,,,,not_found,
10810,"Simon International, San Lazzaro, Italy",,,,,,not_found,
10813,"Andrew Maclaren Ltd., England",,,,,,not_found,
10815,"Fibre Metal Products Company, Concordville, PA",,,,,,not_found,
10817,"Klem Systems, Vienna",,,,,,not_found,
10819,"Lamson & Goodnow, Shellberg Falls, MA",American,,1837.0,,,not_found,
10829,"Friedrich Herder A.G., Solingen, Germany",,,,,,not_found,
10831,Unknown Swiss Manufacturer,,,,,,not_found,
10833,"Holt Howard Associates, Stamford, CT",,,,,,not_found,
10834,"Plastic Dispensers Inc., Newark, NJ",,,,,,not_found,
10836,"AKG Akustische und Kino-Geräte, Vienna",Austrian,,,,,not_found,
10840,"Baccarat, France",,,,,,not_found,
10842,"Mastermotive, Inc., Savage, MN",,,,,,not_found,
10857,"J.A. Henckels, Solingen, Germany",,,,,,not_found,
10858,"Ehrhard & Söhne, Germany",,,,,,not_found,
10873,"Victoria-Werke, Baar, Switzerland",,,,,,not_found,
10876,"Tavaro S.A., Geneva",,,,,,not_found,
10877,"Giro Sport Design, Inc., a division of Bell Sports, Inc.",American,,1985.0,,,not_found,
10878,"Rome Manufacturing Co., Div. of Revere Copper and Brass, Inc., Rome, NY",,,,,,not_found,
10880,"Supreme Cutlery, Japan",,,,,,not_found,
10898,"Hudson Photographic Industries, Inc., New York",,,,,,not_found,
10900,"Fratelli Borletti, S.p.A., Milan",,,,,,not_found,
10901,"Koch Creations, Lynbrook, NY",,,,,,not_found,
10904,"Mort N. Marton Designs, NY",,,,,,not_found,
10909,"Kaplan/Aronson, New York, NY",,,,,,not_found,
10911,"TECTA Möbel, Lauenförde, Germany",,,,,,not_found,
10912,"O.C. Sedie Internazionale, Inc., Paramount, CA",,,,,,not_found,
10913,"G. Schanzenbach, Germany",,,,,,not_found,
10914,"Ditta Spoggi, Milan",,,,,,not_found,
10915,Lakota Corporation,,,,,,not_found,
10916,"Kanematsu Ind. Co. Ltd., Gifu Ken, Japan",,,,,,not_found,
10920,"DESTA (Deutsche Stahlmöbel), Berlin",,,,,,not_found,
10921,"Carlo Moretti, s.n.c., Venice",,,,,,not_found,
10922,"Minolta Camera Co., Ltd., Osaka",,,,,,not_found,
10923,"Gense, Sweden",,,,,,not_found,
10924,"United States Glass Co., Tiffin, OH",,,,,,not_found,
10927,"Rhythm Tech, Inc., Mamaroneck, NY",,,,,,not_found,
10928,"L. Hjorth's Terracotta-Fabrik, Ronne, Denmark",,,,,,not_found,
10931,"Ralph O. Smith Co., Los Angeles, CA",,,,,,not_found,
10933,"Gits Molding Corp., Chicago, IL",,,,,,not_found,
10935,"Sonic Sports, Inc., Los Angeles, CA",,,,,,not_found,
10939,"Nixalite of America, East Moline, IL",,,,,,not_found,
10943,"Meisterschule für das Kunsthandwerk, Berlin",,,,,,not_found,
10945,"Piquot-Meridian (International) SA, Switzerland",,,,,,not_found,
10946,"Baum-Mercier, Switzerland",Swiss,,,,,not_found,
10947,"Griswold Manufacturing Co., Erie, PA",American,,1884.0,,,not_found,
10948,"Gottlieb Hammes Fahr, Solingen-Foche, Germany",,,,,,not_found,
10949,"Roll Dippers Inc., (formerly the Zeroll Co.) Maumee, OH",,,,,,not_found,
10951,"Cocco, Italy",,,,,,not_found,
10952,"Metropolitan Wire Goods Corp, Brooklyn, NY",,,,,,not_found,
10953,"Foley Mfg. Co., Minneapolis, MN",,,,,,not_found,
10954,"Denominator Company, Inc., New York, NY",American,,1914.0,,,not_found,
10956,Unknown French Manufacturer,French,,,,,not_found,
10957,"Alcorn & Co., Boston, Massachusetts",American,,,,,not_found,
10960,"AT&T Bell Laboratories, Murray Hill, NJ",American,,1925.0,,,not_found,
10961,Westfield Manufacturing Corp.,,,,,Q79462623,matched,Wikidata
10962,"Hammond Research Corp., Gloucester, MA",,,,,,not_found,
10965,"Hewlett-Packard Company, Santa Clara, CA",American,,1939.0,,,not_found,
10966,"Toronto Plastic Co., Toronto",,,,,,not_found,
10968,"University of Pennsylvania, USA",,,,,,not_found,
10969,"IMEC, USA",,,,,,not_found,
10972,"P. & W. Blattmann Metallwaren-Fabrik, Switzerland",,,,,,not_found,
10973,"LSI Logic Corporation, Milpitas, CA",American,,1981.0,,,not_found,
10979,"Motorola, Inc.",American,,1928.0,,,not_found,
10980,"Synaptics Incorporated, San Jose, CA",American,,,,,not_found,
10981,"Texas Instruments, Inc., Dallas, TX",American,,1930.0,,,not_found,
10982,"VLSI Technology, Inc., San Jose, CA",American,,,,,not_found,
10983,"Xerox Palo Alto Research Center, Palo Alto, CA",American,,1906.0,,,not_found,
10998,"Hukin & Heath, Birmingham, England",,,,,,not_found,
10999,"Tri-State Plastic Molding Co., Henderson, KY",American,,,,,not_found,
11003,Victorinox,Swiss,,1884.0,,,uncertain,
11006,"Theodore Fahrner, Pforzheim, Germany",,,,,,not_found,
11010,Unknown Netherlandish Manufacturer,,,,,,not_found,
11012,"Plas-tex Corporation, Los Angeles, CA",American,,,,,not_found,
11016,"Ittala Glassworks, Ittala, Finland",,,,,,not_found,
11017,"Stanley Home Products, Easthampton, MA",American,,,,,not_found,
11019,"Pace Products, Chicago, IL",,,,,,not_found,
11021,Kenner Products Co.,,,,,,not_found,
11022,"Geomet Inc., New York, NY",,,1954.0,,,not_found,
11027,Bryce Brothers Co. for the Four Seasons,,,,,,not_found,
11033,"Rudolph de Harak Industrial Design, Inc., New York, NY",,,,,,not_found,
11034,"Oy Huonekalu-ja Rakennustyötehdas Ab, Turku, Finland",,,1910.0,,,not_found,
11039,"Best & Lloyd, Ltd., Birmingham, UK",,,1840.0,,,not_found,
11041,"August Sommer Co., Wurttemburg, Germany",,,,,,not_found,
11046,"Dansk Polyether Industri, Denmark",,,,,,not_found,
11047,"Korhonen OY, Finland",,,,,,not_found,
11048,"Eggers, WI",,,,,,not_found,
11049,"Brian Davis & Co., Pty Ltd., Victoria, Australia",,,,,,not_found,
11050,"Southern Highlanders, Inc., North Carolina",,,,,,not_found,
11052,"International Mobile Machines, USA",,,,,,not_found,
11053,"Ernest C. Higgins Co. (Allan Follet), Norwood, MA",,,,,,not_found,
11055,"AB Bahco Verktyg, Enkoping, Sweden",Swedish,,,,,not_found,
11056,"Sturm, Vienna",,,,,,not_found,
11058,"J.A. Henckels, USA",,,,,,not_found,
11060,"Cooper Canada Ltd., Toronto",,,,,,not_found,
11064,"The Richter & Phillips Co., Cincinatti, OH",American,,,,,not_found,
11066,"Sabattini Argenteria S.p.A., Como, Italy",,,,,,not_found,
11068,"Griscer Industries, Fort Wayne, IN",,,,,,not_found,
11070,"Mylec, Inc., Winchedon Springs, MA",,,,,,not_found,
11072,"KBL Corporation, Boston, MA",,,,,,not_found,
11073,"Valsts Electro-Techniska Fabrika, Riga, Latvia",,,,,,not_found,
11077,Swedlow Aeroplastics Corp.,,,,,,uncertain,
11079,"M & M Mfg. Co., Chicago, IL",,,,,,not_found,
11085,"Heywood-Wakefield Co., Gardner, MA",,,,,,not_found,
11086,"Haskelite Manufacturing Corporation, Chicago, IL",,,,,,not_found,
11090,Red Lion Table Co.,,,,,,uncertain,
11092,"Moss Rose Manufacturing Co., Philadelphia, PA",,,,,,not_found,
11093,"J.H. Thorp & Co., Inc., New York, NY",,,,,,not_found,
11094,"Cyrus Clark Co., Inc., New York, NY",,,,,,not_found,
11095,"Articoli Plastici Elettrici, Italy",,,,,,not_found,
11098,Guilford Art Company,,,,,,uncertain,
11100,"Abstracta Structures Inc., New York, NY",American,,,,,not_found,
11108,"Welch Allyn Inc., Skaneateles Falls, NY",,,,,,not_found,
11109,"Robert Smith, Kentfield, CA",,Male,,,,not_found,
11111,"Concept Inc., St. Petersburg, FL",American,,,,,not_found,
11112,"The Subsidiary Co.(division of Artmongers and Manufactory Inc.), New York, NY",,,,,,not_found,
11116,"Italora S.p.A., Milan, Italy",,,,,,not_found,
11117,"A.V. Mazzega Vetri d'Arte, Murano, Italy",Italian,,,,,not_found,
11118,"Rochelt Design, Ulm, Germany",,,,,,not_found,
11119,"Columbian Bronze Corp., Freeport, NY",,,,,,not_found,
11124,"John Mascheroni Furniture Co., New York, NY",,,,,,not_found,
11128,"France and Son A/S, Denmark",,,,,,not_found,
11130,"Artifort, The Netherlands",,,,,,not_found,
11131,"Raumtechnik Staeger & Co. KG, Stuttgart",,,,,,not_found,
11134,"Paper Welder, Inc., Medina, NY",,,,,,not_found,
11135,"Società Italiana Telecomunicazioni Siemens, Milan, Italy",,,,,,not_found,
11136,"Bonniers International, Japan",Japanese,,,,,not_found,
11137,"Plastics, Inc., St. Paul, MN",American,,,,,not_found,
11138,Made in Japan for Fitz & Floyd,,,,,,not_found,
11139,"Frimu Company, Switzerland",Swiss,,,,,not_found,
11140,"G.P.M. Company, Germany",German,,,,,not_found,
11154,"Vitreria Vistosi, Murano, Italy",,,,,,not_found,
11156,"Schott & Gen. Jenaer Glaswerke, Mainz, Germany",,,,,,not_found,
11157,"Acordis Industrial Fibers, The Netherlands",Dutch,,1999.0,,,not_found,
11158,"Ekco Housewares, Franklin Park, IL",,,,,,not_found,
11159,"Lexon, France",,,1990.0,,,not_found,
11162,"Rosenthal, Germany",,,,,,not_found,
11164,"Modernariato-Gruppo Industriale Busnelli, Italy",,,,,,not_found,
11166,"Poul Jeppesen, Denmark",,Male,,,,not_found,
11168,"Think Outside, Inc., Carlsbad, CA",,,,,,not_found,
11176,"Richard Schultz Design, Palm, PA",,,,,,not_found,
11177,"Emeco, Hanover, Pennsylvania",,,,,,not_found,
11179,"Makers of Simple Furniture, Ltd., London",,,,,,not_found,
11180,"The Ironrite Ironer Co., Detroit, MI",American,,1911.0,,,not_found,
11181,"Lorraine Metal Mfg. Co., NY",American,,,,,uncertain,
11183,"Cadoro Jewels, New York, NY",,,,,,not_found,
11189,"Fahr-Leuchten, Stuttgart",,,,,,not_found,
11190,"Tropi-Cal Company, Los Angeles, CA (now Fong Brothers Company, Los Angeles, CA)",,,,,,not_found,
11191,"The Afternoon Company, Omaha, Nebraska",American,,,,,not_found,
11192,"Rothschild Plastics Corp., Philadelphia, PA",,,,,,not_found,
11194,"Tendo Mokko, Inc., Yamagata-Ken, Japan",,,,,,not_found,
11195,"J. Merivaara Oy, Helsinki",,,,,,not_found,
11196,"Hessische Metallwerke (now Seibel Designpartner GmbH), Germany",,,,,,not_found,
11197,"Figli di Amedeo Cassina, Meda, Italy",,,,,,not_found,
11198,"Satisfaction, New York, NY",,,,,,not_found,
11199,"Ampex Corporation, Elk Grove Village, IL",,,,,,not_found,
11200,"Baltensweilder, Ebikon, Switzerland",,,,,,not_found,
11201,"Archent Limited, Sheffield, England",,,,,,not_found,
11223,"Mourlot, Paris",,,,,,not_found,
11340,"The Baynard Press, London",,,,,,not_found,
11341,C. Tereshkovitch,,,,,,not_found,
11350,British War Office,,,,,,uncertain,
11361,Imprimerie Champenois,,,,,,not_found,
11381,Royal Society for the Prevention of Accidents,,,,,,uncertain,
11419,Ward and Saks Co.,,,,,,uncertain,
11422,Patrick Cunningham,,Male,,,,uncertain,
11426,Wolf Zimmerman,German,Male,1925.0,,Q77354058,matched,Wikidata
11580,Anthon Beeke,Dutch,Male,1940.0,2018.0,Q1970102,matched,Wikidata
11589,Hans Bockting,,Male,1945.0,2021.0,Q27982864,matched,Wikidata
11596,R. Szayoo,,,,,,not_found,
11621,Tapio Salmelainen,Finnish,Male,1941.0,,,not_found,
11631,"Otto Beyer, Leipzig/Berlin",,,,,,not_found,
11799,Orell Füssli,Swiss,,,,,uncertain,
11811,"A. Molling & Comp., Hannover, Germany",,,,,,not_found,
11860,Various Authors,,,,,,not_found,
12025,Elena Guro,,Female,1877.0,1913.0,Q442658,matched,Wikidata
12101,Niele Toroni,Swiss,Male,1937.0,,Q556530,matched,Wikidata
12225,Nikolai Rogovin,,Male,,,,uncertain,
12305,David Mamet,American,Male,1947.0,,Q269927,matched,Wikidata
12310,Lev Shekhtel [Lev Zhegin],,Male,,,,not_found,
12315,Sergei Podgaevskii,,Male,,,,uncertain,
12318,Sergei Bobrov,,Male,,,,uncertain,
12382,Liz Larner,American,Female,1960.0,,Q16193702,matched,Wikidata
12402,Joseph Blumenthal,,Male,1897.0,1990.0,Q6281578,matched,Wikidata
12409,Aleksandr Shevchenko,,Male,1883.0,1948.0,Q2833546,matched,Wikidata
12410,Illarion Skuie,,,,,,not_found,
12452,Nikolai Aseev,,Male,,,,uncertain,
12472,Calvin Sumsion,,Male,,,,not_found,
12515,Guido Ballo,Italian,Male,1914.0,2010.0,Q3779170,matched,Wikidata
12556,John Moore,American,Male,,,,uncertain,
12639,Iliazd (Il'ia Zdanevich),,Male,,,,not_found,
12704,Natan Vengrov,,Male,,,,uncertain,
12868,Anonymous Authors,,,,,,not_found,
12924,Henri Floury,,Male,,,,uncertain,
12996,Mikhail Plaksin,,Male,,,,uncertain,
12997,Natal'ia Nagorskaia,,Female,,,,uncertain,
13003,Khabias [pseudonym Of Nina Komarova],,Female,,,,not_found,
13012,Aleksei Gan,,Male,1883.0,1942.0,Q15941205,matched,Wikidata
13020,Peter Schjeldahl,American,Male,1942.0,2022.0,Q7176805,matched,Wikidata
13056,Antonina Sofronova,,Female,1892.0,1966.0,Q4430088,matched,Wikidata
13076,Boris Zemenkov,,Male,,,,not_found,
13088,Il'ia Erenburg,,Male,,,,not_found,
13108,Josef Eberg,,Male,,,,not_found,
13113,Grigorii Bershadskii,,Male,,,,uncertain,
13206,Graeme Murray,,,1945.0,2025.0,Q139915862,matched,Wikidata
13315,Nikolai Sedel'nikov,,Male,,,,uncertain,
13325,N. Nekrasov,,,,,,uncertain,
13422,Columbia Records,,,1888.0,,,uncertain,
13434,Moisei Levin,,Male,,,,uncertain,
13482,Nikolai Troshin,,Male,1897.0,1990.0,Q28109411,matched,Wikidata
13483,Sergei Sen'kin,,Male,,,,not_found,
13488,"Tamarind Lithography Workshop, Inc., Los Angeles",,,,,,not_found,
13677,Nikolai Kupreianov,Russian,Male,,,,uncertain,
13678,Aleksei Chicherin,,Male,,,,uncertain,
13705,Boris Naumov,,Male,,,,uncertain,
13807,Kornelii Zelinskii,,Male,,,,not_found,
13811,Anton Lavinskii,,Male,,,,not_found,
13816,Olga Deneiko,,Female,,,,not_found,
13880,"Éditions Surréalistes, Paris",,,,,,not_found,
13977,Michael Cardenza,,Male,,,,uncertain,
14107,"Dwan Gallery, New York",,,,,,not_found,
14137,Ben Langlands,British,Male,1955.0,,Q16739981,matched,Wikidata
14138,Nikki Bell,British,Female,1959.0,,Q16739989,matched,Wikidata
14161,Iurii Degen,,Male,,,,not_found,
14164,Michael McClure,American,Male,1932.0,2020.0,Q1390054,matched,Wikidata
14187,W. Baxter,,,,,,uncertain,
14195,Eugène Delâtre,French,Male,1864.0,1938.0,Q3059817,matched,Wikidata
14200,Aleksei Ganin,,Male,,,,uncertain,
14286,Maria Lagorio,,Female,,,,uncertain,
14384,Nikolai Tikhonov,,Male,,,,uncertain,
14426,Allan Kapprow,,Male,,,,not_found,
14450,"Librairie de France, Paris",,,,,,not_found,
14467,Félix Del-Marle,,Male,,,,not_found,
14520,"Propyläen-Verlag, Berlin",,,,,,not_found,
14558,Anne Waldman,American,Female,1945.0,,Q2851328,matched,Wikidata
14561,A. Anatolev,,,,,,not_found,
14602,Sergei Chekhonin,,Male,,,,not_found,
14632,Boris Grigor'ev,,Male,,,,not_found,
14744,Hr. Dubyns'kii,,,,,,uncertain,
14976,Mikhail Tarkhanov,,Male,,,,uncertain,
15005,Josaku Maeda,,,,,,not_found,
15146,Issacher Ber Ryback,,Male,,,,uncertain,
15382,W. Mehl,,,,,,not_found,
15634,Mariano Andre,,Male,,,,not_found,
15685,Chas Laborde,,Male,,,,not_found,
15688,Pierre Falké,,Male,1884.0,1947.0,Q3384950,matched,Wikidata
16753,Museum Folkwang,,,,,,uncertain,
16943,Valentine Dudensing,,Male,1892.0,1967.0,Q20751651,matched,Wikidata
17332,Bernhard Leitner,,Male,1938.0,,Q825523,matched,Wikidata
17469,Adrian Siegel,American,Male,1898.0,1978.0,Q109809301,matched,Wikidata
17495,Jon Hendricks,American,Male,1939.0,,,uncertain,
17509,Pywell,,,,,,not_found,
17816,Richard Benson,American,Male,1943.0,,,uncertain,
17943,Krissy Clegg,,Female,,,,not_found,
17955,(Siegfried Klein) Khasaq,,,,,,not_found,
18094,Robert Storr,,Male,1949.0,,Q7350103,matched,Wikidata
18130,Paul A. McDonough,American,Male,1941.0,2025.0,Q42313564,matched,Wikidata
18375,Herbert E. Grier,,Male,,,,not_found,
18376,Kenneth J. Germeshausen,,Male,,,,uncertain,
18543,Bernardo Bertolucci,Italian,Male,1940.0,,,uncertain,
18552,Unknown,,,,,,uncertain,
18660,The New York Times,American,,1851.0,,,uncertain,
18667,Reuters,,,,,,uncertain,
18700,K. H. Hödicke,German,Male,1938.0,,,not_found,
18709,3M,American,,1902.0,,,uncertain,
18838,Karl Nierendorf,,Male,,,,uncertain,
18844,Ernst Caramelle,Austrian,Male,1952.0,,Q1357735,matched,Wikidata
18996,Jürgen Klauke,German,Male,1943.0,,,not_found,
19039,Davi Det Hompson,,Male,1939.0,1996.0,Q22696566,matched,Wikidata
19040,Ann Fessler,,Female,1949.0,,Q28815148,matched,Wikidata
19041,Charles Brohawn,,Male,,,Q103180743,matched,Wikidata
19042,Chris Mason,,Male,,,,uncertain,
19043,Cliff Baldwin,,Male,,,,uncertain,
19075,Rudi Molacek,Austrian,Male,1948.0,,Q94634429,matched,Wikidata
19163,Michael Krebber,German,Male,1954.0,,Q1928295,matched,Wikidata
19194,Hans Danuser,,Male,1953.0,2024.0,Q1579102,matched,Wikidata
19235,Oskar Bangemann,,,1882.0,1942.0,Q79203488,matched,Wikidata
19238,Tim Rollins,American,Male,1955.0,2017.0,Q7804189,matched,Wikidata
19497,Forrest Myers,American,Male,1941.0,,Q5470497,matched,Wikidata
19510,Winston Roeth,American,Male,1945.0,,,not_found,
19529,Felix Harlan,,Male,,,,uncertain,
19545,Doris Simmelink,,Female,,,,not_found,
19561,Sheri Martinelli,,Female,1918.0,1996.0,Q7494849,matched,Wikidata
19572,Nicole Eisenman,American,Female,1965.0,,Q1986987,matched,Wikidata
19660,Annette Rosado,American,Female,1972.0,,,not_found,
19661,José Parissi,American,Male,1968.0,,Q55219573,matched,Wikidata
19662,George Garces,American,Male,1972.0,,,not_found,
19663,Nelson Savinon,,Male,,,,not_found,
19664,Angel Abreu,American,Male,1974.0,,Q114645756,matched,Wikidata
19667,Joseph De Pace,American,Male,1954.0,,,not_found,
19676,Island Records,,,1959.0,,,uncertain,
19862,David Shrigley,British,Male,1968.0,,Q278183,matched,Wikidata
19882,Hans Weigand,Austrian,Male,1954.0,,Q36008722,matched,Wikidata
19962,Hans-Ulrich Obrist,Swiss,Male,1968.0,,Q116738,matched,Wikidata
20416,Jack Carver,,Male,,,,uncertain,
20631,Larry Mantello,American,Male,1964.0,,,not_found,
20722,Royal College of Art,British,,1837.0,,,uncertain,
20731,"Hope (Sufferance) Press, London",,,,,,not_found,
20769,René Block,,Male,,,,uncertain,
20807,Roland Renrose,,Male,,,,not_found,
20813,Adrian Nutbeam,,Male,,,,not_found,
20904,"Profil Magazine, Vienna",,,,,,not_found,
21088,"Salvatore Silkscreen Co., Inc.",,,,,,not_found,
21116,Benton,,,,,,uncertain,
21121,Biddle,,,,,,uncertain,
21199,AA Bronson,Canadian,Male,1946.0,,Q4649967,matched,Wikidata
21255,"Fabric Frontline, Zürich",,,,,,not_found,
21325,Michael Baldwin,British,Male,1945.0,,Q1622508,matched,Wikidata
21439,Issey Miyake,Japanese,Male,1938.0,2022.0,Q469027,matched,Wikidata
21446,Jack Pierson,American,Male,1960.0,,Q2067124,matched,Wikidata
21447,Jim Hodges,American,Male,1957.0,,,uncertain,
21759,"Atelier d'Arts Appliqués, Cannes, France",,,,,,not_found,
22284,Masayuki Nagare,Japanese,Male,1923.0,2018.0,Q6486700,matched,Wikidata
22436,Natsuyuki Nakanishi,Japanese,Male,1935.0,2016.0,Q3335333,matched,Wikidata
22479,Ennio Chiggio,Italian,Male,1937.0,2020.0,Q3725470,matched,Wikidata
22498,"Fratelli Brambilla, Milan",Italian,,,,,not_found,
22501,"Krystallglasmanufaktur Theresienthal Gmbh, Zweisel, Germany",,,,,,not_found,
22504,"Design Unit New York, New York, NY",,,,,,not_found,
22512,"G. Byrn Company, Copenhagen",Danish,,,,,not_found,
22522,"Veglia Borletti, Milan",,,,,,not_found,
22527,"L.M. Ericsson, Stockholm",,,,,,not_found,
22528,"ERCO Leuchten KG, Germany",,,,,,not_found,
22529,"Phonola, Milan",,,,,,not_found,
22530,"Rosenthal AG, Germany",,,,,,not_found,
22532,"Kooperative Förbundet (KF), Stockholm",,,,,,not_found,
22533,"International Resistance Co., Philadelphia, PA",,,,,,not_found,
22534,"John Hull Cutlers Corporation, New York, NY",,,,,,not_found,
22535,"Dansk International Designs, Ltd., Denmark",,,,,,not_found,
22538,"Arai Helmet Ltd., Japan",,,,,,not_found,
22542,Mathieu,,,,,,uncertain,
22546,Bell Telephone Laboratories,American,,,,,uncertain,
22547,Roger Riche,French,Male,1930.0,,Q55219692,matched,Wikidata
22548,Raymond Loewy Associates,American,,1944.0,,,not_found,
22556,SHoP Architects PC,American,,1996.0,,,not_found,
22557,Brian Alexander,American,Male,1963.0,,,uncertain,
22558,"Haworth Inc., USA",,,,,,not_found,
22559,Apple Industrial Design Group,American,,,,Q4781185,matched,Wikidata
22563,Harman Kardon Co.,American,,1953.0,,,not_found,
22564,Teppo Asikainen,Finnish,Male,1968.0,,Q97819883,matched,Wikidata
22565,"Snowcrash AB, Sweden",,,,,,not_found,
22566,Luigi Baroli,Italian,Male,1951.0,,Q23068045,matched,Wikidata
22567,Baleri Italia S.p.A.,,,,,,not_found,
22568,Ayse Birsel,Turkish,Female,1964.0,,,not_found,
22569,Nick Butler,British,Male,1942.0,,Q77353840,matched,Wikidata
22571,matali crasset,French,Female,1965.0,,,not_found,
22572,"Sas/OO, France",,,,,,not_found,
22573,Décolletage Plastique Design Team,French,,1945.0,,,uncertain,
22574,Markus Nevalainen,Finnish,Male,1970.0,,Q117120562,matched,Wikidata
22575,"Société Bic, France",,,,,,not_found,
22576,Rick Galezowski,Canadian,Male,1954.0,,Q117119024,matched,Wikidata
22577,Kari Sivonen,Finnish,Female,1969.0,,,not_found,
22578,"Teknion Inc., USA",,,,,,not_found,
22580,Fritz Haller,Swiss,Male,1924.0,2012.0,Q1466522,matched,Wikidata
22581,"USM U. Schaerer Sons Inc., USA",,,,,,not_found,
22582,Sam Hecht,British,Male,1969.0,,Q654495,matched,Wikidata
22583,Chris Chapman,British,Male,1964.0,,,uncertain,
22584,David Sandbach,British,Male,1963.0,,Q55219732,matched,Wikidata
22585,"Electrotextiles Co. (now ElekSen Ltd.), England",,,,,,not_found,
22586,Vesa Hinkola,Finnish,,1970.0,,Q114645969,matched,Wikidata
22587,Rane Vaskivuori,Finnish,,1967.0,2016.0,Q4355311,matched,Wikidata
22588,Jay Kyu Lee,Korean,Male,1964.0,,Q77353675,matched,Wikidata
22589,Torchco Ltd.,British,,,,,not_found,
22590,"Radice Snc, Italy",,,,,,not_found,
22591,Hajime Sorayama,Japanese,Male,1947.0,,,uncertain,
22592,Albert Nagele,American,Male,1935.0,,,uncertain,
22593,"Motorola, England",,,,,,not_found,
22594,Kimberly J. Holden,American,Female,1966.0,,,not_found,
22595,Gregg A. Pasquarelli,American,Male,1965.0,,Q55219578,matched,Wikidata
22597,"TM, Belgium",,,,,,not_found,
22598,Christopher R. Sharples,American,Male,1963.0,,,not_found,
22599,"Mahakit Rubber Co. Ltd., Thailand",,,,,,not_found,
22614,Annelies De Leede,Nationality unknown,,,,,not_found,
22617,Hani Rashid,Canadian,Male,1958.0,,Q1495293,matched,Wikidata
22618,Lise Anne Couture,Canadian,Female,1959.0,,Q519869,matched,Wikidata
22627,J. S. Anderson,British,,,,Q79459642,matched,Wikidata
22630,Marvin E. Newman,American,Male,1927.0,2023.0,Q6778332,matched,Wikidata
22631,Koji Yamada,Japanese,Male,,,,uncertain,
22660,Ugo Mulas,,Male,1928.0,1973.0,Q2474027,matched,Wikidata
22663,Carel Blazer,,Female,1911.0,1980.0,Q1905558,matched,Wikidata
22667,"Nitto Seimo Co. Ltd., company design",Japanese,,1910.0,,,not_found,
22668,Toyo Tire Cord Co. Ltd.,Japanese,,,,,not_found,
22669,Franz Ackermann,German,Male,1963.0,,Q459421,matched,Wikidata
22672,Ingrid Calame,American,Female,1968.0,,Q19560185,matched,Wikidata
22676,Hendrik Van Keppel,American,Male,1914.0,,,not_found,
22677,Taylor Green,American,,1914.0,,Q114645819,matched,Wikidata
22683,Iran do Espírito Santo,Brazilian,Male,1963.0,,,not_found,
22697,Brad Kahlhamer,American,Male,1956.0,,Q16202663,matched,Wikidata
22701,Olga De Amaral,Colombian,Female,1932.0,,,not_found,
22703,Friederike Gross-Pietsche,,Male,,,,not_found,
22704,Thomas Gardner,,Male,,,,uncertain,
22705,Mark Janson,,Male,,,,uncertain,
22709,Joseph Fenton,,Male,,,,uncertain,
22710,Suzanne Powadiuk,,Female,,,,uncertain,
22713,James Rosen,,Male,,,,uncertain,
22715,Laura Owens,American,Female,1970.0,,Q6499289,matched,Wikidata
22719,Manfred Pernice,German,Male,1963.0,,Q877166,matched,Wikidata
22722,Alessandro Pessoli,Italian,Male,1963.0,,Q43135209,matched,Wikidata
22724,Shirazeh Houshiary,British,Female,1955.0,,Q517651,matched,Wikidata
22731,Timothy Wood,,Male,,,,uncertain,
22732,Peter Waldman,,Male,,,,uncertain,
22733,Peter Carl,,Male,,,,uncertain,
22734,Robert White,,Male,,,,uncertain,
22735,Christopher Chimera,,Male,,,,uncertain,
22738,Nancy Haynes,American,Female,1947.0,,Q21995258,matched,Wikidata
22739,David Jeffrey,American,Male,1956.0,,,uncertain,
22740,Linda Lynch,American,Female,1958.0,,,not_found,
22744,Bruno Rousselot,French,Male,1957.0,,Q2926953,matched,Wikidata
22747,Mark Sheinkman,American,Male,1963.0,,Q6769686,matched,Wikidata
22750,Juul Kraijer,Dutch,Male,1970.0,,Q20078600,matched,Wikidata
22751,Chris Finley,American,Male,1971.0,,,uncertain,
22753,"Richard Meier & Partners, Architects",,,1963.0,,,not_found,
22754,"Richard Meier & Associates, Architects",,,1963.0,,,not_found,
22762,Romain Ruther,,Male,,,,not_found,
22769,Guenther,,,,,,uncertain,
22780,"World Pictures, Copenhagen",,,,,,not_found,
22782,Kolatan / Mac Donald Studio,,,1988.0,,,not_found,
22783,Ayse Sulan Kolatan,American,,1958.0,,,uncertain,
22785,Minsuk Cho,,,,,,uncertain,
22786,Ferda Kolatan,,,,,,not_found,
22787,Chiakai Yang,,,,,,not_found,
22788,Anke Scheren,,,,,,not_found,
22789,Michael Kennedy,,Male,,,,uncertain,
22790,George Grenier III,,Male,,,,not_found,
22791,Joseph Bula,,Male,,,,not_found,
22792,Baine Gaiser,,Male,,,,not_found,
22793,Patrick Kane,,Male,,,,uncertain,
22794,Antonio Palladino,,Male,,,,uncertain,
22795,Teresa Chang,,Female,,,Q114164699,matched,Wikidata
22796,Gayle Tsern,,Female,,,,not_found,
22797,Long Hair George Krausas,,Male,,,,not_found,
22799,Development and Resource Corp.,,,,,,not_found,
22801,Charles Forberg,American,Male,,,,uncertain,
22810,Fred Taylor,,Male,,,,uncertain,
22816,Kahn & Jacobs,,,,,,uncertain,
22825,Art Zaaijer,Dutch,Male,1958.0,,Q97398609,matched,Wikidata
22826,Xaveer de Geijter,Belgian,Male,1957.0,,,not_found,
22827,Georges Heinz,French,Male,1959.0,,,not_found,
22828,Heike Lohmann,German,Female,1960.0,,Q55219259,matched,Wikidata
22829,Alex Wall,American,Male,1948.0,,Q124867192,matched,Wikidata
22830,Christophe Cornubert,American,Male,1963.0,,Q55218422,matched,Wikidata
22831,Ramon Klein,American,Male,1957.0,,,not_found,
22836,Gro Bonesmo,Norwegian,Female,1963.0,,Q136719281,matched,Wikidata
22837,Julien Monfort,French,Male,1968.0,,Q55219418,matched,Wikidata
22838,Yo Yamagata,Japanese,Male,1962.0,,Q117121748,matched,Wikidata
22839,Jeanne Gang,American,Female,1964.0,,Q444257,matched,Wikidata
22840,Chris Dondorp,Dutch,Male,1970.0,,Q117118671,matched,Wikidata
22843,Peter Rice (Ove Arup and Partners),,Male,,,,not_found,
22844,Nikken Sekkei Ltd.,,,,,,not_found,
22845,Renzo Piano Building Workshop,Italian,,1980.0,,,uncertain,
22846,"Eisenman Architects, New York",,,1988.0,,,not_found,
22847,Richard Rosson,,Male,,,Q7328754,matched,Wikidata
22848,Mark Wamble,American,Male,1959.0,,,not_found,
22849,Gregory Merryweather,,Male,,,,not_found,
22850,Nazli Gononsay,,Male,,,,not_found,
22866,Mrs. Truus Schröder-Schräder,,Female,,,,not_found,
22874,"Joel Sanders, Architect",,,,,,not_found,
22875,Ernest Guenzburger,,Male,,,,not_found,
22876,Sean Keller,,Male,1992.0,,Q107044443,matched,Wikidata
22877,Dillon Kyle,,Male,,,,uncertain,
22878,Cary Siress,,,,,,not_found,
22884,Andrew Zago,American,Male,1958.0,,,not_found,
22892,Carlos Leão,,Male,,,,uncertain,
22895,Ernani Vasconcelos,,Male,,,,not_found,
22897,Kevin Roche,American,Male,1922.0,2019.0,Q332610,matched,Wikidata
22899,Paul Schweiker,American,Male,1916.0,,Q117121107,matched,Wikidata
22900,Winston Elting,,Male,,,,not_found,
22921,Franz Schulze,,Male,,,,uncertain,
22935,Matthew Ritchie,British,Male,1964.0,,Q4394991,matched,Wikidata
22936,Darren Almond,British,Male,1971.0,,Q574921,matched,Wikidata
22939,Jim Lambie,Scottish,Male,1964.0,,Q344051,matched,Wikidata
22945,William Sharples,American,Male,1963.0,,,not_found,
22950,Max Lenz,Swiss,Male,1918.0,,,uncertain,
22956,"Martec Engineering Corp., Long Beach, CA",,,,,,not_found,
22959,Nason & Moretti Studio,Italian,,,,,uncertain,
22960,"Symanka Karbaum/Scharf Hagelbergerstr, Berlin",German,,,,,not_found,
22961,"H.E. Lauffer Co., Inc., West Germany (now Germany)",German,,,,,not_found,
22971,Laylah Ali,American,Female,1968.0,,Q16002504,matched,Wikidata
22972,Davor Vrankic,Croatian,Male,1965.0,,Q77348219,matched,Wikidata
22974,Mendell & Oberer,German,,1961.0,,,uncertain,
22975,Klaus Oberer,Swiss,Male,1937.0,,Q23068128,matched,Wikidata
22983,Tacita Dean,British,Female,1965.0,,Q449505,matched,Wikidata
22997,Ibrahim Miranda,Cuban,Male,1969.0,,Q77324925,matched,Wikidata
22999,Sarah Morris,American,Female,1967.0,,Q276113,matched,Wikidata
23001,Pravosudovich,,,,,,uncertain,
23005,James Siena,American,Male,1957.0,,,not_found,
23007,Jessica Stockholder,American,Female,1959.0,,,not_found,
23016,Ken Lum,Canadian,Male,1956.0,,Q2583093,matched,Wikidata
23025,Barbara Ambrosz,Austrian,Female,1972.0,,Q77353350,matched,Wikidata
23026,"Glasatelier Steinschoenau, Austria",Austrian,,,,,not_found,
23029,M & Co Labs,,,,,,not_found,
23035,"Iittala Lasitehdas, Finland",,,,,,not_found,
23036,"XO, France",,,,,,not_found,
23039,"Senken Co. Ltd., Fukui, Japan",,,,,,not_found,
23044,Studio Gruppo 14,Italian,,,,,not_found,
23047,"Fisher-Price Toys Inc., East Aurora, NY",American,,,,,not_found,
23048,"Rosendahl A/S, Lyngby, Denmark",,,,,,not_found,
23052,Anthony Maglica,American,Male,1930.0,,Q573560,matched,Wikidata
23053,"Mag Instrument, Inc., Ontario, CA",American,,1955.0,,,not_found,
23054,"Ranton & Co., United Kingdom",,,,,,not_found,
23056,W. D. Slater,British,,1923.0,,Q77354037,matched,Wikidata
23057,"Nottingham Rehab Ltd., England",,,,,,not_found,
23089,"Pizzi & Pizio, Milan-Rome",Italian,,,,,not_found,
23207,Erich Ludwig Stahl,German,Male,1882.0,1943.0,Q105378126,matched,Wikidata
23208,Eugene Gise,,Male,,,,not_found,
23215,Kunsthandlung Würthle & Sohn,,,,,,not_found,
23216,"Bauhaus, Weimar",,,,,,not_found,
23251,Thomas Leeser,German,Male,1952.0,,Q32541383,matched,Wikidata
23253,Preston Scott Cohen,American,Male,1961.0,,Q7241988,matched,Wikidata
23257,Michael Maltzan,American,Male,1959.0,,Q16957076,matched,Wikidata
23259,UN Studio Van Berkel & Bos,Dutch,,1988.0,,,not_found,
23260,Caroline Bos,Dutch,Female,1959.0,,Q547004,matched,Wikidata
23262,Ronan Bouroullec,French,Male,1971.0,,Q21545139,matched,Wikidata
23263,Erwan Bouroullec,French,Male,1976.0,,Q21544711,matched,Wikidata
23264,Claudy Jongstra,Dutch,Female,1963.0,,Q19059676,matched,Wikidata
23265,"not tom dick & harry, The Netherlands",,,,,,not_found,
23267,Yuh Okano,Japanese,Male,1965.0,,Q55219517,matched,Wikidata
23268,"Daito Pleats Co., Gumma, Japan",,,,,,not_found,
23270,Henk Stallinga,Dutch,Male,1962.0,,Q15430198,matched,Wikidata
23271,"Stallinga BV, The Netherlands",,,,,,not_found,
23279,"Lindner GmbH, Bamberg, Germany",,,,,,not_found,
23294,"Cutco Division, The Aluminum Cooking Utensil Co., New Kensington, PA",,,,,,not_found,
23300,Aleksandr Andreev,,Male,1879.0,1971.0,Q3609491,matched,Wikidata
23302,A. A. Nikolaev,,,,,,not_found,
23303,N. M. Siniagin,,,,,,not_found,
23304,Liudmila Shmit-Ryzhova,,Female,,,,not_found,
23305,Evgenii Vashchenko,,Male,,,,not_found,
23308,Unknown Artists,,,,,,not_found,
23313,Boris Anisfeld,,Male,1878.0,1973.0,Q1961456,matched,Wikidata
23314,Vladimir Chembers,,Male,,,,not_found,
23316,Aleksandr Iakovlev,,Male,,,,uncertain,
23317,Sergei Sudeikin,,Male,,,,not_found,
23323,Russian Book Collection,,,,,,uncertain,
23327,Iosif Shkol'nik,,Male,,,,not_found,
23330,"Daum, France",,,,,,not_found,
23340,"Standard Möbel, Germany",,,,,,not_found,
23344,"Silicon Systems, Inc.",American,,,,,not_found,
23346,Spencer Silver,American,Male,1941.0,2021.0,Q7576179,matched,Wikidata
23348,Pehr-Olof Nystrom,Finnish,Male,,,Q79461959,matched,Wikidata
23349,Unknown Designer,Finnish,,,,,not_found,
23350,"AB Gustavsberg, Sweden",Swedish,,,,,not_found,
23353,Georgii Iakulov,,Male,,,,not_found,
23355,Vasyl' Krychevs'kyi,,Male,,,,not_found,
23361,Weber,Nationality unknown,,,,,uncertain,
23368,Anonymous Child,,,,,,not_found,
23370,Nadezhda Burliuk,,Female,,,,not_found,
23371,A. Gribatnikov,,,,,,not_found,
23372,Nikolai Grigoriev,,Male,1890.0,1943.0,Q48953976,matched,Wikidata
23373,I. Mikhel'son,,,,,,not_found,
23374,N. Semenov,,,,,,not_found,
23383,G. Robz,Russian,,,,Q79461121,matched,Wikidata
23384,Marianna Erlikh,,Female,,,,uncertain,
23386,Nadezhda Liubavina,,Female,,,,uncertain,
23390,Unknown Artist,Nationality Unknown,,,,Q138222591,matched,Wikidata
23392,Karin Apollonia Müller,German,Female,1963.0,,Q55219448,matched,Wikidata
23397,P. Bakharev,Russian,,,,,uncertain,
23398,Nina Kul'bina,,Female,,,,not_found,
23399,V. Ul'ianishchev,,,,,,not_found,
23402,Craigie Horsfield,British,Male,1949.0,,Q3002078,matched,Wikidata
23404,Sandro Fazini,,Male,,,,not_found,
23416,Jose Burges,American,Male,1971.0,,,not_found,
23417,Robert Delgado,American,Male,1971.0,,Q27970376,matched,Wikidata
23419,Nelson Montes,American,Male,1972.0,,,uncertain,
23420,Carlos Rivera,American,Male,1971.0,,,uncertain,
23430,Laguiole,,,,,,uncertain,
23443,Fedor Platov,,Male,,,,not_found,
23446,Georgii Zolotukhin,,Male,,,,not_found,
23448,Aleksandr Lopukhin,,Male,,,,uncertain,
23451,Georgii Narbut,,Male,,,,not_found,
23457,Gushchin Nikolai,,,,,,not_found,
23461,Aleksei Den'shin,,Male,,,,uncertain,
23468,Ivan Padalka,,Male,1894.0,1937.0,Q12137432,matched,Wikidata
23471,Aleksei Grishchenko,,Male,,,,uncertain,
23473,David Shterenberg,,Male,,,,not_found,
23480,Leonid Golubev-Bagriaporobnii,,Male,,,,uncertain,
23485,Vera Mukhina,,Female,1889.0,1953.0,Q234601,matched,Wikidata
23495,Ekaterina Turova,,Female,,,,uncertain,
23505,Sergei Makletsov,,Male,,,,uncertain,
23506,E. Ravdel,,,,,,not_found,
23507,A. Slavin,,,,,,not_found,
23508,N. Tsitskovskii,,,,,,not_found,
23509,Vitalii Usenko,,Male,,,,uncertain,
23516,Volodymyr Bobryts'kyi,,Male,,,,uncertain,
23518,Volodymyr Diakov,,Male,,,,not_found,
23520,Aleksandr Gladkov,,Male,,,,uncertain,
23521,Borys Kosariev,,Male,,,,not_found,
23523,Miankal',,,,,,not_found,
23524,Mykola Myshchenko,,,,,,uncertain,
23526,Boeslav Tsybys,,Male,,,,not_found,
23529,Vasilii Katanian,,Male,,,,not_found,
23530,Sigizmund Valishevskii,,Male,,,,not_found,
23540,Vadim Falileev,,Male,,,,not_found,
23546,Norsaki Yokosuka,Japanese,Male,,,,not_found,
23568,Valentina Khodasevich,,Female,,,,not_found,
23588,N. K.,,,,,,uncertain,
23592,Atelier Müller-Brockmann,,,,,Q79460833,matched,Wikidata
23599,Petr Konchalovskii,,Male,,,,not_found,
23600,Aleksei Morgunov,,Male,,,,not_found,
23601,N. Rozenfel'd,,,,,,not_found,
23602,Svetlov,,,,,,uncertain,
23604,Viacheslav Ivanov,,,,,,uncertain,
23608,Mykola Kalmykov,,,,,,not_found,
23609,Vasyl' Picheta,,Male,,,,not_found,
23614,Mikhail Kalashnikov,,Male,,,,uncertain,
23615,Il'ia Rogovin,,Female,,,,not_found,
23616,T. Balaginaia,,,,,,uncertain,
23618,Liverii Bazankur,,,,,,uncertain,
23628,Hryhorii Bondarenko,,Male,1892.0,1969.0,Q4093195,matched,Wikidata
23633,Georgii Echeistov,,Male,,,,not_found,
23635,Boris Erdman,,Male,,,,not_found,
23647,Howard York,,Male,,,,not_found,
23649,Art Goodman,,Male,,,,not_found,
23655,D. P. Gordeev,,,,,,not_found,
23667,Vasilii Komardenkov,,Male,,,,uncertain,
23668,Mikhail Gerasimov,,Male,,,,uncertain,
23672,Weider,,,,,,uncertain,
23699,N. Bugoslavskaia,,,,,,not_found,
23700,D. El'kina,,,,,,not_found,
23701,A. Kurskaia,,,,,,not_found,
23703,Aleksandr Volkov,,Male,,,,uncertain,
23704,Vera Aleksandrova,,Female,,,,uncertain,
23712,Aleksandr Labas,,Male,1900.0,1983.0,Q4251819,matched,Wikidata
23713,Marko Kyrnars'kyi,,Male,,,,uncertain,
23718,Ben-Zion Tsukherman,,Male,,,,not_found,
23720,Grigorii Miller,,Male,,,,uncertain,
23725,Illarion Pleshchinskii,,Male,,,,uncertain,
23736,Adol'f Strakhov,,Male,,,,uncertain,
23737,Unknown Author,,,,,,not_found,
23744,A. Vabbe,,,,,,uncertain,
23746,M. Andreevskaia,,,,,,not_found,
23747,D. Fedorov,,,,,,not_found,
23749,Vera Vil'koviskaia,,Female,,,,not_found,
23750,N. S. Shikalov,,,,,,not_found,
23753,Ivan Bilibin,,Male,1876.0,1942.0,Q312024,matched,Wikidata
23754,Leonid Brailovskii,,Male,,,,not_found,
23755,L. E. Chirikov,,,,,,not_found,
23756,Boris Kustodiev,,Male,1878.0,1927.0,Q313275,matched,Wikidata
23757,Georgi Shlikht,,Male,,,,not_found,
23760,Boris Zenkevich,,Male,,,,uncertain,
23764,Mikhail Babenchikov,,Male,,,,not_found,
23766,Aleksandr Arnshtam,,Male,,,,not_found,
23770,Aleksei Baev,,Male,,,,uncertain,
23772,Elena Bedumovaia,,Female,,,,uncertain,
23779,Iurii Cherkesov,,Male,,,,not_found,
23797,N. Istselennov,,,,,,uncertain,
23810,"Vserossiiskii soiuz poetov, Moscow",,,,,,not_found,
23819,David Bergelson,,Male,,,,uncertain,
23820,Dvorye Chorol,,,,,,not_found,
23831,Vasilii Masiutin,,Male,,,,not_found,
23836,Iukhym Mykhailiv,,Male,,,,uncertain,
23837,Viacheslav Pakulin,,Male,,,,uncertain,
23839,Sergei Poliakov,,Male,,,,not_found,
23842,Mykhailo Semenko,,Male,,,,uncertain,
23843,Oleh Shymkov,,,,,,not_found,
23845,Mikhail Sokolov,,Male,,,,uncertain,
23851,N. Borovkov,,,,,,not_found,
23852,A. Nikitin,,,,,,not_found,
23853,V. Zhmurov,,,,,,not_found,
23857,Vera Pestel,,Female,1887.0,1952.0,Q15079457,matched,Wikidata
23858,Sergei Romanovich,,Male,,,,uncertain,
23865,Marko Epshtein,,Male,,,,uncertain,
23866,Grigorii Roze,,Male,,,,not_found,
23876,Liubov' Kozintseva,,Male,,,,uncertain,
23887,"Quaintance Fabrics, New York, NY",,,,,,not_found,
23888,Henke Meller,,Male,,,,uncertain,
23891,Vadym Meller,,Male,1884.0,1962.0,Q1377165,matched,Wikidata
23894,Carlo Gozzi,,Male,,,,uncertain,
23895,Georgii Noskov,,Male,,,,uncertain,
23897,A. Paramonov,,,,,,uncertain,
23918,P. S. Chichkanov,,,,,,not_found,
23919,E. S. Samorodov,,,,,,not_found,
23920,V. I. Ter-Pogosov,,,,,,not_found,
23925,Serhii Borovyi,,,,,,uncertain,
23932,Boris Ender,,Male,1893.0,1960.0,Q4531825,matched,Wikidata
23933,Beno Gordeziani,,Male,1894.0,1975.0,Q30610315,matched,Wikidata
23944,Anna Ostroumova-Lebedeva,,Female,1871.0,1955.0,Q562945,matched,Wikidata
23947,Sergei Pozharskii,,Male,,,,not_found,
23948,V. I. Pozharskii,,,,,,not_found,
23951,L. Ridiger,,,,,,uncertain,
23980,Galina Chichagova,,Female,,,,uncertain,
23981,Olga Chichagova,,Female,,,,uncertain,
23983,Grigorii Zimin,,Male,,,,uncertain,
23988,K.E.B.,,,,,,uncertain,
23994,Vladimir Egorov,,Male,,,,uncertain,
23995,P.A.F.,,,,,,uncertain,
23996,Vladimir Favorskii,,Male,,,,not_found,
23998,Petr Galadzhev,,Male,,,,not_found,
24000,L. Horokh,,,,,,uncertain,
24001,Vladimir Izenberg,,Male,,,,uncertain,
24004,Valentina Kulagina-Klutsis,,Female,,,,not_found,
24008,D. M.,,,,,,uncertain,
24010,Ivan Manatiev,,Male,,,,uncertain,
24014,V. Gruental,,,,,,not_found,
24015,V. Kovrigin,,,,,,not_found,
24016,V. M. Elin,,,,,,uncertain,
24018,Aleksandr Liubimov,,Male,,,,uncertain,
24024,F.P.K.,,,,,,uncertain,
24026,Ser-Gei [Sergei Skripitsyn],,Male,,,,not_found,
24029,Il'ia Mashkov,,Female,,,,not_found,
24045,Boris Titov,,Male,,,,uncertain,
24048,Iurii Sadylenko,,Male,,,,uncertain,
24049,O. Ruban,,,,,,uncertain,
24063,B. Timov,,,,,,uncertain,
24072,G. Riftin,,,,,,uncertain,
24073,Aleksei Levin,,Male,,,,uncertain,
24076,Leonid Khyzhins'kyi,,Male,,,,uncertain,
24080,Gennadii Epifanov,,Male,,,,uncertain,
24082,Valerian Dvorakovskii,,Male,,,,uncertain,
24085,E. A. Brylov,,,,,,uncertain,
24086,Aleksandr Tyshler,,Male,1898.0,1980.0,Q4467231,matched,Wikidata
24089,Sophie Lissitsky,,Female,,,,not_found,
24090,Evgenii Goliakhovskii,,Male,,,,not_found,
24094,Nikolai Denisovskii,,Male,,,,uncertain,
24098,A. Smolianskii,,,,,,uncertain,
24100,A. Radishchev,,,,,,uncertain,
24101,Sofiia Nalepins'ka,,Female,,,,not_found,
24103,Vasyl' Kasiian,,Male,,,,not_found,
24106,L. Epple,,,,,,uncertain,
24107,B. Zhukov,,,,,,uncertain,
24109,M. A. Zelikson,,,,,,uncertain,
24117,Ivan Rerberg,,Male,,,,uncertain,
24125,Grigorii Gidoni,,Male,,,,uncertain,
24126,Moisei Fradkin,,Male,1904.0,1974.0,Q4492295,matched,Wikidata
24130,Ir Shtemberg,,,,,,uncertain,
24131,Vasyl' Sedliar,,Male,,,,not_found,
24142,K. A. Aivazovskii,Russian,,,,,uncertain,
24144,Boris Voronetskii,,Male,,,,uncertain,
24145,Leonid Akishin,,Male,,,,not_found,
24146,David Buryshkin,,Male,,,,uncertain,
24147,The Decorative Arts Institute,,,,,,not_found,
24148,Duplitskii,,,,,,not_found,
24149,Izoram,,,,,,not_found,
24150,Sarra Lebedeva,,Female,1892.0,1967.0,Q4255842,matched,Wikidata
24151,The October Brigade,,,,,,not_found,
24153,N. A. Trotskii,,,,,,not_found,
24162,Nisson Shifrin,Russian,Male,1892.0,1961.0,Q4524601,matched,Wikidata
24163,Ia Rudens'kyi,,,,,,uncertain,
24164,G. Roslov,,,,,,uncertain,
24173,V. A. Horovyts,,,,,,not_found,
24174,H. S. Hural'nik,,,,,,not_found,
24178,Boris Fridkin,,Male,,,,uncertain,
24180,Georgii Fisher,,Male,,,,uncertain,
24181,Leonid Zusman,,Male,1906.0,1984.0,Q18634359,matched,Wikidata
24183,K. Zotov,,,,,,uncertain,
24184,Various Unknown Artists,,,,,,not_found,
24186,El'brus Gutnov,,,,,,uncertain,
24187,N. Spirov,,,,,,not_found,
24189,I. Roginskii,,,,,,not_found,
24204,Aleksandr Surikov,,Male,,,,uncertain,
24210,Bor. R.,,,,,,not_found,
24211,Anatol' Petryts'kyi,,Male,,,,uncertain,
24214,Tat'iana Mavrina,,Female,,,,not_found,
24215,Evgen Mei,,Male,,,,uncertain,
24216,G. Krastashevskii,,,,,,uncertain,
24223,P. Kharybin,,,,,,uncertain,
24227,A. Karra,,,,,,uncertain,
24230,Nikolai Il'in,,Male,,,,uncertain,
24231,E. Shol'te,,,,,,uncertain,
24237,Mecheslav Dobrokovskii,,,,,,uncertain,
24246,V. Vorus'kii,,,,,,not_found,
24247,Aleksandr Deneika,,Male,,,,not_found,
24255,Oleksii Usachov,,Male,,,,uncertain,
24257,Evgeniia Evenbakh,,Female,,,,not_found,
24260,Andronova,,,,,,uncertain,
24261,Raspopina,,,,,,not_found,
24262,Sigina,,,,,,not_found,
24265,Mikhail Maslianenko,,Male,,,,uncertain,
24268,M. Litvak,,,,,,uncertain,
24276,Konstantin Rotov,,Male,1902.0,1959.0,Q4398653,matched,Wikidata
24280,Valentin Kataev,,Male,,,,uncertain,
24285,Georgii Tsapok,,Male,,,,uncertain,
24286,I. Shlepianov,,,,,,uncertain,
24295,G. I. Geronskii,,,,,,not_found,
24300,I. Sunderland,,,,,,uncertain,
24331,Dmitrii Sobolev,,Male,,,Q134413959,matched,Wikidata
24332,Mykhailo Shcheglov,,Male,,,,uncertain,
24342,Zinovii Gorbovets,,,,,,uncertain,
24343,Evgenii Lansere,,,,,,not_found,
24344,A. Rozanova,,,,,,uncertain,
24346,B. K.,,,,,,uncertain,
24350,Iu Kri'd'n,,,,,,uncertain,
24365,Oleksii Marenkov,,Male,,,,uncertain,
24369,P. Moskalenko,,,,,,uncertain,
24370,Otakar Mrkvicki,,Male,,,,not_found,
24378,"Proletkult, Leningrad",,,,,,not_found,
24385,Aleksandr Deineka,,Male,,,,not_found,
24386,Elizaveta Dorfman,,Female,1899.0,1942.0,Q4167123,matched,Wikidata
24387,B. Tatarinov,,,,,,not_found,
24388,Mykola Kriukov,,,,,,uncertain,
24389,R. Kh.,,,,,,uncertain,
24391,M. Kraian,,,,,,uncertain,
24393,Vera Ivanova,,Female,,,,uncertain,
24395,Andrei Gippius,,Male,,,,uncertain,
24401,Georges Blanc,French,Male,,,,uncertain,
24409,Various Artists,,,,,,uncertain,
24417,Vasyl' Atamaniuk,,Male,,,,not_found,
24426,K. Turganov,,,,,,uncertain,
24434,Wenda Gu,Chinese,Male,1955.0,,,not_found,
24440,M. E.,,,,,,uncertain,
24441,E. S. Minin,,,,,,uncertain,
24452,Sigurd Lewerentz,Swedish,Male,,,,uncertain,
24453,Vladimir Roskin,,Male,,,,uncertain,
24456,E. Rozhdestvenskaia,,,,,,uncertain,
24458,Reinhard & Hofmeister,American,,,,,uncertain,
24459,Olga Deineko,,Female,1897.0,1970.0,Q22673054,matched,Wikidata
24467,A. Gromov,,,,,,not_found,
24469,L. Shteiner,,,,,,uncertain,
24471,K. Kuznetsov,,,,,,not_found,
24472,Pavel Sil'vanskii,,Male,,,,uncertain,
24478,Evgeniia Spas'ka,,Female,,,,uncertain,
24486,Aleksei Radakov,,Male,,,,not_found,
24487,B. Popov,,,,,,not_found,
24488,Ilya Repin,,Male,1844.0,1930.0,Q172911,matched,Wikidata
24489,V. Zamiralio,,,,,,not_found,
24503,Oleksandr Dovgal',,Male,,,,not_found,
24504,Mariia Kotliarevs'ka,,Female,,,,not_found,
24506,I. I. Brodskii,,,,,,not_found,
24507,A. Fedorski,,,,,,not_found,
24513,Vs. Filippov,,,,,,not_found,
24514,N. Shebuev,,,,,,uncertain,
24522,Meer (Mark) Aksel'rod,,Male,,,,not_found,
24524,N. Golubchikov,,,,,,not_found,
24532,Adolf Navara,Czech,Male,,,,uncertain,
24542,Vladimir Roberg,,Male,,,,not_found,
24547,Lev Kaplan,,,,,,not_found,
24554,Vitalii Lavrov,,Male,,,,uncertain,
24557,Evgenii Nekrasov,,,,,,not_found,
24558,Mykola Pavliuk,,,,,,uncertain,
24568,Nikolai Alekseev,,Male,,,,uncertain,
24572,Gregor Schneider,German,Male,1969.0,,Q317838,matched,Wikidata
24583,Vasili Elkin,,Male,,,,not_found,
24594,J. Jay Hirz,American,,,,,uncertain,
24598,Paul Parker,American,Male,,,,uncertain,
24619,Flex Development B.V.,Dutch,,1988.0,,,uncertain,
24620,"Cleverline, the Netherlands",,,,,,not_found,
24627,Jürgen Mayer H.,German,Male,1965.0,,,not_found,
24628,Sebastian Finckh,German,Male,1963.0,,Q55218691,matched,Wikidata
24636,Elena Bortsova,,Female,,,,not_found,
24637,Tat’iana Glebova,,Female,,,,not_found,
24638,Nina Ivanova,,Female,1919.0,1974.0,Q4196426,matched,Wikidata
24639,Efraim Lesov,,Male,,,,not_found,
24640,Mikhail Makarov,,Male,,,,uncertain,
24641,Vladimir Meshkov,,Male,1919.0,2012.0,Q4292474,matched,Wikidata
24642,Alisa Poret,,Female,1902.0,1984.0,Q4372972,matched,Wikidata
24643,Nina Soboleva,,Female,,,,not_found,
24644,Liubov’ Tagrina,,,,,,not_found,
24645,Mikhail’ Tsybasov,,Male,,,,not_found,
24646,Konstantin Vakhremeev,,Male,,,,not_found,
24647,Sofia Zaklikovskaia,,Female,,,,not_found,
24648,Pavel Zal’tsman,,Male,,,,not_found,
24649,Collective of Masters of Analytical Art-Pavel Filonov’s School,,,,,,not_found,
24658,"S.A. Loevy, Berlin, Germany",,,,,,not_found,
24669,Henry Ehlers,German,Male,1897.0,1988.0,Q1606699,matched,Wikidata
24697,Tokujin Yoshioka,Japanese,Male,1967.0,,Q4053785,matched,Wikidata
24704,Pandora Design,Italian,,1998.0,,,uncertain,
24705,Giulio Iacchetti,Italian,Male,1966.0,,Q19798893,matched,Wikidata
24706,Matteo Ragni,Italian,Male,1972.0,,Q55219670,matched,Wikidata
24707,J. T. Snyder,,,,,,uncertain,
24714,Gustave Falconnier,Swiss,Male,1845.0,1913.0,Q15818696,matched,Wikidata
24729,"Toscano Manetti, Florence",,,,,,not_found,
24761,Atelier VNC,,,,,,not_found,
24770,Miriam Bäckström,Swedish,Female,1967.0,,Q4941479,matched,Wikidata
24771,Oliver Boberg,German,Male,1965.0,,Q97754,matched,Wikidata
24772,Edward Burtynsky,Canadian,Male,1955.0,,Q967163,matched,Wikidata
24775,M. Brodskii,,,,,,uncertain,
24777,Maria Magdalena Campos-Pons,Cuban,Female,1959.0,,,not_found,
24801,Paul Etienne Lincoln,British,Male,1959.0,,Q55219245,matched,Wikidata
24859,Elinor Carucci,Israeli,Female,1971.0,,Q5361140,matched,Wikidata
24860,"Willys-Overland Motors, Inc., Toledo, Ohio",American,,1909.0,,,not_found,
24863,"Micro Compact Car Smart GmbH, Renningen, Germany, and Hambach, France",,,1994.0,,,not_found,
24866,"Volkswagenwerk, Germany",German,,1938.0,,,not_found,
24869,Yinka Shonibare,British,Male,1962.0,,Q4526104,matched,Wikidata
24881,George Mejat / Movietone News / Twentieth Century Fox,,,,,,not_found,
24885,John Waters,American,Male,1946.0,,Q314926,matched,Wikidata
24893,"Volkswagenwerk AG, Wolfsburg, West Germany",,,,,,not_found,
24938,"La Civiplast S.n.c. di Vittorio e Ciro Boschetti, Malgesso, Italy",,,,,,not_found,
25074,N. Danylov,,,,,,uncertain,
25098,"Futuristy ""Gileia"", Moscow-Kherson",,,,,,error,
25104,"Wiener Porzellanmanufaktur Josef Böck (Josef Böck Porcelain Factory, Vienna)",,,,,,not_found,
25167,"J. Powell & Sons, London",,,,,,not_found,
25181,Michaël Borremans,Belgian,Male,1963.0,,Q284808,matched,Wikidata
25182,Mark Manders,Dutch,Male,1968.0,,Q826213,matched,Wikidata
25189,Ernesto Neto,Brazilian,Male,1964.0,,,not_found,
25190,Chloe Piene,American,Female,1972.0,,,not_found,
25254,Mei-mei Berssenbrugge,,Female,1947.0,,Q6809914,matched,Wikidata
25298,Reinhard Mucha,German,Male,1950.0,,Q2140886,matched,Wikidata
25299,Chéri Samba,Congolese,Male,1956.0,,Q2617109,matched,Wikidata
25412,Ryan McGinness,American,Male,1972.0,,Q7384311,matched,Wikidata
25414,Julie Mehretu,American,Female,1970.0,,Q447568,matched,Wikidata
25415,Roxy Paine,American,Male,1966.0,,Q6032604,matched,Wikidata
25430,Jason Middlebrook,American,Male,1966.0,,,uncertain,
25444,G. L. Kuz'min,,,,,,not_found,
25465,Huang Yong Ping,Chinese,Male,1954.0,,,not_found,
25480,Daniel Zeller,American,Male,1965.0,,Q77348192,matched,Wikidata
25515,Joey Kötting,British,Male,1966.0,,Q55219156,matched,Wikidata
25520,Jerome Neuner,American,Male,1945.0,,,not_found,
25523,Yoshitomo Nara,Japanese,Male,1959.0,,Q2015324,matched,Wikidata
25552,Gilbert Proesch,British,Male,1943.0,,,not_found,
25577,Robert Beck,American,Male,1959.0,,,uncertain,
25581,Jonathan Hammer,American,Male,1960.0,,,not_found,
25582,Arturo Herrera,Venezuelan,Male,1959.0,,Q4532609,matched,Wikidata
25599,Denise Green,Australian,Female,1946.0,,Q20856724,matched,Wikidata
25817,Walter Hopps,,Male,,,,uncertain,
25826,"Pyghtle Works, Bedford, England",,,,,,not_found,
25842,"Eileen Gray Workshop, Paris, France",,,,,,not_found,
25843,Jonathan Ive,British,Male,1967.0,,,not_found,
25964,Marlon Castellanos,Cuban,Male,1974.0,,Q21287791,matched,Wikidata
25965,Sandra Ramos,Cuban,Female,1969.0,,Q22279899,matched,Wikidata
25966,"John F. Simon, Jr.",American,Male,1963.0,,,not_found,
25967,Ruth Root,American,Female,1967.0,,Q7383192,matched,Wikidata
25973,Paul Noble,British,Male,1963.0,,Q4321813,matched,Wikidata
25977,Jessica Diamond,American,Female,1957.0,,Q19532858,matched,Wikidata
25982,Olafur Eliasson,Icelandic,Male,1967.0,,,not_found,
25983,Rodney Graham,Canadian,Male,1949.0,2022.0,Q320241,matched,Wikidata
26078,Alex Gama,Brazilian,Male,1950.0,,Q21454353,matched,Wikidata
26079,Yun-Fei Ji,Chinese,Male,1963.0,,Q8061172,matched,Wikidata
26097,Kim Young Jin,Korean,Male,1965.0,,Q77353757,matched,Wikidata
26098,GrandTec USA,,,,,,not_found,
26099,Markus Freitag,Swiss,Male,1971.0,,,uncertain,
26100,Daniel Freitag,Swiss,Male,1972.0,,,uncertain,
26101,"Freitag, Zurich, Switzerland",Swiss,,,,,not_found,
26103,Thomas Scheibitz,German,Male,1968.0,,Q879603,matched,Wikidata
26109,unpublished,,,,,,not_found,
26125,G. Schleicher,,,,,,not_found,
26132,Wetzel,,,,,,uncertain,
26133,Schuhmacher,,,,,,uncertain,
26145,Robert James Leonetti,American,Male,1965.0,,,not_found,
26152,James Dyson,British,Male,1947.0,,Q1346101,matched,Wikidata
26153,"Dyson Ltd., England",,,1993.0,,,not_found,
26155,Fernando Bryce,Peruvian,Male,1965.0,,Q3069438,matched,Wikidata
26156,npk industrial design b.v.,Dutch,,1979.0,,,uncertain,
26158,Wolfram Peters,Dutch,Male,1952.0,,Q111354081,matched,Wikidata
26159,Robert Sluijter,Dutch,Male,1967.0,,,not_found,
26160,Janwillem Bouwknegt,Dutch,,1973.0,,Q130094084,matched,Wikidata
26161,Camille van den Brande,Dutch,Female,1966.0,,,not_found,
26162,Paul Groeneveld,Dutch,Male,1974.0,,,not_found,
26163,Dremefa b.v.,Dutch,,,,,not_found,
26169,Ginny Bishton,American,Female,1967.0,,Q23068020,matched,Wikidata
26171,George Dodson,,Male,,,,uncertain,
26178,Kai Althoff,German,Male,1966.0,,Q443641,matched,Wikidata
26194,"Bauhaus Furniture Workshop, Dessau, Germany",,,,,,not_found,
26195,Charles LeDray,American,Male,1960.0,,,not_found,
26215,Susan Hambleton,American,Female,1940.0,,,not_found,
26216,Sang-Ah Choi,Korean,Female,1971.0,,Q77353191,matched,Wikidata
26218,Benjamin Edwards,American,Male,1970.0,,,uncertain,
26244,Abel Barroso,Cuban,Male,1971.0,,,not_found,
26245,Pierre Huyghe,French,Male,1962.0,,Q1370630,matched,Wikidata
26246,Michael Raedecker,Dutch,Male,1963.0,,Q3298636,matched,Wikidata
26247,Angela Bulloch,Canadian,Female,1966.0,,Q532361,matched,Wikidata
26263,"Duracell International Inc., Bethel, Connecticut",American,,1944.0,,,not_found,
26271,Vladimir Borissovitch Yankilevsky,Russian,,1938.0,,,not_found,
26276,"W. H. Gispen & Company, Denmark",Dutch,,1916.0,,,not_found,
26279,Björn Roth,,Male,1961.0,,Q63284619,matched,Wikidata
26287,Oswald Wiener,,,1935.0,2021.0,Q45363,matched,Wikidata
26336,Robin Page,British,Male,1932.0,2015.0,Q1720334,matched,Wikidata
26359,John Wood,American,Male,1922.0,,,uncertain,
26361,Jesse Reiser,American,Male,1958.0,,Q55219683,matched,Wikidata
26362,Nanako Umemoto,American,Female,,,,uncertain,
26363,Reiser + Umemoto RUR Architecture PC,American,,1986.0,,,not_found,
26369,Mako Idemitsu,Japanese,Female,1940.0,,Q18619304,matched,Wikidata
26370,Li Yongbin,Chinese,Female,1963.0,,Q77350318,matched,Wikidata
26371,Kristin Lucas,American,Female,1968.0,,Q20657131,matched,Wikidata
26374,Edin Vélez,American,Male,1951.0,,,not_found,
26375,Zhang Peili,Chinese,Male,1957.0,,Q56248351,matched,Wikidata
26382,Marco Maggi,Uruguayan,Male,1957.0,,Q3290114,matched,Wikidata
26393,Greg Lynn,American,Male,1964.0,,Q513374,matched,Wikidata
26398,United Architects,American,,2002.0,,,uncertain,
26402,Imaginary Forces,American,,1996.0,,,uncertain,
26418,Critical Art Ensemble,American,Male,1987.0,,,uncertain,
26421,Louise Wilson,British,Female,1967.0,,Q53530907,matched,Wikidata
26424,Jane Wilson,British,Female,1967.0,,Q21531712,matched,Wikidata
26439,Marina Abramović,Yugoslav,Female,1946.0,,Q47496,matched,Wikidata
26440,Seoungho Cho,Korean,Male,1959.0,,Q77350368,matched,Wikidata
26441,Paul Pfeiffer,American,Male,1966.0,,Q4384934,matched,Wikidata
26442,Piotr Wyrzykowski,Polish,Male,1968.0,,Q11818257,matched,Wikidata
26444,Cedric Buchet,Danish,Male,1974.0,,Q117118242,matched,Wikidata
26446,Simone Nieweg,German,Female,1962.0,,Q50355301,matched,Wikidata
26464,Eija-Liisa Attilah,,,,,,not_found,
26465,Josiah McElheny,American,Male,1966.0,,Q6290569,matched,Wikidata
26470,Alejandro Ruiz,Argentine,Male,1958.0,,Q77353294,matched,Wikidata
26479,Valérie Belin,French,Female,1964.0,,Q3554232,matched,Wikidata
26480,Collier Schorr,American,Female,1963.0,,Q5147176,matched,Wikidata
26482,"Alex Moulton Bicycles, England",British,,1958.0,,,not_found,
26488,David Childs,American,Male,1941.0,2025.0,Q1173984,matched,Wikidata
26491,Francesco Binfaré,Italian,Male,1939.0,,Q55218049,matched,Wikidata
26492,"Edra S.p.A., Italy",Italian,,1987.0,,,not_found,
26508,Philip Johnson / Alan Ritchie Architects,American,,,,,not_found,
26512,Claude Closky,French,Male,1963.0,,Q578232,matched,Wikidata
26516,Robert Polidori,Canadian,Male,1951.0,,Q365637,matched,Wikidata
26520,Denier Studio,,,,,,uncertain,
26523,Evelene Wechsler,American,Female,,,,not_found,
26529,John L. Dunmore,American,Male,,,,not_found,
26540,Martin Roberts,British,,1943.0,,,uncertain,
26542,Cheryl Donegan,American,Female,1962.0,,Q16194518,matched,Wikidata
26543,Peter Callas,Australian,Male,1952.0,,Q20016484,matched,Wikidata
26544,John Pilson,American,Male,1968.0,,,not_found,
26545,Melinda Morey,American,Female,1963.0,,,not_found,
26557,Robert P. Tennant,American,,1948.0,,,not_found,
26589,Bob Olodort,American,Male,1946.0,,,not_found,
26601,Gerhard Behrend,,Male,,,Q22712794,matched,Wikidata
26607,Fred Wilson,American,Male,1954.0,,,uncertain,
26613,Clint Eastwood,American,Male,1930.0,,Q43203,matched,Wikidata
26616,Leandro Katz,Argentine,,1938.0,,Q6509683,matched,Wikidata
26617,Álvaro Barrios,Colombian,Male,1945.0,,Q9098179,matched,Wikidata
26620,Regina Silveira,Brazilian,Female,1939.0,,Q4419149,matched,Wikidata
26626,Francis Ford Coppola,American,Male,1939.0,,Q56094,matched,Wikidata
26632,Fabrice Hybert,French,Male,1961.0,,,not_found,
26637,Glen Luchford,British,Male,1968.0,,Q4140847,matched,Wikidata
26658,Martin Scorsese,American,Male,1942.0,,Q41148,matched,Wikidata
26661,Agnès Varda,French,Female,1928.0,2019.0,Q229990,matched,Wikidata
26678,Grace Note Windchimes,,,,,,not_found,
26679,Jeff Kile,,Male,,,,not_found,
26680,"Jakob Schläpfer AG, St.Gallen",,,,,,not_found,
26684,Moshekwa Langa,South African,Male,1975.0,,Q22237568,matched,Wikidata
26685,Verne Dawson,American,Male,1961.0,,,not_found,
26686,Sid Kaplan,American,Male,1938.0,,,not_found,
26690,Hanna Schygulla,German,Female,1943.0,,Q28921,matched,Wikidata
26737,Todd Greene,American,Male,1967.0,,,uncertain,
26738,"The HeadBlade Company, LLC, Los Angeles, CA",American,,2000.0,,,not_found,
26740,Dinh Q. Lê,American,Male,1968.0,2024.0,Q3248362,matched,Wikidata
26770,José Antonio Suárez Londoño,Colombian,Male,1955.0,,Q5938141,matched,Wikidata
26772,Warner Bros. Records,,,1958.0,,,uncertain,
26783,Alan Ritchie,American,Male,1938.0,,,uncertain,
26808,Giorgio DeCurso,Italian,,1927.0,,Q38248983,matched,Wikidata
26816,"Idée (Kurosaki Trading Company), Japan",,,,,,not_found,
26820,"Piaggio S.p.A., Pontedera, Italy",Italian,,1884.0,,,not_found,
26838,Hugo Dreyfuss,,Male,1910.0,2007.0,Q79461257,matched,Wikidata
26839,Fang Lijun,Chinese,Male,1963.0,,Q947892,matched,Wikidata
26840,Boris Berlin,Danish,Male,1953.0,,,uncertain,
26841,Poul Christiansen,Danish,,1947.0,,Q77386697,matched,Wikidata
26842,Komplot Design,Danish,,1987.0,,,uncertain,
26850,"Weiss/Manfredi Architects, New York, NY",,,,,,not_found,
26852,Carme Pinos,Spanish,Female,1954.0,,,not_found,
26859,Adriaan Geuze,Dutch,Male,1960.0,,Q367547,matched,Wikidata
26860,"James Corner, Field Operations, New York",,,,,,not_found,
26866,Chris Johanson,American,Male,1968.0,,Q5107013,matched,Wikidata
26867,Paul Chan,Chinese,Male,1973.0,,Q18631656,matched,Wikidata
26883,"Unimark International Corporation, New York",American,,1964.0,,,not_found,
26884,Hong Hao,Chinese,Male,1965.0,,Q4502331,matched,Wikidata
26901,"Ro RC, Belgium",,,,,,not_found,
26932,Murray Broom,New Zealander,Male,1955.0,,,not_found,
26933,Clear Blue Hawaii,,,2001.0,,,uncertain,
26934,Nick Schade,American,Male,1963.0,,,not_found,
26951,Andy Diaz Hope,American,Male,1967.0,,Q134378065,matched,Wikidata
26954,Bayer Research Laboratories,German,,1863.0,,,not_found,
26959,"Johnson & Johnson Consumer Companies, Inc.",American,,1886.0,,,not_found,
26960,Coloplast A/S,Danish,,1957.0,,,not_found,
26965,Hermann Steiner,Swiss,,1913.0,2005.0,Q5740995,matched,Wikidata
26966,"Steiner Lamello AG, Switzerland",,,,,,not_found,
26971,"Sealed Air Corporation, USA",,,,,,not_found,
26973,"Alcoa, Inc., USA",American,,,,,not_found,
26978,"Chupa Chups S.A., Spain",,,,,,not_found,
26981,Jack Clements,American,Male,,,,uncertain,
26982,"Solo Cup Company, USA",,,,,,not_found,
26984,"Bausch & Lomb, USA",,,1853.0,,,not_found,
26985,Philips Research Laboratories,Dutch,,1891.0,,,not_found,
26987,"Sony Research Laboratories, company design",Japanese,,1946.0,,,not_found,
26988,"Philips & Co., Eindhoven, the Netherlands",,,1891.0,,,not_found,
26995,Walter Frederick Morrison,American,Male,1920.0,2010.0,Q522207,matched,Wikidata
26997,"Wham-O, Inc., USA",,,,,,not_found,
27003,Noel Zeller,American,Male,1936.0,2018.0,Q55220034,matched,Wikidata
27005,Herman Goelitz Rowland,American,Male,1941.0,,Q55219713,matched,Wikidata
27006,"Herman Goelitz Candy Company; now Jelly Belly Candy Company, USA",,,,,,not_found,
27007,Kenji Ekuan,Japanese,Male,1929.0,2015.0,Q9299679,matched,Wikidata
27008,"Kikkoman Corporation, Japan",,,,,,not_found,
27009,GK Design Group,Japanese,,1953.0,,,not_found,
27011,"Kokuyo Co., Japan",,,,,,not_found,
27019,"Mars, Inc., USA",,,,,,not_found,
27020,Charles B. Stilwell,American,Male,,,,not_found,
27023,GEM Manufacturing Ltd.,British,,,,,not_found,
27024,William Middlebrook,American,,,,,not_found,
27025,"ACCO Brands, Inc., USA",American,,,,,not_found,
27026,Hugh Moore,American,Male,,,,uncertain,
27027,Lawrence Luellen,American,Male,,,,uncertain,
27028,"Dixie Paper Cup Company; now Georgia-Pacific Corporation, USA",,,,,,not_found,
27031,"Faber-Castell, Germany",,,,,,not_found,
27033,"Moore Push-Pin Company, USA",,,,,,not_found,
27034,Leo Gerstenzang,American,Male,1892.0,1961.0,Q6523768,matched,Wikidata
27035,"Leo Gerstenzang Infant Novelty Company; now Q-tips, Inc., USA",,,,,,not_found,
27038,"A. Meyers & Sons Corp., USA",American,,,,,not_found,
27042,"James Spring & Wire Company; later James Industries; now a brand of Poof-Slinky, Inc., USA",,,,,,not_found,
27051,"Tetra Pak, Sweden",,,,,,not_found,
27052,Tetra Pak Research Laboratories,,,1951.0,,Q77353977,matched,Wikidata
27057,Hymen Lipman,American,,1817.0,1893.0,Q12486104,matched,Wikidata
27059,"Yaktrax, Inc.",American,,,,,not_found,
27060,"Ziploc, USA",,,,,,not_found,
27081,Daniel F. Cudzik,American,Male,1934.0,,Q55218447,matched,Wikidata
27144,Eve Aschheim,American,Female,1958.0,,Q23048816,matched,Wikidata
27148,Brad Brown,American,Male,1964.0,,Q77348172,matched,Wikidata
27149,Hideo Kanbara,Japanese,Male,1978.0,,Q11588801,matched,Wikidata
27150,"S.C. Johnson, company design",,,,,,not_found,
27153,Kenneth Capps,American,Male,1939.0,,,not_found,
27155,Max Cole,American,Female,1937.0,,Q28706250,matched,Wikidata
27161,Elena del Rivero,Spanish,Female,1949.0,,Q19863231,matched,Wikidata
27162,Lee Etheredge IV,American,Male,1968.0,,Q55218613,matched,Wikidata
27163,Kendra Ferguson,American,Female,1946.0,,Q55218667,matched,Wikidata
27165,Cheryl Goldsleger,American,Female,1951.0,,Q20487023,matched,Wikidata
27169,Teo González,Spanish,Male,1964.0,,Q7700980,matched,Wikidata
27178,Christine Hiebert,American,Female,1960.0,,Q55218929,matched,Wikidata
27179,Ann Ledy,American,Female,1952.0,,Q55219211,matched,Wikidata
27183,Julia Mangold,German,Female,1966.0,,Q43133820,matched,Wikidata
27184,Stefana McClure,Irish,Female,1959.0,,Q77348635,matched,Wikidata
27185,Stephen Metts,American,Male,1968.0,,,not_found,
27186,Tatsuo Miyajima,Japanese,Male,1957.0,,Q11454138,matched,Wikidata
27187,Deborah Gottheil Nehmad,American,Female,1952.0,,,not_found,
27188,Gloria Ortiz-Hernández,Colombian,Female,1943.0,,Q77348303,matched,Wikidata
27189,Crown Beverage Packaging,American,,,,,not_found,
27190,Duro Bag Manufacturing Company,American,,1953.0,,,not_found,
27191,Flaminaire,French,,1939.0,,,uncertain,
27194,Laurie Reid,American,Female,1964.0,,Q29051345,matched,Wikidata
27195,Erik Saxon,American,Male,1941.0,,,not_found,
27196,Susan Schwalb,American,Female,1944.0,,Q7648360,matched,Wikidata
27198,Teepack Spezialmaschinen GmbH & Co. KG,German,,1948.0,,,not_found,
27203,Zwelethu Mthethwa,South African,Male,1960.0,,Q243830,matched,Wikidata
27204,Joan Waltemath,American,Female,1953.0,,Q21287780,matched,Wikidata
27208,Bayer HealthCare AG,German,,,,,not_found,
27210,Mr. Malcolm Daniel,,Male,,,,not_found,
27233,William E. Massie,American,Male,1962.0,,,not_found,
27237,Victoria Sambunaris,American,Female,1964.0,,Q23068140,matched,Wikidata
27240,Erwin Pfrang,German,Male,1951.0,,Q15222608,matched,Wikidata
27243,D-L Alvarez,American,Male,1965.0,,Q55217908,matched,Wikidata
27259,Lindy Roy,South African,Female,1963.0,,Q77352903,matched,Wikidata
27261,Visual AIDS Artists Caucus,American,,1988.0,,,not_found,
27262,Thomas E. Noy,American,,1948.0,,Q55219483,matched,Wikidata
27267,MTA New York City Transit Team,American,,1953.0,,,not_found,
27305,Marc Räder,German,Male,1966.0,,Q97015494,matched,Wikidata
27307,Enrique Metinides,Mexican,Male,1934.0,2022.0,Q719303,matched,Wikidata
27345,Dainese S.p.A.,Italian,,1972.0,,,uncertain,
27393,Kumi Machida,Japanese,Female,1970.0,,Q38112225,matched,Wikidata
27397,Teodoro González de León,Mexican,Male,1926.0,2016.0,Q723981,matched,Wikidata
27403,Walton Ford,American,Male,1960.0,,Q1243449,matched,Wikidata
27427,Mark Dion,American,Male,1961.0,,Q1900022,matched,Wikidata
27431,Neo Rauch,German,Male,1960.0,,Q62331,matched,Wikidata
27433,Peter Frankfurt,American,Male,1958.0,,Q117118967,matched,Wikidata
27434,Mikon van Gastel,Dutch,Male,1971.0,,,not_found,
27435,Kevin Kennon,American,Male,1958.0,,Q6396680,matched,Wikidata
27436,Farshid Moussavi,Iranian,Female,1965.0,,Q3067023,matched,Wikidata
27437,Alejandro Zaera-Polo,Spanish,Male,1963.0,,Q966279,matched,Wikidata
27457,"GUBI, Copenhagen, Denmark",,,1976.0,,,not_found,
27463,"Vitsœ, London, England",,,1959.0,,,not_found,
27464,Tord Boontje,Dutch,Male,1968.0,,Q1432402,matched,Wikidata
27465,Emma Woffenden,British,Male,1962.0,,Q55220003,matched,Wikidata
27466,Haresh Lalvani,American,Male,1955.0,,Q117119917,matched,Wikidata
27467,Milgo/Bufkin,American,,1916.0,,,not_found,
27468,Josef Klima,Austrian,Male,,,,uncertain,
27470,Unknown Designer,Romanian,,,,,not_found,
27476,Ryue Nishizawa,Japanese,Male,1966.0,,Q369645,matched,Wikidata
27479,Ole Scheeren,German,Male,1971.0,,Q67031,matched,Wikidata
27482,"Solari di Udine, Italy",Italian,,1948.0,,,not_found,
27485,Michael Landy,British,Male,1963.0,,Q3308314,matched,Wikidata
27488,Jeanne Moutoussamy-Ashe,American,Female,1951.0,,Q23123643,matched,Wikidata
27491,James F. Gibson,American,Male,1828.0,1905.0,Q38521022,matched,Wikidata
27503,Alan Herman,American,Male,1947.0,,,not_found,
27506,Mac Gramlich,,,,,,uncertain,
27524,Guy Nordenson,American,Male,1955.0,,Q22279429,matched,Wikidata
27531,Jeffrey Ingram Stone,,Male,,,,uncertain,
27532,Victoria Gil,Spanish,Female,1963.0,,Q77325234,matched,Wikidata
27544,"Bauhaus Metal Workshop, Weimar, Germany",German,,,,,not_found,
27556,"Alsop Ltd., London, England",British,,,,,not_found,
27561,Kutlug Ataman,Turkish,Male,1961.0,,,not_found,
27589,Solange Fabião,Brazilian,Female,1963.0,,,not_found,
27596,Heike Baranowsky,German,Female,1967.0,,Q997477,matched,Wikidata
27624,Eve Sussman | Rufus Corporation,American,Female,,,,not_found,
27627,"Collinson & Lock, London",,,,,,not_found,
27641,GE Aircraft Engines,American,,1942.0,,,not_found,
27642,CFAN,American,,1974.0,,,uncertain,
27656,Graham Little,British,Male,1972.0,,Q21465395,matched,Wikidata
27660,Glenn A. Davis,,Male,,,,uncertain,
27662,Vitra GmbH,,,,,,uncertain,
27663,Jennifer Pastor,American,Female,1966.0,,Q19592294,matched,Wikidata
27669,Barry McGee,American,Male,1966.0,,Q4864491,matched,Wikidata
27671,"Clear Blue Hawaii, Honolulu",,,,,,not_found,
27680,Bruce Gitlin,American,,1942.0,,,not_found,
27683,Alex Kveton,American,,1948.0,,,not_found,
27684,Neil Katz,American,,1962.0,,,uncertain,
27712,Marcel Dzama,Canadian,Male,1974.0,,Q1644838,matched,Wikidata
27713,Trenton Doyle Hancock,American,Male,1974.0,,Q7838564,matched,Wikidata
27724,fuseproject,,,1999.0,,,not_found,
27725,Biomega,Danish,,1998.0,,,uncertain,
27730,Kosuke Tsumura,Japanese,Male,1959.0,,Q55219906,matched,Wikidata
27731,"A-net, Inc.",Japanese,,,,,not_found,
27732,Cindy van den Bremen,Dutch,Female,1972.0,,Q77353419,matched,Wikidata
27733,Hareide Designmill,Norwegian,,2000.0,,,not_found,
27734,Bård Løtveit,Norwegian,,1959.0,,,not_found,
27735,AutoSock AS,Norwegian,,,,,not_found,
27736,Startloop AS,Norwegian,,,,,not_found,
27737,Gerhard Heufler,Austrian,Male,1944.0,2013.0,Q16064700,matched,Wikidata
27741,"Gad Shaanan Design, Inc.",American,,1981.0,,,uncertain,
27743,"Med-Eng Systems, Inc.",Canadian,,1981.0,,,not_found,
27753,Jens Martin Skibsted,Danish,Male,1970.0,,Q6179768,matched,Wikidata
27754,PUMA,German,,,,,uncertain,
27755,"Sony Electronics, Inc.",,,1946.0,,,uncertain,
27756,"…XYZ Dot Dot Dot Ex Why Zed Design, Ltd.",South African,,2000.0,,,not_found,
27758,Roelf Mulder,South African,Male,1959.0,,,uncertain,
27759,Karim Rashid,Egyptian,Male,1960.0,,Q718039,matched,Wikidata
27763,"Vessel, Inc.",American,,2001.0,,,not_found,
27765,Matthias Megyeri,German,Male,1973.0,,Q16214517,matched,Wikidata
27767,Mathieu Lehanneur,French,Male,1974.0,,Q3298792,matched,Wikidata
27768,Schiebel Elektronische Geräte GmbH,Austrian,,1951.0,,,not_found,
27776,Jackie Piper,American,,1968.0,,,not_found,
27777,Marcus Willcocks,British,Male,1977.0,,Q55219996,matched,Wikidata
27778,"Design Against Crime Research Initiative, Central Saint Martins College of Art and Design",British,,2000.0,,,not_found,
27781,Carolien Vlieger,Dutch,Female,1975.0,,Q117121575,matched,Wikidata
27782,Hein van Dam,Dutch,Male,1974.0,,,not_found,
27783,Vlieger & Vandam,Dutch,,2004.0,,,not_found,
27786,Anthony Dunne,British,Male,1964.0,,Q26923569,matched,Wikidata
27787,Fiona Raby,British,Female,1963.0,,Q16502629,matched,Wikidata
27788,Dunne & Raby,British,,1994.0,,,uncertain,
27791,Michael Rakowitz,American,Male,1973.0,,Q1928967,matched,Wikidata
27792,Martín Ruiz de Azúa,Spanish,Male,1965.0,,Q11935716,matched,Wikidata
27801,Humanscale,American,,1982.0,,,uncertain,
27802,Freeplay Energy Plc.,South African,,1996.0,,,not_found,
27807,Médecins Sans Frontières (Doctors Without Borders),,,1971.0,,,not_found,
27808,Ouzak Design Formation,Japanese,,1996.0,,,not_found,
27809,Takefu Knife Village,Japanese,,,,,not_found,
27818,Roy Arden,Canadian,Male,1957.0,,Q3445738,matched,Wikidata
27820,Tim Lee,Korean,Male,1975.0,,,uncertain,
27821,Robin Rhode,South African,Male,1976.0,,Q663692,matched,Wikidata
27822,Melanie Smith,British,Female,1965.0,,,uncertain,
27853,Kazuhiro Yamanaka,Japanese,Male,1971.0,,Q77353752,matched,Wikidata
27854,Pallucco Italia S.p.A.,Italian,,1980.0,,,not_found,
27856,Artecnica,American,,1986.0,,,uncertain,
27863,"MAK, Vienna",,,,,,not_found,
27879,Hill Jephson Robb,Scottish,Male,1970.0,,Q55772903,matched,Wikidata
27881,Paul Kirps,Luxembourgish,Male,1969.0,,Q16439541,matched,Wikidata
27888,Ralph Borland,South African,Male,1974.0,,Q77353887,matched,Wikidata
27898,Carl Mertens,German,Male,1919.0,,Q77353381,matched,Wikidata
27904,Naoto Fukasawa,Japanese,Male,1956.0,,Q636724,matched,Wikidata
27905,"Ryohin Keikaku Co., Ltd., Tokyo, Japan",,,,,,not_found,
27918,Olivier Peyricot,French,Male,1969.0,,Q55219605,matched,Wikidata
27926,"Adachi Shiki Kogyo Co., Ltd.",Japanese,,1942.0,,,not_found,
27934,Antenna Design,American,,1997.0,,,uncertain,
27944,Duncan Turner,British,Male,1979.0,,Q51714339,matched,Wikidata
27946,Clean Call,American,,1995.0,,,not_found,
27947,Elizabeth A. Wilkes,American,Female,1945.0,,,not_found,
27951,"McLaren Performance Technologies, Inc.",American,,,,,not_found,
27952,"Carlson Technology, Inc.",American,,1982.0,,,not_found,
27953,Jan Marcussen,Danish,,1957.0,,Q6149432,matched,Wikidata
27958,Prestige Products,American,,,,,not_found,
27963,"RedStart Design, LLC",American,,2004.0,,,not_found,
27966,Nayland Blake,American,Male,1960.0,,Q6983154,matched,Wikidata
27968,Safety 1st,American,,1984.0,,,uncertain,
27971,Rivane Neuenschwander,Brazilian,Female,1967.0,,Q10363105,matched,Wikidata
27980,"EMBT Miralles Tagliabue Arquitectes Associats, Barcelona",,,1992.0,,,not_found,
27983,West 8 Urban Design & Landscape Architecture BV,Dutch,,1987.0,,,not_found,
27990,"Leatherman Tool Group, Inc.",American,,1983.0,,,not_found,
27993,"Sam Medical Products, a division of The Seaberg Company, Inc.",American,,1985.0,,,not_found,
27997,Deborah Adler,American,Female,1975.0,,Q54342438,matched,Wikidata
28002,Craig Grimes,American,Male,1956.0,,,not_found,
28003,Organ Recovery Systems,American,,1998.0,,,not_found,
28011,"Frabill, Inc.",American,,1944.0,,,uncertain,
28015,Schoeller Textil AG,Swiss,,1868.0,,Q77353943,matched,Wikidata
28019,Masamichi Udagawa,Japanese,Male,1964.0,,Q18700723,matched,Wikidata
28020,Sigi Moeslinger,Austrian,Female,1968.0,,Q117120434,matched,Wikidata
28048,Barry Frydlender,Israeli,Male,1954.0,,Q55285284,matched,Wikidata
28050,Tomoko Sawada,Japanese,Female,1977.0,,Q1647382,matched,Wikidata
28058,Avery Dennison,American,,,,,uncertain,
28063,"e2v Technologies, Ltd.",British,,1947.0,,,not_found,
28064,Alloy Ltd. Total Product Design,British,,1999.0,,,not_found,
28066,"Blizzard Protection Systems, Ltd.",,,,,,not_found,
28073,"Brookdale International Systems, Inc., a DuPont Canada Company",Canadian,,,,,not_found,
28074,"Skystreme UK, Ltd.",British,,,,,not_found,
28075,Bernard William Hanning,British,,1942.0,,Q55218881,matched,Wikidata
28078,NOAQ Flood Protection AB,Swedish,,2001.0,,,not_found,
28081,Dräger Safety AG & Co.,German,,,,,not_found,
28082,Jakob Wagner,Danish,Male,1963.0,,Q77353655,matched,Wikidata
28084,Brunton,American,,1894.0,,,uncertain,
28086,Stephan Augustin,German,Male,1967.0,,Q55217962,matched,Wikidata
28093,UNICEF United Nations Children's Fund,,,1946.0,,,not_found,
28097,Wangechi Mutu,Kenyan,Female,1972.0,,Q457420,matched,Wikidata
28098,Mark Grotjahn,American,Male,1968.0,,Q1900084,matched,Wikidata
28099,Dave Muller,American,Male,1964.0,,Q21743040,matched,Wikidata
28105,Galya Rosenfeld,Israeli,Female,1977.0,,Q16132152,matched,Wikidata
28107,"Westminster Industries, a division of Zelco Industries, Inc.",American,,,,,not_found,
28110,"Porzellan-Manufaktur Nymphenburg, Germany",German,,,,,not_found,
28113,Maharam,,,,,,uncertain,
28119,Johannes Kahrs,German,Male,1965.0,,Q1697812,matched,Wikidata
28123,Rainald Goetz,German,Male,1954.0,,Q76258,matched,Wikidata
28128,Paris Observatory,,,,,,not_found,
28138,Richard Dupont,American,Male,1968.0,,Q7325322,matched,Wikidata
28146,Todd MacAllen,Canadian,Male,1966.0,,,not_found,
28147,Stephanie Forsythe,Canadian,Female,1970.0,,Q117118949,matched,Wikidata
28148,"molo design, ltd., vancouver, canada",,,2004.0,,,not_found,
28168,Lionel Theodore Dean,British,Male,1962.0,,Q55218465,matched,Wikidata
28174,Ward Shelley,American,Male,1950.0,,,not_found,
28185,Paul Edmunds,South African,Male,1970.0,,Q77325113,matched,Wikidata
28187,Lisa Fromartz,American,Female,1946.0,,,not_found,
28190,Philippe Parreno,French,Male,1964.0,,Q970960,matched,Wikidata
28195,Christiane Baumgartner,German,Female,1967.0,,Q1082620,matched,Wikidata
28196,Sandile Goje,South African,Male,1972.0,,Q26252910,matched,Wikidata
28197,Norman Catherine,South African,Male,1949.0,,Q15490329,matched,Wikidata
28199,Diane Victor,South African,Female,1964.0,,Q5271593,matched,Wikidata
28205,Abel Auer,German,Male,1974.0,,Q22235737,matched,Wikidata
28206,Dorota Jurczak,Polish,Female,1978.0,,Q22236043,matched,Wikidata
28207,Armin Krämer,German,Male,1973.0,,Q55219160,matched,Wikidata
28209,Ted Muehling,American,Male,1953.0,,,not_found,
28211,"Plus Minus Zero Co., Ltd.",Japanese,,2003.0,,,not_found,
28216,Nomathemba Tana,South African,Female,1953.0,,Q77325091,matched,Wikidata
28218,Claudette Schreuders,South African,Female,1973.0,,Q23068109,matched,Wikidata
28219,Capsters,Dutch,,,,,not_found,
28222,Sue Williamson,South African,Female,1941.0,,Q16105818,matched,Wikidata
28223,Jo Ractliffe,South African,Female,1961.0,,Q55132590,matched,Wikidata
28224,Grayson Perry,British,Male,1960.0,,Q1269096,matched,Wikidata
28230,Robert Siwangaza,South African,Male,1960.0,,Q77325144,matched,Wikidata
28232,Bob Noorda,Dutch,Male,1927.0,2010.0,Q605352,matched,Wikidata
28249,"Design Continuum, Inc.",American,,1983.0,,,uncertain,
28250,Master Lock Company,American,,1921.0,,,not_found,
28265,"Java Jacket, Inc.",American,,,,,not_found,
28272,"Hondatsuhin Kogyo Co., Ltd.",Japanese,,1974.0,,,not_found,
28274,Designskolen Kolding,Danish,,1967.0,,,not_found,
28279,Ronald J. French,American,,1938.0,,,not_found,
28280,Benjamin Rivera,American,Male,1967.0,,,not_found,
28316,Harvey Tulcensky,American,Male,1948.0,,,not_found,
28319,"Umbra, Buffalo, New York",,,1979.0,,,not_found,
28322,Laerdal Medical Corporation,American,,1967.0,,,uncertain,
28325,Crye Associates,American,,2000.0,,,not_found,
28326,Caleb Crye,American,Male,1975.0,,Q55218445,matched,Wikidata
28328,Eric Fehlberg,Canadian,Male,1976.0,,,not_found,
28330,Karen Chen,Taiwanese,,1977.0,,,uncertain,
28331,Gregg Thompson,American,Male,1976.0,,,uncertain,
28335,"Kokuyo S&T Co., Ltd.",Japanese,,,,,not_found,
28351,"Con Edison, Consolidated Edison Company of New York, Inc.",American,,1823.0,,,not_found,
28352,Neo Human Toys,Dutch,,2003.0,,,not_found,
28353,Twan Verdonck,Dutch,Male,1979.0,,Q117121556,matched,Wikidata
28358,Braco Dimitrijević,Bosnian,Male,1948.0,,Q548157,matched,Wikidata
28379,"Global Village Shelters, LLC",American,,,,,not_found,
28380,Weyerhaeuser,American,,,,,uncertain,
28381,Daniel Ferrara,American,,1941.0,1990.0,Q51528247,matched,Wikidata
28382,Mia Ferrara,American,,1977.0,,Q55218675,matched,Wikidata
28383,"Ferrara Design, Inc.",American,,1968.0,,,not_found,
28387,Architecture and Vision,German,,2003.0,,,uncertain,
28388,Andreas Vogler,Swiss,Male,1964.0,,Q2846483,matched,Wikidata
28389,Arturo Vittori,Italian,Male,1971.0,,Q2865968,matched,Wikidata
28394,Viking Life-Saving Equipment A/S,Danish,,1960.0,,,not_found,
28395,Nikhil Garde,Danish,,1972.0,,Q117119041,matched,Wikidata
28397,Aldo DiBelardino,American,,1969.0,,,not_found,
28398,Ezio DiBelardino,Italian,,1944.0,,Q55218500,matched,Wikidata
28399,Andrew Ive,British,Male,1968.0,,,not_found,
28401,Grundfos Management A/S,Danish,,,,,not_found,
28422,Emily Jacir,American,Female,1970.0,,Q266842,matched,Wikidata
28426,Shirana Shahbazi,German,Female,1974.0,,Q12054190,matched,Wikidata
28429,Raqib Shaw,Indian,Male,1974.0,,,not_found,
28435,Martin Szekely,French,Male,1956.0,,Q3295641,matched,Wikidata
28439,Carlos Garaicoa,Cuban,Male,1967.0,,Q22236782,matched,Wikidata
28459,E. Hoole,British,,,,,not_found,
28461,Mary Weatherford,American,Female,1963.0,,,not_found,
28467,Phillip Pisciotta,American,Male,1970.0,,,not_found,
28476,Adam Thorpe,British,,1969.0,,,uncertain,
28477,Joe Hunter,British,,1967.0,,,uncertain,
28478,Einar Hareide,Norwegian,Male,1959.0,,,uncertain,
28479,Anders Hansen,Norwegian,,1971.0,,,uncertain,
28492,Amanda Knox Sather,American,Female,1975.0,,Q135908161,matched,Wikidata
28493,Kim Hoffmann,American,Female,1975.0,,,not_found,
28495,Sara Shaughnessy,American,Female,1979.0,,,not_found,
28498,The Pennsylvania State University,American,,1882.0,,,not_found,
28505,Martin Creed,British,Male,1968.0,,Q1385567,matched,Wikidata
28512,DuCast,Emirati,,,,,not_found,
28513,Shanxi Yuansheng Industrial Co.,Chinese,,,,,not_found,
28514,ECCLES,Chinese,,,,,not_found,
28515,Gin L. Eng,American,,1950.0,,Q55218591,matched,Wikidata
28516,Marco Meza,American,,1947.0,,,not_found,
28519,Bezalel Academy of Art and Design,Israeli,,1906.0,,,uncertain,
28527,"Bezalel Labs Research & Development, Bezalel Academy of Art and Design",Israeli,,1906.0,,,not_found,
28538,Tomma Abts,German,Female,1967.0,,Q541862,matched,Wikidata
28539,Scoli Acosta,American,Male,1973.0,,Q22337585,matched,Wikidata
28540,Lucas Ajemian,American,Male,1975.0,,,not_found,
28542,Ricci Albenda,American,Male,1966.0,,Q16148999,matched,Wikidata
28543,Hurvin Anderson,British,Male,1965.0,,Q16150097,matched,Wikidata
28544,Reed Anderson,American,Male,1969.0,,,not_found,
28545,Siegfried Anzinger,Austrian,Male,1953.0,,Q1405319,matched,Wikidata
28546,Ryoko Aoki,Japanese,Female,1973.0,,,uncertain,
28547,Philip Argent,British,Male,1962.0,,Q55217946,matched,Wikidata
28548,Carla Arocha,Venezuelan,Female,1961.0,,Q22237492,matched,Wikidata
28549,Martin Assig,German,Male,1959.0,,Q1903349,matched,Wikidata
28550,assume vivid astro focus,,,,,,not_found,
28551,Nina Lola Bachhuber,German,Female,1971.0,,Q1992812,matched,Wikidata
28552,Monika Baer,German,Female,1964.0,,Q1944560,matched,Wikidata
28553,Chris Ballantyne,American,Male,1972.0,,Q43127075,matched,Wikidata
28554,Joan Banach,American,Female,1953.0,,Q24067642,matched,Wikidata
28555,Claire Barclay,Scottish,Female,1968.0,,Q19508498,matched,Wikidata
28556,Hernan Bas,American,Male,1978.0,,Q3134271,matched,Wikidata
28557,Gary Batty,American,Male,1970.0,,Q55218006,matched,Wikidata
28558,Michael Gerald Bauer,American,Male,1982.0,,,not_found,
28559,Jarrod Beck,American,Male,1977.0,,Q55218019,matched,Wikidata
28561,Dirk Bell,German,Male,1969.0,,Q77348238,matched,Wikidata
28562,Matthew Benedict,American,Male,1968.0,,,not_found,
28563,Ellen Berkenblit,American,Female,1958.0,,Q16727472,matched,Wikidata
28564,Rebecca Bird,American,Female,1973.0,,,uncertain,
28565,Norbert Bisky,German,Male,1970.0,,Q464658,matched,Wikidata
28567,Cosima von Bonin,German,Female,1962.0,,Q388005,matched,Wikidata
28568,Monica Bonvicini,Italian,Female,1965.0,,Q460233,matched,Wikidata
28570,Carol Bove,American,Female,1971.0,,Q5044261,matched,Wikidata
28571,Andrea Bowers,American,Female,1965.0,,Q16005428,matched,Wikidata
28572,Marc Brandenburg,German,Male,1965.0,,Q1371352,matched,Wikidata
28573,Sebastiaan Bremer,Dutch,Male,1970.0,,Q7442346,matched,Wikidata
28574,Beth Brideau,American,Female,1976.0,,,not_found,
28575,Alex Brown,American,Male,1966.0,,,uncertain,
28576,Maria Brunner,Austrian,Female,1962.0,,Q28842024,matched,Wikidata
28577,Berlinde De Bruyckere,Belgian,Female,1964.0,,Q446408,matched,Wikidata
28579,A.K. Burns,American,Female,1975.0,,Q28800265,matched,Wikidata
28580,Kathy Butterly,American,Female,1963.0,,,not_found,
28582,Ernesto Caivano,Spanish,Male,1972.0,,Q27663081,matched,Wikidata
28583,Jonathan Callan,British,Male,1961.0,,Q43128230,matched,Wikidata
28584,Beth Campbell,American,Female,1971.0,,Q4897458,matched,Wikidata
28585,Davide Cantoni,Italian,Male,1965.0,,Q19961208,matched,Wikidata
28586,Robert Chambers,American,Male,1958.0,,,uncertain,
28587,Chivas Clem,American,Male,1977.0,,Q55218388,matched,Wikidata
28588,Dawn Clements,American,Female,1958.0,2018.0,Q19957026,matched,Wikidata
28589,Michael Cline,American,Male,1973.0,,Q55218390,matched,Wikidata
28590,Prince Toffee,American,Male,1972.0,,Q55219650,matched,Wikidata
28591,Nigel Cooke,British,Male,1973.0,,Q19883281,matched,Wikidata
28592,Bjorn Copeland,American,Male,1975.0,,Q55218416,matched,Wikidata
28593,Marti Cormand,Spanish,Male,1970.0,,Q77348478,matched,Wikidata
28594,Benjamin Cottam,American,Male,1975.0,,,uncertain,
28595,Ann Craven,American,Female,1967.0,,Q55218435,matched,Wikidata
28596,Amy Cutler,American,Female,1974.0,,Q16214801,matched,Wikidata
28597,Björn Dahlem,German,Male,1974.0,,,not_found,
28598,José Damasceno,Brazilian,Male,1968.0,,Q64528867,matched,Wikidata
28599,Meredith Danluck,American,Female,1976.0,,,uncertain,
28603,Xiomara De Oliver,Canadian,Female,1967.0,,Q28869305,matched,Wikidata
28605,Benjamin Degen,American,Male,1976.0,,,uncertain,
28606,Brian DeGraw,American,Male,1974.0,,,not_found,
28607,Kirsten Deirup,American,Female,1980.0,,Q55218472,matched,Wikidata
28608,Damien Deroubaix,French,Male,1972.0,,Q1158497,matched,Wikidata
28609,Steve DiBenedetto,American,Male,1958.0,,Q43129556,matched,Wikidata
28610,Don Doe,American,Male,1963.0,,,not_found,
28611,Dr. Lakra (Jerónimo López Ramírez),Mexican,Male,1970.0,,,not_found,
28612,Jim Drain,American,Male,1975.0,,Q6194715,matched,Wikidata
28613,Martin Eder,German,Male,1968.0,,Q1361749,matched,Wikidata
28614,Marcel van Eeden,Dutch,Male,1965.0,,Q325087,matched,Wikidata
28615,Thomas Eggerer,German,Male,1963.0,,Q19860808,matched,Wikidata
28616,Lori Ellison,American,Female,1958.0,,Q55218586,matched,Wikidata
28617,Neil Farber,Canadian,Male,1975.0,,Q6988530,matched,Wikidata
28618,Rachel Feinstein,American,Female,1971.0,,Q7279234,matched,Wikidata
28619,Chad Ferber,American,Male,1975.0,,Q55218663,matched,Wikidata
28620,Dan Fischer,American,Male,1977.0,,,not_found,
28621,Urs Fischer,Swiss,Male,1973.0,,Q503641,matched,Wikidata
28622,Christian Flamm,German,Male,1974.0,,Q55218701,matched,Wikidata
28623,Caio Fonseca,American,Male,1959.0,,Q2882445,matched,Wikidata
28625,Barnaby Furnas,American,Male,1973.0,,Q4861359,matched,Wikidata
28626,Franziska Furter,Swiss,Female,1972.0,,Q77348274,matched,Wikidata
28628,Tim Gardner,Canadian,Male,1973.0,,Q22959204,matched,Wikidata
28629,Amy Gartrell,American,Female,1974.0,,Q55218753,matched,Wikidata
28630,Anna Gaskell,American,Female,1969.0,,Q16200761,matched,Wikidata
28631,Tamara Gayer,American,Female,1969.0,,,not_found,
28632,Isa Genzken,German,Female,1948.0,,Q462325,matched,Wikidata
28633,Steve Gianakos,American,Male,1938.0,,,not_found,
28634,Ewan Gibbs,British,Male,1973.0,,Q43130754,matched,Wikidata
28635,Graham Gillmore,Canadian,Male,1963.0,,Q22236797,matched,Wikidata
28637,Victoria Gitman,Argentine,Female,1972.0,,Q32542418,matched,Wikidata
28638,Judith Godwin,American,Female,1930.0,2021.0,Q6303418,matched,Wikidata
28639,Anthony Goicolea,American,Male,1971.0,,Q573297,matched,Wikidata
28640,Greg Goldberg,American,Male,1973.0,,,not_found,
28642,Delia R. Gonzalez,American,Female,1972.0,,,not_found,
28643,Dryden Goodwin,Canadian,Male,1971.0,,Q5309665,matched,Wikidata
28644,Sam Gordon,American,Male,1973.0,,,uncertain,
28646,Matt Greene,American,Male,1972.0,,Q27887615,matched,Wikidata
28647,Alex Grey,American,Male,1953.0,,Q725199,matched,Wikidata
28648,Kojo Griffin,American,Male,1971.0,,Q28173191,matched,Wikidata
28649,Karl Haendel,American,Male,1976.0,,Q16215807,matched,Wikidata
28650,Chris Hammerlein,American,Male,1962.0,,Q55218877,matched,Wikidata
28651,Debra Hampton,American,Female,1971.0,,Q55218879,matched,Wikidata
28652,Richard Hawkins,American,Male,1961.0,,Q4500460,matched,Wikidata
28653,Gerald Hayes,American,Male,1940.0,,Q23020097,matched,Wikidata
28654,Werner Haypeter,German,Male,1955.0,,Q55218896,matched,Wikidata
28655,Karen Heagle,American,Female,1974.0,,Q18705252,matched,Wikidata
28656,Lothar Hempel,German,Male,1966.0,,Q15451809,matched,Wikidata
28657,Jonathan Herder,American,Male,1965.0,,,not_found,
28658,Jörg Herold,German,Male,1965.0,,Q1715360,matched,Wikidata
28659,Christine Hill,American,Female,1968.0,,Q1083593,matched,Wikidata
28660,Roger Hiorns,British,Male,1975.0,,Q2161744,matched,Wikidata
28661,John Hodany,American,Male,1974.0,,,not_found,
28662,Julian Hoeber,American,Male,1974.0,,,not_found,
28663,Christian Holstad,American,Male,1972.0,,Q1080343,matched,Wikidata
28664,Louise Hopkins,British,Female,1965.0,,Q6688790,matched,Wikidata
28665,Violet Hopkins,American,Female,1973.0,,Q7933247,matched,Wikidata
28666,Jonathan Horowitz,American,Male,1966.0,,Q6273423,matched,Wikidata
28668,Jim Isermann,American,Male,1955.0,,Q43131898,matched,Wikidata
28669,Jun Iseyama,Japanese,Female,1975.0,,Q55219020,matched,Wikidata
28670,Jason Jägel,American,Male,1971.0,,Q55219042,matched,Wikidata
28671,Gareth James,British,Male,1970.0,,Q77348279,matched,Wikidata
28672,Aaron Johnson,American,Male,1975.0,,,uncertain,
28673,Jane Kaplowitz,American,Female,1949.0,,,not_found,
28674,Kerstin Kartscher,German,Female,1966.0,,Q50361403,matched,Wikidata
28675,Axel Kasseböhmer,German,Male,1952.0,2017.0,Q792217,matched,Wikidata
28676,Kurt Kauper,American,Male,1966.0,,,not_found,
28677,Martin Kersels,American,Male,1960.0,,Q3295488,matched,Wikidata
28679,Thomas Kiesewetter,German,Male,1963.0,,Q38678435,matched,Wikidata
28680,John Kleckner,American,Male,1978.0,,Q6243261,matched,Wikidata
28681,Tom Knechtel,American,Male,1952.0,,Q22093645,matched,Wikidata
28682,Philip Knoll,American,Male,1959.0,,,not_found,
28683,Takehito Koganezawa,Japanese,Male,1974.0,,Q55219139,matched,Wikidata
28684,Terence Koh,Canadian,Male,1977.0,,Q925564,matched,Wikidata
28685,David Korty,American,Male,1971.0,,Q15451806,matched,Wikidata
28686,Uwe Kowski,German,Male,1963.0,,Q43132776,matched,Wikidata
28687,Friedrich Kunath,German,Male,1974.0,,Q1460607,matched,Wikidata
28688,Peter Land,Danish,Male,1966.0,,Q1743266,matched,Wikidata
28689,Wes Lang,American,Male,1972.0,,Q55219195,matched,Wikidata
28690,William Leavitt,American,Male,1941.0,,Q16105677,matched,Wikidata
28691,Marie Luise Lebschik,Austrian,Female,1952.0,,Q77348473,matched,Wikidata
28692,Ghariokwu Lemi,Nigerian,Male,1955.0,,,not_found,
28693,Charlene Liu,Taiwanese,Female,1975.0,,Q28968148,matched,Wikidata
28695,Andrew Lord,British,Male,1950.0,,Q28756442,matched,Wikidata
28696,Nate Lowman,American,Male,1979.0,,Q6968683,matched,Wikidata
28697,Cotter Luppi,American,Male,1966.0,,Q55219286,matched,Wikidata
28698,John Lurie,American,Male,1952.0,,Q456639,matched,Wikidata
28699,Michael Magnan,American,Male,1977.0,,Q55219298,matched,Wikidata
28700,Frank Magnotta,American,Male,1970.0,,Q55219300,matched,Wikidata
28701,Ati Maier,German,Female,1962.0,,Q55219306,matched,Wikidata
28702,Monica Majoli,American,Female,1963.0,,,not_found,
28704,Marepe,Brazilian,Male,1970.0,,Q4281320,matched,Wikidata
28705,Knox Martin,American,Male,1923.0,,,not_found,
28706,Alfredo Martinez,American,Male,1967.0,,,uncertain,
28707,Yuri Masnyj,American,Male,1976.0,,,not_found,
28708,Nick Mauss,American,Male,1980.0,,Q55219364,matched,Wikidata
28709,Carey Maxon,American,Female,1978.0,,Q55219368,matched,Wikidata
28710,Keith Mayerson,American,Male,1966.0,,,not_found,
28711,Dan McCarthy,American,Male,1962.0,,,uncertain,
28712,Kim McCarty,American,Female,1956.0,,Q22279123,matched,Wikidata
28713,Keegan McHargue,American,Male,1982.0,,Q3194614,matched,Wikidata
28714,Lucy McKenzie,British,Female,1977.0,,,not_found,
28715,Kelly McLane,American,Female,1968.0,,,not_found,
28717,Roy McMakin,American,Male,1956.0,,,not_found,
28718,Jason Meadows,American,Male,1972.0,,Q21810702,matched,Wikidata
28719,Jonathan Meese,German,Male,1971.0,,Q459431,matched,Wikidata
28720,Birgit Megerle,German,Female,1975.0,,Q17310553,matched,Wikidata
28721,Bjarne Melgaard,Norwegian,Male,1967.0,,Q879363,matched,Wikidata
28723,Matthew Monahan,American,Male,1972.0,,Q6790982,matched,Wikidata
28724,Jonathan Monk,British,Male,1969.0,,Q1281182,matched,Wikidata
28725,Meredith Monk,American,Female,1942.0,,Q267170,matched,Wikidata
28726,Jean-Francois Moriceau,French,,1974.0,,,not_found,
28727,Teresa Moro,Spanish,Female,1970.0,,Q56677166,matched,Wikidata
28728,Paul Morrison,British,Male,1966.0,,Q7152618,matched,Wikidata
28729,Aaron Morse,American,Male,1974.0,,,not_found,
28730,Sandeep Mukherjee,American,Male,1964.0,,,not_found,
28731,J.P. Munro,American,Male,1975.0,,,not_found,
28732,Scott Myles,Scottish,Male,1975.0,,Q57470607,matched,Wikidata
28733,Rei Naito,Japanese,Female,1961.0,,Q11394540,matched,Wikidata
28734,Tracy Nakayama,American,Female,1974.0,,Q7831806,matched,Wikidata
28735,Graham Nickson,British,Male,1946.0,2025.0,Q20856747,matched,Wikidata
28736,Carsten Nicolai,German,Male,1965.0,,,not_found,
28737,Frank Nitsche,German,Male,1964.0,,Q1443855,matched,Wikidata
28738,David Noonan,Australian,Male,1969.0,,Q5238069,matched,Wikidata
28740,John J. O'Connor,American,Male,1972.0,,Q16214113,matched,Wikidata
28741,Marcel Odenbach,German,Male,1953.0,,Q96742,matched,Wikidata
28742,Paulina Olowska,Polish,Female,1976.0,,Q4333963,matched,Wikidata
28743,David Opdyke,American,Male,1969.0,,Q55219539,matched,Wikidata
28744,Renato Orara,American,Male,1961.0,,,not_found,
28745,Christopher Orr,British,Male,1967.0,,Q5113001,matched,Wikidata
28746,Sally Osborn,Scottish,Female,1961.0,,Q55219558,matched,Wikidata
28747,Paul P.,Canadian,Male,1977.0,,Q19664673,matched,Wikidata
28749,Erik Parker,American,Male,1968.0,,Q5388762,matched,Wikidata
28750,Ester Partegàs,Spanish,Female,1972.0,,Q5400980,matched,Wikidata
28751,Seb Patane,Italian,Male,1970.0,,Q55219580,matched,Wikidata
28752,Toby Paterson,Scottish,Male,1974.0,,Q21461327,matched,Wikidata
28753,Joyce Pensato,American,Female,1941.0,2019.0,Q23068025,matched,Wikidata
28754,Simon Periton,British,Male,1964.0,,Q43135173,matched,Wikidata
28755,Jenny Perlin,American,Female,1970.0,,Q63090840,matched,Wikidata
28756,Philippe Perrot,French,Male,1967.0,,,not_found,
28758,Ara Peterson,American,Male,1973.0,,Q27957294,matched,Wikidata
28759,Kembra Pfahler,American,Female,1967.0,,Q6386892,matched,Wikidata
28760,Jerry Phillips,American,Male,1958.0,,Q55219607,matched,Wikidata
28761,Richard Phillips,American,Male,1963.0,,Q1833409,matched,Wikidata
28762,Gabriele Picco,Italian,Male,1974.0,,Q3756666,matched,Wikidata
28763,Jody Pinto,American,Female,1942.0,,Q55219616,matched,Wikidata
28765,Magnus Plessen,German,Male,1967.0,,,not_found,
28766,Marjetica Potrc,Slovenian,Female,1953.0,,,not_found,
28768,Peggy Preheim,American,Female,1963.0,,,not_found,
28769,Tobias Putrih,Slovenian,Male,1972.0,,Q29436335,matched,Wikidata
28770,Alessandro Raho,British,Male,1971.0,,Q4716407,matched,Wikidata
28771,Tyson Reeder,American,Male,1974.0,,Q21287815,matched,Wikidata
28772,Daniel Richter,German,Male,1962.0,,Q67231,matched,Wikidata
28773,Michael S. Riedel,German,Male,1972.0,,,not_found,
28775,Michael Rodriguez,American,Male,1964.0,,,uncertain,
28776,Kirstine Roepstorff,Danish,Female,1972.0,,Q6416148,matched,Wikidata
28778,Clare Rojas,American,Female,1976.0,,Q16216044,matched,Wikidata
28779,Matthew Ronay,American,Male,1976.0,,Q55219704,matched,Wikidata
28780,Alexander Ross,American,Male,1960.0,,,uncertain,
28781,Eva Rothschild,British,Female,1972.0,,Q4975694,matched,Wikidata
28783,Gavin R. Russom,American,Male,1974.0,,,not_found,
28784,Riiko Sakkinen,Finnish,Male,1976.0,,Q7333934,matched,Wikidata
28785,Hiroe Saeki,Japanese,Female,1978.0,,Q23001774,matched,Wikidata
28786,Mamoru Sakagawa,Japanese,Male,1979.0,,Q55219725,matched,Wikidata
28787,Sam Salisbury,American,Male,1977.0,,,not_found,
28788,Wilhelm Sasnal,Polish,Male,1972.0,,Q1377079,matched,Wikidata
28789,Yehudit Sasportas,Israeli,Female,1969.0,,Q10768932,matched,Wikidata
28790,Shinako Sato,Japanese,Female,1965.0,,Q27595502,matched,Wikidata
28791,Matt Saunders,American,Male,1975.0,,Q22002990,matched,Wikidata
28792,David Scher,American,Male,1952.0,,,not_found,
28794,Mathias Schmied,Swiss,Male,1976.0,,Q77348480,matched,Wikidata
28796,Lara Schnitger,Dutch,Female,1969.0,,,not_found,
28798,Dana Schutz,American,Female,1976.0,,Q5214826,matched,Wikidata
28799,Michael Scoggins,American,Male,1973.0,,,not_found,
28800,Rachel Selekman,American,Female,1963.0,,Q21550624,matched,Wikidata
28801,Randall Sellers,American,Male,1969.0,,Q55219768,matched,Wikidata
28802,Bettina Sellmann,German,Female,1971.0,,Q4898629,matched,Wikidata
28803,SEO (Seo Soo-Kyoung),Korean,Female,1977.0,,,not_found,
28804,David Shaw,American,Male,1965.0,,,uncertain,
28805,Simone Shubuck,American,Female,1969.0,,Q55219784,matched,Wikidata
28806,Andreas Siekmann,German,Male,1961.0,,Q500687,error,Wikidata
28807,Paul Sietsema,American,Male,1968.0,,Q7153600,matched,Wikidata
28808,Amy Sillman,American,Female,1955.0,,Q481952,matched,Wikidata
28809,Elizabeth Simonson,American,Female,1964.0,,,not_found,
28810,Daniel Sinsel,German,Male,1976.0,,Q43137459,matched,Wikidata
28811,Sal Sirugo,American,Male,1920.0,,,not_found,
28812,Lucy Skaer,British,Female,1975.0,,Q4421330,matched,Wikidata
28813,Torsten Slama,Austrian,Male,1967.0,2023.0,Q77348664,matched,Wikidata
28814,Zak Smith,American,Male,1976.0,,Q8064980,matched,Wikidata
28815,Stephen Sollins,American,Male,1967.0,,,not_found,
28817,Glenn Sorensen,Australian,Male,1968.0,,Q5569114,matched,Wikidata
28818,Nora Speyer,American,Female,1923.0,,Q42816289,matched,Wikidata
28819,Joseph Stalnaker,American,Male,1979.0,,Q55219817,matched,Wikidata
28820,Frances Stark,American,Female,1967.0,,Q16197269,matched,Wikidata
28821,Lyle Starr,American,Male,1962.0,,Q55219820,matched,Wikidata
28822,Peter Stauss,German,Male,1966.0,,Q55219824,matched,Wikidata
28824,Clare Stephenson,British,Female,1972.0,,Q55219827,matched,Wikidata
28825,Xenon Straub,American,Female,1972.0,,,not_found,
28826,Katja Strunz,German,Female,1970.0,,Q43138296,matched,Wikidata
28827,Peter Sullivan,American,Male,1958.0,1996.0,Q7177179,matched,Wikidata
28828,Tony Swain,British,Male,1967.0,,Q21461820,matched,Wikidata
28829,Ricky Swallow,Australian,Male,1974.0,,Q1666908,matched,Wikidata
28830,Ena Swansea,American,Female,1966.0,,,not_found,
28831,Spencer Sweeney,American,Male,1973.0,,Q22003203,matched,Wikidata
28832,Josephine Taylor,American,Female,1977.0,,Q19664109,matched,Wikidata
28833,Yuken Teruya,Japanese,Male,1973.0,,Q526559,matched,Wikidata
28834,Cheyney Thompson,American,Male,1975.0,,,not_found,
28836,Hayley Tompkins,Scottish,Female,1971.0,,Q23007345,matched,Wikidata
28837,Tam Van Tran,American,Male,1966.0,,Q23417092,matched,Wikidata
28838,Lane Twitchell,American,Male,1967.0,,Q6485457,matched,Wikidata
28839,Donald Urquhart,Scottish,Male,1963.0,,Q21454523,matched,Wikidata
28840,Lesley Vance,American,Female,1977.0,,Q16731416,matched,Wikidata
28841,Chris Vasell,American,Male,1974.0,,Q22669113,matched,Wikidata
28842,Nicolau Vergueiro,American,Male,1977.0,,Q38249052,matched,Wikidata
28843,Jean-Luc Verna,French,Male,1966.0,,Q16645277,matched,Wikidata
28844,Banks Violette,American,Male,1973.0,,Q4856501,matched,Wikidata
28845,Reinhard Voigt,German,Male,1940.0,,Q77348575,matched,Wikidata
28846,Charline von Heyl,German,Female,1960.0,,,not_found,
28847,Kelley Walker,American,Male,1969.0,,Q4476103,matched,Wikidata
28848,Sarah Walker,American,Female,1963.0,,Q2624951,matched,Wikidata
28849,Sam Watters,American,Male,1954.0,,,uncertain,
28850,Peter Wegner,American,Male,1963.0,2017.0,Q7177632,matched,Wikidata
28851,Paloma Varga Weisz,German,Female,1966.0,,Q6574272,matched,Wikidata
28852,Andro Wekua,Georgian,Male,1977.0,,Q512166,matched,Wikidata
28853,Olav Westphalen,German,Male,1963.0,,Q1580130,matched,Wikidata
28854,Benji Whalen,American,Male,1968.0,,Q21810616,matched,Wikidata
28855,John Cerasulo,American,Male,1974.0,,,not_found,
28856,Jon Widman,Korean,Male,1972.0,,Q77348399,matched,Wikidata
28857,T.J. Wilcox,American,Male,1965.0,,,not_found,
28858,Christopher Williams,American,Male,1956.0,,Q1087061,matched,Wikidata
28859,Johannes Wohnseifer,German,Male,1967.0,,Q6217077,matched,Wikidata
28860,William Wood,American,Male,1960.0,,,uncertain,
28861,Lynne Woods Turner,American,Female,1951.0,,Q16731731,matched,Wikidata
28862,Richard Wright,American,Male,1960.0,,,uncertain,
28863,Katharina Wulff,German,Female,1968.0,,Q55220013,matched,Wikidata
28864,Amelie von Wulffen,German,Female,1966.0,,Q461738,matched,Wikidata
28865,Erwin Wurm,Austrian,Male,1954.0,,Q78841,matched,Wikidata
28866,Ralf Ziervogel,German,Male,1975.0,,Q1389707,matched,Wikidata
28867,Chris Hanson,Canadian,Male,1964.0,,,uncertain,
28868,Hendrika Sonnenberg,Canadian,Female,1963.0,,Q135908079,matched,Wikidata
28869,Claudia Müller,Swiss,Female,1964.0,,,uncertain,
28870,Julia Müller,Swiss,Female,1965.0,,Q112822256,matched,Wikidata
28871,Muntean/Rosenblum,,,,,,uncertain,
28872,Dennis Loesch,German,Male,1979.0,,Q55219255,matched,Wikidata
28874,Wade Guyton,American,Male,1972.0,,Q3564983,matched,Wikidata
28876,Katerina Lanfranco,Canadian,Female,1978.0,,,not_found,
28877,Jon Pylypchuk,Canadian,Male,1973.0,,Q6271413,matched,Wikidata
28878,Christian Schwarzwald,Austrian,Male,1971.0,,Q1081833,matched,Wikidata
28879,Michelle Segre,American,Female,1965.0,,,not_found,
28880,Dannielle Tegeder,American,Female,1971.0,,Q5220055,matched,Wikidata
28881,Anonymouse,,Male,,,,uncertain,
28883,Jay D. Sorensen,American,Male,1958.0,,,not_found,
28890,"Siemens Transportation Systems, Inc.",American,,,,,not_found,
28898,Stefan Kürten,German,Male,1963.0,,Q7606170,matched,Wikidata
28902,Dasha Shishkin,American,Female,1977.0,,Q19661795,matched,Wikidata
28914,Klaus Rosburg,German,Male,1962.0,,Q55219706,matched,Wikidata
28915,"Setco, Inc., a division of Kerr Group, Inc.",American,,,,,not_found,
28926,Ed Kilduff,American,Male,1970.0,,Q55219100,matched,Wikidata
28927,Paul Treible,American,,1968.0,,,not_found,
28928,Jon Leyfert,American,,1963.0,,,not_found,
28929,Manuel Saez,Argentine,Male,1973.0,,Q6752857,matched,Wikidata
28930,Marc Plawner,American,,1974.0,,Q55219620,matched,Wikidata
28931,Erika Gerzsenyi,American,,1972.0,,,not_found,
28932,Pollen Design,American,,1997.0,,,not_found,
28933,"Computer Design, Inc.",American,,1988.0,,,not_found,
28934,John Swann,British,,,,,uncertain,
28935,Ernest Kortschak,Canadian,,,,,uncertain,
28936,Desmond Mayne,Canadian,,,,Q28744880,matched,Wikidata
28937,Marcus Carius,Canadian,,,,,not_found,
28938,Vicki Theriault,Canadian,,,,,not_found,
28939,EVAC+ Design/Engineering Team,Canadian,,2001.0,,,not_found,
28940,De Wisselstroom,Dutch,,,,,not_found,
28941,IDSland,French,,2000.0,,,uncertain,
28944,"SQUINT/OPERA, London, England",,,2002.0,,,not_found,
28956,Mika Rottenberg,Israeli,Female,1976.0,,Q15222416,matched,Wikidata
28963,Oliver Payne,British,Male,1977.0,,Q21533049,matched,Wikidata
28964,Nick Relph,British,Male,1979.0,,Q21533051,matched,Wikidata
28972,Cristina Iglesias,Spanish,Female,1956.0,,Q12255979,matched,Wikidata
28977,Edward G. Sutt Jr.,American,,1968.0,,Q55219836,matched,Wikidata
28981,Carole Benzaken,French,Female,1964.0,,Q2939868,matched,Wikidata
28982,Steve McQueen,British,Male,1969.0,,,uncertain,
28988,Marbek,British,,,,,not_found,
28990,Keith Tyson,British,Male,1969.0,,Q3194787,matched,Wikidata
28994,David Webster,American,Male,1947.0,,,uncertain,
28997,Swoon,American,Female,1977.0,,Q3506692,matched,Wikidata
28998,William J. Mac Donald,American,,1956.0,,,not_found,
29002,Laerdal Medical Corporation Design and Development Team,American,,1967.0,,,not_found,
29003,Jim Traut,American,,1956.0,,,not_found,
29005,James Lamb,British,,1971.0,,,uncertain,
29006,Orly Genger,American,Female,1979.0,,Q16729234,matched,Wikidata
29007,Aaron Young,American,Male,1972.0,,Q4537867,matched,Wikidata
29010,Tom Wiscombe,American,Male,1970.0,,Q27517326,matched,Wikidata
29021,Dennis Carlson,American,,1946.0,2015.0,Q55218313,matched,Wikidata
29024,Eija-Liisa Ahtila,Finnish,Female,1959.0,,Q267559,matched,Wikidata
29031,Michael Anastassiades,Cypriot,Male,1967.0,,Q23915135,matched,Wikidata
29032,Byron Qually,South African,,1973.0,,,not_found,
29033,Richard Perez,South African,,1970.0,,,uncertain,
29034,Etienne Rijkheer,South African,,1949.0,,,not_found,
29036,John Hutchinson,South African,,1952.0,,,uncertain,
29048,Barnabas Wetton,British,Male,1962.0,,Q55219984,matched,Wikidata
29049,Elle-Mie Ejdrup Hansen,Danish,Female,1958.0,,,not_found,
29050,Michael Frederiksen,Danish,Male,1966.0,,,not_found,
29062,Crye Precision,American,,,,,uncertain,
29068,North Safety Products Development and Manufacturing Team,American,,1973.0,,Q77353850,matched,Wikidata
29069,North Safety Products,American,,1973.0,,,not_found,
29073,Lorraine Gamman,British,Female,1957.0,,Q39664222,matched,Wikidata
29177,Sture Johannesson,Swedish,Male,1935.0,2018.0,Q5884840,matched,Wikidata
29180,Emissive Energy Corp.,American,,,,,uncertain,
29181,Hiroyuki Tazawa,Japanese,Male,1948.0,,Q77353626,matched,Wikidata
29209,Trapinex Sérigraphie-Offset,French,,,,,not_found,
29216,Multiple manufacturers,,,,,,not_found,
29218,Bård Eker Industrial Design,Norwegian,,1994.0,,,not_found,
29219,K8 Industridesign,Norwegian,,1998.0,,,not_found,
29220,Bjørn Refsum,Norwegian,,,,,uncertain,
29221,Hilde Angelfoss Øxseth,Norwegian,,,,,not_found,
29230,Derek Ryden,British,,1956.0,,Q55219721,matched,Wikidata
29234,Sigurd Melin,Swedish,Male,1952.0,,,uncertain,
29235,Anders Mohss,Swedish,,1958.0,,,not_found,
29240,Sam Scheinberg,American,,1941.0,,Q77353940,matched,Wikidata
29241,Wisser Verpackungen GmbH,German,,,,,not_found,
29242,Greg Marting,American,,1960.0,,,not_found,
29245,Dr. Howard Wright,American,,1956.0,,,not_found,
29246,"Koller-Craft Manufacturing, Inc.",American,,,,,not_found,
29254,SenTechBioMed Corporation,American,,,,,not_found,
29260,Maria Jauhiainen,Finnish,Female,1971.0,,Q30174326,matched,Wikidata
29282,Pete Docter,American,Male,1968.0,,Q357627,matched,Wikidata
29293,John Lasseter,American,Male,1957.0,,Q269214,matched,Wikidata
29294,Jan Pinkava,Czech,Male,1963.0,,Q1455793,matched,Wikidata
29302,Andrew Stanton,American,Male,1965.0,,Q328723,matched,Wikidata
29354,MIT Media Laboratory,American,,1985.0,,,not_found,
29387,Peter Sohn,American,Male,1977.0,,Q7177024,matched,Wikidata
29410,Dean Chapman,British,,1965.0,,,uncertain,
29415,"Howard Leight Industries, LLC, a division of Bacou-Dalloz Hearing Safety Group",American,,1971.0,,,not_found,
29416,"Westone Laboratories, Inc.",American,,1959.0,,,not_found,
29423,Evermore Company,Chinese,,,,,not_found,
29425,Stokke AS,Norwegian,,,,,uncertain,
29427,Milan Knížák,Czech,Male,1940.0,,Q3566375,matched,Wikidata
29428,Peter Kogler,Austrian,Male,1959.0,,Q1245847,matched,Wikidata
29429,Chad McCail,British,Male,1961.0,,Q77324807,matched,Wikidata
29430,Dan Perjovschi,Romanian,Male,1961.0,,Q1159135,matched,Wikidata
29431,Leonid Tishkov,Russian,Male,1953.0,,Q4458855,matched,Wikidata
29439,Mangelos (Dimitrije Bašicevic),Croatian,Male,1921.0,,,not_found,
29505,Eli Marmar,American,Male,1973.0,,Q55219343,matched,Wikidata
29506,John Hunter,American,,1965.0,,,uncertain,
29507,Andrew Burroughs,British,Male,1962.0,,Q117118263,matched,Wikidata
29508,Dickon Isaacs,British,Male,1971.0,,Q55219017,matched,Wikidata
29509,Stacy Benjamin,American,Female,1970.0,,,not_found,
29510,Dick Grant,British,Male,1950.0,,,uncertain,
29511,John Grimley,American,Male,1971.0,,,not_found,
29512,Jerry O'Leary,British,Male,1976.0,,Q55219520,matched,Wikidata
29513,Anton Schubert,British,Male,1968.0,,,uncertain,
29514,Amy Schwartz,American,Female,1958.0,,,uncertain,
29515,Paul South,British,Male,1959.0,,,uncertain,
29516,Eric Sugalski,American,Male,1978.0,,,not_found,
29517,David Kravitz,American,Male,1957.0,,Q55219162,matched,Wikidata
29518,Douglas Schein,American,Male,1973.0,,,not_found,
29519,John Brassil,American,Male,1959.0,,,uncertain,
29522,Shigekazu Tanaka,Japanese,Male,1966.0,,,uncertain,
29523,Chikara Ohtagaki,Japanese,Male,1971.0,,Q55219510,matched,Wikidata
29528,Kevin & Jennifer McCoy,American,,,,,not_found,
29529,Niels Due Jensen,Danish,Male,1943.0,2024.0,Q12328756,matched,Wikidata
29533,Thomas W. Fleming,American,,1944.0,,Q77353996,matched,Wikidata
29534,Howard S. Leight,American,,1940.0,,Q55219213,matched,Wikidata
29535,Colin Williams,American,,1948.0,,Q117121693,matched,Wikidata
29536,"John A. Jenkins, Jr.",American,,1966.0,,,not_found,
29538,Nautic & Art,Canadian,,,,,not_found,
29541,Robert D. Galli,American,,1956.0,,,not_found,
29547,Kanji Hongu,Japanese,Male,1945.0,,Q55218982,matched,Wikidata
29551,Frans Verdonck,Dutch,,,,,uncertain,
29552,"Aero Sekur, Italy",Italian,,,,,not_found,
29558,Ken Solomon,American,Male,1971.0,,,not_found,
29563,Creswell Manufacturing,Indian,,,,,not_found,
29566,OFFECCT,Swedish,,1990.0,,,not_found,
29568,Mike Thomas,American,,1963.0,,,uncertain,
29579,Marsha Cottrell,American,Female,1964.0,,Q17325056,matched,Wikidata
29580,Douglas Kolk,American,Male,1963.0,,,not_found,
29581,Bernhard Martin,German,Male,1966.0,,Q825603,matched,Wikidata
29582,Rosalind Nashashibi,British,Female,1973.0,,Q7367240,matched,Wikidata
29583,Susan Turcot,Canadian,Female,1966.0,,Q28034885,matched,Wikidata
29584,Hanneline Visnes,Norwegian,Female,1972.0,,Q21466041,matched,Wikidata
29590,Emily Feather,,Male,,,,not_found,
29591,Elliott Hundley,American,Male,1975.0,,Q5365674,matched,Wikidata
29592,Thomas Locher,German,Male,1956.0,,Q2425847,matched,Wikidata
29620,Winka Dubbeldam,Dutch,Female,1966.0,,Q21173984,matched,Wikidata
29621,Matthew Buckingham,American,Male,1963.0,,Q6790230,matched,Wikidata
29622,Anri Sala,Albanian,Male,1974.0,,Q568659,matched,Wikidata
29623,Leonor Caraballo,Argentine,Female,1971.0,2015.0,Q111240408,matched,Wikidata
29624,Jen DeNike,American,Female,1971.0,,Q16213679,matched,Wikidata
29625,Oliver Michaels,British,Male,1972.0,,Q21533116,matched,Wikidata
29630,Yamagiwa Corporation,,,1994.0,,,uncertain,
29631,Steven K. Levine,American,,1946.0,,Q55219240,matched,Wikidata
29632,"Brandir International, Inc., New York",,,1979.0,,,not_found,
29640,Patricia Urquiola,Spanish,Female,1961.0,,Q432294,matched,Wikidata
29641,Eliana Gerotto,Italian,Female,1951.0,,Q55218772,matched,Wikidata
29644,Abou Farman,Iranian,Male,1966.0,,Q112549686,matched,Wikidata
29646,Fabio Lenci,Italian,Male,1935.0,,Q55219218,matched,Wikidata
29654,John Lees,American,Male,1943.0,,,uncertain,
29655,Jeanne Silverthorne,American,Female,1950.0,,Q16145759,matched,Wikidata
29656,Daisy Youngblood,American,Female,1945.0,,,not_found,
29657,Francesca Gabbiani,Canadian,Female,1965.0,,Q55165186,matched,Wikidata
29661,"Arnolfo di Cambio, Italy",,,,,,not_found,
29675,Clifford Ross,American,Male,1952.0,,Q1101320,matched,Wikidata
29681,"grupo aranea, Alicante",,,1998.0,,,uncertain,
29685,Juan Domingo Santos,Spanish,Male,1961.0,,Q28057722,matched,Wikidata
29689,Fernando Martín Menis,Spanish,Male,1951.0,,,not_found,
29692,Francisco Leiva Ivorra,Spanish,Male,1972.0,,,not_found,
29705,"Mansilla+Tuñón, Arquitectos, Madrid",,,1992.0,,,not_found,
29707,Emilio Tuñón,Spanish,Male,1958.0,,,uncertain,
29711,"Morphosis, Santa Monica, CA",,,1972.0,,,not_found,
29714,Benedetta Tagliabue,,,,,,uncertain,
29717,"MTM arquitectos, Madrid",,,1993.0,,,not_found,
29718,Javier Peña,,,,,,uncertain,
29719,Javier Fresneda,,,,,,uncertain,
29720,Javier Sanjuan,,,,,,not_found,
29721,"Cloud 9, Barcelona",Spanish,,1997.0,,,not_found,
29722,Enric Ruiz-Geli,Spanish,Male,1968.0,,,not_found,
29725,SANAA,,,1995.0,,,uncertain,
29730,Nicola López,American,Female,1975.0,,Q59137256,matched,Wikidata
29732,Álvaro Siza,Portuguese,Male,1933.0,,,not_found,
29740,Fujiwara Dai,Japanese,Male,1967.0,,,not_found,
29741,"Issey Miyake, Inc., Tokyo, Japan",,,1970.0,,,not_found,
29742,Lee Jong-Ok,Korean,,1971.0,,,not_found,
29743,Yukiyo Matsushita,Japanese,Female,1970.0,,Q28053341,matched,Wikidata
29744,"Ulji, Inc., Korea",,,1994.0,,,not_found,
29760,Jeff Davis,American,Male,1967.0,,,uncertain,
29774,Gianni Gamberini,Italian,,,,,not_found,
29775,"Sormani Nucleo, Italy",,,,,,not_found,
29817,Xu Bing,Chinese,Male,1955.0,,Q1932124,matched,Wikidata
29850,"RCR Arquitectes, Olot",,,1988.0,,,not_found,
29871,Ulli Maier,German,Female,1951.0,,Q114646171,matched,Wikidata
29874,Paul Resika,American,Male,1928.0,,,not_found,
29875,Anon,,Male,,,,uncertain,
29918,Noriko Furunishi,Japanese,Female,1966.0,,Q27595498,matched,Wikidata
29945,Ellen van Loon,,,,,,uncertain,
29968,Jim Campbell,American,Male,1956.0,,Q6194013,matched,Wikidata
29971,Slater Bradley,American,Male,1975.0,,Q7538895,matched,Wikidata
29972,Kota Ezawa,German,Male,1969.0,,Q21292957,matched,Wikidata
29979,IRWIN,Slovenian,,1983.0,,,uncertain,
29982,Stanley Brouwn,Dutch,Male,1935.0,2017.0,Q874901,matched,Wikidata
30035,Scott McFarland,Canadian,Male,1975.0,,Q27595505,matched,Wikidata
30060,Moroso S.p.A.,,,,,,not_found,
30065,Jonathan Barnbrook,British,Male,1966.0,,Q2791294,matched,Wikidata
30071,Petra Mrzyk,German,,1973.0,,Q3377579,matched,Wikidata
30072,Moriceau + Mrzyk,,,,,,not_found,
30073,Markus Muntean,Austrian,Male,1962.0,,Q1901687,matched,Wikidata
30074,Adi Rosenblum,Israeli,Female,1962.0,,Q356842,matched,Wikidata
30075,Carmen Herrera,Cuban,Female,1915.0,2022.0,Q522662,matched,Wikidata
30077,Tim Bavington,British,Male,1966.0,,Q21290822,matched,Wikidata
30081,Adam Dant,British,Male,1967.0,,Q2823934,matched,Wikidata
30089,Gerard Petrus Fieret,Dutch,Male,1924.0,,,not_found,
30109,Nic Hess,Swiss,,1968.0,,Q21550074,matched,Wikidata
30111,Matthew Brannon,American,Male,1971.0,,Q1909477,matched,Wikidata
30112,Bernard Frize,French,Male,1949.0,,Q2897931,matched,Wikidata
30113,Katharina Grosse,German,Female,1961.0,,Q1735903,matched,Wikidata
30116,Heinrich Riebesehl,German,Male,1938.0,2010.0,Q1598607,matched,Wikidata
30133,"Niels Borch Jensen Værksted for Koppertryk, Copenhagen",,,,,,not_found,
30156,Guy Tillim,South African,Male,1962.0,,Q830505,matched,Wikidata
30162,Janos Frecot,German,Male,1937.0,,Q104613,matched,Wikidata
30166,Jeremy Deller,British,Male,1966.0,,Q953820,matched,Wikidata
30187,Rudy VanderLans,Dutch,Male,1955.0,,Q3446813,matched,Wikidata
30188,Zuzana Licko,Slovak,Female,1961.0,,Q231210,matched,Wikidata
30189,Emigre Inc.,American,,1987.0,,,uncertain,
30202,Yaron Leshem,Israeli,Male,1972.0,,Q77288425,matched,Wikidata
30203,"XPIRAL, Murcia",,,1997.0,,,not_found,
30204,"Acconci Studio, New York",American,,1988.0,,,not_found,
30205,Ruy Ohtake,Brazilian,Male,1938.0,2021.0,Q1797462,matched,Wikidata
30219,Nicolas Lampert,American,Male,1969.0,,,not_found,
30223,Scott King,British,Male,1969.0,,Q3952845,matched,Wikidata
30229,Mark Fox,American,Male,1963.0,,,uncertain,
30271,Sze Tsung Leong,British,Male,1970.0,,Q7664511,matched,Wikidata
30274,Olaf Nicolai,German,Male,1962.0,,Q1454803,matched,Wikidata
30299,John Maeda,American,Male,1966.0,,Q93024,matched,Wikidata
30303,Heimo Zobernig,Austrian,Male,1958.0,,Q830980,matched,Wikidata
30306,Ivana Keser,Croatian,Female,1967.0,,Q55180834,matched,Wikidata
30365,Mikhael Subotzky,South African,Male,1981.0,,Q18637934,matched,Wikidata
30445,Anders Petersen,Swedish,Male,1944.0,,Q491238,matched,Wikidata
30469,"Griffelkunst-Vereinigung, Hamburg",,,,,,not_found,
30473,Gert Tobias,German,Male,1973.0,,Q16704862,matched,Wikidata
30474,Uwe Tobias,German,Male,1973.0,,Q16704891,matched,Wikidata
30478,Rafael Lozano-Hemmer,Mexican,Male,1967.0,,Q1872461,matched,Wikidata
30506,Barbara Probst,German,Female,1964.0,,Q4859232,matched,Wikidata
30583,"The Vanity Press, London",,,,,,not_found,
30602,"Stafford-Johnson Seating Corporation, Ionia, Michigan",,,,,,not_found,
30604,Carl Fischer,American,,1924.0,1987.0,Q1037778,matched,Wikidata
30610,Jules Spinatsch,Swiss,Male,1964.0,,Q77288162,matched,Wikidata
30612,Chris Miner,American,Male,1973.0,,,not_found,
30618,Carlos Amorales,Mexican,Male,1970.0,,Q5041755,matched,Wikidata
30621,Adrian Paci,Albanian,Male,1969.0,,Q373786,matched,Wikidata
30623,Clemens von Wedemeyer,German,Male,1974.0,,Q2978874,matched,Wikidata
30632,Ernie Gehr,American,Male,1941.0,,,uncertain,
30654,Gary Hincks,,,1949.0,,Q120897472,matched,Wikidata
30658,Runa Islam,British,Female,1970.0,,Q16211385,matched,Wikidata
30659,Thiago Rocha Pitta,Brazilian,Male,1980.0,,Q30938106,matched,Wikidata
30660,Artur Zmijewski,Polish,Male,1966.0,,,not_found,
30664,Patrick Norguet,French,Male,1969.0,,Q16669185,matched,Wikidata
30665,"Kvadrat, Ebeltoft, Denmark",,,1965.0,,,not_found,
30682,Stefan Sagmeister,American,Male,1962.0,,Q89568,matched,Wikidata
30694,Patrick Jouin,French,Male,1967.0,,Q3369553,matched,Wikidata
30695,Materialise NV,Belgian,,1995.0,,,uncertain,
30705,Luisa Cevese Riedizioni,Italian,Female,1955.0,,Q55218360,matched,Wikidata
30717,Glenn Brown,British,Male,1966.0,,Q444690,matched,Wikidata
30723,Amanda Levete,British,Female,1959.0,,Q440786,matched,Wikidata
30724,Janne Kyttanen,Finnish,Male,1974.0,,Q21663033,matched,Wikidata
30726,Plank Collezioni Srl,Italian,,1983.0,,,not_found,
30732,Joachim Schönfeldt,South African,Male,1958.0,,Q56757561,matched,Wikidata
30733,Conrad Botes,South African,Male,1969.0,,Q2993593,matched,Wikidata
30750,Reynold Reynolds,American,Male,1966.0,,Q55860460,matched,Wikidata
30755,Gottlieb Soland,Swiss,,1928.0,2011.0,Q77353558,matched,Wikidata
30770,Anton Kannemeyer,South African,Male,1967.0,,Q2857010,matched,Wikidata
30838,Gastone Rinaldi,Italian,Male,1920.0,2006.0,Q3758779,matched,Wikidata
30847,Uli Aigner,Austrian,Female,1965.0,,Q2474941,matched,Wikidata
30849,Pawel Althamer,Polish,Male,1967.0,,,not_found,
30850,Maria Thereza Alves,,Female,1961.0,,Q3847574,matched,Wikidata
30851,Ruth Anderwald,Austrian,Female,1976.0,,Q94486174,matched,Wikidata
30852,Leonhard Grond,Austrian,Male,1977.0,,Q94485751,matched,Wikidata
30853,Fareed Armaly,American,Male,1957.0,,Q5434926,matched,Wikidata
30854,Isabelle Arthuis,Belgian,Female,1969.0,,Q134413627,matched,Wikidata
30855,Sule Attems,Turkish,Female,1960.0,,Q134413628,matched,Wikidata
30856,Christy Astuy,American,Female,1959.0,,Q134413630,matched,Wikidata
30857,Fatih Aydogdu,Turkish,Female,1963.0,,Q95288300,matched,Wikidata
30858,Zeigam Azizov,Azerbaijani,Male,1963.0,,Q65428593,matched,Wikidata
30860,Ricardo Basbaum,Brazilian,Male,1961.0,,Q1304738,matched,Wikidata
30861,Thomas Baumann,Austrian,Male,1967.0,,Q2422293,matched,Wikidata
30862,Erick Beltran,Mexican,Male,1974.0,,,not_found,
30865,Fritz Bergler,,Male,1955.0,,Q95251611,matched,Wikidata
30866,Bodo Hell,Austrian,Male,1943.0,,Q88859,matched,Wikidata
30867,Michael Blum,Israeli,Male,1966.0,,Q1927004,matched,Wikidata
30868,Max Boehme,Austrian,Male,1965.0,,Q134413631,matched,Wikidata
30869,Ecke Bonk,Egyptian,Male,1953.0,,Q1281486,matched,Wikidata
30870,Luchezar Boyadjiev,Bulgarian,Male,1957.0,,Q113716099,matched,Wikidata
30871,Christine Boyer,,Female,,,,uncertain,
30872,Tim Brennan,British,Male,1966.0,,,uncertain,
30873,Kathy McArdie,,Female,,,,not_found,
30874,Rosa Brückl,Austrian,Female,1970.0,,,not_found,
30875,Gregor Schmoll,Austrian,Male,1970.0,,,not_found,
30876,Frédéric Bruly-Bouabré,Ivorian,Male,1921.0,,,not_found,
30877,Pavel Büchler,Czech,Male,1952.0,,Q77357988,matched,Wikidata
30878,Anne Burdick,,Female,,,Q120607340,matched,Wikidata
30879,Mircea Cantor,Romanian,Male,1977.0,,Q3315919,matched,Wikidata
30881,Hoy Cheong,Malaysian,Male,1960.0,,,not_found,
30882,Clegg and Guttmann,Irish,Male,1957.0,,,not_found,
30883,Nathan Coley,British,Male,1967.0,,Q6968978,matched,Wikidata
30884,Patrick Corillon,Belgian,Male,1959.0,,Q3369356,matched,Wikidata
30885,David Crow,Scottish,Male,1962.0,,Q112443506,matched,Wikidata
30886,Oliver Croy,Austrian,Male,1970.0,,Q94353549,matched,Wikidata
30887,Minerva Cuevas,Mexican,Female,1975.0,,Q6864481,matched,Wikidata
30888,Roberto Cuoghi,Italian,Male,1973.0,2013.0,Q99500514,matched,Wikidata
30889,Die Damen,,Female,,,,uncertain,
30890,demonstate,,,,,,not_found,
30891,The Designers Republic,,,,,,uncertain,
30892,Julius Deutschbauer,Austrian,Male,1961.0,,Q39158870,matched,Wikidata
30893,Gerhard Spring,Austrian,Male,1962.0,,Q112431624,matched,Wikidata
30894,Dezentrale Medien,,,,,,not_found,
30895,Mirjana Djordjevic,,Female,,,,uncertain,
30896,Ingar Dragset,Norwegian,Male,1969.0,,Q9008438,matched,Wikidata
30897,Michael Elmgreen,Danish,Male,1961.0,,Q11989256,matched,Wikidata
30898,Heinrich Dunst,Austrian,Male,1955.0,,Q112520549,matched,Wikidata
30899,Jimmie Durham,American,Male,1940.0,2021.0,Q445487,matched,Wikidata
30900,Daniel Egg,Austrian,Male,1973.0,,Q112362087,matched,Wikidata
30901,Mehmet Emir,Turkish,Male,,,,uncertain,
30902,Memed Erdener,Turkish,Male,1970.0,,Q134413632,matched,Wikidata
30903,Annika Eriksson,,Female,1956.0,,Q4946992,matched,Wikidata
30904,Ayse Erkmen,Turkish,Female,1949.0,,,not_found,
30906,Marina Faust,,Female,1950.0,,Q6763819,matched,Wikidata
30907,Richard Fenwick,British,Male,,,,uncertain,
30908,Gyula Fodor,Hungarian,Male,1953.0,,,uncertain,
30909,Fork Unstable Media,,,,,,not_found,
30910,Andrea Fraser,American,Female,1965.0,,Q273205,matched,Wikidata
30911,Pia Gazzola,Italian,Female,,,,uncertain,
30912,Ali Gedik,Turkish,Male,1972.0,,Q134413633,matched,Wikidata
30913,Marcus Geiger,Swiss,Male,1957.0,,,not_found,
30914,Jochen Gerz,German,Male,1940.0,,Q1691084,matched,Wikidata
30915,Jef Geys,Belgian,Male,1934.0,2018.0,Q3176395,matched,Wikidata
30916,Simryn Gill,Singaporean,Female,1959.0,,Q1345188,matched,Wikidata
30917,Dominique Gonzalez-Foerster,French,Female,1965.0,,Q3035204,matched,Wikidata
30918,Richard Gordon,American,Male,,,,uncertain,
30919,Heribert Schiedel,Austrian,Male,1967.0,,Q15436783,matched,Wikidata
30923,Franz Graf,Austrian,Male,1954.0,,Q1286113,matched,Wikidata
30924,Elisabeth Plank,,Female,1960.0,,Q20638861,matched,Wikidata
30925,Dejan Grba,Serbian,Male,1967.0,,Q131758606,matched,Wikidata
30926,Renée Green,American,Female,1959.0,,Q7313843,matched,Wikidata
30928,Elisabeth Grübl,Austrian,Female,1961.0,,Q77717162,matched,Wikidata
30929,Gruppe Or-Om,,,,,,not_found,
30930,Mauricio Guillen,Mexican,Male,1971.0,,,not_found,
30932,Jens Haaning,Danish,Male,1965.0,,Q6179684,matched,Wikidata
30933,Maria Hahnenkamp,Austrian,Female,1959.0,,Q117383593,matched,Wikidata
30934,Susan Hapgood,American,Female,,,,uncertain,
30935,Mary Heilmann,American,Female,1940.0,,Q1906281,matched,Wikidata
30936,Hil de Gard,Austrian,Male,1964.0,,,not_found,
30937,Susan Hiller,American,Female,1940.0,2019.0,Q292115,matched,Wikidata
30938,Noritoshi Hirakawa,Japanese,Male,1960.0,,Q7051350,matched,Wikidata
30939,Richard Hoeck,Austrian,Male,1965.0,,Q108477935,matched,Wikidata
30940,C. & I. Hohenbüchler,Austrian,Female,1964.0,,,not_found,
30941,Carsten Höller,Belgian,Male,1961.0,,Q542346,matched,Wikidata
30942,Edgar Honetschläger,Austrian,Male,1963.0,,,uncertain,
30943,Horßkovß and Maurer,,,,,,not_found,
30945,Aleksandar Battista Ilic,Croatian,Male,1965.0,,,not_found,
30946,Sanja Iveković,Croatian,Female,1949.0,,Q451563,matched,Wikidata
30947,Cameron Jamie,American,Male,1969.0,,,not_found,
30948,Ann Veronica Janssens,,Female,1956.0,,Q2850425,matched,Wikidata
30949,Anna Jermolaewa,Russian,Female,1970.0,,,not_found,
30950,Daniel Jewesbury,British,Male,1972.0,,Q134413987,matched,Wikidata
30951,Adrian Jones,,Male,1845.0,1938.0,Q686793,matched,Wikidata
30953,Sejla Kameric,Bosnian,Female,1976.0,,,not_found,
30954,Helmut Kandl,Austrian,Male,1953.0,,Q134413635,matched,Wikidata
30955,Johanna Kandl,Austrian,Female,1964.0,,Q22237554,matched,Wikidata
30956,Herwig Kempinger,Austrian,Male,1957.0,,Q55218255,matched,Wikidata
30957,Udo Kittelmann,,Male,,,,uncertain,
30958,Klub 2,,,,,,not_found,
30959,Alexander Kluge,German,Male,1932.0,2026.0,Q60637,matched,Wikidata
30960,Jan Knap,Czech,Male,1949.0,,Q1681953,matched,Wikidata
30961,Jakob Kolding,Danish,Male,1971.0,,Q55235954,matched,Wikidata
30962,Mads Ranch Kornum,Danish,Male,,,,uncertain,
30963,Anna Kowalska,,Female,,,,uncertain,
30964,Marek Kozera,,Male,1957.0,,Q99478092,matched,Wikidata
30965,Reed Kram,Swedish,Male,1971.0,,Q134413636,matched,Wikidata
30966,Gregor Kristof,,,,,,uncertain,
30967,Elke Krystufek,Austrian,Female,1970.0,,,uncertain,
30968,Hans Küng,Swiss,Male,1928.0,2021.0,Q123010,matched,Wikidata
30969,Gabriel Kuri,Mexican,Male,1970.0,,Q22236061,matched,Wikidata
30970,Kurt & Plasto,,,,,,not_found,
30971,Gerhard Lang,German,Male,1963.0,1974.0,Q18670449,matched,Wikidata
30972,Cornelia Lauf,,Female,,,,uncertain,
30973,Vincent Leow,Singaporean,Male,1961.0,,Q97817069,matched,Wikidata
30974,Erik van Lieshout,Dutch,Male,1968.0,,Q2926498,matched,Wikidata
30975,Hans Peter Litscher,,Male,1955.0,,Q95244348,matched,Wikidata
30976,Hubert Lobnig,Austrian,Male,1962.0,,Q63345534,matched,Wikidata
30977,Logicaland,,,,,,not_found,
30978,Martin Löw-Beer,,,,,,uncertain,
30980,Marko Lulic,Austrian,Male,1972.0,,,not_found,
30981,Juan Maidagan,Argentine,Male,1957.0,,Q112271394,matched,Wikidata
30982,Dolores Zinny,Argentine,Female,1968.0,,Q107629365,matched,Wikidata
30983,Boris Manner,Austrian,Male,1961.0,,Q112439167,matched,Wikidata
30984,Dorit Margreiter,Austrian,Female,1967.0,,Q1245386,matched,Wikidata
30985,Alexander and Susan Maris,,,,,,uncertain,
30986,Michaela Math,Austrian,Female,1968.0,,Q134413637,matched,Wikidata
30987,Stephen Mathewson,American,Male,1962.0,,Q134413638,matched,Wikidata
30988,Leonore Mau,German,Female,1916.0,2013.0,Q1819502,matched,Wikidata
30989,Lloyd de Mause,American,Male,1931.0,,,not_found,
30990,Robert Milin,French,Male,1951.0,,,not_found,
30991,J. Abbott Miller,American,Male,1963.0,,Q6104548,matched,Wikidata
30992,Cornelia Mittendorfer,,Female,,,,uncertain,
30994,Martin Mrazik,,,,,,not_found,
30995,Eva Mrazikova,,,,,,not_found,
30997,Christian Philipp Müller,Swiss,Male,1957.0,,Q1081400,matched,Wikidata
31000,Oswald Oberhuber,Italian,Male,1931.0,2020.0,Q2036428,matched,Wikidata
31001,Walter Obholzer,Austrian,Male,1953.0,2008.0,Q1324640,matched,Wikidata
31002,Melik Ohanian,French,Male,1969.0,,Q3305059,matched,Wikidata
31003,Edith Payer,Austrian,Female,1975.0,,Q134413639,matched,Wikidata
31004,Aleksandr Petljura,,Male,,,,uncertain,
31005,Cathrin Pichler,,Female,,,,uncertain,
31006,Paola Pivi,Italian,Female,1971.0,,Q539318,matched,Wikidata
31007,Lisl Ponger,Austrian,Female,1947.0,,Q1265730,matched,Wikidata
31008,Tim Sharp,,Male,1974.0,,Q16232416,matched,Wikidata
31009,Martin Prinzhorn,Austrian,Male,1957.0,,,not_found,
31010,August Ruhs,Austrian,Male,1946.0,,Q20829159,matched,Wikidata
31011,Rob Pruitt,,Male,1964.0,,Q7340476,matched,Wikidata
31012,Florian Pumhösl,Austrian,Male,1971.0,,Q835292,matched,Wikidata
31013,Doron Rabinovici,Austrian,Male,1961.0,,Q88072,matched,Wikidata
31014,L.A. Raeven,Dutch,Female,1971.0,,,uncertain,
31015,Kerim Ragimov,Russian,Male,1970.0,,Q4387003,matched,Wikidata
31016,Navin Rawanchaikul,Thai,Male,1971.0,,Q6982482,matched,Wikidata
31017,Reala,,,,,,uncertain,
31018,Jacques Le Rider,French,Male,1954.0,,Q820139,matched,Wikidata
31020,Willem de Rooij,Dutch,Male,1969.0,,Q821421,matched,Wikidata
31021,"2x4, Inc.",American,,1994.0,,,not_found,
31022,Michael Rock,American,Male,1959.0,,Q6833923,matched,Wikidata
31023,Susan Sellers,American,Female,1967.0,,,uncertain,
31025,Bella Ban,,Female,,,,not_found,
31026,Naomi Tereza Salmon,Israeli,Female,1965.0,,,not_found,
31027,Peter Sandbichler,Austrian,Male,1964.0,,Q1516652,matched,Wikidata
31030,Bülent Sangar,Turkish,Male,1965.0,,,not_found,
31031,Eran Schaerf,German,Male,1962.0,,Q22237611,matched,Wikidata
31032,Hans Scheugl,Austrian,Male,1940.0,,Q1582284,matched,Wikidata
31033,Markus Schinwald,Austrian,Male,1973.0,,Q1901774,matched,Wikidata
31034,Hubert Schmalix,Austrian,Male,1952.0,,,not_found,
31035,Ferdinand Schmatz,Austrian,Male,1953.0,,Q1405759,matched,Wikidata
31036,Rudolf Schmitz,German,,1918.0,1992.0,Q23887952,matched,Wikidata
31037,Walter Schmögner,Austrian,Male,1943.0,,Q1494371,matched,Wikidata
31038,Wolfgang Schneider,German,,1950.0,2003.0,Q1775406,matched,Wikidata
31039,Rainald Schumacher,German,Male,1953.0,,Q113399993,matched,Wikidata
31041,Bruno Serralongue,,Male,1968.0,,Q15406907,matched,Wikidata
31042,Jeffrey Shaw,Australian,Male,1944.0,,Q3176729,matched,Wikidata
31043,Wolf Singer,German,Male,1943.0,,Q107150,matched,Wikidata
31044,Sean Snyder,American,Male,1972.0,,Q95312758,matched,Wikidata
31045,Kim Sooja,Korean,Female,1957.0,,,not_found,
31046,Dr. Gerfried Sperl,Austrian,Male,1941.0,,,not_found,
31047,Spin,,,,,,uncertain,
31048,Wolfgang Staehle,German,Male,1950.0,,Q1232132,matched,Wikidata
31049,Isa Stech,,,,,,uncertain,
31050,Dominik Steiger,Austrian,Male,1940.0,2014.0,Q18346465,matched,Wikidata
31051,Bruce Sterling,American,Male,1954.0,,Q312995,matched,Wikidata
31053,Helmut Stockhammer,,,,,,uncertain,
31054,Kamen Stoyanov,Bulgarian,Male,1977.0,,Q108477034,matched,Wikidata
31055,Andrea van der Straeten,,Female,1953.0,,Q95206038,matched,Wikidata
31056,Ingeborg Strobl,Austrian,Female,1949.0,2017.0,Q26232108,matched,Wikidata
31057,Ernst Strouhal,,Male,,,,uncertain,
31058,Beatrix Sunkovsky,,Female,1951.0,,Q100706653,matched,Wikidata
31059,Violet Suk,,Female,,,,not_found,
31060,Martin Koch,,Male,,,,uncertain,
31062,Christoph Tannert,,Male,1955.0,,Q94134847,matched,Wikidata
31063,Tomato,,,,,,uncertain,
31064,Alexei Tylevich,,Male,,,,uncertain,
31065,Vectorama.org,,,,,,not_found,
31066,Marek Kvetan,,,,,,not_found,
31067,Wahlpartie,,,,,,not_found,
31068,Marius Watz,Norwegian,Male,1973.0,,Q11988399,matched,Wikidata
31069,Peter Weibel,Ukrainian,Male,1944.0,2023.0,Q313991,matched,Wikidata
31070,Lois Weinberger,,Female,1947.0,2020.0,Q1868344,matched,Wikidata
31071,Barbara Westman,,Female,,,,uncertain,
31072,Krzysztof Wodiczko,Polish,Male,1943.0,,Q1284738,matched,Wikidata
31073,Michel Würthle,Austrian,Male,1943.0,2023.0,Q124848807,matched,Wikidata
31074,Cerith Wyn Evans,British,Male,1958.0,,Q1055273,matched,Wikidata
31075,Jun Yang,Chinese,Male,1975.0,,,uncertain,
31076,Lansheng Zhang,Chinese,Male,,,,uncertain,
31077,Tiehai Zhou,Chinese,Male,1966.0,,,not_found,
31078,Beatrix Zobl,Austrian,Female,1970.0,,Q124419485,matched,Wikidata
31079,Andreas Zybach,Swiss,Male,1975.0,,Q55235566,matched,Wikidata
31080,Cornel Windlin,Swiss,Male,1964.0,,Q2671417,matched,Wikidata
31151,Wendy Furman,,,,,,not_found,
31152,Roy Lichtenstein Foundation,,,,,,uncertain,
31211,Charles Atlas,American,Male,1949.0,,,uncertain,
31241,Djamshed Usmonov,Tajik,Male,1965.0,,,not_found,
31242,Bill Morrison,American,Male,1965.0,,Q2903310,matched,Wikidata
31243,Yamina Bachir-Chouikh,Algerian,Female,1954.0,,,not_found,
31253,Kathleen Lindsley,,,,,,uncertain,
31259,Rebecca Miller,American,Female,1962.0,,Q508184,matched,Wikidata
31260,Ross McElwee,,Male,,,,uncertain,
31261,Stan Philips,,Male,,,,not_found,
31264,Albert Maysles,American,Male,1926.0,2015.0,Q15782045,matched,Wikidata
31265,Charlotte Zwerin,,Female,,,,uncertain,
31268,Kevin Smith,American,Male,1970.0,,,uncertain,
31271,Candy Kugel,American,Female,1951.0,,Q28744886,matched,Wikidata
31272,Lee Tamahori,New Zealander,Male,1950.0,2025.0,Q449104,matched,Wikidata
31276,Marc Forster,German,Male,1969.0,,Q28497,matched,Wikidata
31278,Wolf Gremm,,Male,,,,uncertain,
31280,Hayao Miyazaki,Japanese,Male,1941.0,,Q55400,matched,Wikidata
31281,Campbell Scott,American,Male,1961.0,,Q528527,matched,Wikidata
31283,Shirley Cheechoo,,Female,,,,uncertain,
31284,Nicole Kassell,,Female,,,,uncertain,
31292,Monika Sosnowska,Polish,Female,1972.0,,Q520491,matched,Wikidata
31297,Dee Dee Halleck,,Female,,,,not_found,
31298,David Thorne,American,Male,1960.0,,Q1176851,matched,Wikidata
31299,Edward Herman,,Male,,,,uncertain,
31300,Vincent Mosco,,Male,,,,uncertain,
31302,Jurgen Habermas,German,Male,1929.0,,,not_found,
31303,Bruno Latour,,Male,,,,uncertain,
31304,Martine Aballea,,Female,1950.0,,,not_found,
31305,Peter Fend,,Male,1950.0,,Q7173959,matched,Wikidata
31306,Robert McChesney,,Male,,,,uncertain,
31309,Paul Virilio,French,Male,1932.0,2018.0,Q507014,matched,Wikidata
31310,monochrom,,,,,,uncertain,
31311,get to attack,,,,,,not_found,
31312,Koo Jeong a,Korean,Female,1967.0,,,not_found,
31313,Daniel Suter,Czech,Male,1960.0,,,uncertain,
31316,Armand Mevis,Dutch,Male,1963.0,,Q94413286,matched,Wikidata
31317,Linda van Deursen,Dutch,Female,1961.0,,Q94413291,matched,Wikidata
31318,Emmerich Talos,,Male,,,,not_found,
31319,Theo Steiner,,Male,,,,uncertain,
31320,Martin Adel,,Male,,,,uncertain,
31321,Neal Ascherson,Scottish,Male,1932.0,,Q1747574,matched,Wikidata
31322,Klaus Ottomeyer,,Male,,,,uncertain,
31323,Slavoj Žižek,,Male,,,,uncertain,
31324,Edi Rama,Albanian,Male,1964.0,,Q316901,matched,Wikidata
31327,Daniel Blochwitz,German,Male,1973.0,,Q111593895,matched,Wikidata
31328,Horit Herman Peled,Israeli,Female,,,Q113737638,matched,Wikidata
31329,Deborah Kelly,Australian,Female,,,,uncertain,
31330,Ellen Moffat,,Female,1954.0,,Q22279243,matched,Wikidata
31331,Trebor Scholz,,Male,,,,uncertain,
31332,Jill Dawsey,,Female,,,,not_found,
31333,Mary Jo Walters,,Female,,,,not_found,
31334,Pavel Humhal,Czech,Male,1965.0,,Q95137391,matched,Wikidata
31335,Roman Ondák,Slovak,Male,1966.0,,,not_found,
31336,Martin Polak,Czech,,,,,not_found,
31337,Lukas Jasansky,Czech,,,,,not_found,
31338,Little Warsaw,,,,,Q6652447,matched,Wikidata
31339,Katerina Seda,,Female,,,,not_found,
31340,Miklos Erhardt,Hungarian,Male,1966.0,,,not_found,
31343,Allan Currall,British,Male,1965.0,,Q134413732,matched,Wikidata
31344,Michael Hvorecky,Slovak,Male,1976.0,,Q134413643,matched,Wikidata
31345,Kirsten Pieroth,German,Female,1970.0,,Q6416103,matched,Wikidata
31346,Jiri Skala,Czech,Male,1976.0,,Q106128862,matched,Wikidata
31347,Silvie Vondrejcova,,Female,,,,not_found,
31348,Julie Ryan,,Female,,,,uncertain,
31349,Alexandra Domanovic,,Female,,,,uncertain,
31350,Alexander Felch,Austrian,Male,1978.0,,Q134413644,matched,Wikidata
31351,Markus Leixner,,,,,,not_found,
31352,Sarah Schneider,,Female,,,,uncertain,
31353,Chen Xi,Austrian,,1966.0,,,uncertain,
31354,Markus Hanakam,German,Male,1979.0,,,not_found,
31355,Christoph Priglinger,,Male,,,,not_found,
31356,Roswitha Schuller,Austrian,Female,1984.0,,,not_found,
31357,Johanna Rille,German,Female,1980.0,,Q134413646,matched,Wikidata
31358,Marianne Kampel,,Female,,,,uncertain,
31359,Caroline E. Heider,,Female,,,,uncertain,
31360,Pirmin Blum,Swiss,Male,1969.0,,Q85093353,matched,Wikidata
31361,Natasa Berk,,Female,,,,not_found,
31362,Karin Aue,Austrian,Female,1981.0,,,not_found,
31363,Miriam Kathrein,,Female,,,,not_found,
31364,Magda Tothova,Slovak,Female,1979.0,,Q99037891,matched,Wikidata
31365,Andrea Starl,,Female,,,,uncertain,
31366,Vedra Pilipovic,,,,,,not_found,
31367,Katharina Ivansich,Austrian,Female,1983.0,,,not_found,
31368,Irma Tulek,,Female,,,,not_found,
31369,Julia Seyr,,Female,1980.0,,Q61845127,matched,Wikidata
31370,Sofia Goscinski,,Female,,,,uncertain,
31371,Katharina Hager,,Female,,,,uncertain,
31372,Manuel Gorkiewicz,Austrian,Male,1976.0,,Q83745823,matched,Wikidata
31373,Jakob Neulinger,Austrian,Male,1979.0,,,not_found,
31374,Lucas Zallmann,,,,,,not_found,
31375,Johanna Billing,Swedish,Female,1973.0,,Q531113,matched,Wikidata
31376,Maria Crista,,Female,,,,not_found,
31378,Roberto Ohrt,,Male,1954.0,,Q113769162,matched,Wikidata
31379,Michel Onfray,French,Male,1959.0,,Q7060,matched,Wikidata
31381,Franz Kaltenbeck,Austrian,Male,,,,uncertain,
31382,Yann Aussant,French,,,,,not_found,
31384,Deimantas Narkevicius,Lithuanian,Male,1964.0,,,not_found,
31385,Manfred Grübl,Austrian,Male,1967.0,,Q1771091,matched,Wikidata
31420,Nancy Grossman,American,Female,1940.0,,,not_found,
31430,Demakersvan,,,2004.0,,,uncertain,
31431,Jeroen Verhoeven,Dutch,Male,1976.0,,Q117121557,matched,Wikidata
31433,Rob Voerman,Dutch,Male,1966.0,,Q1507232,matched,Wikidata
31442,Yang Fudong,Chinese,Male,1971.0,,Q4537809,matched,Wikidata
31447,KDDI Corporation,Japanese,,1953.0,,,not_found,
31450,Francisco Castro Leñero,Mexican,Male,1954.0,2022.0,Q5865417,matched,Wikidata
31455,Akihiko Kotani,Japanese,Male,1957.0,,Q55219147,matched,Wikidata
31456,Tsuguyoshi Sadashima,Japanese,Male,1952.0,,,not_found,
31464,Hank Bull,Canadian,Male,1949.0,,Q24262352,matched,Wikidata
31589,unknown,,,,,,uncertain,
31610,"Airstream, Inc.",American,,1931.0,,,not_found,
31612,"RIMA, Padua, Italy",Italian,,1916.0,,,not_found,
31613,Alexander Taylor,British,Male,1975.0,,Q77353298,matched,Wikidata
31614,Established & Sons,British,,2005.0,,,uncertain,
31615,Claudio Salocchi,Italian,,1934.0,2012.0,Q55772590,matched,Wikidata
31617,Coren Sharples,American,Female,1965.0,,Q55219772,matched,Wikidata
31634,Barbara Bosworth,American,Female,1953.0,,Q24565945,matched,Wikidata
31648,Ursula von Rydingsvard,American,Female,1942.0,,Q7901287,matched,Wikidata
31652,John Reekie,American,,1829.0,1885.0,Q41692082,matched,Wikidata
31677,Ceal Floyer,British,Female,1968.0,2025.0,Q5759684,matched,Wikidata
31678,Cory Arcangel,American,Male,1978.0,,Q1135754,matched,Wikidata
31697,Nina Bovasso,American,Female,1965.0,,Q77325087,matched,Wikidata
31698,Gregory Green,American,Male,1959.0,,Q28777062,matched,Wikidata
31699,Papo Colo,,Male,1946.0,,Q7133045,matched,Wikidata
31706,Anthony Tennant,,,,,,not_found,
31732,Christoph Ruckhäberle,German,Male,1972.0,,Q119060,matched,Wikidata
31735,Santiago Cucullu,Argentine,Male,1969.0,,Q28708058,matched,Wikidata
31737,Kayrock and Wolfy,American,Male,,,,uncertain,
31742,Joëlle Tuerlinckx,Belgian,Female,1958.0,,Q5559584,matched,Wikidata
31744,Albert York,American,Male,1928.0,2009.0,Q4711508,matched,Wikidata
31879,Frank Powell,,Male,,,,uncertain,
31891,Unknown Director,,,,,,not_found,
31897,Pathé Frères,French,,1896.0,,,not_found,
31909,Stuart Kinder,,Male,,,,uncertain,
31960,Jorge Macchi,Argentine,Male,1963.0,,Q21003115,matched,Wikidata
31999,Yutaka Sone,Japanese,Male,1965.0,,Q15435459,matched,Wikidata
32007,Louise Campbell,Danish,Female,1970.0,,Q6688666,matched,Wikidata
32008,"HAY, Denmark",,,2002.0,,,not_found,
32031,Mamma Andersson,Swedish,Female,1962.0,,,not_found,
32051,Øivind Resch,Norwegian,,1961.0,,,not_found,
32063,Philippe Apeloig,French,Male,1962.0,,Q3379234,matched,Wikidata
32064,Martin Boykan,,,,,,uncertain,
32067,"Given Imaging Ltd., Israel",Israeli,,1998.0,,,not_found,
32075,Abbas Kiarostami,Iranian,Male,1940.0,2016.0,Q55210,matched,Wikidata
32097,Craig Hodgetts,American,Male,1937.0,,,not_found,
32098,Robert Mangurian,American,Male,1944.0,,,uncertain,
32099,Edouard Hoffmann,Swiss,,,,,not_found,
32101,Lacloche Gallery,,,,,,not_found,
32102,Giorgio Ceretti,Italian,Male,1932.0,,Q56009791,matched,Wikidata
32103,Pietro Derossi,Italian,Male,1933.0,2025.0,Q3903838,matched,Wikidata
32104,Riccardo Rosso,Italian,Male,,,,uncertain,
32113,Charles Decroix,,Male,,,,uncertain,
32116,George Lessey,,Male,,,,uncertain,
32121,James Young,,Male,,,,uncertain,
32125,Harry Bedos,French,Male,,,,uncertain,
32133,Shaun O'Dell,American,Male,1968.0,,Q73938242,matched,Wikidata
32138,Glen Baldridge,American,Male,1977.0,,Q55217971,matched,Wikidata
32147,Marchatti,,,,,,uncertain,
32173,Rhonda Abrams,Canadian,Female,1960.0,,Q27966865,matched,Wikidata
32174,Peggy Ahwesh,American,Female,1954.0,,Q7160622,matched,Wikidata
32175,Woody Allen,American,Male,1935.0,,Q25089,matched,Wikidata
32176,Ant Farm,American,,,,,uncertain,
32181,Laurence Attali,,,,,,uncertain,
32182,Beth B,American,Female,1955.0,,Q24631404,matched,Wikidata
32187,Kathryn Bigelow,American,Female,1951.0,,Q34816,matched,Wikidata
32189,Dan Boord,American,Male,1951.0,,Q55218080,matched,Wikidata
32190,Luis Valdovino,Argentine,Male,1961.0,,Q55219952,matched,Wikidata
32191,Lizzie Borden,American,Female,1958.0,,Q6660678,matched,Wikidata
32193,Lino Brocka,,Male,,,,uncertain,
32201,Abigail Child,American,Female,1948.0,,Q3603699,matched,Wikidata
32204,Sam Shepard,American,Male,1943.0,2017.0,Q294583,matched,Wikidata
32206,Joel Coen,American,Male,1954.0,,Q13595311,matched,Wikidata
32207,Ethan Coen,American,Male,1957.0,,Q13595531,matched,Wikidata
32208,Jem Cohen,American,Male,1962.0,,Q6177037,matched,Wikidata
32209,Cecelia Condit,American,Female,1947.0,,Q19517664,matched,Wikidata
32211,Sofia Coppola,American,Female,1971.0,,Q193628,matched,Wikidata
32216,Ximena Cuevas,Mexican,Female,1963.0,,Q19518260,matched,Wikidata
32222,Terence Davies,British,Male,1945.0,2023.0,Q773523,matched,Wikidata
32229,Nathaniel Dorsky,American,Male,1943.0,,Q6969580,matched,Wikidata
32233,Aimaro Oreglia d'Isola,Italian,Male,1928.0,,,not_found,
32234,"Colli, Turin",,,,,,not_found,
32244,Peter Fonda,American,Male,1940.0,2019.0,Q210148,matched,Wikidata
32246,Masaki Fujihata,Japanese,Male,1956.0,,Q3297141,matched,Wikidata
32250,Jean-Luc Godard,French,Male,1930.0,2022.0,Q53001,matched,Wikidata
32251,Anne-Marie Miéville,Swiss,Female,1945.0,,Q124992,matched,Wikidata
32253,Shalom Gorewitz,American,Male,1949.0,,,not_found,
32268,James Herbert,American,Male,1938.0,,,uncertain,
32279,Ken Jacobs,American,Male,1933.0,2025.0,Q325399,matched,Wikidata
32280,Jim Jarmusch,American,Male,1953.0,,Q191755,matched,Wikidata
32281,Jia Zhangke,Chinese,Male,1970.0,,Q461079,matched,Wikidata
32284,Nathaniel Kahn,American,Male,1963.0,,,uncertain,
32286,Tom Kalin,American,Male,1962.0,,Q447005,matched,Wikidata
32297,Paul Kos,American,Male,1942.0,,,not_found,
32305,Spike Lee,American,Male,1957.0,,Q51566,matched,Wikidata
32306,Barry Levinson,American,Male,1942.0,,Q269692,matched,Wikidata
32312,Mary Lucier,American,Female,1944.0,,Q6780176,matched,Wikidata
32313,Sidney Lumet,American,Male,1924.0,2011.0,Q51559,matched,Wikidata
32314,David Lynch,American,Male,1946.0,2025.0,Q2071,matched,Wikidata
32318,Joseph Strick,American,Male,1923.0,2010.0,Q40701,matched,Wikidata
32327,Orlando Mesquita,,,,,,uncertain,
32331,Linda Montano,American,Female,1942.0,,Q6551843,matched,Wikidata
32338,Paper Tiger Television,American,,1981.0,,,uncertain,
32340,Alexander Payne,American,Male,1961.0,,Q313566,matched,Wikidata
32349,Yvonne Rainer,American,Female,1934.0,,Q452238,matched,Wikidata
32351,Susan Raymond,American,Female,1945.0,,,uncertain,
32352,Alan Raymond,American,Male,1943.0,,Q22110534,matched,Wikidata
32354,Alain Resnais,French,Male,1922.0,2014.0,Q218022,matched,Wikidata
32360,David O. Russell,American,Male,1958.0,,Q314342,matched,Wikidata
32361,John Sayles,American,Male,1950.0,,Q2141212,matched,Wikidata
32366,Shelly Silver,American,Female,1957.0,,Q7493916,matched,Wikidata
32370,Steven Spielberg,American,Male,1946.0,,Q8877,matched,Wikidata
32372,Lisa Steele,Canadian,Female,1947.0,,Q6558426,matched,Wikidata
32373,Whit Stillman,American,Male,1952.0,,Q972884,matched,Wikidata
32374,Oliver Stone,American,Male,1946.0,,Q179497,matched,Wikidata
32375,John Sturgeon,American,Male,1946.0,,,uncertain,
32377,Rea Tajiri,American,Female,1958.0,,Q7300149,matched,Wikidata
32378,Quentin Tarantino,American,Male,1963.0,,Q3772,matched,Wikidata
32379,Paolo Taviani,Italian,Male,1931.0,2024.0,Q7008165,matched,Wikidata
32380,Vittorio Taviani,Italian,Male,1929.0,2018.0,Q10392130,matched,Wikidata
32428,Steina,Icelandic,Female,1940.0,,,uncertain,
32430,Woody Vasulka,American,Male,1937.0,2019.0,Q18920276,matched,Wikidata
32443,David Williams,,,,,Q87299474,matched,Wikidata
32447,Wu Wenguang,Chinese,Male,1965.0,,,uncertain,
32449,Julie Zando,American,Female,1961.0,,,not_found,
32462,John Stezaker,British,Male,1949.0,,Q6259191,matched,Wikidata
32464,Dan Miller,American,Male,1961.0,,,uncertain,
32468,Matthew Carter,British,Male,1937.0,,Q383244,matched,Wikidata
32472,Experimental Jetset,Dutch,,1997.0,,,uncertain,
32473,Sonic Youth,American,,1981.0,,,uncertain,
32475,Robert del Naja,British,Male,1965.0,,,not_found,
32523,Reena Spaulings,,Female,,,Q21287805,matched,Wikidata
32537,Hans Georg Schiebel,,,,,,not_found,
32559,Berni Searle,South African,Female,1964.0,,Q4894267,matched,Wikidata
32560,Kohei Yoshiyuki,Japanese,Male,1946.0,2022.0,Q1655723,matched,Wikidata
32568,Olav Christopher Jenssen,Norwegian,Male,1954.0,,Q4019952,matched,Wikidata
32607,Lin Tianmiao,Chinese,Female,1961.0,,Q16194164,matched,Wikidata
32620,Tanyth Berkeley,American,Female,1969.0,,Q7684094,matched,Wikidata
32621,Leslie Hewitt,American,Female,1977.0,,Q6530882,matched,Wikidata
32624,David Leidig,,,,,,not_found,
32627,Steven B. Smith,American,Male,1963.0,,Q77288370,matched,Wikidata
32631,Mark Lewis,Canadian,Male,1957.0,,,uncertain,
32641,Mathias Bengtsson,Danish,Male,1971.0,,Q63077673,matched,Wikidata
32653,Alex Ku,American,Male,1966.0,,,not_found,
32654,Mark Wallinger,British,Male,1959.0,,Q1285270,matched,Wikidata
32658,Rolf Harder & Associates Inc.,,,1978.0,,,uncertain,
32672,Bernard Bohn,,,,,,not_found,
32684,Dara Friedman,German,Female,1968.0,,Q51337052,matched,Wikidata
32685,Joanne Tatham,British,Female,1967.0,,,not_found,
32686,Tom O'Sullivan,British,Male,1967.0,,,uncertain,
32690,Seth Price,American,Male,1973.0,,Q7456580,matched,Wikidata
32691,Kate Gilmore,American,Female,1975.0,,Q16215277,matched,Wikidata
32692,Natascha Sadr Haghighian,Iranian,Female,1953.0,,Q1784348,matched,Wikidata
32706,KPN,,,,,,uncertain,
32707,Louisiana Bendolph,American,Female,1960.0,,Q23304603,matched,Wikidata
32708,Mary Lee Bendolph,American,Female,1935.0,,Q28542125,matched,Wikidata
32709,Rebecca Warren,British,Female,1965.0,,Q4476206,matched,Wikidata
32717,El Ultimo Grito,Spanish,,1997.0,,,uncertain,
32718,Jerszy Seymour,German,Male,1968.0,,Q1636489,matched,Wikidata
32719,"Kidrobot, New York",,,2002.0,,,not_found,
32723,Roberto Feo,Spanish,Male,1964.0,,,uncertain,
32724,Rosario Hurtado,Spanish,Female,1966.0,,Q137559253,matched,Wikidata
32725,Judith de Graauw,Dutch,Female,1976.0,,,uncertain,
32726,"Montis b.v., the Netherlands",,,1975.0,,,not_found,
32731,Esterio Segura,Cuban,Male,1970.0,,,not_found,
32733,Paul Budnitz,American,Male,1967.0,,Q7149579,matched,Wikidata
32734,Tristan Eaton,American,Male,1978.0,,Q23663996,matched,Wikidata
32735,Frank Kozik,Spanish,Male,1962.0,2023.0,Q1443601,matched,Wikidata
32736,Tilt,French,,,,,uncertain,
32737,"DOMA, Argentina",,,,,,not_found,
32738,Cycle,American,,,,,uncertain,
32739,David Flores,American,,,,,uncertain,
32740,Deph,American,Male,1979.0,,,not_found,
32741,Kenzo Minami,Japanese,Male,1974.0,,Q55219405,matched,Wikidata
32742,Thomas Han,Chinese,,1979.0,,,not_found,
32744,Huck Gee,British,Male,1973.0,,Q5928036,matched,Wikidata
32750,Chip Lord,American,Male,1944.0,,Q5101523,matched,Wikidata
32758,Zhang Huan,Chinese,Male,1965.0,,Q180740,matched,Wikidata
32768,Liz Deschenes,American,Female,1966.0,,Q16196424,matched,Wikidata
32793,Gianfredo Camesi,Swiss,Male,1940.0,2025.0,Q324611,matched,Wikidata
32794,Kenichiro Ina,Japanese,Male,1947.0,,Q134413647,matched,Wikidata
32799,Jaap Berghuis,Dutch,Male,1945.0,2005.0,Q16016374,matched,Wikidata
32800,Alan Charlton,British,Male,1948.0,,Q18410071,matched,Wikidata
32825,Nalini Malani,Indian,Female,1946.0,,Q13112819,matched,Wikidata
32840,Luc Derycke,,,,,Q55235672,matched,Wikidata
32856,Santiago Pol,Venezuelan,Male,1946.0,,Q30915042,matched,Wikidata
32879,Martin Glanzman,American,,,,Q104884264,matched,Wikidata
32882,Carlo Naya,,,1816.0,1882.0,Q449754,matched,Wikidata
32885,Ron Galella,American,Male,1931.0,2022.0,Q331364,matched,Wikidata
32904,Pere Viladecans,,Male,,,,not_found,
32905,Daria Esteva,,Female,,,,uncertain,
32907,David Maljkovic,Croatian,Male,1973.0,,Q21533373,matched,Wikidata
32908,Eduardo Stupía,Argentine,Male,1951.0,,Q27978839,matched,Wikidata
32909,Sandra Gamarra,Peruvian,Female,1972.0,,Q19858928,matched,Wikidata
32932,Rizoto,,,,,,not_found,
32933,Tekin,,,,,,uncertain,
32945,Bruce McClain,Scottish,,1944.0,,,not_found,
32947,Nelson Ricardo Savinon,American,,1971.0,,,not_found,
32957,Julia Lohmann,German,Female,1977.0,,Q6306541,matched,Wikidata
32964,Ben Fry,American,Male,1975.0,,Q4888685,matched,Wikidata
32965,Noam Toran,American,Male,1975.0,,Q55219885,matched,Wikidata
32968,Design Interactions Department,British,,1989.0,,,uncertain,
32981,James Auger,British,Male,1970.0,,Q55217959,matched,Wikidata
32982,Jimmy Loizeau,British,Male,1968.0,,Q55219261,matched,Wikidata
32985,Bernd Ribbeck,German,Male,1974.0,,Q39528250,matched,Wikidata
32989,Tisch School of the Arts,American,,1965.0,,,not_found,
32990,Interactive Telecommunications Program,American,,1979.0,,,not_found,
32993,Moritz Waldemeyer,German,Male,1974.0,,Q6912416,matched,Wikidata
32996,"NTT DOCOMO, Inc.",Japanese,,1991.0,,,not_found,
32997,Oki Sato,Canadian,Male,1977.0,,Q11383566,matched,Wikidata
32998,nendo,Japanese,,2002.0,,,not_found,
33000,Eyal Burstein,Israeli,Male,1977.0,,Q117118265,matched,Wikidata
33001,Michele Gauler,German,Female,1973.0,,Q55218758,matched,Wikidata
33002,Beta Tank,British,,2007.0,,,uncertain,
33004,Susana Soares,Portuguese,Female,1977.0,,Q117121279,matched,Wikidata
33005,Crisform,Portuguese,,,,,not_found,
33006,Vilabo,Portuguese,,,,,not_found,
33015,Philip Worthington,British,Male,1977.0,,Q55220012,matched,Wikidata
33025,Ammar Eloueini,French,Male,1968.0,,Q4747181,matched,Wikidata
33026,AEDS Ammar Eloueini Digit-all Studio,French,,1997.0,,,not_found,
33034,Joris Laarman,Dutch,Male,1979.0,,Q16218601,matched,Wikidata
33035,Joris Laarman Studio,,,2006.0,,,not_found,
33046,Neri Oxman,American,Female,1976.0,,Q4981374,matched,Wikidata
33050,Jayden D. Harman,Australian,,1949.0,,Q117119329,matched,Wikidata
33051,"PAX Scientific, Inc.",American,,1997.0,,,not_found,
33052,"PAX Water Technologies, Inc.",American,,,,,not_found,
33069,Nhem Ein,Cambodian,Male,1959.0,,Q77288279,matched,Wikidata
33070,Bertjan Pot,Dutch,,1975.0,,Q29422023,matched,Wikidata
33071,Moooi,,,,,,uncertain,
33072,Samuel Cabot Cochran,American,Male,1982.0,,,not_found,
33073,"SMIT Sustainably Minded Interactive Technology, LLC",American,,2005.0,,,not_found,
33078,Benjamin Aranda,American,Male,1973.0,,,not_found,
33079,Chris Lasch,American,Male,1972.0,,,not_found,
33080,Aranda/Lasch,American,,2003.0,,,not_found,
33082,International Electrotechnical Commission (IEC),Swiss,,1906.0,,,not_found,
33095,Oded Ezer,Israeli,Male,1972.0,,Q18192328,matched,Wikidata
33097,James King,British,Male,1982.0,,,uncertain,
33112,Tomáš Gabzdil Libertíny,Slovak,Male,1979.0,,,not_found,
33113,Studio Libertiny,,,2006.0,,,uncertain,
33114,Simon Heijdens,Dutch,Male,1978.0,,Q63385728,matched,Wikidata
33115,Rachel Wingfield,British,Female,1978.0,,Q55219998,matched,Wikidata
33116,Mathias Gmachl,Austrian,Male,1974.0,,,not_found,
33117,"Loop, pH",British,,2003.0,,,not_found,
33129,Barrett Lyon,American,Male,1978.0,,Q4863433,matched,Wikidata
33130,The Opte Project,American,,2003.0,,,not_found,
33131,Matthew Pillsbury,American,Male,1973.0,,Q3299777,matched,Wikidata
33143,Lisa Strausfeld,American,Female,1964.0,,Q6558439,matched,Wikidata
33145,Christian Marc Schmidt,German,Male,1977.0,,Q55219747,matched,Wikidata
33146,Takaaki Okada,Japanese,Male,1978.0,,Q55219513,matched,Wikidata
33147,Eben Eliason,American,Male,1982.0,,Q55218582,matched,Wikidata
33148,Walter Bender,American,Male,1956.0,,Q7964286,matched,Wikidata
33149,One Laptop per Child,American,,2005.0,,,uncertain,
33150,Marco Pesenti Gritti,Italian,Male,1978.0,,Q55219601,matched,Wikidata
33152,"Red Hat, Inc.",American,,1993.0,,,not_found,
33156,Jonathan Harris,American,Male,1979.0,,,uncertain,
33158,Sep Kamvar,American,Male,1977.0,,,not_found,
33165,Fernanda Bertini Viégas,Brazilian,Female,1971.0,,,not_found,
33166,Martin Wattenberg,American,Male,1970.0,,,uncertain,
33171,Aesthetics + Computation Group,American,,1996.0,,,uncertain,
33190,Evan Roth,American,Male,1978.0,,Q5415532,matched,Wikidata
33191,Theo Watson,British,Male,1981.0,,Q7781506,matched,Wikidata
33195,Nicholas Negroponte,American,Male,1943.0,,Q92601,matched,Wikidata
33196,Mary Lou Jepsen,American,Female,1965.0,,Q41638,matched,Wikidata
33197,Yves Béhar,Swiss,Male,1967.0,,Q123419,matched,Wikidata
33198,Jacques Gagné,Canadian,,1959.0,,,uncertain,
33199,Gecko Design,American,,1996.0,,,not_found,
33200,Bret Recor,American,,1974.0,,Q55219679,matched,Wikidata
33201,Colin Bulthaup,American,,1976.0,,Q5144933,matched,Wikidata
33202,Squid Labs,American,,2004.0,,,uncertain,
33203,Quanta,Taiwanese,,1988.0,,,uncertain,
33206,Tim Edler,German,Male,1965.0,,Q55218576,matched,Wikidata
33207,Jan Edler,German,,1970.0,,Q131763637,matched,Wikidata
33208,realities:united,German,,2000.0,,,uncertain,
33210,Crispin Jones,British,Male,1974.0,,Q77353436,matched,Wikidata
33214,Gregor Zivic,Austrian,Male,1965.0,,Q134413648,matched,Wikidata
33215,Ines Lombardi,,Female,,,,not_found,
33216,G.R.A.M.,,,,,,uncertain,
33217,Olaf Breuning,Swiss,Male,1970.0,,Q3350134,matched,Wikidata
33218,Bernhard Fruehwirth,Austrian,Male,1968.0,,Q134413649,matched,Wikidata
33219,Jack Hauser,,Male,1958.0,,Q1379962,matched,Wikidata
33220,Barbara Kraus,,Female,,,,uncertain,
33221,Jan Ritsema,Dutch,Male,1945.0,2021.0,Q16406893,matched,Wikidata
33222,Maja Bajevic,Bosnian,Female,1967.0,,,not_found,
33226,Scott Christensen,American,Male,1964.0,,,not_found,
33245,Nicolas Roope,British,Male,1972.0,,Q7029789,matched,Wikidata
33246,Hulger,British,,2004.0,,,uncertain,
33289,Laura Kurgan,South African,Female,1961.0,,Q23091860,matched,Wikidata
33290,Eric Cadora,American,Male,1962.0,,,not_found,
33291,David Reinfurt,American,Male,1971.0,,Q55219682,matched,Wikidata
33292,Sarah Williams,American,Female,1974.0,,,uncertain,
33293,Spatial Information Design Lab,American,,2004.0,,,not_found,
33294,"Graduate School of Architecture, Planning and Preservation, Columbia University",American,,1881.0,,,not_found,
33301,Michael Watling,New Zealander,,1941.0,,Q117121626,matched,Wikidata
33302,Opdo Limited,New Zealander,,2003.0,,,not_found,
33342,Google Inc.,American,,1998.0,,,not_found,
33354,the artist's studio,,,,,,not_found,
33357,Kazuhiro Ueno,Japanese,,,,Q79461450,matched,Wikidata
33362,"IDEA International Co., Ltd.",,,,,,not_found,
33369,Josh Smith,American,Male,1976.0,,,uncertain,
33370,Christopher Blizzard,American,,1973.0,,Q5111960,matched,Wikidata
33371,Mark Foster,American,,1960.0,,,uncertain,
33372,Rebecca Allen,American,Female,1953.0,,Q7301652,matched,Wikidata
33373,Michail Bletsas,Greek,Male,1967.0,,,not_found,
33374,V. Michael Bove,American,Male,1960.0,,,not_found,
33386,Brian Belott,American,Male,1973.0,,Q4963096,matched,Wikidata
33388,Paulo Mendes da Rocha,Brazilian,Male,1928.0,2021.0,Q312855,matched,Wikidata
33390,Carlo Bimbi,Italian,Male,1944.0,,Q55218047,matched,Wikidata
33393,Mark Bradford,American,Male,1961.0,,Q16193971,matched,Wikidata
33395,Joshua Mosley,American,Male,1974.0,,Q6290075,matched,Wikidata
33444,Decca Records,,,1929.0,,,uncertain,
33449,Capitol Records,,,1942.0,,,uncertain,
33470,Leszek Holdanowicz,Polish,Male,1937.0,,,not_found,
33473,Lech Majewski,Polish,Male,1953.0,,Q715116,matched,Wikidata
33474,Richard Davis,,Male,,,,uncertain,
33646,Willie Doherty,Irish,Male,1959.0,,Q1542644,matched,Wikidata
33647,Lonnie van Brummelen,Dutch,Female,1969.0,,Q29557244,matched,Wikidata
33693,Irma Boom,Dutch,Female,1960.0,,Q467499,matched,Wikidata
33737,Robert Cahen,French,Male,1945.0,,Q3434714,matched,Wikidata
33739,Jean Chetaille,,,,,,not_found,
33748,Mark Leckey,British,Male,1964.0,,Q325071,matched,Wikidata
33750,Paolo Canevari,Italian,Male,1963.0,,Q3893841,matched,Wikidata
33751,Will Duke,British,Male,1973.0,,Q21534105,matched,Wikidata
33760,Vuyile Voyiya,South African,Male,1961.0,,Q23068136,matched,Wikidata
33798,Senzeni Marasela,South African,Female,1977.0,,Q55739974,matched,Wikidata
33802,Gianni Ferrara,Italian,,1928.0,,Q55218672,matched,Wikidata
33803,Nilo Giocchini,Italian,,1946.0,,Q55218782,matched,Wikidata
33812,Charles Nkosi,South African,Male,1949.0,,Q77324811,matched,Wikidata
33825,Aleksandra Mir,American,Female,1967.0,,Q4715577,matched,Wikidata
33830,Georgianna Stout,American,Female,1967.0,,Q50385173,matched,Wikidata
33837,Geoffrey Mann,Scottish,Male,1980.0,,Q55219323,matched,Wikidata
33908,Jan De Cock,Belgian,Male,1976.0,,Q2088367,matched,Wikidata
33913,Trisha Donnelly,American,Female,1974.0,,Q2454119,matched,Wikidata
33915,Huma Bhabha,American,Female,1962.0,,Q5936654,matched,Wikidata
33945,Abraham Palatnik,Brazilian,Male,1928.0,2020.0,Q4669126,matched,Wikidata
33965,Sam Durant,American,Male,1961.0,,Q7407437,matched,Wikidata
33981,Sara VanDerBeek,American,Female,1976.0,,Q16216145,matched,Wikidata
33993,Antonio Manuel,Brazilian,Male,1947.0,,,uncertain,
34027,Guyton\Walker,American,Male,,,,error,
34037,Emily Hubley,American,Female,1958.0,,Q5372221,matched,Wikidata
34045,Richard Jost,American,Male,1942.0,,,uncertain,
34054,Jack Strange,British,Male,1984.0,,Q51273226,matched,Wikidata
34062,Frederick Wiseman,American,Male,1930.0,2026.0,Q1361201,matched,Wikidata
34064,João Moreira Salles,Brazilian,Male,1962.0,,Q6298266,matched,Wikidata
34065,Pere Portabella,Spanish,Male,1929.0,,,uncertain,
34066,Milos Forman,Czech,Male,1932.0,,,not_found,
34067,David Strohmaier,,Male,,,,uncertain,
34070,Michael Mann,,Male,,,,uncertain,
34071,Bill Condon,,Male,,,,uncertain,
34072,John Woo,Chinese,Male,1946.0,,Q55432,matched,Wikidata
34073,Brad Silberling,,Male,,,,uncertain,
34074,Mark Waters,,Male,,,,uncertain,
34075,Richard Linklater,,Male,,,,uncertain,
34076,Anthony Minghella,,Male,,,,uncertain,
34077,Trey Parker,,Male,,,,uncertain,
34078,Paul Greengrass,British,Male,1955.0,,Q356275,matched,Wikidata
34113,Robert Pasut,,,,,,not_found,
34131,Wieki Somers,Dutch,Female,1976.0,,Q2394589,matched,Wikidata
34141,Benjamin Wheeler Howes,American,Male,1983.0,,,not_found,
34147,Teddy Cruz,American,Male,1962.0,,Q17350521,matched,Wikidata
34153,Estudio Teddy Cruz + Forman,American,,2000.0,,,not_found,
34168,Kengo Kuma & Associates,,,1990.0,,,uncertain,
34174,Richard Hutten,Dutch,Male,1967.0,,Q2263497,matched,Wikidata
34202,Zhang Dali,Chinese,Male,1963.0,,Q978114,matched,Wikidata
34210,"Porzellan Fabrik Gebrüder Bauscher, Weiden, Germany",,,,,,not_found,
34211,"Königliche Porzellanmanufaktur, Meissen, Germany",,,,,,not_found,
34217,Peter Haythornthwaite,New Zealander,,1944.0,,Q125521152,matched,Wikidata
34219,Zoe Leonard,American,Female,1961.0,,Q218207,matched,Wikidata
34220,Candida Höfer,German,Female,1944.0,,Q450910,matched,Wikidata
34221,Rong Rong,Chinese,Male,1968.0,,Q77288337,matched,Wikidata
34222,Huang Yan,Chinese,Male,1966.0,,Q3141851,matched,Wikidata
34250,Jonas Wood,American,Male,1977.0,,Q4128225,matched,Wikidata
34296,Haythornthwaite//Creativelab,New Zealander,,2000.0,,,not_found,
34303,Sigalit Landau,Israeli,Female,1969.0,,Q2914856,matched,Wikidata
34307,Andrew Haythornthwaite,New Zealander,,1980.0,,,not_found,
34308,David Haythornthwaite,New Zealander,,1978.0,,,not_found,
34309,Dean Edgington,New Zealander,Male,1976.0,,,not_found,
34310,William J. Russell,American,Male,,,Q79459689,matched,Wikidata
34333,Z Corporation,American,,,,,uncertain,
34389,Dara Birnbaum,American,Female,1946.0,2025.0,Q3702470,matched,Wikidata
34407,"Gravure, New York",,,,,,not_found,
34409,Yael Bartana,Israeli,Female,1970.0,,Q469073,matched,Wikidata
34411,George Lois,American,,1931.0,2022.0,Q5541814,matched,Wikidata
34413,Katarzyna Kobro,,Female,1898.0,1951.0,Q290168,matched,Wikidata
34415,BBPR,,,1932.0,,,uncertain,
34431,Eurocarbon BV,,,,,,not_found,
34451,Jennifer Allora,American,Female,1974.0,,Q22259902,matched,Wikidata
34452,Guillermo Calzadilla,Cuban,Male,1971.0,,Q22259880,matched,Wikidata
34460,Svetlana Alpers,American,Female,1936.0,,Q449499,matched,Wikidata
34462,Marine Hugonnier,French,Female,1969.0,,Q20005821,matched,Wikidata
34464,James Hyde,American,Male,1958.0,,Q16192762,matched,Wikidata
34465,Barney Kulok,American,,1981.0,,,not_found,
34484,Katy Grannan,American,Female,1969.0,,Q15460580,matched,Wikidata
34488,Xiao Lu,Chinese,Female,1962.0,,Q25050886,matched,Wikidata
34494,Jamie Isenstein,American,Female,1975.0,,Q21534181,matched,Wikidata
34532,Isaac Julien,British,Male,1960.0,,Q328137,matched,Wikidata
34537,Zeilinger,Austrian,Male,1945.0,,Q134413650,matched,Wikidata
34539,iGuzzini illuminazione S.p.A.,,,1958.0,,,not_found,
34540,Beckermann,Austrian,Female,1952.0,,Q134413651,matched,Wikidata
34541,Gilbert Bretterbauer,Austrian,Male,1957.0,,Q112507246,matched,Wikidata
34542,Martin Bruch,Austrian,Male,1961.0,,Q95280785,matched,Wikidata
34543,einLab,American,,,,,not_found,
34545,Endlicher,Austrian,Male,1960.0,,Q134413733,matched,Wikidata
34548,Groting,German,Female,1961.0,,,not_found,
34549,Shini Pararajasingham,,,,,,uncertain,
34551,Haim Steinbach,American,,1944.0,,Q5639315,matched,Wikidata
34557,Gilberto Corretti,Italian,,1941.0,2023.0,Q55218424,matched,Wikidata
34558,Paolo Deganello,Italian,Male,1940.0,,Q3362617,matched,Wikidata
34559,Massimo Morozzi,Italian,Male,1941.0,2014.0,Q16333895,matched,Wikidata
34560,Dario Bartolini,Italian,Male,1943.0,,Q55217994,matched,Wikidata
34561,Lucia Bartolini,Italian,Female,1944.0,,Q55217997,matched,Wikidata
34577,Sabine Hornig,German,Female,1964.0,,Q26465249,matched,Wikidata
34597,Anthony McCall,American,Male,1946.0,,Q324807,matched,Wikidata
34619,El Anatsui,Ghanaian,Male,1944.0,,Q1323876,matched,Wikidata
34623,Robin Fletcher,,,,,,uncertain,
34624,Gary Chitty,,,,,,not_found,
34625,Paul Richards,,,,,,uncertain,
34638,Eric Convents,,Male,,,,uncertain,
34639,Roger Steylaerts,,Male,,,,uncertain,
34650,Slavs and Tatars,,,2005.0,,,uncertain,
34660,"Gebrüder Thonet, Koritschan, Moravia (Czech Republic)",,,,,,not_found,
34671,The Beatles,,,1960.0,,,uncertain,
34673,Residents,American,,1972.0,,,uncertain,
34674,Devo,American,,1973.0,,,uncertain,
34692,Miao Xiaochun,Chinese,Male,1964.0,,Q1926627,matched,Wikidata
34708,Sterling Ruby,German,Male,1972.0,,Q1231971,matched,Wikidata
34714,Diango Hernandez,Cuban,Male,1970.0,,,not_found,
34722,Ai Weiwei,Chinese,Male,1957.0,,Q160115,matched,Wikidata
34723,Hai Bo,Chinese,Male,1962.0,,Q20738674,matched,Wikidata
34724,Hong Lei,Chinese,Male,1960.0,,Q5895605,matched,Wikidata
34725,Pierre Missey,French,,,,,not_found,
34727,Mary Beth Edelson,American,Female,1933.0,2021.0,Q16095250,matched,Wikidata
34728,Sheng Qi,Chinese,Male,1965.0,,Q7494248,matched,Wikidata
34729,Weng Fen,Chinese,Male,1961.0,,Q77288412,matched,Wikidata
34732,Zheng Guogu,Chinese,Male,1970.0,,Q197608,matched,Wikidata
34740,Philip Glass,American,,1937.0,,Q189729,matched,Wikidata
34742,Tino Sehgal,British,Male,1976.0,,Q316338,matched,Wikidata
34764,Wardell Milan,American,Male,1978.0,,Q7969120,matched,Wikidata
34782,Lida Abdul,Afghan,Female,1973.0,,Q2000516,matched,Wikidata
34784,Trisha Brown,American,Female,1936.0,2017.0,Q460833,matched,Wikidata
34785,Jessica Mein,Brazilian,Female,1975.0,,Q21534184,matched,Wikidata
34787,Leo Villareal,American,Male,1967.0,,Q6524309,matched,Wikidata
34788,Kalup Linzy,American,Male,1977.0,,Q6354621,matched,Wikidata
34789,George Bures Miller,Canadian,Male,1960.0,,Q5537425,matched,Wikidata
34790,Cabaret Voltaire,,,,,,uncertain,
34791,Downtown Community TV Center,,,1972.0,,,not_found,
34792,Fishbone,,,,,,uncertain,
34793,Raindance Corporation,,,,,,not_found,
34794,Test Dept.,British,,1981.0,,,not_found,
34795,The Coil,British,,1982.0,,,not_found,
34796,TVTV,American,,1972.0,,,uncertain,
34797,Ulay,German,Male,1943.0,2020.0,Q69562,matched,Wikidata
34798,University Community Video,,,,,,not_found,
34799,Video Free America,,,,,,not_found,
34802,John Evan Hughes,,Male,,,,uncertain,
34803,Marc Camille Chaimowicz,British,Male,1946.0,2024.0,Q3287681,matched,Wikidata
34804,Shu Lea Cheang,Taiwanese,Female,1954.0,,Q139604116,matched,Wikidata
34806,Doris Cross,American,,1906.0,1994.0,Q109270873,matched,Wikidata
34807,Pierre Binggeli,,,,,,uncertain,
34808,Jill Godmilow,,,,,,uncertain,
34809,Joan La Barbara,American,Female,1947.0,,Q457802,matched,Wikidata
34810,Adam Friedman,,Male,,,,uncertain,
34811,Akira Kurosaki,Japanese,Male,1937.0,2019.0,Q17130120,matched,Wikidata
34812,Alex Weil,American,Male,1951.0,,,not_found,
34813,Angel Velasco Shaw,American,Female,1963.0,,Q55772420,matched,Wikidata
34814,Annabel Jankel,British,Female,,,,uncertain,
34816,Ardele Lister,Canadian,Female,1950.0,,Q16249460,matched,Wikidata
34817,Arthur Ginsberg,American,Male,1941.0,,Q22113428,matched,Wikidata
34818,Ayumi Shino,Japanese,Female,1959.0,,Q55219782,matched,Wikidata
34819,Barbara Buckner,American,Female,1950.0,,Q55218242,matched,Wikidata
34820,Bill Seaman,American,Male,1956.0,,,uncertain,
34821,Bob Giraldi,American,Male,1939.0,,Q2907674,matched,Wikidata
34822,Bob Sabiston,American,Male,1967.0,,Q2907807,matched,Wikidata
34823,Branda Miller,American,Female,1952.0,,Q19964262,matched,Wikidata
34824,Brice Dellsperger,French,Male,1971.0,,Q2925086,matched,Wikidata
34825,Bruce Gowers,British,Male,,,,uncertain,
34826,Charlie Levi,,Male,,,,not_found,
34827,Chen Jue,,,,,,uncertain,
34828,Chuck Statler,,Male,,,,uncertain,
34829,Claude Beller,American,Male,1945.0,,Q55218030,matched,Wikidata
34831,Dale Hoyt,American,Male,1961.0,2022.0,Q131395320,matched,Wikidata
34832,Daniel Reeves,American,Male,1948.0,,,uncertain,
34833,David Hogan,,Male,1924.0,1997.0,Q21467154,matched,Wikidata
34834,David Mallet,,Male,,,,uncertain,
34835,Davidson Gigliotti,American,Male,1939.0,,,not_found,
34836,Dean Winkler,,Male,,,,not_found,
34838,Dieter Meier,Swiss,Male,1945.0,,Q526407,matched,Wikidata
34839,Dmitry Troitsky,Russian,Male,1971.0,,Q4463475,matched,Wikidata
34840,Don Munroe,,Male,,,,uncertain,
34841,Donigan Cumming,American,Male,1947.0,,Q5296110,matched,Wikidata
34842,Elsa Cayo,Peruvian,Female,1951.0,,Q55218035,matched,Wikidata
34843,Frank Gillette,American,Male,1941.0,,Q19279749,matched,Wikidata
34844,Fred Simon,American,Male,1945.0,,Q130936330,matched,Wikidata
34845,Gary Glassman,,Male,,,,uncertain,
34846,Graeme Whifler,American,Male,1951.0,,Q5592419,matched,Wikidata
34847,Gregg Bordowitz,American,Male,1964.0,2003.0,Q16195428,matched,Wikidata
34848,Greg Durbin,American,Male,1950.0,,,not_found,
34849,Helen De Michiel,American,Female,1953.0,,Q19464369,matched,Wikidata
34850,Hitoshi Nomura,Japanese,Male,1945.0,2023.0,Q60230170,matched,Wikidata
34851,Irit Batsry,Israeli,Female,1957.0,,Q1672922,matched,Wikidata
34852,James Byrne,American,Male,1950.0,,,uncertain,
34853,Jane Veeder,American,Female,1944.0,,Q21592149,matched,Wikidata
34854,Jean-Bernard Menoud,,Male,,,,uncertain,
34855,Jeff Stein,,Male,,,,uncertain,
34856,Jim Mulligan,,Male,,,,uncertain,
34857,Joan Logue,American,Female,1942.0,,Q19964232,matched,Wikidata
34858,Joe Dea,American,Male,1953.0,2025.0,Q79461360,matched,Wikidata
34859,John DeGraaf,,Male,,,,not_found,
34860,John Reilly,American,Male,1939.0,,,uncertain,
34861,John Sanborn,American,Male,1954.0,,Q23639408,matched,Wikidata
34862,Jon Alpert,American,Male,1948.0,,Q6270284,matched,Wikidata
34864,Judith Barry,American,Female,1949.0,,Q20004897,matched,Wikidata
34866,Keiko Tsuno,Japanese,Female,1944.0,,Q55219908,matched,Wikidata
34867,Ken Feingold,American,Male,1952.0,,Q6387597,matched,Wikidata
34868,Ken Kobland,American,Male,1946.0,,,not_found,
34869,Kevin Godley,British,Male,1945.0,,Q1346874,matched,Wikidata
34870,Kyoko Michishita,Japanese,Female,1942.0,,,not_found,
34871,Lol Crème,British,Male,1947.0,,,not_found,
34872,Mao Kawaguchi,Japanese,Male,1951.0,,Q112822104,matched,Wikidata
34873,Mark Magill,American,Male,1952.0,,,not_found,
34874,Mary McFerran,American,Female,,,,uncertain,
34875,Matthew Geller,American,Male,1954.0,,,not_found,
34876,Michael Nesmith,American,Male,1942.0,2021.0,Q954997,matched,Wikidata
34877,Michael Shamberg,American,Male,1945.0,,Q13409484,matched,Wikidata
34878,Michael Smith,American,Male,1951.0,,,uncertain,
34879,Mickey McGowan,American,Female,1946.0,,,uncertain,
34880,Mindy Faber,,Female,,,,uncertain,
34881,Miranda July,American,Female,1974.0,,Q256671,matched,Wikidata
34882,Nancy Buchanan,American,Female,1946.0,,Q16107446,matched,Wikidata
34883,Neil Goldberg,American,Male,1963.0,,Q16980115,matched,Wikidata
34884,Norman Cohn,Canadian,Male,1946.0,,,uncertain,
34885,Olga Stolpovskaya,Russian,Female,1969.0,,Q4442978,matched,Wikidata
34886,Paul Dougherty,American,Male,1953.0,,Q47417664,matched,Wikidata
34887,Paul Harrison,British,Male,1966.0,,,uncertain,
34889,Peter Care,British,Male,1953.0,,Q7173174,matched,Wikidata
34890,Péter Forgács,Hungarian,Male,1950.0,,Q238881,matched,Wikidata
34891,Philippe Gautier,,Male,,,,uncertain,
34892,Phyllis Baldino,American,Female,1956.0,,Q16186978,matched,Wikidata
34893,Pia Lindman,Finnish,Female,1965.0,,Q60156953,matched,Wikidata
34894,Pratibha Parmar,British,Female,1955.0,,Q3401401,matched,Wikidata
34896,Ralph Hocking,British,Male,1931.0,,Q55218941,matched,Wikidata
34897,Richard Foreman,American,Male,1937.0,2025.0,Q2149500,matched,Wikidata
34898,Richard Lowenstein,Australian,Male,1959.0,,Q3430994,matched,Wikidata
34900,Robert Withers,,Male,,,,uncertain,
34901,Rocky Morton,British,Male,1955.0,,Q3438025,matched,Wikidata
34902,Sadie Benning,American,Female,1973.0,,Q448193,matched,Wikidata
34904,Sandy McLeod,,Female,,,,uncertain,
34906,Sherry Miller,,Female,,,,uncertain,
34907,Shi Jian,Chinese,Male,1973.0,,,uncertain,
34908,Simone Forti,American,Female,1935.0,,Q3484563,matched,Wikidata
34909,Skip Blumberg,American,Male,1946.0,,Q7535651,matched,Wikidata
34910,Skip Sweeney,American,Male,1946.0,,,not_found,
34911,Spike Jonze,American,Male,1969.0,,Q259913,matched,Wikidata
34912,Stefan Moore,American,Male,1944.0,,,uncertain,
34913,Stephen Beck,American,Male,1950.0,,Q7608689,matched,Wikidata
34914,Stephen Laub,American,Male,1945.0,,Q23023001,matched,Wikidata
34915,Steve Reinke,Canadian,Male,1963.0,,Q13512446,matched,Wikidata
34918,Susan Milano,,Female,,,,uncertain,
34919,Teodoro Maus,Mexican,Male,1934.0,,Q77350385,matched,Wikidata
34921,Thomas Dolby,British,Male,1958.0,,Q553790,matched,Wikidata
34922,Toni Basil,American,Female,1943.0,,Q242889,matched,Wikidata
34923,Tsuneo Nakai,Japanese,Male,1947.0,,Q11362918,matched,Wikidata
34924,Ulrike Rosenbach,German,Female,1943.0,,Q2477447,matched,Wikidata
34925,Vanalyne Green,American,Female,1948.0,,Q7913949,matched,Wikidata
34926,"Victor Masayesva, Jr.",Native American,Male,1951.0,,,not_found,
34928,William Dear,Canadian,Male,1944.0,,Q3568548,matched,Wikidata
34929,Yasuo Shinohara,Japanese,Male,1952.0,,Q55219661,matched,Wikidata
34930,Zacharias Kunuk,Canadian,Male,1957.0,,Q139509,matched,Wikidata
34931,Zbigniew Rybczynski,Polish,Male,1949.0,,,not_found,
34933,Mick Rock,British,Male,1949.0,2021.0,Q339170,matched,Wikidata
34934,Stanley Dorfman,,Male,,,Q7599567,matched,Wikidata
34935,Jim Yukich,,Male,,,,not_found,
34936,Julien Temple,British,Male,1953.0,,Q722023,matched,Wikidata
34937,Tony Cokes,American,Male,1956.0,,Q28050387,matched,Wikidata
34938,Tony Labat,American,Male,1951.0,,Q30686734,matched,Wikidata
34939,Steve Barron,,Male,,,,uncertain,
34940,Tim Pope,British,Male,1956.0,,Q2742664,matched,Wikidata
34943,Jean Baptises-Mondino,,Male,,,,not_found,
34944,Gus Van Sant,American,Male,1952.0,,Q25186,matched,Wikidata
34945,Rudi Dolezal,Austrian,Male,1958.0,,Q89726,matched,Wikidata
34946,Hannes Rosacher,Austrian,Male,1952.0,,,not_found,
34947,Mark Romanek,American,Male,1959.0,,Q538145,matched,Wikidata
34948,Matthew Rolston,American,Male,1955.0,,Q1281181,matched,Wikidata
34949,Sam Bayer,American,Male,,,,not_found,
34950,Floria Sigismondi,Italian,Female,1965.0,,Q263309,matched,Wikidata
34951,Dom + Nic,,,,,,not_found,
34952,Walter Stern,,Male,,,,uncertain,
34953,Marcus Viner,,Male,,,,uncertain,
34990,Arista Records,,,1974.0,,,uncertain,
35002,Epic Records,,,1953.0,,,uncertain,
35022,Virgin Records,,,1972.0,,,uncertain,
35059,Typosophic Society,,,,,,not_found,
35060,Typosophes sans frontieres,,,,,,not_found,
35061,Malachi Farrell,Irish,Male,1970.0,,Q3281155,matched,Wikidata
35062,Seamus Farrell,British,Male,1965.0,,Q99498447,matched,Wikidata
35063,Filippo di Giovani,Italian,Male,,,,not_found,
35064,Fernando Palma de Rodriguez,Mexican,Male,,,,not_found,
35070,Otto E. Rossler,German,Male,1940.0,,,not_found,
35075,Efrain Almeida,Brazilian,Male,1964.0,2024.0,Q30937212,matched,Wikidata
35076,Gerhard Grossing,Austrian,Male,1957.0,,,not_found,
35080,Raimond Chaves,Colombian,Male,1963.0,,Q24015726,matched,Wikidata
35082,Gilda Mantilla,Peruvian,Female,1967.0,,Q19483949,matched,Wikidata
35122,Heinz Gappmayr,Austrian,Male,1925.0,2010.0,Q90038,matched,Wikidata
35129,"Bialetti Industrie Sp.A., Italy",,,1919.0,,,not_found,
35130,Gertrud Fischbacher,Austrian,Female,1967.0,,Q99499157,matched,Wikidata
35134,Harrell Fletcher,American,Male,1967.0,,Q5663891,matched,Wikidata
35135,Meubles TV,French,,,,,not_found,
35143,Diller Scofidio + Renfro,,,1979.0,,,uncertain,
35145,Josephine Meckseper,German,Female,1964.0,,Q92498,matched,Wikidata
35152,Cao Guimarães,Brazilian,Male,1965.0,,Q16939633,matched,Wikidata
35159,Cao Fei,Chinese,Female,1978.0,,Q1034078,matched,Wikidata
35162,David Lamelas,Argentine,Male,1946.0,,Q829004,matched,Wikidata
35165,Brüder Rasch,German,,,,,uncertain,
35207,FXFOWLE,American,,1978.0,,,not_found,
35212,Shannon Ebner,American,Female,1971.0,,Q55218569,matched,Wikidata
35225,Art Workers' Coalition,,,,,,uncertain,
35251,Sergej Jensen,Danish,Male,1973.0,,Q21290816,matched,Wikidata
35252,Aernout Mik,Dutch,Male,1962.0,,Q381167,matched,Wikidata
35266,Harry Dodge,American,Female,1966.0,,Q18150685,matched,Wikidata
35267,Stanya Kahn,American,Female,1968.0,,Q7600336,matched,Wikidata
35270,Yui Kugimiya,Japanese,Female,1981.0,,Q55219170,matched,Wikidata
35282,Seher Shah,Pakistani,Female,1975.0,,Q27982938,matched,Wikidata
35285,Walid Raad,Lebanese,Male,1967.0,,Q567772,matched,Wikidata
35288,Joachim Koester,Danish,Male,1962.0,,Q6204582,matched,Wikidata
35295,Alex Hubbard,American,Male,1975.0,,,not_found,
35333,Beca Lipscombe,British,Female,1973.0,,Q55219251,matched,Wikidata
35340,Amar Kanwar,Indian,Male,1964.0,,Q454717,matched,Wikidata
35343,Atelier,British,,,,,uncertain,
35392,Bani Abidi,Pakistani,Female,1971.0,,Q23772579,matched,Wikidata
35401,Magis SpA,,,1976.0,,,not_found,
35406,Liza Béar,British,Female,1955.0,,,not_found,
35409,Jarbes Lopes,Brazilian,Male,1964.0,,,not_found,
35419,Martin Campbell,New Zealander,Male,1943.0,,Q282033,matched,Wikidata
35420,Bonnie Camplin,British,,1970.0,,Q19956739,matched,Wikidata
35421,Enrico David,Italian,Male,1966.0,,Q5379543,matched,Wikidata
35422,Alasdair Gray,Scottish,,1934.0,2019.0,Q729121,matched,Wikidata
35423,Linder [Linda Sterling],British,Female,1954.0,,,not_found,
35425,Yeondoo Jung,,Male,1969.0,,Q1376674,matched,Wikidata
35426,Patty Chang,American,Female,1972.0,,Q7148699,matched,Wikidata
35427,David Kelley,American,Male,1972.0,,,uncertain,
35429,Julian Jarrold,British,Male,1960.0,,Q162340,matched,Wikidata
35430,Joshua Marston,American,Male,1968.0,,Q1708588,matched,Wikidata
35431,Robert Rodriguez,American,Male,1968.0,,Q47284,matched,Wikidata
35432,Frank Miller,American,Male,1957.0,,Q207676,matched,Wikidata
35433,Paul Auster,American,Male,1947.0,2024.0,Q214642,matched,Wikidata
35434,Robert Shaye,,Male,,,,uncertain,
35435,Stephen Frears,British,Male,1941.0,,Q55258,matched,Wikidata
35436,Gavin Hood,,Male,,,,uncertain,
35437,Roger Michell,,Male,,,,uncertain,
35438,Ronald Bronstein,,Male,,,,uncertain,
35440,Pascale Ferran,French,Female,1960.0,,Q3367671,matched,Wikidata
35448,Alexander Roitburd,Ukrainian,Male,1961.0,2021.0,Q2642927,matched,Wikidata
35449,Alix Pearlstein,American,Female,1962.0,,Q19592455,matched,Wikidata
35450,Anne Ramsden,Canadian,Female,1952.0,,Q28916734,matched,Wikidata
35452,Barbara Hammann,German,Female,1945.0,2018.0,Q55218872,matched,Wikidata
35453,Bernar Hébert,Canadian,Male,1961.0,,Q77350208,matched,Wikidata
35455,Bob Snyder,American,Male,1946.0,,Q50573199,matched,Wikidata
35460,Bruce Yonemoto,American,Male,1949.0,,Q4978502,matched,Wikidata
35462,Ou Ning,,,1969.0,,Q16206498,matched,Wikidata
35463,Cara DeVito,American,Female,1951.0,,,not_found,
35465,Catalina Parra,Chilean,Female,1940.0,,Q18685314,matched,Wikidata
35466,Chris Cunningham,British,Male,1970.0,,Q861161,matched,Wikidata
35467,Aphex Twin,British,Male,1971.0,,Q223161,matched,Wikidata
35468,Claudia Von Alemann,German,Female,1943.0,,,not_found,
35470,Daizaburo Harada,Japanese,Male,1956.0,,,not_found,
35471,Haruhiko Shono,Japanese,Female,1960.0,,Q5675633,matched,Wikidata
35472,Dan Sandin,American,Male,1942.0,,Q3701633,matched,Wikidata
35475,Danielle Jaeggi,Swiss,Female,1945.0,,Q27062852,matched,Wikidata
35476,David Blair,,Male,,,,uncertain,
35477,David Claerbout,Belgian,Male,1969.0,,Q2403363,matched,Wikidata
35478,David Cort,American,Male,1935.0,,,uncertain,
35479,Deanna Kamiel,Canadian,Female,,,,uncertain,
35480,Dennis Day,Canadian,Male,1960.0,,,uncertain,
35482,Dimitrije Martinovic,Yugoslav,Male,1951.0,,Q55772694,matched,Wikidata
35483,Disarmament Video Survey Collection,,,,,,uncertain,
35484,Donald Fagen,American,Male,1948.0,,Q506554,matched,Wikidata
35485,Doug Hall,American,Male,1944.0,,Q5300529,matched,Wikidata
35486,Doug Melnyck,Canadian,Male,1952.0,,Q77350230,matched,Wikidata
35487,Wim T Schippers,Dutch,Male,1942.0,,,not_found,
35496,Yoko Maruyama,,Female,,,,uncertain,
35497,Karen Ranucci,,Female,,,,uncertain,
35498,Victor Sanchez,,Male,,,Q97003153,matched,Wikidata
35499,Duan Jinchuan,Chinese,Female,1962.0,,Q77350235,matched,Wikidata
35500,Ed Bowes,American,Male,1944.0,,,not_found,
35501,Edward Rankus,American,Male,1953.0,,,not_found,
35502,Elizabeth van der Zaag,Canadian,Female,1952.0,,,not_found,
35503,Ellen Spiro,American,Female,1964.0,,Q5365019,matched,Wikidata
35504,Enrique Aguerre,Uruguayan,Male,1964.0,,Q1343927,matched,Wikidata
35505,Eric Metcalfe,Canadian,Male,1940.0,,Q24262353,matched,Wikidata
35506,Ernest Gusella,Canadian,Male,1941.0,,Q55218052,matched,Wikidata
35507,Francesc Torres,Spanish,Male,1948.0,,,uncertain,
35508,Fujiko Nakaya,Japanese,Female,1933.0,,Q5507426,matched,Wikidata
35509,Hakudo Kobayashi,Japanese,Male,1944.0,,Q55235900,matched,Wikidata
35511,Garth Jennings,British,Male,1972.0,,Q598683,matched,Wikidata
35512,R.E.M.,,,,,,uncertain,
35514,Pablo Lavin,Chilean,Male,1948.0,,Q77350346,matched,Wikidata
35515,Gusztáv Hámos,Hungarian,Male,1955.0,,Q23060814,matched,Wikidata
35516,Guy Ben-Ner,Israeli,Male,1969.0,,Q532138,matched,Wikidata
35517,Hans Breder,German,Male,1935.0,2017.0,Q5649846,matched,Wikidata
35518,Hironori Terai,Japanese,Male,1961.0,,Q55219866,matched,Wikidata
35519,Hitoshi Takekiyo,Japanese,Male,1967.0,,Q23068035,matched,Wikidata
35522,Beryl Korot,American,Female,1945.0,,Q2414037,matched,Wikidata
35523,Jan Peacock,Canadian,Female,1955.0,,Q6149684,matched,Wikidata
35524,Jean Carlomusto,American,Female,1959.0,,Q30110131,matched,Wikidata
35525,Jean-Baptiste Mondino,French,Male,1949.0,,Q1396779,matched,Wikidata
35526,Jeanette Reinhardt,Canadian,Female,1954.0,,Q63699764,matched,Wikidata
35529,Jöelle de la Casinière,French,Female,1944.0,,,not_found,
35530,John Adams,British,Male,1953.0,,,uncertain,
35531,Jorge Furtado,Brazilian,Male,1959.0,,Q685040,matched,Wikidata
35532,Julie Gustafson,American,Female,1949.0,,Q112166539,matched,Wikidata
35534,Jun Okazaki,Japanese,Male,1956.0,,,uncertain,
35537,Kathy High,American,Female,1954.0,,Q19560945,matched,Wikidata
35538,Katsuhiro Yamaguchi,Japanese,Male,1928.0,2018.0,Q21702703,matched,Wikidata
35539,Katsuya Taka,Japanese,Male,1963.0,,Q55219847,matched,Wikidata
35540,Keigo Yamamoto,Japanese,Male,1936.0,2025.0,Q11468969,matched,Wikidata
35541,Kit Galloway,American,Male,1948.0,,Q88019600,matched,Wikidata
35542,Sherrie Rabinowitz,American,Female,1950.0,2013.0,Q19519376,matched,Wikidata
35543,Klaudia Kemper,Chilean,Female,1966.0,,Q77350301,matched,Wikidata
35544,Klaus vom Bruch,German,Male,1952.0,,Q71841,matched,Wikidata
35545,Heike-Melba Fendel,German,Female,1961.0,,,not_found,
35546,Ko Nakajima,Japanese,Male,1941.0,,,not_found,
35547,Koen Theys,Belgian,Male,1963.0,,Q22237365,matched,Wikidata
35548,Kumiko Kushiyama,Japanese,Female,1959.0,,Q55219178,matched,Wikidata
35549,Kunio Noda,Japanese,Male,1962.0,,Q55219474,matched,Wikidata
35550,Laura Cottingham,American,Female,1959.0,,Q6498815,matched,Wikidata
35551,Li Hong,Chinese,Female,1941.0,,,uncertain,
35552,Liang Yue,Chinese,Female,1979.0,,,uncertain,
35553,Linda Goode Bryant,American,Female,1949.0,,Q6551597,matched,Wikidata
35554,Laura Poitras,American,Female,1964.0,,Q6499321,matched,Wikidata
35555,Kim Tomczak,Canadian,Male,1952.0,,Q21033231,matched,Wikidata
35557,Lu Chunsheng,Chinese,Female,1966.0,,Q77350321,matched,Wikidata
35558,Luc Bourdon,Canadian,Male,,,,uncertain,
35562,Carole Klonarides,,Female,,,,not_found,
35563,Madelon Hooykaas,Dutch,Female,1942.0,,Q2417994,matched,Wikidata
35565,Makoto Shinkai,,,,,,uncertain,
35566,Marcela Poch,Chilean,Female,1964.0,,Q77350327,matched,Wikidata
35567,Marcelo Tas,Brazilian,Male,1959.0,,Q6756639,matched,Wikidata
35568,Fernando Meirelles,Brazilian,Male,1955.0,,Q343293,matched,Wikidata
35569,Margaret Moores,Canadian,Female,1955.0,,Q55218825,matched,Wikidata
35570,Max Almy,American,Female,1948.0,,Q16727313,matched,Wikidata
35571,Maxi Cohen,American,Female,1949.0,,,not_found,
35573,Melodie McDaniel,,Female,1967.0,,Q6813338,matched,Wikidata
35574,Michael Klier,Czech,Male,1943.0,,Q1928215,matched,Wikidata
35575,Michel Gondry,French,Male,1963.0,,Q126098,matched,Wikidata
35576,Olivier Gondry,French,Male,,,,not_found,
35577,Michelle Parkerson,American,Female,,,,not_found,
35580,Naoko Karotsuka,Japanese,Female,,,,not_found,
35581,Naoko Tosa,Japanese,Female,1961.0,,Q11423018,matched,Wikidata
35582,Nelson Henricks,Canadian,Male,1963.0,,Q24668913,matched,Wikidata
35583,Nestor Olhagaray,Chilean,Male,1946.0,,,not_found,
35584,New Orleans Video Access Center,,,,,,uncertain,
35585,Andy Kolker,,Male,,,,uncertain,
35586,Louis Alvarez,,Male,,,,uncertain,
35587,Nobuhiro Kawanaka,Japanese,Male,1941.0,,Q11264490,matched,Wikidata
35588,Noriyuki Okuda,Japanese,Male,1940.0,,Q77350343,matched,Wikidata
35591,Optic Nerve,,,,,,uncertain,
35592,Lynn Adler,,Female,,,Q124389985,matched,Wikidata
35593,Bill Bradbury,,Male,,,,uncertain,
35594,Osamu Nagata,Japanese,Male,1950.0,,Q55219456,matched,Wikidata
35597,Dimitri Devyatkin,American,Male,1949.0,,Q17859771,matched,Wikidata
35599,Paul Wong,Canadian,Male,1954.0,,,uncertain,
35600,Paulette Phillips,Canadian,Female,1956.0,,Q7154856,matched,Wikidata
35601,Geoffrey Shea,Canadian,Male,1958.0,,,not_found,
35602,Philip G. Atwell,American,Male,,,,not_found,
35603,Dr. Dre,American,Male,1965.0,,Q6078,matched,Wikidata
35604,Philip Virus,German,Male,1971.0,,,not_found,
35605,Alec Empire,German,Male,1972.0,,Q567340,matched,Wikidata
35609,Robert Morin,Canadian,Male,1949.0,,Q3435967,matched,Wikidata
35610,Roman Coppola,American,Male,1965.0,,Q245808,matched,Wikidata
35611,Roman Maskalev,Kyrgyzstani,Male,1977.0,,Q106916386,matched,Wikidata
35612,Maxim Boronilov,Kyrgyzstani,Male,1980.0,,,not_found,
35613,Ros Barron,American,Female,1933.0,,,not_found,
35615,Sachiko Hamada,,Female,,,Q117119301,matched,Wikidata
35616,Scott Sinkler,,Male,,,,not_found,
35617,Dalibor Martinis,Croatian,Male,1947.0,,Q12629478,matched,Wikidata
35618,Sara Diamond,American,Female,1954.0,,Q7421609,matched,Wikidata
35620,Satoshi Ono,Japanese,Male,1977.0,,,uncertain,
35622,Shoichiro Azuma,Japanese,Male,1957.0,,Q77350380,matched,Wikidata
35623,Shuntaro Tanikawa,Japanese,Male,1931.0,,,not_found,
35625,Ween,,,,,,uncertain,
35626,Steve Fagin,American,Male,1946.0,,,not_found,
35627,Susan Rynard,Canadian,Female,1961.0,,Q55219421,matched,Wikidata
35628,Takahiko Imura,,,,,,not_found,
35629,Tetsuo Mizuno,Japanese,Male,1948.0,,Q11549366,matched,Wikidata
35630,Tim Hope,,Male,,,,uncertain,
35631,King Biscuit Time,,,,,,uncertain,
35632,Tirtza Even,Israeli,Female,1963.0,,Q55282920,matched,Wikidata
35633,Tom Sherman,Canadian,Male,1947.0,,Q28070436,matched,Wikidata
35634,Tsurumaki Kazuya,Japanese,Male,1966.0,,,not_found,
35635,Vern Hume,Canadian,Male,1956.0,,Q55219593,matched,Wikidata
35636,Victor Huey,,Male,,,,uncertain,
35637,Victor Lopes,Brazilian,Male,,,,uncertain,
35638,Vincent Carelli,Brazilian,Male,1953.0,,Q10391539,matched,Wikidata
35639,Wang Jianwei,Chinese,Male,1958.0,,Q16269579,matched,Wikidata
35641,Xu Zhen,Chinese,Male,1977.0,,Q3571069,matched,Wikidata
35642,Yang Zhenzhong,Chinese,Male,1968.0,,Q22237650,matched,Wikidata
35643,Yau Ching,Chinese,Female,1966.0,,Q77350426,matched,Wikidata
35644,Yoshiyuki Tomino,Japanese,Male,1941.0,,Q1325374,matched,Wikidata
35645,Zhang Yuan,Chinese,Female,1963.0,,Q197331,matched,Wikidata
35646,Chi Jian,,Male,,,,uncertain,
35647,Zhou Xiaohu,,Male,,,,uncertain,
35660,Vega Films,,,,,,not_found,
35672,Bick Productions,,,,,,not_found,
35697,Perry Hoberman,American,Male,1954.0,,Q3375632,matched,Wikidata
35717,Anita Thacher,,Female,1936.0,2017.0,Q106307633,matched,Wikidata
35728,Willem de Ridder,Dutch,Male,1939.0,2022.0,Q2460190,matched,Wikidata
35733,German Bobe,Chilean,Male,1963.0,,Q77350262,matched,Wikidata
35734,Video Information Center,,,,,,uncertain,
35744,deepdesign,,,1995.0,,,uncertain,
35745,"Tecnodelta S.p.A., Italy",,,,,,not_found,
35746,Ivy Rutzky,,,,,,not_found,
35796,Henry Flynt,American,Male,1940.0,,Q971582,matched,Wikidata
35811,James Victore,American,Male,1962.0,,Q6144663,matched,Wikidata
35858,Patrick Blackwell,,,,,,uncertain,
35865,ACT UP (AIDS Coalition to Unleash Power),American,,,,,not_found,
35866,Matteo Bazzicalupo,Italian,Male,1966.0,,Q55218012,matched,Wikidata
35867,Raffaella Mangiarotti,Italian,Female,1965.0,,Q55219321,matched,Wikidata
35873,Clemens Weisshaar,German,Male,1977.0,,Q55219979,matched,Wikidata
35874,Christoph Weisshaar,German,Male,1980.0,,Q55219977,matched,Wikidata
35890,Joseph Charles Parker,,,1924.0,,Q55772922,matched,Wikidata
35898,Jorre van Ast,Dutch,Male,1980.0,,Q77353734,matched,Wikidata
35902,Tabaimo,Japanese,Female,1975.0,,Q3512706,matched,Wikidata
35906,Lotty Rosenfeld,Chilean,Female,1943.0,2020.0,Q1871218,matched,Wikidata
35907,Eder Santos,Brazilian,Male,1960.0,,Q77350241,matched,Wikidata
35908,Alan Scarritt,American,Male,1945.0,,,not_found,
35909,Sandra Llano-Mejia,Colombian,Female,1951.0,,,not_found,
35910,Alex Poruchnyk,,Male,,,,uncertain,
35911,Diane Poitras,,Female,,,Q55217926,matched,Wikidata
35912,Rita Myers,American,Female,1947.0,,,not_found,
35913,Margarita D'Amico,,Female,,,,not_found,
35914,Manuel Manzano,,Male,,,,uncertain,
35916,Marc Paradis,,Male,1955.0,2019.0,Q55218820,matched,Wikidata
35917,François Girard,Canadian,Male,1963.0,,Q724590,matched,Wikidata
35925,Alexander Isley,American,Male,1961.0,,Q4719198,matched,Wikidata
35934,"bv Koninklijke van Kempen & Begeer, The Netherlands",,,,,,not_found,
35938,Diamond Match Company,,,,,,uncertain,
35953,Silvia Bächli,Swiss,Female,1956.0,,Q2286681,matched,Wikidata
35954,One Off Ltd.,,,,,,not_found,
35969,Barkow Leibinger Architects,,,1993.0,,,not_found,
35971,Frank Barkow,American,Male,1957.0,,Q19958906,matched,Wikidata
35972,Regine Leibinger,German,Female,1963.0,,Q19960290,matched,Wikidata
35975,Blake Rayne,American,Male,1969.0,,,not_found,
35977,Christian Jankowski,German,Male,1968.0,,Q97029,matched,Wikidata
35980,Gedi Sibony,American,Male,1973.0,,Q43137313,matched,Wikidata
35982,Jordi Canudas,Spanish,Male,1975.0,,Q27974369,matched,Wikidata
35983,Metalarte,,,1932.0,,,not_found,
35986,Klara Liden,Swedish,Female,1979.0,,,not_found,
35987,Lutz Mommartz,German,Male,1934.0,2025.0,Q91460,matched,Wikidata
35989,Andrei Monastyrski,Russian,Male,1949.0,,,not_found,
35990,The Collective Actions Group,,,,,,not_found,
35991,Susanne Bier,Danish,Female,1960.0,,Q236148,matched,Wikidata
35992,Bent Hamer,Norwegian,Male,1956.0,,Q740643,matched,Wikidata
35993,Daniel Burman,Argentine,Male,1973.0,,Q1160223,matched,Wikidata
35994,Patrice Chéreau,French,Male,1944.0,2013.0,Q366057,matched,Wikidata
36000,Keith Fulton,American,Male,1965.0,,Q24635079,matched,Wikidata
36001,Louis Pepe,American,Male,1966.0,,Q24635089,matched,Wikidata
36002,Lars von Trier,Danish,Male,1956.0,,Q133730,matched,Wikidata
36003,Patrice Leconte,French,Male,1947.0,,Q106709,matched,Wikidata
36004,Hirokazu Koreeda,Japanese,Male,1962.0,,Q740758,matched,Wikidata
36005,Hans-Christian Schmid,German,Male,1965.0,,Q96642,matched,Wikidata
36006,Cédric Klapisch,French,Male,1961.0,,Q513632,matched,Wikidata
36007,Hans Weingartner,Austrian,Male,1970.0,,,uncertain,
36008,Guy Maddin,Canadian,Male,1956.0,,Q598995,matched,Wikidata
36009,Ken Loach,British,Male,1936.0,,Q55238,matched,Wikidata
36010,Lukas Moodysson,Swedish,Male,1969.0,,Q319849,matched,Wikidata
36011,Kevin Macdonald,Scottish,Male,1967.0,,Q1344373,matched,Wikidata
36012,Michael Cuesta,American,Male,1963.0,,Q720615,matched,Wikidata
36013,Alfonso Cuaron,Mexican,Male,1961.0,,,not_found,
36016,Jim Gaylord,American,Male,1974.0,,Q6195176,matched,Wikidata
36025,Richard Tipping,Australian,Male,1949.0,,Q7329494,matched,Wikidata
36070,Dean Lubensky,American,,1966.0,,,not_found,
36077,Judit Reigl,Hungarian,Female,1923.0,2020.0,Q1247072,matched,Wikidata
36090,Feng Mengbo,Chinese,Male,1966.0,,Q1404679,matched,Wikidata
36091,Kram/Weisshaar,,,2002.0,,,uncertain,
36123,Moris (Israel Meza Moreno),Mexican,Male,1978.0,,Q77348515,matched,Wikidata
36155,Tim Burton,American,Male,1958.0,,Q56008,matched,Wikidata
36157,Henry Selick,American,,1952.0,,Q514859,matched,Wikidata
36206,H. William Tupper,American,,,,,not_found,
36251,Peter Downsbrough,American,Male,1940.0,,,not_found,
36254,Robert H. Bergman,American,Male,1944.0,,Q117118017,matched,Wikidata
36363,Matt Connors,American,Male,1976.0,,Q20092318,matched,Wikidata
36415,Beatriz González,Colombian,Female,1938.0,2026.0,Q5724161,matched,Wikidata
36433,Ingrid Wiener,Austrian,Female,1942.0,,Q21486067,matched,Wikidata
36442,Frank Lupo,American,Male,1950.0,,,uncertain,
36471,Alison Knowles,American,Female,1933.0,2025.0,Q243078,matched,Wikidata
36505,Sue de Beer,American,Female,1973.0,,Q2363427,matched,Wikidata
36511,Shay Alkalay,Israeli,Male,1976.0,,Q77353949,matched,Wikidata
36533,Jonathan Runcio,Canadian,Male,1977.0,,,not_found,
36541,Lene Berg,Norwegian,Female,1965.0,,Q11983716,matched,Wikidata
36548,Rosa Loy,German,Female,1958.0,,Q2166457,matched,Wikidata
36550,Zachary Wollard,American,Male,1974.0,,Q55220005,matched,Wikidata
36597,Unknown Artist,British,,,,Q138222591,matched,Wikidata
36605,Amy Granat,American,Female,1976.0,,Q55218831,matched,Wikidata
36606,Andrea Modica,American,Female,1960.0,,Q4755193,matched,Wikidata
36607,Toshiko Okanoue,Japanese,Female,1928.0,,Q22127479,matched,Wikidata
36614,Julian Rosefeldt,German,Male,1965.0,,Q1712053,matched,Wikidata
36615,Guido van der Werve,Dutch,Male,1977.0,,Q16213332,matched,Wikidata
36617,Edith Dekyndt,Belgian,Female,1960.0,,Q21533427,matched,Wikidata
36619,Tomas Saraceno,Argentine,Male,1973.0,,,not_found,
36649,Fluxus Collective,,,,,,not_found,
36651,BBB Bonacina,,,,,,not_found,
36686,Ron Costley,British,,,,,uncertain,
36687,Peter Lyle,,,,,,uncertain,
36688,John Andrew,,,,,,uncertain,
36690,Carl Heideken,,,,,Q123244716,matched,Wikidata
36779,Irwin Gershen,,Male,,,Q79461264,matched,Wikidata
36806,John Wood,British,Male,1969.0,,,uncertain,
36808,Osiah Masekoameng,South African,Male,,,,uncertain,
36828,Charlemagne Palestine,,,1947.0,,Q369916,matched,Wikidata
36834,Anna Halprin,,,,,,uncertain,
36856,Kinya Tagawa,Japanese,Male,1976.0,,,not_found,
36879,Toshio Iwai,Japanese,Male,1962.0,,Q3532636,matched,Wikidata
36882,F. Schumacher & Co,,,1889.0,,,not_found,
36892,Song Dong,Chinese,Male,1966.0,,Q7560982,matched,Wikidata
36939,Bengt af Klintberg,Swedish,Male,1938.0,,Q817246,matched,Wikidata
36940,Eric Andersen,Danish,Male,1940.0,,,uncertain,
36941,Sylvano Bussotti,Italian,Male,1931.0,2021.0,Q981837,matched,Wikidata
36944,Philip Corner,American,Male,1933.0,,Q3378996,matched,Wikidata
36947,Toshi Ichiyanagi,Japanese,Male,1933.0,2022.0,Q1190476,matched,Wikidata
36950,Yoriaki Matsudaira,Japanese,Male,1931.0,2023.0,Q2308027,matched,Wikidata
36956,Dieter Schnebel,German,Male,1930.0,2018.0,Q264475,matched,Wikidata
36959,Yasunao Tone,Japanese,Male,1935.0,2025.0,Q8050043,matched,Wikidata
36960,Michael Von Biel,German,Male,1937.0,,,not_found,
36961,George Yuasa,Japanese,Male,1929.0,,,not_found,
36962,Unknown Designer,Polish,,,,,not_found,
36973,Jutta Koether,German,Female,1958.0,,Q99924,matched,Wikidata
36978,"Kavalier, Sázava",,,,,,not_found,
36980,Walead Beshty,American,Male,1976.0,,Q7961673,matched,Wikidata
36981,Daniel Gordon,American,Male,1980.0,,,uncertain,
36982,Carter Mull,American,Male,1977.0,,Q5047199,matched,Wikidata
36986,Rasch Brothers & Co.,,,,,,uncertain,
36990,Renatus Kuno,,,,,,uncertain,
36995,"Springer & Co, Loket, for Družstevní práce (Cooperative Work), Prague",,,,,,not_found,
36996,Shunji Yamanaka,Japanese,Male,1957.0,,Q11466121,matched,Wikidata
36997,Jun Homma,Japanese,,1975.0,,Q55218980,matched,Wikidata
36998,Leading Edge Design Corp.,Japanese,,1991.0,,,uncertain,
37000,Jeff Berner,,Male,,,,not_found,
37001,Jack Coke’s Farmer’s Co-op,,,,,,uncertain,
37003,Jane Knížák,,Female,,,,uncertain,
37005,Larry Miller,American,Male,1944.0,,,uncertain,
37007,Jock Reynolds,American,Male,1947.0,,Q55219688,matched,Wikidata
37008,Yoshi Wada,Japanese,Male,1943.0,2021.0,Q2600923,matched,Wikidata
37009,Roman Polanski,Polish,Male,1933.0,,Q51552,matched,Wikidata
37011,Herman Seidl,,,,,,uncertain,
37013,Robinson Devor,,Male,,,,not_found,
37015,Ivan Passer,Czech,Male,1933.0,2020.0,Q966754,matched,Wikidata
37019,Costa Gavras,Greek,Male,1933.0,,,not_found,
37021,Shohei Imamura,Japanese,Male,1926.0,2006.0,Q309950,matched,Wikidata
37022,Mohammad Rasoulof,Iranian,Male,1972.0,,Q981853,matched,Wikidata
37024,Kelly Reichardt,American,Female,1964.0,,Q436861,matched,Wikidata
37025,Andrei Zvyagintsev,Russian,Male,1964.0,,,not_found,
37026,Mike Leigh,British,Male,1943.0,,Q315756,matched,Wikidata
37027,Darren Aronofsky,American,Male,1969.0,,Q192762,matched,Wikidata
37028,Richard Kern,American,Male,1954.0,,Q1929208,matched,Wikidata
37038,Jennifer Grausman,,Female,,,,uncertain,
37039,Todd McCarthy,,Male,,,,uncertain,
37040,Carles Asensio Monrabà,,Male,,,,not_found,
37041,Antonio Campos,American,Male,1983.0,,,uncertain,
37044,Jesper Just,Danish,Male,1974.0,,Q3124537,matched,Wikidata
37045,Werner Schroeter,German,Male,1945.0,2010.0,Q62323,matched,Wikidata
37046,Klaus Wyborny,Austrian,Male,1945.0,,Q1263877,matched,Wikidata
37049,David Cronenberg,Canadian,Male,1943.0,,Q55422,matched,Wikidata
37050,Jon Favreau,American,Male,1966.0,,Q295964,matched,Wikidata
37051,Gregory Hoblit,American,Male,1944.0,,Q267524,matched,Wikidata
37052,Wil Shriner,American,Male,1953.0,,Q8000026,matched,Wikidata
37053,Bob Dolman,Canadian,Male,1949.0,,Q4932299,matched,Wikidata
37054,Menno Meyjes,Dutch,Male,1954.0,,Q2420333,matched,Wikidata
37055,Terrence Malick,American,Male,1943.0,,Q215478,matched,Wikidata
37057,David Dobkin,American,Male,1969.0,,Q607615,matched,Wikidata
37058,Todd Field,American,Male,1964.0,,Q670296,matched,Wikidata
37059,Chris Weitz,American,Male,1969.0,,Q238638,matched,Wikidata
37060,Adam Shankman,American,Male,1964.0,,Q350903,matched,Wikidata
37061,Peter Jackson,New Zealander,Male,1961.0,,Q4465,matched,Wikidata
37063,The Hallicrafters Company Design and Research Team,,,,,,not_found,
37067,Silvie Defraoui,Swiss,Male,1935.0,,Q23010071,matched,Wikidata
37068,Didier Rittener,Swiss,Male,1969.0,,Q3027177,matched,Wikidata
37071,Glenn O'Brien,American,Male,1947.0,2017.0,Q5569032,matched,Wikidata
37079,R. H. Quaytman,American,Female,1961.0,,,not_found,
37087,Ericka Beckman,American,Female,1951.0,,Q18206701,matched,Wikidata
37088,Talking Heads,,,,,,uncertain,
37092,Blondie,,,1975.0,,,uncertain,
37105,Lynne Tillman,American,Female,1947.0,,Q6709433,matched,Wikidata
37139,Giancarlo Mattioli,Italian,Male,1933.0,,Q55219360,matched,Wikidata
37145,William Pope.L,American,Male,1955.0,2023.0,Q2547113,matched,Wikidata
37159,Doug Liman,American,Male,1965.0,,Q349339,matched,Wikidata
37166,Black Flag,,,,,,uncertain,
37171,Frank Shepard Fairey,American,Male,1970.0,,,not_found,
37181,Laurel Nakadate,American,Female,1975.0,,Q3218817,matched,Wikidata
37205,Policeband,,,,,,not_found,
37228,David Musgrave,British,Male,1973.0,,Q77324832,matched,Wikidata
37243,Thurston Moore,American,Male,1958.0,,Q505677,matched,Wikidata
37251,David Johnson,,,,,,uncertain,
37256,Glenn Branca,American,,1948.0,2018.0,Q433661,matched,Wikidata
37258,Lydia Lunch,,,1959.0,,Q261990,matched,Wikidata
37260,Marquis de Villeneuve-Bargemont,French,Male,,,Q79461639,matched,Wikidata
37262,Eduardo Costa,Argentine,Male,1940.0,,,uncertain,
37299,Lorraine O'Grady,American,Female,1934.0,2024.0,Q6681667,matched,Wikidata
37300,Sauerbruch Hutton,,,1989.0,,,uncertain,
37301,Roberta Bayley,American,Female,1950.0,,,not_found,
37306,Edit DeAk,American,Female,1950.0,,,uncertain,
37321,Beatriz Cifuentes,Spanish,Female,1975.0,,Q137548180,matched,Wikidata
37322,Yoshiki Waterhouse,Canadian,Male,1973.0,,,not_found,
37325,Frank Stewart,American,Male,1949.0,,,uncertain,
37334,Riccardo Blumer,Swiss,Male,1959.0,,Q77353902,matched,Wikidata
37335,Matteo Borghi,Italian,Male,1976.0,,Q55218086,matched,Wikidata
37336,Desalto,,,1991.0,,,not_found,
37338,Stephan Van Dam,American,Male,1959.0,,Q7608179,matched,Wikidata
37354,Vipp,Danish,,1939.0,,,uncertain,
37355,Ondi Timoner,American,Female,1972.0,,Q7092172,matched,Wikidata
37356,Bruce Weber,American,Male,1946.0,,Q991871,matched,Wikidata
37357,Mira Nair,Indian,Female,1957.0,,Q466320,matched,Wikidata
37358,Amos Gitai,Israeli,Male,1950.0,,Q474262,matched,Wikidata
37360,Matthias Sauerbruch,German,Male,1955.0,,Q15456533,matched,Wikidata
37361,Louisa Hutton,British,Female,1957.0,,Q4955176,matched,Wikidata
37363,Olga Chernysheva,Russian,Female,1962.0,,Q4514273,matched,Wikidata
37364,Barbara Hammer,American,Female,1939.0,2019.0,Q456923,matched,Wikidata
37365,Baz Luhrmann,Australian,Male,1962.0,,Q250545,matched,Wikidata
37367,Terry deRoy Gruber,American,Male,1953.0,,Q55218482,matched,Wikidata
37372,Iroje Architects & Planners,Korean,,1989.0,,,uncertain,
37373,Seung H-Sang,Korean,Male,1952.0,,Q12603866,matched,Wikidata
37374,Young Joon Kim,Korean,Male,1960.0,,Q77352944,matched,Wikidata
37375,yo2 Architects Ltd.,,,1998.0,,,not_found,
37393,John Keenen,American,Male,1957.0,,,not_found,
37394,Keenen Riley Architects,,,1984.0,,,uncertain,
37483,Hai Quoc Tran,Vietnamese,Male,1960.0,,,not_found,
37484,Phu-Nam Thuc Ha,Vietnamese,,1974.0,,Q55772609,matched,Wikidata
37485,Tuan Andrew Nguyen,American,Male,1976.0,,Q27978847,matched,Wikidata
37496,Majda Dobravec-Lajovic,Yugoslav,Female,1931.0,,,not_found,
37497,Bob Grimes,American,Male,,,,uncertain,
37499,Dave Thompson,,Male,,,,uncertain,
37500,Kate Millett,American,Female,1934.0,2017.0,Q292268,matched,Wikidata
37524,Jacqueline Humphries,American,Female,1960.0,,Q21290821,matched,Wikidata
37536,B. D. Fox Independent,,,,,,not_found,
37543,Juan Araujo,Venezuelan,Male,1971.0,,,not_found,
37545,Gianni-Emilio Simonetti,Italian,,1940.0,,Q60840989,matched,Wikidata
37546,Martha Colburn,American,Female,1972.0,,Q4943206,matched,Wikidata
37554,Sophie Tottie,Swedish,Female,1964.0,,Q15220020,matched,Wikidata
37558,"Nordiska Kompaniet Textilkammare, Stockholm",,,,,,not_found,
37577,Ranjani Shettar,Indian,Female,1977.0,,Q7293117,matched,Wikidata
37586,Lacaton & Vassal Architectes,French,,1987.0,,,not_found,
37601,Bo Welch,,,1951.0,,Q484864,matched,Wikidata
37602,Robert Dawson,,,,,,uncertain,
37603,Tom Duffield,,Male,,,,not_found,
37604,Sam Winston,,Male,1978.0,,Q112507785,matched,Wikidata
37615,Candice Breitz,South African,Female,1972.0,,Q432702,matched,Wikidata
37616,Ragnar Kjartansson,Icelandic,Male,1976.0,,Q1565936,matched,Wikidata
37617,Igor Kopystiansky,American,Male,1954.0,,Q27199369,matched,Wikidata
37618,Svetlana Kopystiansky,American,Female,1950.0,,Q23954867,matched,Wikidata
37619,Ryan McNamara,American,Male,1979.0,,Q51592193,matched,Wikidata
37620,Mickalene Thomas,American,Female,1971.0,,Q3311753,matched,Wikidata
37621,Jan Tichy,Israeli,Male,1974.0,,Q14664867,matched,Wikidata
37627,Freddie Yauner,British,Male,1982.0,,Q77353526,matched,Wikidata
37639,Mai-Thu Perret,Swiss,Female,1976.0,,Q3277929,matched,Wikidata
37642,Christien Meindertsma,Dutch,Female,1980.0,,Q12270277,matched,Wikidata
37643,Julia Wachtel,American,Female,1956.0,,Q55219965,matched,Wikidata
37653,Manufacturer: BLT and Associates,,,,,,not_found,
37661,Julie Joliat,Swiss,Female,1979.0,,Q130057412,matched,Wikidata
37662,Bemis Balkind,,,,,,uncertain,
37664,Hân Pham,Danish,Female,1971.0,,Q77353564,matched,Wikidata
37665,Cornelia Blatter,American,Female,1960.0,,Q85093291,matched,Wikidata
37666,Marcel Hermans,American,Male,1961.0,,Q29159975,matched,Wikidata
37667,COMA Amsterdam / New York,,,1996.0,,,not_found,
37669,Lino Manfrotto,Italian,Male,1936.0,,Q26252919,matched,Wikidata
37671,Gilberto Battocchio,Italian,Male,1941.0,,Q55218004,matched,Wikidata
37681,Teresita Fernandez,American,Female,1968.0,,,not_found,
37691,Cyprien Gaillard,French,Male,1980.0,,Q675742,matched,Wikidata
37699,Harold Krieger,,,,,,not_found,
37701,Nye Ffarrabas (formerly Bici Forbes and Bici Forbes Hendricks),American,Female,1932.0,,,not_found,
37704,Katharina Sieverding,German,Female,1944.0,,Q95836,matched,Wikidata
37708,"Infinitoy, San Mateo, CA",,,,,,not_found,
37709,"Manfrotto Feltre Production Facilities, Feltre, Italy",,,1972.0,,,not_found,
37712,Axel Schmid,German,Male,1971.0,,Q55219746,matched,Wikidata
37719,Destroy All Monsters,,,,,,uncertain,
37733,Michael Almereyda,American,Male,1959.0,,Q541368,matched,Wikidata
37755,Jane Crawford,,,,,,uncertain,
37764,Anne Lacaton,French,Female,1955.0,,Q18285074,matched,Wikidata
37765,Jean Philippe Vassal,French,Male,1954.0,,,not_found,
37776,Iwan Baan,Dutch,Male,1975.0,,Q3156399,matched,Wikidata
37779,Jeff Preiss,American,Male,1956.0,,Q15432954,matched,Wikidata
37785,"Venesta, Estonia",Estonian,,,,,not_found,
37796,Goran Paskaljevic,Serbian,Male,1947.0,,,not_found,
37797,Jim Capobianco,American,Male,1969.0,,Q1689059,matched,Wikidata
37798,Armando Iannucci,Scottish,Male,1963.0,,Q646929,matched,Wikidata
37799,Jan Troell,Swedish,Male,1931.0,,Q381876,matched,Wikidata
37800,Steven Soderbergh,American,Male,1963.0,,Q103917,matched,Wikidata
37801,Matteo Garrone,Italian,Male,1968.0,,Q940107,matched,Wikidata
37805,Peter Coffin,American,Male,1972.0,,Q3376508,matched,Wikidata
37812,Arnaud Desplechin,French,Male,1960.0,,Q691335,matched,Wikidata
37813,Blutch,,Male,1967.0,,Q886513,matched,Wikidata
37814,Charles Burns,American,Male,1955.0,,Q1063855,matched,Wikidata
37815,Marie Caillou,,Female,1971.0,,Q3292412,matched,Wikidata
37816,Pierre Di Sciullo,,Male,,,,not_found,
37817,Lorenzo Mattotti,Italian,Male,1954.0,,Q971886,matched,Wikidata
37818,Richard McGuire,American,Male,1957.0,,Q18694173,matched,Wikidata
37819,Ridley Scott,British,Male,1937.0,,Q56005,matched,Wikidata
37820,Brad Bird,American,Male,1957.0,,Q310960,matched,Wikidata
37821,Christopher Nolan,British,Male,1970.0,,Q25191,matched,Wikidata
37822,Ted Braun,American,Male,,,,uncertain,
37823,David Fincher,American,Male,1962.0,,Q184903,matched,Wikidata
37824,David Yates,British,Male,1963.0,,Q312988,matched,Wikidata
37825,So Young Kim,Korean,Female,1968.0,,Q77350036,matched,Wikidata
37826,Noam Gonick,Canadian,Male,1973.0,,Q613921,matched,Wikidata
37827,Robert Gardner,American,Male,1925.0,,,uncertain,
37828,Azazel Jacobs,American,Male,1972.0,,Q4832305,matched,Wikidata
37829,Stewart Bird,,Male,,,,uncertain,
37830,Deborah Shaffer,,Female,,,,uncertain,
37831,Ellen Kurras,American,Female,1959.0,,,not_found,
37833,Mariah Robertson,American,Female,1975.0,,Q6761759,matched,Wikidata
37850,"LTL Architects, PLLC",,,,,,not_found,
37851,Paul Lewis,American,Male,1966.0,,Q7152022,matched,Wikidata
37852,David J. Lewis,American,Male,1966.0,,Q5235461,matched,Wikidata
37855,Kukryniksy (collective),Russian,,1924.0,,,not_found,
37858,V. Pshenichnikov,Russian,,,,Q79462542,matched,Wikidata
37861,Edgar Arceneaux,American,Male,1972.0,,Q5337111,matched,Wikidata
37866,Sara Greenberger Rafferty,American,Female,1978.0,,Q23415351,matched,Wikidata
37868,Donald Genaro,American,Male,1932.0,,Q5294414,matched,Wikidata
37869,Sonia Švecová,,Female,1946.0,,Q95190740,matched,Wikidata
37879,Chitra Ganesh,American,Female,1975.0,,Q5102296,matched,Wikidata
37886,Chris Kabel,Dutch,Male,1975.0,,Q29422039,matched,Wikidata
37887,Paul Cocksedge,British,Male,1978.0,,Q77353870,matched,Wikidata
37888,Werkplaats Martin van Oel,Dutch,,1990.0,,,not_found,
37910,Vincent Fecteau,American,Male,1969.0,,Q7931788,matched,Wikidata
37922,Hermann Misler,German,Male,,,Q79461233,matched,Wikidata
37923,F. Rubes,nationality unknown,,,,,not_found,
37925,H. Pinparra,nationality unknown,,,,Q79461170,matched,Wikidata
37934,Haegue Yang,Korean,Female,1971.0,,Q1567689,matched,Wikidata
37939,Tom-Arne Solhaug,Norwegian,Male,1969.0,,,not_found,
37940,Aleksander Borgenhov,Norwegian,Male,1971.0,,,not_found,
37941,Geir Eide,Norwegian,,1963.0,,,not_found,
37942,Lina Aker,Norwegian,,1979.0,,,not_found,
37943,Fredrik Brodtkorb,Norwegian,,1971.0,,,not_found,
37944,"Krabat AS, Norway",,,2006.0,,,not_found,
37946,Qiu Anxiong,Chinese,Male,1972.0,,Q2121679,matched,Wikidata
37949,Richard Schadewell,German,Male,,,Q79462117,matched,Wikidata
37950,"H. Fuld & Co. Telefon und Telegraphenwerke AG, Frankfurt",,,,,,not_found,
37966,Shahryar Nashat,Swiss,Male,1975.0,,Q43134653,matched,Wikidata
37967,"VEB Ernst-Thälmann-Werke, Suhl, DDR East Germany",,,,,,not_found,
37992,Klaus Groh,Polish,,1936.0,,Q1361984,matched,Wikidata
37999,Brian Buczak,,,,,,not_found,
38008,Nancy Azara,American,Female,1939.0,2024.0,Q6962543,matched,Wikidata
38009,Betsy Damon,American,Female,1940.0,,Q43078535,matched,Wikidata
38010,Lauren Ewing,American,Female,1946.0,,Q55218625,matched,Wikidata
38011,Harmony Hammond,American,Female,1944.0,,Q5659529,matched,Wikidata
38012,Diane Neumaier,American,Female,1946.0,,Q55219466,matched,Wikidata
38013,Joan Semmel,American,Female,1932.0,,,uncertain,
38015,May Stevens,American,Female,1924.0,2019.0,Q6796587,matched,Wikidata
38016,Athena Tacha,American,Female,1936.0,,,not_found,
38017,Martha Wilson,American,Female,1947.0,,Q6774612,matched,Wikidata
38018,"Kotobuki, Japan",,,,,,not_found,
38019,"Teraoka Seiko Co., Ltd., Japan",,,,,,not_found,
38027,Alex Prager,American,Female,1979.0,,Q16218736,matched,Wikidata
38028,Elad Lassry,Israeli,Male,1977.0,,Q5353046,matched,Wikidata
38029,Roe Ethridge,American,Male,1969.0,,Q7357521,matched,Wikidata
38037,Enrico Imoda,Italian,Male,1871.0,1910.0,Q10273021,matched,Wikidata
38039,Bob Peterson,American,Male,1961.0,,Q740682,matched,Wikidata
38042,Spike Jones,,,,,,uncertain,
38045,Brooks Williams,American,,1958.0,,Q4975062,matched,Wikidata
38046,Nancy McElroy,,,,,,uncertain,
38070,Frédéric Druot,French,Male,1958.0,,Q15407458,matched,Wikidata
38080,Jeffrey Schier,,Male,,,,not_found,
38100,Bradford Smith,,Male,,,,uncertain,
38123,Jessica Jackson Hutchins,American,Female,1971.0,,Q6187291,matched,Wikidata
38127,Jill Richards,,Female,1921.0,2007.0,Q82330315,matched,Wikidata
38129,Herbert Tomlinson,British,Male,1902.0,1931.0,Q21165041,matched,Wikidata
38140,Alexandre Singh,French,Male,1980.0,,Q16526036,matched,Wikidata
38141,Danh Vo,Danish,Male,1975.0,,,not_found,
38159,Miriam Böhm,German,Female,1972.0,,Q55218070,matched,Wikidata
38174,"Congress of South African Trade Unions (COSATU), South Africa",,,1985.0,,,not_found,
38183,Yusuf Arakkal,Indian,Male,1945.0,2016.0,Q8061931,matched,Wikidata
38184,Giselle Baillie,South African,Female,1971.0,,Q77324883,matched,Wikidata
38187,Kim Berman,South African,Female,1960.0,,Q56678218,matched,Wikidata
38188,Kanuge John Bosco,Ugandan,Male,1968.0,,Q77324985,matched,Wikidata
38189,Tinus Boshoff,South African,Male,,,,uncertain,
38190,Chris Diedericks,,Male,,,,uncertain,
38191,Bronwen Findlay,South African,Female,1953.0,,Q77324798,matched,Wikidata
38192,Alex Flett,Scottish,Male,1950.0,,Q16442063,matched,Wikidata
38193,Vukile Teyise,South African,Male,,,,uncertain,
38194,Sister Sheila Flynn,British,Female,1952.0,,Q55218704,matched,Wikidata
38196,Penny George,South African,Female,,,,uncertain,
38198,Nyaniso Christopher Lindi,South African,Male,,,,uncertain,
38199,Joseph Madisia,Namibian,Male,,,,uncertain,
38201,Judith Mason,South African,Female,1938.0,2016.0,Q4251461,matched,Wikidata
38202,Sipho Mdanda,South African,Male,1960.0,,Q77325185,matched,Wikidata
38203,Martin Moratillo,Peruvian,Male,1968.0,,Q77325046,matched,Wikidata
38205,Daniel Ohene-Adu,Ghanaian,Male,1952.0,,Q77324825,matched,Wikidata
38206,Carmen Perrin,Peruvian,Female,1953.0,,Q2939621,matched,Wikidata
38208,Dominic Thorburn,South African,Male,,,,uncertain,
38209,Yusuf Vahed,South African,Male,1971.0,,Q77325260,matched,Wikidata
38210,Amira Wasfy,Egyptian,Female,,,,uncertain,
38211,Judy Woodborne,South African,Female,1966.0,,Q77324979,matched,Wikidata
38212,Nhlanhla Xaba,South African,Male,1960.0,,Q77325080,matched,Wikidata
38213,Mduduzi Xakaza,South African,Male,1965.0,,Q77325063,matched,Wikidata
38214,BIG-Bjarke Ingels Group,,,2005.0,,,not_found,
38215,Bjarke Ingels,Danish,Male,1974.0,,Q429817,matched,Wikidata
38220,Cameron Platter,South African,Male,1978.0,,Q16217551,matched,Wikidata
38224,Studio AR.DI.TI,Italian,,1969.0,,Q77353964,matched,Wikidata
38227,Judy Seidman,American,Female,1951.0,,Q110243742,matched,Wikidata
38229,Le Van Danh,Vietnamese,,1965.0,,,not_found,
38237,Don Lauffer,,,,,,not_found,
38240,Laurence Humier,Belgian,Female,1976.0,,Q77353771,matched,Wikidata
38241,Kudzanai Chiurai,Zimbabwean,Male,1981.0,,Q16650787,matched,Wikidata
38242,Marco Cianfanelli,South African,Male,1970.0,,Q27983334,matched,Wikidata
38243,Barthelemy Toguo,Cameroonian,Male,1967.0,,,not_found,
38245,Marcel Alocco,French,,1937.0,,Q599452,matched,Wikidata
38246,Ernestine White,South African,Female,1976.0,,Q77324844,matched,Wikidata
38251,RCM di Bianco,,,,,,not_found,
38257,Billy Apple,New Zealander,Male,1935.0,2021.0,Q4912115,matched,Wikidata
38258,David Thompson,,,,,,uncertain,
38263,Virgilio Forchiassin,Italian,,1945.0,2021.0,Q79462553,matched,Wikidata
38270,Philip Krumm,American,,1941.0,,Q7183916,matched,Wikidata
38298,Thomas Hamilton,,,,,,uncertain,
38326,Davorin Savnik,Slovenian,Male,1929.0,2014.0,Q5242104,matched,Wikidata
38338,Susan Hefuna,German,Female,1962.0,,Q3978225,matched,Wikidata
38368,Marie Cool,French,Female,1961.0,,,not_found,
38373,Thomas Heatherwick,British,Male,1970.0,,Q3051023,matched,Wikidata
38395,Peter R. Meyer,,,,,,uncertain,
38410,Moorhead & Moorhead,,,2000.0,,,uncertain,
38411,Granger Moorhead,American,Male,1969.0,,Q55219425,matched,Wikidata
38412,Robert Moorhead,American,Male,1972.0,,,not_found,
38425,"Gardens Media Group, Cape Town",,,,,,uncertain,
38427,"Medu Art Ensemble, Gaborone, Botswana",,,,,,not_found,
38456,"Brown Manufacturing Company, Decatur, GA",,,,,,not_found,
38466,"Iskra, Ljubljana, Yugoslavia (now Slovenia)",,,,,,not_found,
38469,"Lerival, New York",,,2008.0,,,not_found,
38478,Tobias Frere-Jones,American,Male,1970.0,,Q257862,matched,Wikidata
38481,Jonathan Hoefler,American,Male,1970.0,,Q2370478,matched,Wikidata
38483,Susan Kare,American,Female,1954.0,,Q48971,matched,Wikidata
38485,Jeffery Keedy,American,Male,1957.0,,Q6175767,matched,Wikidata
38486,Barry Deck,American,Male,1962.0,,Q27966893,matched,Wikidata
38488,Albert-Jan Pool,Dutch,Male,1960.0,,Q829801,matched,Wikidata
38490,Erik Spiekermann,German,Male,1947.0,,,not_found,
38491,Neville Brody,British,Male,1957.0,,Q370645,matched,Wikidata
38492,Erik van Blokland,Dutch,Male,1967.0,,Q20630585,matched,Wikidata
38493,Just van Rossum,Dutch,Male,1966.0,,Q1714122,matched,Wikidata
38518,Tunga,Brazilian,Male,1952.0,2016.0,Q2384568,matched,Wikidata
38524,Tomasz Sarnecki,Polish,Male,1966.0,2018.0,Q47135779,matched,Wikidata
38549,De Wain Valentine,American,Male,1936.0,,,not_found,
38551,Rafael Ortega,Mexican,Male,1965.0,,,uncertain,
38552,Olivier Debroise,,Male,,,,uncertain,
38557,Paul Garrin,,Male,1957.0,,Q1328705,matched,Wikidata
38563,American Type Founders,,,1892.0,,,uncertain,
38608,Hans Werckmeister,,,,,,uncertain,
38611,Ewald André Dupont,,,,,,uncertain,
38612,Richard Eichberg,,,,,,uncertain,
38613,Kurt Gerron,,,,,,uncertain,
38614,Nicholas Kaufmann,,,,,,uncertain,
38615,Wilhelm Prager,,,,,,uncertain,
38623,Rudolf Eickemeyer Jr.,American,Male,,,,not_found,
38627,Emilie V. Clarkson,American,,1863.0,1946.0,Q64096413,matched,Wikidata
38629,Rose Clark,American,Female,1852.0,1942.0,Q2780287,matched,Wikidata
38631,Elizabeth Flint Wade,American,,1849.0,1915.0,Q5362781,matched,Wikidata
38635,John E. Dumont,,Male,1856.0,1944.0,Q79461381,matched,Wikidata
38636,William B. Dyer,,Male,1860.0,1931.0,Q52155667,matched,Wikidata
38638,William A. Fraser,,Male,1840.0,1925.0,Q63167918,matched,Wikidata
38639,William D. Murphy,,Male,1834.0,1932.0,Q79459687,matched,Wikidata
38655,Todd Haynes,American,Male,1961.0,,Q446580,matched,Wikidata
38660,Emma Justine Farnsworth,American,Female,1860.0,1952.0,Q3052465,matched,Wikidata
38676,Rita Ackermann,Hungarian,Female,1968.0,,Q7336466,matched,Wikidata
38678,Mateo López,Colombian,Male,1978.0,,,uncertain,
38687,Carmela Gross,Brazilian,Female,1946.0,,Q101242654,matched,Wikidata
38694,Paula Hayes,American,Female,1958.0,,Q16192742,matched,Wikidata
38699,UN Studio,,,1998.0,,,not_found,
38708,Grace Jones,American,Female,1948.0,,Q450429,matched,Wikidata
38713,Beastie Boys,,,1979.0,,,uncertain,
38715,Karen Finley,American,Female,1956.0,,Q6369637,matched,Wikidata
38729,Dani Leventhal,American,Female,1972.0,,Q55219235,matched,Wikidata
38738,Annette Kelm,German,Female,1975.0,,Q23772152,matched,Wikidata
38739,Hank Willis Thomas,American,Male,1976.0,,Q5648502,matched,Wikidata
38741,Alex Dodge,American,,1977.0,,Q17385844,matched,Wikidata
38770,Brian Eno,British,Male,1948.0,,Q569003,matched,Wikidata
38786,Weezer,,,,,,uncertain,
38787,Public Enemy,,,1982.0,,,uncertain,
38788,Fatboy Slim,,,,,,uncertain,
38789,Björk,Icelandic,Female,1965.0,,Q42455,matched,Wikidata
38839,Daniel Joseph Martinez,American,Male,1957.0,,Q5217724,matched,Wikidata
38854,Louis Emerman,American,Male,,,,not_found,
38858,Deana Lawson,American,Female,1979.0,,Q21663183,matched,Wikidata
38859,Ilene Segalove,American,Female,1950.0,,Q16145742,matched,Wikidata
38865,Revital Cohen,Israeli,Female,1981.0,,Q77353894,matched,Wikidata
38880,PH Stalmobler,Danish,,,,,not_found,
38886,SUPERFLEX,Danish,,,,,not_found,
38901,Adam Pendleton,American,Male,1984.0,,Q16223357,matched,Wikidata
38908,Kerstin Brätsch,German,Female,1979.0,,Q21290817,matched,Wikidata
38914,Andrea Geyer,German,Female,1971.0,,Q493952,matched,Wikidata
38915,Sharon Hayes,American,Female,1970.0,,Q2277261,matched,Wikidata
38916,Ashley Hunt,American,Male,1970.0,,Q21534160,matched,Wikidata
38917,Katya Sander,Danish,Female,1970.0,,Q19721143,matched,Wikidata
38921,Emiliano Godoy,Mexican,Male,1974.0,,Q77353478,matched,Wikidata
38922,Pirwi,,,2007.0,,,not_found,
38941,William Plumb,American,Male,1932.0,,,not_found,
38942,Peter Hassmann,,,1943.0,,Q99503542,matched,Wikidata
38945,Kirsten Everberg,American,,1965.0,,Q55218620,matched,Wikidata
38949,Debnath Basu,Indian,,1961.0,,,not_found,
38950,Anandajit Ray,Indian,,1965.0,,,not_found,
38968,Roger Deakins,British,Male,1949.0,,Q460277,matched,Wikidata
39007,Carl Becker,,,1862.0,1926.0,Q15731878,matched,Wikidata
39008,Brett Murray,,,1961.0,,Q5296683,matched,Wikidata
39013,Sophie Peters,,,,,Q55594071,matched,Wikidata
39014,Grant Schreiber,,,,,,uncertain,
39015,Jane Solomon,,,,,,uncertain,
39032,Suirei Kubota,Japanese,,,,,uncertain,
39034,J.L. Hammett Co.,,,,,,uncertain,
39035,Colombini & Guzzetti,,,,,,uncertain,
39036,"Milton Bradley Co., Springfield, MA",,,,,,not_found,
39037,E. Steiger and Co.,,,,,,not_found,
39039,Walter Kindler,,,,,,uncertain,
39045,Franziska Krammel,,Female,,,,not_found,
39049,Michael Epp,,Male,,,,uncertain,
39059,Top-System Burkhard Lübke,,,,,,not_found,
39061,Quasar (Nguyen Manh Khanh),Vietnamese,,1934.0,,Q134413734,matched,Wikidata
39110,BERG,,,2005.0,,,uncertain,
39112,Kacie Kinzer,American,Female,1983.0,,Q42183467,matched,Wikidata
39113,Peter Opsvik,Norwegian,Male,1939.0,2024.0,Q7176228,matched,Wikidata
39123,Golan Levin,American,Male,1972.0,,Q5578394,matched,Wikidata
39128,Ayah Bdeir,Lebanese,Female,1982.0,,Q4830820,matched,Wikidata
39147,Benjamin Dennel,French,Male,1983.0,,Q55218476,matched,Wikidata
39150,Stefanie Posavec,American,Female,1981.0,,Q50365047,matched,Wikidata
39151,Interaction Research Studio,,,,,,uncertain,
39155,Nicholas Felton,American,Male,1977.0,,Q16211470,matched,Wikidata
39156,Soner Ozenc,Turkish,Male,1980.0,,Q77353955,matched,Wikidata
39187,"PIKO, Sonneberg, Germany",,,,,,not_found,
39192,Manon de Boer,Dutch,Female,1966.0,,Q19727175,matched,Wikidata
39193,Ion Grigorescu,Romanian,Male,1945.0,,Q1316035,matched,Wikidata
39218,Maarten Baas,Dutch,Male,1978.0,,Q2021873,matched,Wikidata
39223,Ushahidi,,,,,,not_found,
39233,Max Weisel,American,Male,1991.0,,Q6795362,matched,Wikidata
39236,Bandai,Japanese,,1950.0,,,uncertain,
39238,SWAMP,,,1999.0,,,uncertain,
39258,Akira Ikeda Gallery,,,,,,not_found,
39262,Lettie A. Allen,,Female,,,,uncertain,
39263,Elizabeth Hallenbeck,,Female,,,,uncertain,
39264,Abbie Herrick,,Female,,,,not_found,
39265,Mary Ethel Thompson,,Female,,,,uncertain,
39266,Auguste Cohn,,Male,,,,uncertain,
39268,Ella Steigelman,American,Female,,,,not_found,
39270,Rose A. Craigan,,Female,,,,uncertain,
39271,Stella C. Salisbury,,Female,,,,uncertain,
39272,Dorothy Sullivan,,Female,,,,uncertain,
39273,Whitney Nolte,,,,,,uncertain,
39274,Elva L. Brownson,,Female,,,,uncertain,
39275,Grace A. Snyder,,Female,,,,uncertain,
39276,M. A. Dillon,,Female,,,,uncertain,
39277,Edith M. Barber,,Female,,,,uncertain,
39278,Fannie E. Kachline,American,Female,,,,not_found,
39279,Margaret Heeps,,Female,,,,uncertain,
39280,B. Ferrari,,,,,,uncertain,
39281,Florence E. Piper,,Female,,,,uncertain,
39282,Mahthilde Evans,,Female,,,,uncertain,
39283,Betsy Connors,,,,,,uncertain,
39295,Kate Hartman,American,Female,1981.0,,Q23784307,matched,Wikidata
39306,Julien Devaux,Belgian,Male,1975.0,,Q117118625,matched,Wikidata
39325,Marc Bauer,Swiss,,1975.0,,Q3287795,matched,Wikidata
39326,Philippe Decrauzat,Swiss,,1974.0,,Q3379700,matched,Wikidata
39335,Grafton Architects,Irish,,1978.0,,,uncertain,
39360,Marimekko,Finnish,,1951.0,,,uncertain,
39361,Gloria Caranica,American,,1931.0,,,not_found,
39362,Mazzanti & Arquitectos,,,,,,not_found,
39377,Jack Schulze,British,Male,1976.0,,Q55219754,matched,Wikidata
39380,Mr. Jones Design Ltd.,,,,,,not_found,
39398,littleBits,,,,,,uncertain,
39466,Jonathan Shapiro,,,1958.0,,Q2966148,matched,Wikidata
39467,End Conscription Campaign (ECC),,,1983.0,,,not_found,
39470,Ron Gilad,Israeli,Male,1972.0,,Q77353930,matched,Wikidata
39474,James Cameron,Canadian,Male,1954.0,,Q42574,matched,Wikidata
39475,Zach Lieberman,American,Male,1977.0,,,uncertain,
39476,James Powderly,American,Male,1976.0,,,not_found,
39477,Chris Sugrue,American,Female,1978.0,,Q55219835,matched,Wikidata
39478,TEMPT1,American,,,,,not_found,
39487,Armando Andrade Tudela,Peruvian,Male,1975.0,,Q4792731,matched,Wikidata
39496,New York University,,,1831.0,,,uncertain,
39505,Studio B/C,French,,2009.0,,,not_found,
39513,Kerry Tribe,American,Female,1973.0,,Q18158933,matched,Wikidata
39544,Campbell Orme,British,Male,1982.0,,Q55219543,matched,Wikidata
39560,Will Wright,American,Male,1960.0,,Q309493,matched,Wikidata
39561,Tarn Adams,American,Male,1978.0,,Q14906064,matched,Wikidata
39562,Zach Adams,American,Male,1975.0,,Q70916463,matched,Wikidata
39576,Erik Hersman,American,Male,1975.0,,Q5388622,matched,Wikidata
39583,Shigeru Ishitsuka,Japanese,Male,1975.0,,Q55219022,matched,Wikidata
39584,Misako Kirigaya,Japanese,Female,1985.0,,Q55219110,matched,Wikidata
39585,Megahouse Corporation,Japanese,,1962.0,,,not_found,
39611,Matt Kenyon,American,Male,1977.0,,Q23769530,matched,Wikidata
39612,Douglas Easterly,American,Male,1968.0,,,not_found,
39633,Jacques Charlier,Belgian,Male,1939.0,,Q3158509,matched,Wikidata
39635,Art & Language,,,,,,uncertain,
39637,Gary Bigot,French,Male,1948.0,,Q77348285,matched,Wikidata
39640,Martin Maloney,,,1938.0,2003.0,Q63188921,matched,Wikidata
39642,Didier Vermeiren,Belgian,male,1951.0,,Q22237416,matched,Wikidata
39643,Ian Wilson,,Male,1940.0,,,uncertain,
39651,Anne Collier,American,Female,1970.0,,Q4768237,matched,Wikidata
39654,Peter Saville,British,Male,1955.0,,Q745233,matched,Wikidata
39655,"Saunders Corporation, Yonkers, New York",,,1858.0,,,not_found,
39659,Nadia Kaabi-Linke,Tunisian,,1978.0,,Q23950434,matched,Wikidata
39696,Lynn Hershman Leeson,American,Female,1941.0,,Q6709060,matched,Wikidata
39719,Giancarlo Mazzanti,Colombian,Male,1963.0,,Q5879264,matched,Wikidata
39740,Robert Faludi,American,Male,1966.0,,,not_found,
39741,Kati London,American,Female,1976.0,,Q55219268,matched,Wikidata
39742,Rebecca Bray,American,Female,1974.0,,,uncertain,
39762,T. R. Uthco,American,,,,,not_found,
39765,Andrzej Budek,Polish,Male,1959.0,,Q77353321,matched,Wikidata
39770,Moyra Davey,Canadian,Female,1958.0,,Q16192673,matched,Wikidata
39771,George Georgiou,British,Male,1961.0,,Q5539669,matched,Wikidata
39772,Marguerite Humeau,French,Female,1986.0,,Q25324799,matched,Wikidata
39780,Doug Rickard,American,Male,1968.0,,,uncertain,
39781,Viviane Sassen,Dutch,Female,1972.0,,Q18429352,matched,Wikidata
39822,Phil Collins,British,Male,1970.0,,,uncertain,
39841,caraballo-farman,,,,,,uncertain,
39853,Stephen Vitiello,American,Male,1964.0,,Q7610760,matched,Wikidata
39855,"Ceramica Franco Pozzi, Gallarte, Italy",,,,,,not_found,
39898,Robert Rotifer,Austrian,Male,1969.0,,Q2158665,matched,Wikidata
39912,Andrei Ujica,Romanian,Male,1951.0,,,not_found,
39923,Hans Ehrich,Swedish,Male,1942.0,,Q2711840,matched,Wikidata
39924,Tom Ahlström,Swedish,Male,1943.0,,Q5544310,matched,Wikidata
39925,A&E Design,Swedish,,1968.0,,,uncertain,
39926,"Lectus Produktion AB, Mönsterås, Sweden",,,1987.0,,,not_found,
39951,Freddie Reeves,British,Male,,,Q79461094,matched,Wikidata
39957,Ei Arakawa,Japanese,Male,1977.0,,Q21486183,matched,Wikidata
39958,Nikolas Gambaroff,German,Male,1979.0,,Q21486185,matched,Wikidata
39961,Tauba Auerbach,American,Female,1981.0,,Q15991118,matched,Wikidata
39992,Paul Elliman,British,,1961.0,,Q7150484,matched,Wikidata
39997,Nora Schultz,German,Female,1975.0,,Q21287800,matched,Wikidata
40052,Prazsky,Czech,,,,,uncertain,
40057,Sanford Biggers,American,Male,1970.0,,Q7417607,matched,Wikidata
40161,Goldsmiths,,,1891.0,,,uncertain,
40162,University of London,,,1836.0,,,uncertain,
40190,Werner John,Swiss,Male,1941.0,,Q77354044,matched,Wikidata
40207,Damián Ortega,Mexican,Male,1967.0,,Q1158576,matched,Wikidata
40218,Fito Doring,,,,,,not_found,
40247,Mihajlo Arsovski,Croatian,Male,1937.0,,Q12636828,matched,Wikidata
40294,Erwin Andra,German,,1921.0,2022.0,Q1362804,matched,Wikidata
40304,Bob Sheff,American,,1945.0,,Q134413654,matched,Wikidata
40335,Tom DeFanti,American,Male,1948.0,,,not_found,
40336,Mimi Shevitz,,,,,,uncertain,
40354,Yvonne Farrell,Irish,Female,1951.0,,Q16151248,matched,Wikidata
40355,Shelley McNamara,Irish,Female,1952.0,,Q21132821,matched,Wikidata
40383,Bill Rauhauser,American,Male,1918.0,2017.0,Q55219675,matched,Wikidata
40384,Douglas Davis,American,Male,1933.0,2014.0,Q5301405,matched,Wikidata
40391,Grand Openings,,,,,,not_found,
40392,Jay Sanders,American,Male,,,,not_found,
40394,Eichinger oder Knechtl,,,,,,not_found,
40396,Bazon Brock,German,,1936.0,,Q86380,matched,Wikidata
40397,Hans Joachim Dietrich,German,,1938.0,,Q55218504,matched,Wikidata
40400,Lambert Maria Wintersberger,German,,1941.0,2013.0,Q1801383,matched,Wikidata
40410,Alec Soth,American,Male,1969.0,,Q979236,matched,Wikidata
40411,Pieter Hugo,South African,Male,1976.0,,Q2094257,matched,Wikidata
40424,Helen + Hard AS,Norwegian,,1996.0,,,not_found,
40428,Elliot Caplan,American,,,,,uncertain,
40431,Siv Helene Stangeland,Norwegian,Female,1966.0,,Q111163495,matched,Wikidata
40432,Reinhard Kropf,Austrian,Male,1967.0,,Q23068112,matched,Wikidata
40434,Elektrisk Bureau,,,,,,uncertain,
40442,David Chipperfield,British,Male,1953.0,,Q707020,matched,Wikidata
40445,Diamela Eltit,Chilean,Female,1949.0,,Q2032745,matched,Wikidata
40446,Juan Castillo,Chilean,Male,1952.0,,,uncertain,
40447,Raúl Zurita,Chilean,Male,1950.0,,Q2353667,matched,Wikidata
40448,Fernando Balcells,Chilean,Male,1950.0,,,not_found,
40456,"Lamm S.p.A., Italy",,,1959.0,,,not_found,
40459,Snøhetta,,,1989.0,,,uncertain,
40461,John Cavanaugh,,,1921.0,1985.0,Q15459475,matched,Wikidata
40462,John Cale,Welsh,,1942.0,,Q45909,matched,Wikidata
40463,Pieter Vanderbeck,,,,,,uncertain,
40470,Edo Jansen,,,,,Q131144352,matched,Wikidata
40513,Boris Orlov,Russian,Male,1941.0,,,uncertain,
40517,Anthony Cox,American,,,,,uncertain,
40529,Ryan Gander,British,Male,1976.0,,Q7384082,matched,Wikidata
40531,Senga Nengudi,American,Female,1943.0,,Q16106377,matched,Wikidata
40534,Joe Bradley,American,Male,1975.0,,Q6208754,matched,Wikidata
40536,Jazz Lee Alston,,,,,,not_found,
40544,Margaret Rose,,Female,,,,uncertain,
40552,Quay Brothers,American,Male,1947.0,,,not_found,
40556,Mariana Castillo Deball,Mexican,Female,1975.0,,Q3291245,matched,Wikidata
40557,Stephen Kaltenbach,American,Male,1940.0,,Q21208471,matched,Wikidata
40559,Mathias Poledna,Austrian,Male,1965.0,,Q1908532,matched,Wikidata
40561,F. Bacon,British,,,,,uncertain,
40564,Charles Gaines,American,Male,1944.0,,,uncertain,
40568,Simon Fujiwara,,Male,1982.0,,Q18818070,matched,Wikidata
40572,MOS Architects,,,2003.0,,,uncertain,
40574,Hajra Waheed,Canadian,Female,1980.0,,Q55235899,matched,Wikidata
40577,Norbert Schwontkowski,German,Male,1949.0,2013.0,Q1997203,matched,Wikidata
40578,Thomas Huber,Swiss,Male,1955.0,,Q202769,matched,Wikidata
40579,Peter Piller,German,Male,1968.0,,Q2077559,matched,Wikidata
40628,Pedro Almodóvar,Spanish,Male,1949.0,,Q55171,matched,Wikidata
40658,Emily Sundblad,Swedish,Female,1977.0,,,not_found,
40659,Stefan Tcherepnin,American,Male,1977.0,,,not_found,
40704,Unknown designer,Hungarian,,,,,not_found,
40723,DAS INSTITUT,,,2007.0,,,uncertain,
40743,Fabrice Mory,,,,,,uncertain,
40744,Jean de Calduin,,,,,,uncertain,
40780,Craig Dykers,American,Male,1961.0,,Q5180916,matched,Wikidata
40781,Kjetil Trædal Thorsen,Norwegian,,1958.0,,Q1813434,matched,Wikidata
40782,"Dresdener Werkstätten für Handwerkskunst, Dresden, Germany",,,,,,not_found,
40803,Bernard Bazile,,,1952.0,,Q29585342,matched,Wikidata
40804,Gerwald Rockenschaub,,,1952.0,,Q1515934,matched,Wikidata
40829,Hilary Sample,American,Female,1971.0,,,not_found,
40841,Adele Röder,German,Female,1980.0,,Q21290818,matched,Wikidata
40844,Herbert Spencer,,Male,,,,uncertain,
40847,Justin Hoffmann,,,,,,uncertain,
40848,Wally S.,,,,,,not_found,
40849,Ralf Hoedt,,,1964.0,,Q112564797,matched,Wikidata
40850,Moira Zoitl,,,1968.0,,Q42907235,matched,Wikidata
40851,Michael Zinganel,,,1960.0,,Q78514587,matched,Wikidata
40861,Haluk Akakçe,Turkish,Male,1970.0,2023.0,Q1263837,matched,Wikidata
40863,Jason Salavon,American,Male,1970.0,,Q6163419,matched,Wikidata
40872,William Graatsma,Belgian,,1925.0,2017.0,Q29473030,matched,Wikidata
40873,Gruppe X,,,1966.0,,,not_found,
40878,Ed Sommer,Swiss,Male,1932.0,2015.0,Q1282501,matched,Wikidata
40879,Peter Struycken,Dutch,,1939.0,,Q2706817,matched,Wikidata
40881,Gils Bakker,Dutch,,1942.0,,,not_found,
40882,Hideto Yamazaki,,,,,,not_found,
40883,Willem Breuker,,,,,,uncertain,
40902,David Tremlett,British,Male,1945.0,,Q763686,matched,Wikidata
40905,Nicholas Pope,,,1949.0,,Q2554312,matched,Wikidata
40906,Toon Verhoef,Dutch,,1946.0,,Q19513806,matched,Wikidata
40907,Joris Geurts,Dutch,,1958.0,,Q24073863,matched,Wikidata
40908,Emo Verkerk,,,1955.0,,Q5831571,matched,Wikidata
40909,Narcisse Tordoir,Belgian,,1954.0,,Q17747337,matched,Wikidata
40910,Adam Colton,,,1957.0,,Q618310,matched,Wikidata
40911,Jan Commandeur,,,1954.0,2024.0,Q22091192,matched,Wikidata
40912,Zadok Ben-David,Israeli,,1949.0,,,not_found,
40913,Leo Vroegindeweij,,,1955.0,,Q2546475,matched,Wikidata
40914,Han Schuil,,,1958.0,,Q13653414,matched,Wikidata
40916,Ab van Hanegem,,,1960.0,,Q2727511,matched,Wikidata
40921,Abraham Cruzvillegas,Mexican,Male,1968.0,,,uncertain,
40998,Gabriel Sierra,Colombian,Male,1975.0,,Q28502579,matched,Wikidata
41033,Yuya Ushida,Japanese,Male,1975.0,,Q55219949,matched,Wikidata
41034,"Royal Ahrend, Amsterdam",,,1896.0,,,not_found,
41061,Michael Meredith,American,Male,1971.0,,,uncertain,
41076,Joe Maloney,American,Male,1949.0,,,uncertain,
41105,Jorinde Voigt,German,Female,1977.0,,Q1703986,matched,Wikidata
41131,Josip Vaništa,Croatian,Male,1924.0,2018.0,Q16513877,matched,Wikidata
41136,Tom Arndt,American,Male,1944.0,,Q55217949,matched,Wikidata
41144,Giorgio Berretti,Italian,Male,1941.0,,Q23068031,matched,Wikidata
41151,Erich Gehre,German,Male,1886.0,1945.0,Q55218761,matched,Wikidata
41153,A. Krapp,German,,,,,not_found,
41154,Wilhelm Schuler,German,,1875.0,,Q77357991,matched,Wikidata
41158,Ottheinrich Strohmeyer,,,,,Q79461939,matched,Wikidata
41165,Julius Kaufmann,German,,1885.0,,,uncertain,
41168,Herbert Anger,German,,1892.0,1945.0,Q62059999,matched,Wikidata
41169,Shambhavi,Indian,Female,1966.0,,Q77325177,matched,Wikidata
41170,Johanna Calle,Colombian,Female,1965.0,,Q23409619,matched,Wikidata
41182,Willy Szesztokat,,Male,,,Q79462636,matched,Wikidata
41191,Jens S Jensen,Swedish,Male,1946.0,,,not_found,
41201,Arthur Goetz,German,Male,1885.0,1954.0,Q24284450,matched,Wikidata
41208,Frank Gardner,American,Male,1920.0,,,uncertain,
41209,Joan Gardner,American,Female,1933.0,,,uncertain,
41211,Cesare Cavanna,,,,,,not_found,
41212,Taryn Simon,American,Female,1975.0,,Q534385,matched,Wikidata
41223,Oscar Tuazon,American,Male,1975.0,,Q16976707,matched,Wikidata
41230,Waldemar Ohly,,,,,,uncertain,
41241,Takuma Nakahira,Japanese,Male,1938.0,2015.0,Q7678562,matched,Wikidata
41244,Virginia Overton,American,Female,1971.0,,,not_found,
41251,John Outterbridge,American,Male,1933.0,2020.0,Q6251417,matched,Wikidata
41265,Jakob Goldbaum,,,,,,not_found,
41271,Nick Cave,American,Male,1959.0,,Q24218,matched,Wikidata
41278,Akram Zaatari,Lebanese,Male,1966.0,,Q4701629,matched,Wikidata
41284,Adam Ant (Stuart Leslie Goddard),British,Male,1954.0,,,not_found,
41285,X3 Studios,,,,,,uncertain,
41286,Malcolm Garrett,British,Male,1956.0,,Q6742325,matched,Wikidata
41291,Samella Lewis,American,Female,1924.0,2022.0,Q7409275,matched,Wikidata
41292,Fluxus,,,,,,uncertain,
41295,Nick Egan,British,Male,1957.0,,Q16189021,matched,Wikidata
41296,Bob Heimall,American,Male,1943.0,,Q117119382,matched,Wikidata
41298,Brian Davis,,Male,,,,uncertain,
41299,Philip Cushway,,Male,,,Q79462014,matched,Wikidata
41300,John Holmstrom,American,Male,1954.0,,Q2742920,matched,Wikidata
41301,Spencer Drate,American,Male,1942.0,,,not_found,
41303,Danny Fields,,Male,1939.0,,Q1164585,matched,Wikidata
41304,Paul Stolper,British,Male,1947.0,,,uncertain,
41305,Sophie Richmond,,,,,,not_found,
41306,John Varnom,,Male,,,,not_found,
41307,Julia Gorton,American,Female,,,,not_found,
41316,Pennie Smith,British,Female,1949.0,,Q542137,matched,Wikidata
41317,Pearl Thompson,British,Male,1957.0,,,not_found,
41318,Andy Vella,British,Male,1961.0,,Q55219959,matched,Wikidata
41325,Noriko Ambe,Japanese,Female,1967.0,,Q55217910,matched,Wikidata
41332,Bernardo Ortiz Campo,Colombian,Male,1972.0,,Q77348164,matched,Wikidata
41333,Henry Taylor,American,Male,1958.0,,,uncertain,
41345,Kader Attia,French,Male,1970.0,,Q3191760,matched,Wikidata
41374,Lisa Pasedag,,,,,,uncertain,
41375,E. Anger,,,,,,not_found,
41376,Eugen Hoffmann,,,1892.0,1955.0,Q216105,matched,Wikidata
41377,Willi Tegtmeier,,,,,,not_found,
41379,Oskar Birckenbach,,,1881.0,1948.0,Q1382406,matched,Wikidata
41380,Lonni Ideler,,,,,,not_found,
41383,Roc Caivano,American,Male,,,,uncertain,
41384,"Mihoya Glass Co. Ltd, Japan",,,,,,not_found,
41391,Georg Arndt,German,,1863.0,1939.0,Q1503572,matched,Wikidata
41392,Rolf Tillmann,,,1895.0,1985.0,Q23000751,matched,Wikidata
41393,Alfred Zacharias,German,,1901.0,1998.0,Q15435863,matched,Wikidata
41400,Ralph Thomas Ward (Corkie),,,,,,not_found,
41402,Donna Cameron,American,Female,,,,not_found,
41403,Bob Rogers,American,Male,,,,uncertain,
41404,Jonathan Parker,,Male,1968.0,,Q21464129,matched,Wikidata
41410,Bruno W. Reimann,,,,,,uncertain,
41412,Eugen Maria Karpf,,,,,,uncertain,
41413,Grete Rühle,,,,,,not_found,
41414,"LaboGroup, Paris",,,,,,not_found,
41421,Peter Sillen,American,Male,,,,uncertain,
41427,Catriona Duffy,,Female,,,,uncertain,
41428,Lucy McEachan,,Female,,,,not_found,
41430,Panel,,,,,,uncertain,
41431,Andrés Jaque,Spanish,Male,1971.0,,Q1096098,matched,Wikidata
41432,W. Doessler,,,,,,uncertain,
41434,Michel Auder,French,Male,1945.0,,Q1636333,matched,Wikidata
41440,Shen Wei,Chinese,Male,1977.0,,Q7494131,matched,Wikidata
41446,Josh MacPhee,American,Male,1973.0,,Q16731789,matched,Wikidata
41447,Nobodycorp Internationale Unlimited,,,,,,uncertain,
41448,Jesse Goldstein,American,Male,,,,uncertain,
41451,Jesus Barraza,,Male,,,,uncertain,
41470,Favianna Rodriguez,,,1978.0,,Q5438583,matched,Wikidata
41472,Peter Stathis,American,Male,1960.0,,,not_found,
41473,Michael McCoy,American,Male,1944.0,,Q6832644,matched,Wikidata
41474,Dennis Pies,American,Male,1947.0,,,not_found,
41475,Lawrence C. Windom,American,Male,1876.0,,,not_found,
41476,Lynne Sachs,American,Female,1961.0,,Q6709420,matched,Wikidata
41478,William Deeke,,Male,,,,not_found,
41483,Maria Gilssen,,,,,,not_found,
41484,Gail Dianna Schlaifer,American,Female,,,,not_found,
41489,Alan Berliner,American,Male,1956.0,,Q3302071,matched,Wikidata
41490,Aleksandr Sokurov,Russian,Male,1951.0,,,not_found,
41491,Larry Carty,,Male,,,,not_found,
41493,Mary Beams,,Female,,,,uncertain,
41497,U.S. Navy,American,,,,,uncertain,
41499,Abderrahmane Sissako,Mauritanian,Male,1961.0,,Q308097,matched,Wikidata
41549,Raoul Peck,Haitian,Male,1953.0,,Q1357018,matched,Wikidata
41551,Diana Barrie,American,Female,1952.0,,Q128623063,matched,Wikidata
41552,Peter Kubelka,Austrian,Male,1934.0,,Q86966,matched,Wikidata
41554,Ivan Kožarić,Croatian,Male,1921.0,2020.0,Q1560831,matched,Wikidata
41555,Miljenko Horvat,Croatian,Male,1935.0,,,not_found,
41560,Jonathan Bloom,,Male,1965.0,,Q126099790,matched,Wikidata
41561,Michael Carapetian,British,Male,1938.0,,Q55218309,matched,Wikidata
41569,Jan Sanders,,,1919.0,2000.0,Q2144695,matched,Wikidata
41578,André Komatsu,Brazilian,Male,1978.0,,Q25931032,matched,Wikidata
41582,Adolf Born,Czech,Male,1930.0,2016.0,Q361032,matched,Wikidata
41588,Andrew Noren,American,Male,1943.0,2015.0,Q506585,matched,Wikidata
41590,Gunvor Nelson,Swedish,Female,1931.0,2025.0,Q4969141,matched,Wikidata
41593,Sara Petty,,Female,,,,uncertain,
41601,Vlatko Gilic,Yugoslav,Male,1935.0,,,not_found,
41618,Bill Basquin,American,Male,1970.0,,,not_found,
41619,Bela Tarr,Hungarian,Male,1955.0,,,not_found,
41624,George Clooney,American,Male,1961.0,,Q23844,matched,Wikidata
41625,Yael Hersonski,Israeli,Female,1970.0,,,uncertain,
41626,Brent Green,American,Male,1978.0,,Q23924717,matched,Wikidata
41628,David Henry Gerson,American,Male,1985.0,,Q55218775,matched,Wikidata
41629,Chico Teixeira,Brazilian,Male,1970.0,,,uncertain,
41635,Didier Faustino,French,Male,1968.0,,Q3027012,matched,Wikidata
41650,Ringl + Pit,German,Female,,,,uncertain,
41664,Wael Shawky,Egyptian,Male,1971.0,,Q28059083,matched,Wikidata
41665,Justin Matherly,American,Male,1972.0,,Q22237125,matched,Wikidata
41667,John Maybury,British,Male,1958.0,,Q3182021,matched,Wikidata
41670,"unknown, commercially printed",,,,,,not_found,
41686,Hans Kappler,German,Male,,,Q79461199,matched,Wikidata
41688,Bigas Luna,Spanish,Male,1946.0,2013.0,Q468785,matched,Wikidata
41689,John Haugse,,,1937.0,2020.0,Q111311601,matched,Wikidata
41707,Bruce Baillie,American,Male,1931.0,2020.0,Q2926392,matched,Wikidata
41711,Michael Apted,British,Male,1941.0,2021.0,Q350717,matched,Wikidata
41713,Gabriel Axel,Danish,Male,1918.0,2014.0,Q553819,matched,Wikidata
41716,Wheeler Winston Dixon,American,Male,1950.0,,Q7992253,matched,Wikidata
41718,raumlaborberlin,,,,,,not_found,
41730,Ang Lee,Taiwanese,Male,1954.0,,Q160726,matched,Wikidata
41731,Wong Kar-wai,Chinese,Male,1958.0,,Q55431,matched,Wikidata
41734,Guy Ritchie,British,Male,1968.0,,Q192990,matched,Wikidata
41735,Alejandro González Iñárritu,Mexican,Male,1963.0,,Q55215,matched,Wikidata
41736,Joe Carnahan,American,Male,1969.0,,Q936866,matched,Wikidata
41742,Masaomi Unagami,,,,,,not_found,
41743,Neville de Almeida,Brazilian,Male,1941.0,,,not_found,
41752,Robert Wilhite,American,Male,1946.0,,Q21551130,matched,Wikidata
41761,Fabio Balducci,Italian,Male,1964.0,,Q131758338,matched,Wikidata
41764,Augusto,Spanish,,,,,uncertain,
41770,Elaine May,American,Female,1932.0,,Q454156,matched,Wikidata
41772,Tommy Hartung,American,Male,1980.0,,Q19958031,matched,Wikidata
41777,Rania Stephan,Lebanese,Female,1960.0,,Q23664240,matched,Wikidata
41790,James Longley,American,Male,1972.0,,Q3806646,matched,Wikidata
41792,Bill Daniel,American,Male,1959.0,,Q4908680,matched,Wikidata
41793,Susan Warms Dryfoos,American,Female,1950.0,,,uncertain,
41794,Godfrey Cheshire,American,Male,1951.0,,Q5576398,matched,Wikidata
41796,Alice Elliott,American,Female,1946.0,,Q4725843,matched,Wikidata
41797,Oscar Muñoz,Colombian,Male,1951.0,,Q3593655,matched,Wikidata
41799,George Griffin,American,,,,,uncertain,
41817,István Orosz,Hungarian,Male,1951.0,,Q601771,matched,Wikidata
41822,Massoud Hassani,Dutch,Male,1983.0,,Q77353798,matched,Wikidata
41828,Cathy Wilkes,Irish,Female,1966.0,,Q5053508,matched,Wikidata
41829,Ben Kinmont,American,Male,1963.0,,Q816533,matched,Wikidata
41830,Dirk Vander Kooij,Dutch,Male,1983.0,,Q77353456,matched,Wikidata
41831,Georgia Hubley,American,Female,1960.0,,Q5547544,matched,Wikidata
41832,Alan Rudolph,American,Male,1943.0,,Q1337411,matched,Wikidata
41833,Bruno Barreto,Brazilian,Male,1955.0,,Q82275,matched,Wikidata
41834,Walter Salles,Brazilian,Male,1956.0,,Q458696,matched,Wikidata
41835,John McKay,Scottish,Male,1965.0,,,uncertain,
41836,Pat O'Connor,Irish,Male,1943.0,,Q1106742,matched,Wikidata
41837,Jan Sverák,Czech,Male,1965.0,,,not_found,
41838,Régis Wargnier,French,Male,1948.0,,Q951570,matched,Wikidata
41839,Igor Nikolayev,Russian,Male,1924.0,,,uncertain,
41841,William Friedkin,American,Male,1935.0,2023.0,Q51582,matched,Wikidata
41844,Marleen Gorris,Dutch,Female,1948.0,,Q435866,matched,Wikidata
41845,Peter Medak,Hungarian,Male,1937.0,,Q724100,matched,Wikidata
41846,Don Roos,American,Male,1955.0,,Q3035907,matched,Wikidata
41847,Harry Sinclair,New Zealander,Male,1959.0,,Q3330820,matched,Wikidata
41848,Åke Sandgren,Swedish,Male,1955.0,,Q270911,matched,Wikidata
41849,James Merendino,American,Male,1969.0,,Q1680815,matched,Wikidata
41850,Sam Raimi,American,Male,1959.0,,Q275402,matched,Wikidata
41851,George Lucas,American,Male,1944.0,,Q38222,matched,Wikidata
41852,Barry Caillier,American,Male,,,,not_found,
41853,Rainer Geis,German,Male,,,,uncertain,
41854,Bryan Singer,American,Male,1965.0,,Q220751,matched,Wikidata
41855,John Irvin,British,Male,1940.0,,Q1700561,matched,Wikidata
41856,James Gray,American,Male,1969.0,,,uncertain,
41857,Barry Sonnenfeld,American,Male,1953.0,,Q317567,matched,Wikidata
41860,Bruno Bozzetto,Italian,Male,1938.0,,Q673304,matched,Wikidata
41861,John Landis,American,Male,1950.0,,Q51564,matched,Wikidata
41862,Percy Adlon,German,Male,1935.0,2024.0,Q61128,matched,Wikidata
41864,Lawrence Kasdan,American,Male,1949.0,,Q240872,matched,Wikidata
41865,Brian De Palma,American,Male,1940.0,,Q189526,matched,Wikidata
41866,Terry Gilliam,American,Male,1940.0,,Q25078,matched,Wikidata
41868,Gene Saks,American,Male,1921.0,2015.0,Q1388109,matched,Wikidata
41870,Mark Rydell,American,Male,1934.0,,,uncertain,
41871,Jean-Paul Rappeneau,French,Male,1932.0,,Q709973,matched,Wikidata
41873,Frank Oz,British,Male,1944.0,,Q311319,matched,Wikidata
41875,Norman Jewison,Canadian,Male,1926.0,2024.0,Q309214,matched,Wikidata
41876,Bob Rafelson,American,Male,1933.0,2022.0,Q95039,matched,Wikidata
41877,Mike Hodges,British,Male,1932.0,2022.0,Q491809,matched,Wikidata
41878,Richard Lester,American,Male,1932.0,,Q346508,matched,Wikidata
41880,Edward Zwick,American,Male,1952.0,,Q314142,matched,Wikidata
41882,Randal Kleiser,American,Male,1946.0,,Q1340565,matched,Wikidata
41885,Mick Jackson,British,Male,1943.0,,Q703492,matched,Wikidata
41886,Édouard Molinaro,French,Male,1928.0,2013.0,Q274411,matched,Wikidata
41887,Peter Bogdanovich,American,Male,1939.0,2022.0,Q158250,matched,Wikidata
41888,Nicholas Hytner,British,Male,1956.0,,Q967302,matched,Wikidata
41889,Terry Jones,Welsh,Male,1942.0,2020.0,Q166159,matched,Wikidata
41890,Roland Joffé,British,Male,1945.0,,Q309715,matched,Wikidata
41891,Kenneth Branagh,Irish,Male,1960.0,,Q55294,matched,Wikidata
41892,Richard Benjamin,American,Male,1938.0,,Q495813,matched,Wikidata
41893,Jim Sheridan,Irish,Male,1949.0,,Q55429,matched,Wikidata
41895,Roger Corman,American,Male,1926.0,2024.0,Q318292,matched,Wikidata
41896,Rob Reiner,American,Male,1947.0,2025.0,Q287607,matched,Wikidata
41897,Richard Williams,Canadian,Male,1933.0,,,uncertain,
41898,Michael Caton-Jones,Scottish,Male,1957.0,,Q945041,matched,Wikidata
41901,Richard Rush,American,Male,1929.0,2021.0,Q953520,matched,Wikidata
41908,Taylor Hackford,American,Male,1944.0,,Q545573,matched,Wikidata
41919,Bob Carlson,,Male,,,,uncertain,
41925,Dick Rickard,,Male,,,Q3026620,matched,Wikidata
41926,Rob Minkoff,American,Male,1962.0,,Q1151111,matched,Wikidata
41941,Gene Deitch,American,Male,1924.0,2020.0,Q1501393,matched,Wikidata
41945,Frank Endres,,Male,,,,uncertain,
41946,Tom Golden,,Male,,,,uncertain,
41947,Graham Place,,Male,,,,uncertain,
41952,Erwin Hauer,Austrian,Male,1926.0,2017.0,Q1363003,matched,Wikidata
41953,Randy Tuten,American,Male,1946.0,,Q55219929,matched,Wikidata
41954,Mick Haggerty,American,Male,,,,not_found,
41958,Peter Kodick (Peter Gravelle),British,Male,,,,uncertain,
41986,Adam Helms,American,Male,1974.0,,Q16214875,matched,Wikidata
41987,John Newsom,American,Male,1970.0,,,uncertain,
41988,William Villalongo,American,Male,1975.0,,Q21262103,matched,Wikidata
42000,Danilo Barbosa,Brazilian,Male,1949.0,,Q77353445,matched,Wikidata
42011,Bernhard Höke,,,,,,uncertain,
42012,Michele Abeles,American,Female,1977.0,,Q24894764,matched,Wikidata
42016,Edward Waisnis,American,Male,1957.0,,,not_found,
42017,Mike Nichols,American,Male,1931.0,2014.0,Q51537,matched,Wikidata
42018,Matt Porterfield,American,Male,1977.0,,,not_found,
42020,Lucian Pintilie,Romanian,Male,1933.0,2018.0,Q967207,matched,Wikidata
42021,Corinna Belz,German,Female,1970.0,,Q19883359,matched,Wikidata
42027,Nicolas Winding Refn,Danish,Male,1970.0,,Q359397,matched,Wikidata
42028,Sally Cruikshank,American,Female,1949.0,,Q7405113,matched,Wikidata
42029,Julie Taymor,American,Female,1952.0,,Q240490,matched,Wikidata
42062,Júlio Bressane,Brazilian,Male,1946.0,,Q13422516,matched,Wikidata
42064,Alfred Caldwell,American,Male,,,,uncertain,
42098,Michael Harris,American,Male,1933.0,1994.0,Q6830963,matched,Wikidata
42107,Patricia Cardoso,Colombian,Female,,,,uncertain,
42110,Elia Suleiman,Palestinian,Male,1960.0,,Q577569,matched,Wikidata
42120,Rebecca Cammisa,American,Female,1966.0,,Q7301689,matched,Wikidata
42121,Rob Fruchtman,,Male,,,,not_found,
42123,Nobi Nakanishi,American,Male,1975.0,,,not_found,
42124,Herbert Danska,American,Male,1927.0,,Q23068022,matched,Wikidata
42126,Birdhead,Chinese,,2004.0,,,uncertain,
42138,Natalia Almada,Mexican,Female,1974.0,,Q6967991,matched,Wikidata
42139,Véréna Paravel,French,Female,1971.0,,Q17013502,matched,Wikidata
42140,J.P. Sniadecki,American,Male,1979.0,,Q28948409,matched,Wikidata
42141,Andrez Wajda,Polish,Male,1926.0,,Q77349882,matched,Wikidata
42142,Richard Kaplan,American,Male,1925.0,2018.0,Q63120711,matched,Wikidata
42150,Mike Johnson,American,Male,,,,uncertain,
42156,Song Tao,Chinese,,1979.0,,,uncertain,
42157,Ji Weiyu,Chinese,,1980.0,,Q101437122,matched,Wikidata
42158,Zoe Crosher,American,Female,1975.0,,Q8073262,matched,Wikidata
42161,Arthur Cantrill,Australian,Male,1938.0,,Q27450856,matched,Wikidata
42162,Corinne Cantrill,Australian,Female,1928.0,2025.0,Q27450844,matched,Wikidata
42166,Doug Sweetland,American,Male,1974.0,,Q3037956,matched,Wikidata
42172,Marja Mikkonen,Finnish,Female,1979.0,,,not_found,
42175,André Téchiné,French,Male,1943.0,,Q523144,matched,Wikidata
42184,Éric Chahi,French,Male,1967.0,,Q719385,matched,Wikidata
42186,Masaya Matsuura,Japanese,Male,1961.0,,Q2737054,matched,Wikidata
42187,"NanaOn-Sha Co., Ltd.",,,1993.0,,,not_found,
42188,CCP Games,,,1997.0,,,not_found,
42189,Valve,American,,1996.0,,,uncertain,
42192,Bahman Ghobadi,Iranian,Male,1969.0,,Q31923,matched,Wikidata
42201,Julia Loktev,Russian,Female,1969.0,,Q274914,matched,Wikidata
42203,Larry Fessenden,American,Male,1963.0,,Q3827140,matched,Wikidata
42208,Edwin Locke,American,Male,1898.0,1979.0,Q125376040,matched,Wikidata
42218,Georg Greger,German,Male,,,Q79461143,matched,Wikidata
42222,Laurie Collyer,American,Female,1967.0,,Q4943297,matched,Wikidata
42224,Erick Zonca,French,Male,1956.0,,Q1353708,matched,Wikidata
42232,Helmut Kronberger,Austrian,Male,,,,uncertain,
42242,Ernst Thormahlen,,Male,,,Q79461054,matched,Wikidata
42244,Simon Levy,American,Male,1946.0,,,uncertain,
42265,Alexey Pajitnov,Russian,Male,1955.0,,Q92600,matched,Wikidata
42266,Keita Takahashi,Japanese,Male,1975.0,,Q3114182,matched,Wikidata
42279,Shane McGowan,,Male,,,,not_found,
42282,Mark Perry,,Male,1953.0,,Q3294203,matched,Wikidata
42300,Roland Kayn,,,,,,uncertain,
42301,Milko Kelemen,,,1924.0,2018.0,Q699272,matched,Wikidata
42309,Jimenez Lai,Canadian,Male,1979.0,,Q6199197,matched,Wikidata
42310,Bureau Spectacular,,,2008.0,,,uncertain,
42311,"Doshi Levien, UK",,,2000.0,,,not_found,
42312,Nipa Doshi,Indian,Female,1971.0,,,not_found,
42313,Jonathan Levien,British,Male,1972.0,,Q55219237,matched,Wikidata
42323,Yto Barrada,French,Female,1971.0,,Q453931,matched,Wikidata
42333,Irwin Kremen,American,Male,1925.0,2020.0,Q6075074,matched,Wikidata
42340,Martin Boyce,Scottish,Male,1967.0,,Q4090472,matched,Wikidata
42345,Monteiro Filho,Brazilian,Male,1925.0,,Q77353834,matched,Wikidata
42348,Felix Beltran,Cuban,Male,1938.0,,,not_found,
42349,Paolo Labañino,Cuban,Male,1944.0,,Q77353862,matched,Wikidata
42350,González Ruiz,Argentine,Male,1937.0,,,not_found,
42362,Daniel Grataloup,Swiss,Male,1937.0,2026.0,Q21294682,matched,Wikidata
42363,Markus & Nocka Inc,,,1932.0,,,uncertain,
42364,Frederick Markus,American,Male,,,,not_found,
42365,Paul Nocka,,Male,,,,not_found,
42366,Markus Kayser,German,Male,1983.0,,Q55219086,matched,Wikidata
42407,Richard Lampert GmbH & Co.KG,,,,,,not_found,
42433,Kate Simon,,Female,,,,uncertain,
42439,Gilles Gheerbrant,,Male,1946.0,,Q56599215,matched,Wikidata
42442,DoDo Jin Ming,Chinese,Female,1955.0,,Q60906194,matched,Wikidata
42443,Mark Becker,,Male,,,,uncertain,
42454,Nathalie Djurberg,Swedish,Female,1978.0,,Q275494,matched,Wikidata
42455,Zanele Muholi,South African,Female,1972.0,,Q146776,matched,Wikidata
42457,Dóra Maurer,Hungarian,Female,1937.0,2026.0,Q1167159,matched,Wikidata
42460,Richard Seireeni,,Male,,,,not_found,
42462,M. Hirsch,,,,,Q87994148,matched,Wikidata
42463,Norman Seeff,American,Male,1939.0,,Q3878475,matched,Wikidata
42464,Gardar Eide Einarsson,Norwegian,Male,1976.0,,Q11971561,matched,Wikidata
42465,Rashid Johnson,American,Male,1977.0,,Q7294901,matched,Wikidata
42469,Abby Leigh,American,Female,1948.0,,Q4664475,matched,Wikidata
42476,Fallout Productions,,,,,Q79461077,matched,Wikidata
42477,Top O'Graphic,,,,,,not_found,
42478,Anna Persiani,,Female,,,,not_found,
42479,Thomas Klinkowstein,American,Male,1950.0,,Q23015022,matched,Wikidata
42480,David Arnoff,British,Male,1951.0,,Q55217950,matched,Wikidata
42483,Winston Smith,,Male,1952.0,,Q3569392,matched,Wikidata
42485,Carlos Bunga,Portuguese,Male,1976.0,,Q19998132,matched,Wikidata
42490,Diane Lewis,American,Female,1951.0,2017.0,Q43264230,matched,Wikidata
42491,Richard Barnes,American,Male,1953.0,,,uncertain,
42496,Junshi Nakamichi,,,,,,not_found,
42516,Ido Bruno,Israeli,Male,1963.0,,Q109646108,matched,Wikidata
42517,Arthur Brutter,Israeli,Male,1982.0,,,not_found,
42518,BIG-GAME,,,2004.0,,,uncertain,
42519,Augustin Scott de Martinville,French,Male,1980.0,,Q55218474,matched,Wikidata
42520,Grégoire Jeanmonod,Swiss,Male,1978.0,,,not_found,
42521,Elric Petit,Belgian,Male,1978.0,,,not_found,
42522,"Moustache, Paris",,,,,,not_found,
42566,Michael Manfredi,American,Male,,,,uncertain,
42567,Marion Weiss,American,Female,,,,not_found,
42569,Leigh Ledare,,Male,1976.0,,Q895765,matched,Wikidata
42576,Adrián Villar Rojas,Argentine,Male,1980.0,,Q18396821,matched,Wikidata
42591,Adam Saltsman,American,Male,1982.0,,Q18350147,matched,Wikidata
42593,Jenova (Xinghan) Chen,Chinese,Male,1981.0,,,not_found,
42594,Nick Clark,American,Male,1984.0,,,uncertain,
42596,Toru Iwatani,Japanese,Male,1955.0,,,not_found,
42597,Rand Miller,American,Male,1959.0,,Q716008,matched,Wikidata
42599,Robyn Miller,American,Female,1966.0,,Q1342975,matched,Wikidata
42620,Valentin Carron,Swiss,Male,1977.0,,Q3553569,matched,Wikidata
42625,Chris Welch,British,,,,,uncertain,
42627,Rabih Mroué,Lebanese,Male,1967.0,,Q1942654,matched,Wikidata
42628,Meiro Koizumi,Japanese,Male,1976.0,,Q29551739,matched,Wikidata
42632,Lillian Schwartz,American,Female,1927.0,2024.0,Q15503703,matched,Wikidata
42634,Frances Kuehn,,,1943.0,,Q109271121,matched,Wikidata
42637,Yervant Gianikian,Italian,Male,1942.0,,Q17582678,matched,Wikidata
42638,Angela Ricci Lucchi,Italian,Female,1942.0,2018.0,Q17582684,matched,Wikidata
42639,Daniel Baranowsky,American,Male,1984.0,,,not_found,
42643,Loretta Fahrenholz,German,Female,1981.0,,Q28935103,matched,Wikidata
42698,Jonathan Nossiter,American,Male,1961.0,,Q3183432,matched,Wikidata
42700,Eryk Rocha,Brazilian,Male,1978.0,,Q10274194,matched,Wikidata
42705,Jay Rosenblatt,American,Male,1955.0,,Q27043433,matched,Wikidata
42707,Song Chuan,Chinese,Male,1980.0,,,uncertain,
42708,Ira Sachs,American,Male,1965.0,,Q50182,matched,Wikidata
42712,Maurice Pialat,French,Male,1933.0,2003.0,Q503898,matched,Wikidata
42713,Jacques Rivette,French,Male,1928.0,2016.0,Q167475,matched,Wikidata
42714,Nina Rosenblum,American,Female,1955.0,,,uncertain,
42715,Lisa Cholodenko,American,Female,1964.0,,Q258525,matched,Wikidata
42717,Phil Donahue,American,Male,1935.0,2024.0,Q1336253,matched,Wikidata
42718,Jorge Gaggero,Argentine,Male,1970.0,,Q6278013,matched,Wikidata
42723,Oussama Mohammad,Syrian,Male,1954.0,,,not_found,
42724,Alexander Olch,American,Male,1977.0,,,not_found,
42726,Lynne Ramsay,Scottish,Female,1969.0,,Q3269591,matched,Wikidata
42728,Kazuhiro Soda,Japanese,Male,1970.0,,Q6381467,matched,Wikidata
42729,Peter Weir,Australian,Male,1944.0,,Q55424,matched,Wikidata
42730,Martin Arnold,Austrian,Male,1959.0,,Q2419954,matched,Wikidata
42731,James Benning,American,Male,1942.0,,Q1680032,matched,Wikidata
42732,Leos Carax,French,Male,1960.0,,Q737693,matched,Wikidata
42733,Gustav Deutsch,Austrian,Male,1952.0,2019.0,Q18639014,matched,Wikidata
42734,Matthias Müller,German,Male,1961.0,,Q476923,matched,Wikidata
42735,Peter Tscherkassky,Austrian,Male,1958.0,,Q78964,matched,Wikidata
42736,Apichatpong Weerasethakul,Thai,Male,1970.0,,Q445198,matched,Wikidata
42737,Ruapati,,,,,,not_found,
42738,Pere Catala Pic,Spanish,Male,,,,not_found,
42739,Anika,,,,,,uncertain,
42740,Marcelo Martin,,,,,,not_found,
42741,Chi,,,,,,uncertain,
42742,Misas,,,,,,uncertain,
42743,Thompson,,,,,,uncertain,
42744,Laura Diaz Milán,,,,,,not_found,
42745,Gustavo Gavilondo,,,,,,not_found,
42746,Melo,,,,,,uncertain,
42747,Pablo Monterrey,,,,,,not_found,
42748,Adrian Berazain,,,,,,not_found,
42749,Annee Olofsson,Swedish,Female,1966.0,,,not_found,
42750,Tom Hunter,British,Male,1965.0,,Q7816274,matched,Wikidata
42751,Daniela Rossell,Mexican,Female,1973.0,,Q16751603,matched,Wikidata
42752,Vibeke Tandberg,Norwegian,Female,1967.0,,Q12009644,matched,Wikidata
42753,Hellen Van Meene,Dutch,Female,1972.0,,,not_found,
42754,Alexander Dominguez,,,,,,uncertain,
42755,Anabel Alfonso Suárez,,,,,,not_found,
42756,Marwin Sánchez,,,,,,not_found,
42757,Miguel Hidalgo,,,,,,uncertain,
42758,Gabriela Gutiérrez,,,,,,not_found,
42759,Magdiel Collazo,,,,,,not_found,
42760,Idania del Rio,,,1981.0,,,not_found,
42761,"Maxis, Inc.",,,1987.0,,,not_found,
42816,Filip Dujardin,Belgian,Male,1971.0,,Q1819619,matched,Wikidata
42821,Earl Brown,,,,,,uncertain,
42822,Vladimir Ussachevsky,,,,,,uncertain,
42823,Milton Babbitt,,,,,,uncertain,
42824,Bülent Arel,,,,,,uncertain,
42826,Cristian Mungiu,Romanian,Male,1968.0,,Q314353,matched,Wikidata
42828,Hsiao-Hsien Hou,Taiwanese,Male,1947.0,,,not_found,
42832,Jessica Yu,American,Female,1966.0,,Q6187572,matched,Wikidata
42837,Donald Goddard,,Male,,,,uncertain,
42839,LOT-EK,,,1993.0,,,uncertain,
42840,Ada Tolla,Italian,Female,1964.0,,Q4678301,matched,Wikidata
42841,Giuseppe Lignano,Italian,Male,1963.0,,Q5565440,matched,Wikidata
42844,Alex Holdridge,American,Male,1975.0,,Q4717191,matched,Wikidata
42845,Catherine Breillat,French,Female,1948.0,,Q289054,matched,Wikidata
42846,Christopher Zalla,Kenyan,Male,1974.0,,,uncertain,
42847,Christophe Honoré,French,Male,1970.0,,Q551772,matched,Wikidata
42849,Johnnie To,Chinese,Male,1955.0,,Q470104,matched,Wikidata
42850,Ka-Fai Wai,Chinese,Male,1955.0,,,not_found,
42851,Cristóbal Lehyt,Chilean,Male,1973.0,,Q23068125,matched,Wikidata
42854,Joseph Byrd,American,Male,1937.0,2025.0,Q15501981,matched,Wikidata
42858,Janice Kerbel,Canadian,Female,1969.0,,Q20706878,matched,Wikidata
42860,Claude Lelouch,French,Male,1937.0,,Q295093,matched,Wikidata
42863,William Scott,American,Male,1964.0,1989.0,Q257928,matched,Wikidata
42871,André Halimi,Tunisian,Male,1930.0,2013.0,Q2847924,matched,Wikidata
42880,Michael Harvey,,,1944.0,,Q1927715,matched,Wikidata
42882,Jim Downie,,,,,,uncertain,
42888,George L. Thomson,,,,,,not_found,
42889,Kate Greenaway,,,1846.0,1901.0,Q204936,matched,Wikidata
42897,Jean Douchet,French,Male,1929.0,2019.0,Q918681,matched,Wikidata
42906,Lisa Oppenheim,American,Female,1975.0,,Q16215382,matched,Wikidata
42921,Gordon Bruce,,Male,,,,uncertain,
42922,Allen Hawthorne,American,Male,1935.0,,Q55218892,matched,Wikidata
42923,Sarah Crowner,American,,1974.0,,,not_found,
42966,The Henry Moore Foundation,,,,,,not_found,
42969,Lyle Ashton Harris,American,Male,1964.0,,Q3841000,matched,Wikidata
42972,Lucy Raven,American,Female,1977.0,,,not_found,
42980,Moggridge Associates,,,,,,not_found,
42982,Charles White III,American,Male,,,,not_found,
42987,Anna Ostoya,Polish,Female,1978.0,,Q77287946,matched,Wikidata
43050,Eileen Quinlan,American,Female,1972.0,,Q16214142,matched,Wikidata
43051,Josephine Pryde,British,Female,1967.0,,Q6288431,matched,Wikidata
43052,Brendan Fowler,American,Male,1978.0,,Q16217289,matched,Wikidata
43055,Adam Broomberg,South African,Male,1970.0,,Q19012575,matched,Wikidata
43056,Oliver Chanarin,British,Male,1971.0,,Q19012578,matched,Wikidata
43061,Robi Müller,Swiss,Male,1942.0,,,not_found,
43062,Lourdes Portillo,Mexican,Female,1944.0,,,uncertain,
43063,Nina Serrano,American,Female,1934.0,,Q7038104,matched,Wikidata
43065,"A.D. Meraz industries Ltd., Sderot, Israel",Israeli,,,,,not_found,
43068,Susana Blaustein Muñoz,Argentine,Female,,,,uncertain,
43077,Aaron Kuriloff,,,1929.0,,Q134413656,matched,Wikidata
43080,Paolo Lionni,,,,,,not_found,
43086,Richard Press,American,Male,1965.0,,Q87721525,matched,Wikidata
43087,Katô Tarô,Japanese,,,,,not_found,
43088,Suihara Masami,Japanese,,,,,not_found,
43089,Lucien Castaing-Taylor,British,Male,1966.0,,Q6697043,matched,Wikidata
43107,Gustav Metzger,,,1926.0,2017.0,Q214312,matched,Wikidata
43113,Brian Beker,American,Male,1958.0,,Q21287752,matched,Wikidata
43114,Stephen Daldry,British,Male,1961.0,,Q313506,matched,Wikidata
43134,Franz Josef van der Grinten,German,Male,1933.0,,Q134413659,matched,Wikidata
43143,UNITED BROTHERS,,,,,,not_found,
43146,Clifford Owens,American,Male,1971.0,,Q17183980,matched,Wikidata
43150,Geta Brătescu,Romanian,Female,1926.0,2018.0,Q18538318,matched,Wikidata
43151,Yael Mer,Israeli,Female,1976.0,,Q135908285,matched,Wikidata
43193,Christof  Kohlhöfer,,,,,,not_found,
43194,Gillow & Co.,,,,,,not_found,
43278,Adam Broomberg and Oliver Chanarin Studio,,,,,,not_found,
43288,Vagelis Tsakiridis,,,1936.0,,Q21033184,matched,Wikidata
43289,Walter Marchetti,,,,,,uncertain,
43301,Jon Hassell,,,1937.0,2021.0,Q782528,matched,Wikidata
43302,Frank Trowbridge,American,,1941.0,,,not_found,
43304,Larry Baldwin,,,,,,not_found,
43331,Spilling,German,,,,,uncertain,
43334,Jean Dupuy,,,1925.0,2021.0,Q3171880,matched,Wikidata
43339,Paulo Monteiro,Brazilian,Male,1961.0,,Q16773503,matched,Wikidata
43343,Ryan Trecartin,American,Male,1981.0,,Q7384595,matched,Wikidata
43357,Paulo Bruscky,Brazilian,Male,1949.0,,Q30937095,matched,Wikidata
43428,Katherine Ball,,Female,,,,not_found,
43429,Rich Black,,,1974.0,,Q55218058,error,Wikidata
43430,Anthony Nomorosa,,Male,1988.0,,,not_found,
43431,Brad Kayal,,Male,1978.0,,,not_found,
43432,Roger Peet,,,,,,uncertain,
43433,Art Hazelwood,,Male,1961.0,,Q55218898,matched,Wikidata
43434,Jeanne Verdoux,French,Female,1966.0,,Q55219960,matched,Wikidata
43435,Colin Smith,,,1982.0,,,uncertain,
43436,Lindsay Starbuck,,,,,,uncertain,
43437,Ronnie Goodman,,,1960.0,2020.0,Q77325155,matched,Wikidata
43438,Manya Kuzemchenko,,Female,1984.0,,Q55219179,matched,Wikidata
43439,Mark Miller,,Male,,,,uncertain,
43440,John Langdon,,Male,1946.0,2026.0,Q1779452,matched,Wikidata
43441,Molly Crabapple,American,Female,1983.0,,Q6896548,matched,Wikidata
43442,Keith Lowe,,Male,,,,uncertain,
43443,Marx Aviano,,,,,,uncertain,
43444,Sebastian Marchal,,,,,,uncertain,
43457,Fernando Vilela,Brazilian,Male,1973.0,,Q15440212,matched,Wikidata
43459,Fernando Ortega,Mexican,Male,1971.0,,Q63203859,matched,Wikidata
43465,Sohei Hashimoto,,,,,,uncertain,
43480,Thomas Lanigan-Schmidt,American,Male,1948.0,,Q7791711,matched,Wikidata
43498,Alexandra Clotfelter,,,1989.0,,Q134413661,matched,Wikidata
43499,David Loewenstein,American,Male,,,,uncertain,
43501,Liu Xiaodong,Chinese,Male,1963.0,,Q3256857,matched,Wikidata
43509,Renan,Spanish,,,,,error,
43510,JoAnn Carney,,Female,,,Q79461358,matched,Wikidata
43511,Tom Shortlidge,American,Male,1943.0,,,not_found,
43512,Wila,Spanish,,,,,uncertain,
43516,Luc Sante,American,Male,1954.0,,,uncertain,
43520,Jayson Musson,American,Male,1977.0,,Q6167994,matched,Wikidata
43521,Ben Katchor,American,Male,1951.0,,Q464432,matched,Wikidata
43525,"Vibram S.p.A., Albizzate, Italy",,,1937.0,,,not_found,
43526,NIKE,,,,,,uncertain,
43527,Amanda Guest,British,Female,1964.0,,Q55218846,matched,Wikidata
43529,Christian Petzold,German,Male,1960.0,,Q67268,matched,Wikidata
43530,Maren Ade,German,Female,1976.0,,Q91508,matched,Wikidata
43531,Nuri Bilge Ceylan,Turkish,Male,1959.0,,Q724172,matched,Wikidata
43533,Hong Sang-soo,Korean,Male,1961.0,,,uncertain,
43534,Miguel Gomes,Portuguese,Male,1972.0,,Q1890376,matched,Wikidata
43535,Pedro Costa,Portuguese,Male,1959.0,,Q1354061,matched,Wikidata
43536,José Luis Guerín,Spanish,Male,1960.0,,,not_found,
43537,Matías Piñeiro,Argentine,Male,1982.0,,Q17350849,matched,Wikidata
43539,João Pedro Rodrigues,Portuguese,Male,1966.0,,Q782982,matched,Wikidata
43542,Matias Meyer,French,Male,1979.0,,,not_found,
43543,Kleber Mendonça Filho,Brazilian,Male,1968.0,,Q14940022,matched,Wikidata
43544,Christopher Kenneally,American,Male,1975.0,,,uncertain,
43545,Sebastián Silva,Chilean,Male,1979.0,,Q3818280,matched,Wikidata
43546,Nicolás Pereda,Mexican,Male,1977.0,,,uncertain,
43547,Bijan Zamanpira,Iraqi,Male,1965.0,,,not_found,
43548,Nahid Ghobadi,Iranian,Female,1964.0,,,not_found,
43549,Mohamed Diab,Saudi Arabian,Male,1977.0,,,uncertain,
43550,Sebastián del Amo,French,Male,1971.0,,,not_found,
43551,Mani Haghighi,Iranian,Male,1969.0,,Q340036,matched,Wikidata
43552,Srdan Dragojevic,Serbian,Male,1963.0,,,not_found,
43554,Eduardo Nunes,Brazilian,Male,1969.0,,,uncertain,
43556,Darezhan Omirbayev,Kazakhstani,Male,1958.0,,,not_found,
43561,Bujar Alimani,Albanian,Male,1969.0,,Q12881335,matched,Wikidata
43563,Gustavo Pizzi,Brazilian,Male,1977.0,,Q112552640,matched,Wikidata
43566,Kivu Ruhorahoza,Rwandan,Male,1982.0,,Q3815730,matched,Wikidata
43567,Morteza Farshbaf,Iranian,Male,1986.0,,,uncertain,
43569,Paula Markovitch,Argentine,Female,1968.0,,Q2063572,matched,Wikidata
43574,Oday Rasheed,Iraqi,Male,1973.0,,Q7077287,matched,Wikidata
43575,Tolga Karaçelik,Turkish,Male,1981.0,,Q30145359,matched,Wikidata
43579,Li Shaohong,Chinese,Female,1955.0,,Q3369445,matched,Wikidata
43580,Ahmed Imamovic,Bosnian,Male,1971.0,,,not_found,
43581,Lu Zhang,Chinese,Male,1962.0,,,uncertain,
43582,Diego Lerman,Argentine,Male,1976.0,,Q2086388,matched,Wikidata
43584,Sidharth Srinivasan,Indian,Male,1975.0,,,uncertain,
43585,Levan Koguashvili,Georgian,Male,1973.0,,Q4226096,matched,Wikidata
43586,Sérgio Bianchi,Brazilian,Male,1945.0,,Q16941006,matched,Wikidata
43588,Federico Veiroj,Uruguayan,Male,1976.0,,Q19960535,matched,Wikidata
43589,Garin Nugroho,Indonesian,Male,1961.0,,Q2669336,matched,Wikidata
43590,Chuyên Bùi Thac,Vietnamese,Male,1968.0,,,not_found,
43592,Alejandro Gerber Bicecci,Mexican,Male,1977.0,,Q84838365,matched,Wikidata
43593,Josué Méndez,Peruvian,Male,1976.0,,Q6291199,matched,Wikidata
43594,Enrique Buchichio,Uruguayan,Male,1973.0,,Q208880,matched,Wikidata
43595,Lyès Salem,Algerian,Male,1973.0,,,not_found,
43596,Granaz Moussavi,Iranian,Female,1974.0,,Q5594166,matched,Wikidata
43597,Rajesh Shera,Indian,Male,1972.0,,,not_found,
43598,Vladimir Perisic,Serbian,Male,1976.0,,,not_found,
43599,Chi Zhang,Chinese,Male,1977.0,,,uncertain,
43600,Oliver Hermanus,South African,Male,1983.0,,Q13035667,matched,Wikidata
43601,Fanta Régina Nacro,Burkinabe,Female,1962.0,,Q433636,matched,Wikidata
43602,Yang Zhang,Chinese,Male,1967.0,,,uncertain,
43603,Teona Strugar Mitevska,Macedonian,Female,1974.0,,Q9357004,matched,Wikidata
43605,Víctor Arregui,Ecuadorian,Male,1962.0,,Q77350422,matched,Wikidata
43606,Nan Achnas,Singaporean,Female,1963.0,,Q12499995,matched,Wikidata
43607,Teresa Prata,Portuguese,Female,,,,uncertain,
43608,Marat Sarulu,Kyrgyzstani,Male,1957.0,2023.0,Q3287464,matched,Wikidata
43609,Naghi Nemati,Iranian,Male,1977.0,,,not_found,
43610,Faouzi Bensaïdi,Moroccan,Male,1967.0,,Q3739450,matched,Wikidata
43612,Renato Falcão,Brazilian,Male,1963.0,,,not_found,
43613,Antonio Nuic,,Male,1977.0,,,not_found,
43615,Jeffrey Jeturian,Filipino,Male,1959.0,,Q19664540,matched,Wikidata
43617,Rodrigo Moreno,Argentine,Male,1972.0,,Q456383,matched,Wikidata
43618,Ali Rafie,Iranian,Male,1938.0,,,uncertain,
43622,Chao Wang,Chinese,Male,1964.0,,,uncertain,
43624,João Luis Sol de Carvalho,Mozambican,Male,1953.0,,,not_found,
43626,Djamila Sahraoui,Algerian,Female,1950.0,,Q1232012,matched,Wikidata
43627,Yu Li,Chinese,Female,1973.0,,,uncertain,
43628,Dalibor Matanic,Croatian,Male,1975.0,,,not_found,
43630,Hiner Saleem,Iraqi,Male,1954.0,,,not_found,
43631,Hugo Grosso,Argentine,Male,1955.0,,,not_found,
43632,Sebastián Campos,Chilean,Male,1974.0,,,not_found,
43633,Arsen Anton Ostojic,Croatian,Male,1965.0,,,not_found,
43634,Lúcia Murat,Brazilian,Female,1948.0,,,not_found,
43635,Kambozia Partovi,Iranian,Male,1955.0,,,not_found,
43636,Marcelo Gomes,Brazilian,Male,1963.0,,Q6756559,matched,Wikidata
43637,Danielle Arbid,Lebanese,Female,1970.0,,Q3014956,matched,Wikidata
43638,Tawfik Abu Wael,Palestinian,Male,1976.0,,Q2397623,matched,Wikidata
43639,Minh Nguyen-Vo,Vietnamese,Male,1956.0,,Q6864881,matched,Wikidata
43640,Mehdi Charef,Algerian,Male,1952.0,2026.0,Q1372360,matched,Wikidata
43641,Pjer Žalica,Bosnian,Male,1964.0,,Q3443607,matched,Wikidata
43642,Maria João Ganga,Angolan,Female,1964.0,,Q27062979,matched,Wikidata
43643,Assane Kouyaté,Malian,Male,1954.0,2021.0,Q2866946,matched,Wikidata
43644,Mariano Galperin,Argentine,Male,1962.0,,Q114899326,matched,Wikidata
43645,Alejandro Chomski,Argentine,Male,1968.0,2022.0,Q2832432,matched,Wikidata
43646,Yinan Diao,Chinese,Male,1969.0,,,not_found,
43647,Reha Erdem,Turkish,Male,1960.0,,Q2598575,matched,Wikidata
43649,Pablo Stoll,Uruguayan,Male,1974.0,,Q3302146,matched,Wikidata
43650,Jilani Saadi,Tunisian,Male,1962.0,,Q3178686,matched,Wikidata
43651,Cláudio Assis,Brazilian,Male,1959.0,,Q16337036,matched,Wikidata
43652,Juan Carlos Cremata Malberti,Cuban,Male,1961.0,,Q3187607,matched,Wikidata
43653,Adoor Gopalakrishnan,Indian,Male,1941.0,,Q366242,matched,Wikidata
43654,Rashid Masharawi,Palestinian,Male,1962.0,,Q3419825,matched,Wikidata
43655,Manijeh Hekmat,Iranian,Female,1962.0,,Q3285951,matched,Wikidata
43656,Joel Lamangan,Filipino,Male,1952.0,,Q6213668,matched,Wikidata
43667,Cristobal Palma,British,Male,1974.0,,,not_found,
43688,"Markus ""Notch"" Persson",Swedish,Male,1979.0,,,error,
43690,Allan Alcorn,American,Male,1948.0,,Q537592,matched,Wikidata
43691,Lyle Rains,British,Male,,,,uncertain,
43692,"George ""Ed"" Logg",American,Male,1948.0,,,error,
43693,Dave Theurer,American,Male,2000.0,,Q1173359,matched,Wikidata
43694,Howard Scott Warshaw,American,Male,1957.0,,Q377167,matched,Wikidata
43700,Tomohiro Nishikado,Japanese,Male,1944.0,,Q983176,matched,Wikidata
43702,Nicolás Paris,Colombian,Male,1977.0,,Q25916684,matched,Wikidata
43705,Alain Huck,,Male,1957.0,,Q2829912,matched,Wikidata
43706,Tobias Madison,Swiss,Male,1985.0,,Q7811649,matched,Wikidata
43709,Lizzie Fitch,American,Female,1981.0,,Q16221290,matched,Wikidata
43747,Ed Atkins,British,Male,1982.0,,Q19938358,matched,Wikidata
43751,Urbanski,,,,,,uncertain,
43752,Hito Steyerl,,,1966.0,,Q98366,matched,Wikidata
43767,Ensamble Studio/MIT-POPlab,,,2000.0,,,not_found,
43769,Antón Garcia-Abril,Spanish,Male,1969.0,,,not_found,
43770,Javier Cuesta Rodríguez-Torices,Spanish,Male,1973.0,,,not_found,
43771,Débora Mesa,Spanish,Female,1981.0,,,not_found,
43822,Agustín Hernández Navarro,Mexican,Male,1924.0,2022.0,Q399285,matched,Wikidata
43906,M. Dabrokovski,,,,,,not_found,
43907,V. Liushin,,,,,,uncertain,
44043,Friedrich Wolfram Heubach,,,,,,uncertain,
44063,"Miguel Galas S.A., Mexico City",,,,,,not_found,
44064,David Palladini,American,Male,1946.0,,,not_found,
44065,Michael C. Gross,American,Male,1945.0,2015.0,Q6829024,matched,Wikidata
44066,Leonard Soned,,Male,,,,not_found,
44067,Bob Pellegrini,American,,1938.0,,,uncertain,
44068,Michael Putnam,American,Male,1937.0,,,not_found,
44069,Francisco Uribe,,Male,,,,uncertain,
44115,Scott Snibbe,American,Male,1969.0,,Q7437280,matched,Wikidata
44160,Flora Manteola,Argentine,Female,1936.0,,Q21144578,matched,Wikidata
44161,Javier Sánchez Gómez,Argentine,Male,1936.0,,Q55218811,matched,Wikidata
44162,Josefa Santos,Argentine,Female,1931.0,2024.0,Q21558749,matched,Wikidata
44163,Justo Solsona,Argentine,Male,1931.0,,Q5957005,matched,Wikidata
44169,LIZZIE FITCH/RYAN TRECARTIN,,,,,,not_found,
44207,Georg Gerster,Swiss,Male,1928.0,2019.0,Q125069,matched,Wikidata
44208,Hans Frei,Swiss,Male,1868.0,1947.0,Q20605269,matched,Wikidata
44246,David Behrman,,,,,,uncertain,
44247,Claus Bremer,German,Male,1924.0,1996.0,Q18221475,matched,Wikidata
44248,David Degener,,,,,,uncertain,
44249,Dennis Johnson,American,,,,,uncertain,
44250,Ding Dong,,,,,,uncertain,
44252,Christian Wolff,American,,1934.0,,,uncertain,
44273,Michelangelo Frammartino,Italian,Male,1968.0,,Q3856438,matched,Wikidata
44274,A.L. Steiner,American,Female,1967.0,,Q16197272,matched,Wikidata
44276,Nancy Andrews,American,Female,1961.0,,,uncertain,
44277,Michael Sporn,American,Male,1946.0,2014.0,Q3308531,matched,Wikidata
44283,ATBAT,,,,,,uncertain,
44325,Scandar Copti,Israeli,Male,1975.0,,Q1658241,matched,Wikidata
44326,Yaron Shani,Israeli,Male,1973.0,,Q1691458,matched,Wikidata
44327,Joseph Cedar,American,Male,1968.0,,Q609873,matched,Wikidata
44329,Li Yang,Chinese,Male,1959.0,,,uncertain,
44351,Christopher Guest,American,Male,1948.0,,Q336074,matched,Wikidata
44352,Judd Apatow,American,Male,1967.0,,Q325396,matched,Wikidata
44366,Adam McKay,American,Male,1968.0,,Q350405,matched,Wikidata
44368,Su Friedrich,American,Female,1954.0,,Q4492765,matched,Wikidata
44370,Mario Rizzi,Italian,Male,1962.0,,Q107386338,matched,Wikidata
44371,Werner Herzog,German,Male,1942.0,,Q44131,matched,Wikidata
44372,Anne Fontaine,Luxembourgish,Female,1959.0,,Q291205,matched,Wikidata
44373,Jim Finn,American,Male,1968.0,,Q6194978,matched,Wikidata
44374,Ilisa Barbash,American,Female,1959.0,,Q93221457,matched,Wikidata
44375,Lance Bangs,American,Male,1972.0,,Q6483320,matched,Wikidata
44377,John Lee Hancock,American,Male,1956.0,,Q1361200,matched,Wikidata
44378,Katie Flesicher,American,Female,,,,not_found,
44379,Eric Mendelsohn,American,Male,1964.0,,Q3056341,matched,Wikidata
44381,Greg Mottola,American,Male,1964.0,,Q1356738,matched,Wikidata
44382,Jake Kasdan,American,Male,1974.0,,Q1678831,matched,Wikidata
44383,David Gordon Green,American,Male,1975.0,,Q2296698,matched,Wikidata
44384,Harold Ramis,American,Male,1944.0,2014.0,Q286890,matched,Wikidata
44385,Jeff Tremaine,American,Male,1966.0,,Q2394603,matched,Wikidata
44437,Helen Marten,British,Female,1985.0,,Q23664322,matched,Wikidata
44445,"E. K. Cole Ltd, est. 1924",,,,,,not_found,
44450,Errol Morris,American,Male,1948.0,,Q977546,matched,Wikidata
44464,Colectivo Cordyceps,,,,,,uncertain,
44471,Joe Thompson,,,,,,uncertain,
44472,John Emerson,,,1973.0,,,uncertain,
44473,Chelsea Peil,,,,,,not_found,
44474,Gabby Miller,,,1985.0,,,not_found,
44475,Miriam Klein Stahl,,,1971.0,,Q127269344,matched,Wikidata
44476,Occupy Design,,,,,,uncertain,
44477,Lopi,,,,,,uncertain,
44478,Cactus,,,,,,uncertain,
44479,Fahmi Reza,,,,,,uncertain,
44480,Santana,,,,,,uncertain,
44483,Alex Rivera,American,Male,1973.0,,Q4717691,matched,Wikidata
44484,Jeanne Liotta,American,Female,1960.0,,Q16731539,matched,Wikidata
44485,Claire Denis,French,Female,1948.0,,,uncertain,
44495,Bloomfield/Travis,,,,,,uncertain,
44496,Vivienne Westwood,British,Female,1941.0,2022.0,Q158067,matched,Wikidata
44508,Delia Smith,British,Female,1941.0,,Q1808967,matched,Wikidata
44517,ARO (Architecture Research Office),,,1993.0,,,not_found,
44518,Adam Yarinsky,American,Male,1962.0,,,not_found,
44519,Kim Yao,American,Female,1971.0,,,not_found,
44525,Sara Hendren,American,Female,1973.0,,,not_found,
44526,Brian Glenney,American,Male,1974.0,,Q52714515,matched,Wikidata
44527,Accessible Icon Project,American,,,,,not_found,
44528,Kengo Kuma,Japanese,Male,1954.0,,Q725462,matched,Wikidata
44538,Deborah Stratman,American,Female,1960.0,,Q19868218,matched,Wikidata
44540,Roddy Bogawa,American,Male,1962.0,,Q38249084,matched,Wikidata
44542,Tim Ferguson Sauder,American,Male,1972.0,,,not_found,
44545,Kais Al-Zubaidi,Iraqi,Male,1945.0,,,not_found,
44547,Thom Andersen,American,Male,1943.0,,Q7786709,matched,Wikidata
44557,Jean-Jacques Annaud,French,Male,1943.0,,Q154490,matched,Wikidata
44558,Michael Moore,American,Male,1954.0,,Q174908,matched,Wikidata
44560,Brian Helgeland,American,Male,1961.0,,Q912327,matched,Wikidata
44561,Steven Shainberg,American,Male,1963.0,,Q721662,matched,Wikidata
44566,Benjamin Heisenberg,German,Male,1974.0,,Q90929,matched,Wikidata
44570,Athena Rachel Tsangari,Greek,Female,1966.0,,,not_found,
44572,Michael Paxton,American,Male,1957.0,,Q6833424,matched,Wikidata
44573,Pablo Trapero,Argentine,Male,1971.0,,Q2562608,matched,Wikidata
44574,Doris Dorrie,German,Female,1955.0,,,not_found,
44575,Ferzan Özpetek,Turkish,Male,1959.0,,Q55460,matched,Wikidata
44576,Gaspar Noé,Argentine,Male,1963.0,,Q347950,matched,Wikidata
44577,Aki Kaurismäki,Finnish,Male,1957.0,,Q276186,matched,Wikidata
44578,David France,American,Male,1948.0,,,uncertain,
44580,Jean-Pierre Dardenne,Belgian,Male,1951.0,,Q13455488,matched,Wikidata
44581,Luc Dardenne,Belgian,Male,1954.0,,Q3361624,matched,Wikidata
44582,Göran Olsson,Swedish,Male,1965.0,,Q6026952,matched,Wikidata
44584,Lynn Shelton,American,Female,1965.0,2020.0,Q420041,matched,Wikidata
44585,Abel Ferrara,American,Male,1951.0,,Q262608,matched,Wikidata
44586,Nanni Moretti,Italian,Male,1953.0,,Q25100,matched,Wikidata
44587,Wim Wenders,German,Male,1945.0,,Q55411,matched,Wikidata
44588,Michael Winterbottom,British,Male,1961.0,,Q380237,matched,Wikidata
44589,Olivier Assayas,French,Male,1955.0,,Q550717,matched,Wikidata
44590,Bertrand Tavernier,French,Male,1941.0,2021.0,Q337226,matched,Wikidata
44591,Xavier Dolan,Canadian,Male,1989.0,,Q551861,matched,Wikidata
44592,Lena Dunham,American,Female,1986.0,,Q288359,matched,Wikidata
44593,Ricki Stern,American,,,,,uncertain,
44594,Anne Sundberg,American,Female,,,,uncertain,
44595,Don Argott,American,Male,1972.0,,Q5292164,matched,Wikidata
44596,Bruno Dumont,French,Male,1958.0,,Q1291452,matched,Wikidata
44598,Jens Eilstrup Rasmussen,Danish,Male,1966.0,,Q16728781,matched,Wikidata
44604,Yoshiki Okamoto,Japanese,Male,1961.0,,Q1537372,matched,Wikidata
44605,Akira Yasuda,Japanese,Male,1964.0,,Q2829079,matched,Wikidata
44606,"Capcom, Osaka",Japanese,,1983.0,,,not_found,
44636,Cinthia Marcelle,Brazilian,,1974.0,,Q51882254,matched,Wikidata
44638,Ryan Sullivan,American,Male,1983.0,,Q17403246,matched,Wikidata
44646,Jiří Hilmar,Czech,Male,1937.0,,,not_found,
44653,Halil Altindere,Turkish,Male,1971.0,,,not_found,
44655,Jonathas de Andrade,Brazilian,Male,1982.0,,Q29636039,matched,Wikidata
44659,dlandstudio,,,2005.0,,,not_found,
44660,Emily Roysdon,American,,,,,not_found,
44668,Unknown Designer - East German,,,,,,not_found,
44700,Jeff Elrod,American,Male,1966.0,,Q21290811,matched,Wikidata
44702,Jeremy Shaw,,,1977.0,,Q28870539,matched,Wikidata
44705,Danny Boyle,British,Male,1956.0,,Q134867,matched,Wikidata
44707,Alex Cox,British,Male,1954.0,,Q778865,matched,Wikidata
44716,Paul Morrisey,American,Male,1938.0,,,not_found,
44733,Jed Curtis,American,,1942.0,,,uncertain,
44736,Hermano Martin Corréa,Chilean,Male,,,,not_found,
44737,Hermano Gabriel Guarda,Chilean,Male,,,,not_found,
44749,Francisco Méndez Labbé,Chilean,Male,1922.0,,,not_found,
44754,Istvan Anhalt,,,,,,not_found,
44755,Reginald Daniel,,,,,,not_found,
44764,Simone Morris,,,,,,uncertain,
44766,A. Michael Noll,American,Male,1939.0,,Q4648184,matched,Wikidata
44767,Mario Gandelsonas,American,Male,1938.0,,Q20986594,matched,Wikidata
44768,Diana Agrest,American,Female,1945.0,,Q3026131,matched,Wikidata
44769,R.C. Lummis,,,,,,not_found,
44771,M. M. Sondhi,,,,,,not_found,
44774,Edi Hirose,Peruvian,Male,1975.0,,Q11917992,matched,Wikidata
44807,MSGSSV (Manteola Sánchez Gómez Santos Solsona Viñoly),Argentine,,,,,not_found,
44874,Thomas Sprechmann,Uruguayan,Male,1940.0,,Q124863964,matched,Wikidata
44875,Héctor Vigliecca,Uruguayan,Male,1940.0,,Q1642872,matched,Wikidata
44876,Arturo Villaamil,Uruguayan,Male,1947.0,,,not_found,
44883,Camille Henrot,French,Female,1978.0,,Q16535274,matched,Wikidata
44884,Sung Hwan Kim,,,1975.0,,Q7640082,matched,Wikidata
44886,Tuur Van Balen,Belgian,Male,1981.0,,Q55236497,matched,Wikidata
44898,John Van Saun,,,,,,not_found,
44912,Lee Jaffe,American,Male,1950.0,,Q1811847,matched,Wikidata
44921,George Trakas,Canadian,Male,1944.0,,Q2251646,matched,Wikidata
44922,Jimmy Alcock,Venezuelan,Male,1932.0,,Q77352897,matched,Wikidata
44936,Antonio Puente,Venezuelan,Male,,,,uncertain,
44939,Bryce Cooper Graña Nicolini Arquitectos,Peruvian,,1966.0,,,not_found,
44955,Pezo von Ellrichshausen,,,2002.0,,,not_found,
44956,Frederick Cooper Llosa,Peruvian,Male,1939.0,,Q77352884,matched,Wikidata
44959,Miguel Cruchaga Belaúnde,Peruvian,Male,1940.0,,Q6014183,matched,Wikidata
44960,Emilio Soyer,Peruvian,Male,,,,uncertain,
45012,Alvin Lucier,,,1931.0,2021.0,Q449171,matched,Wikidata
45045,Luther Price,,,,,,uncertain,
45061,Susannah C. Drake,American,Female,,,,not_found,
45069,Christina Kubisch,,,1948.0,,Q1083203,matched,Wikidata
45070,Lisa Baumgardner,,,,,,not_found,
45093,"School of Architecture, Catholic University of Valparaiso",,,1952.0,,,not_found,
45094,Susan Meiselas,American,Female,1948.0,,Q274604,matched,Wikidata
45099,Pietro Roccasalva,,,1970.0,,Q27970392,matched,Wikidata
45123,Emanuel Rossetti,,Male,1987.0,,Q55235793,matched,Wikidata
45124,John Hilliard,British,Male,1945.0,,Q6239304,matched,Wikidata
45152,Jiri Kovanda,Czech,Male,1953.0,,,not_found,
45185,Juan Baixas,Chilean,Male,1942.0,,,not_found,
45221,Xian Yeagan,,,,,,not_found,
45229,Jacki Apple,,,1941.0,2022.0,Q19864805,matched,Wikidata
45238,Lawrence Abu Hamdan,,Male,1985.0,,Q28124166,matched,Wikidata
45268,Albrecht D.,,,,,,not_found,
45282,Felipe Ehrenberg,Mexican,Male,1943.0,2017.0,Q10280980,matched,Wikidata
45346,John R. Carroll,,,1892.0,1958.0,Q77353726,matched,Wikidata
45375,Volker Hüller,German,Male,1976.0,,Q55218992,matched,Wikidata
45381,Nick Knight,British,Male,1958.0,,Q3339764,matched,Wikidata
45391,Michael Williams,American,Male,1978.0,,,uncertain,
45401,Michaela Eichwald,German,Female,1967.0,,Q28791122,matched,Wikidata
45409,Richard Aldrich,American,Male,1975.0,,Q7323664,matched,Wikidata
45442,Ann Demeulemeester,,,1959.0,,Q466241,matched,Wikidata
45444,Charlie Foos,,,,,,not_found,
45450,Shannon Plumb,American,Female,1970.0,,Q55219627,matched,Wikidata
45461,Jakub Szczęsny,Polish,Male,1973.0,,Q77352895,matched,Wikidata
45464,John McGreer,American,Male,,,,not_found,
45465,H. H. French Studios,American,,,,,uncertain,
45467,Powell & Co.,American,,,,Q79459676,matched,Wikidata
45478,Sean Meredith,American,Male,1975.0,,Q27979435,matched,Wikidata
45515,Klára Tamás,American,Female,1946.0,2021.0,Q12350701,matched,Wikidata
45518,SO – IL (Florian Idenburg + Jing Liu),American,,2008.0,,,not_found,
45519,Florian Idenburg,Dutch,Male,1975.0,,Q5461011,matched,Wikidata
45520,Jing Liu,Chinese,Female,1980.0,,,uncertain,
45521,M/M Paris,,,1992.0,,,uncertain,
45528,Marc Downie,British,Male,1977.0,,Q55218542,matched,Wikidata
45529,Shelley Eshkar,American,Male,1970.0,,,not_found,
45530,Paul Kaiser,German,Male,1956.0,,Q2060527,matched,Wikidata
45531,OpenEnded Group,,,,,,not_found,
45535,Charles de Meaux,French,Male,1967.0,,Q2960635,matched,Wikidata
45542,Leonardo Finotti,Brazilian,Male,1977.0,,,not_found,
45581,Abe Frajndlich,German,male,1946.0,,,not_found,
45587,"K. Thomsen, Copenhagen",,,,,,not_found,
45588,"Artěl, Prague",,,,,,not_found,
45591,Mauricio Pezo,Chilean,Male,1973.0,,,not_found,
45592,Sofía von Ellrichshausen,Argentine,Female,1976.0,,Q112915956,matched,Wikidata
45626,Lutz Bacher,American,Female,1952.0,2019.0,Q6706020,matched,Wikidata
45672,U-J3RK5,,,,,,uncertain,
45673,Kitty Byrne,,,,,,uncertain,
45674,Colin Griffiths,,,,,,uncertain,
45675,Danice McLeod,,,,,,uncertain,
45676,Frank Ramirez,,,,,,not_found,
45677,David Wisdom,,,1901.0,,Q5241237,matched,Wikidata
45682,Derek Cianfrance,American,Male,1973.0,,,uncertain,
45684,Same Mendes,British,Male,1965.0,,Q55219386,matched,Wikidata
45686,Rodney Graham Band,,,,,,uncertain,
45747,Eva Kotátková,Czech,Female,1982.0,,,not_found,
45757,Sara Facio,Argentine,Female,1932.0,2024.0,Q3612399,matched,Wikidata
45775,Wes Anderson,American,Male,1969.0,,Q223687,matched,Wikidata
45776,Park Chan-wook,Korean,Male,1963.0,,Q315484,matched,Wikidata
45781,Derek Barnett,,,,,,uncertain,
45790,Reginald Daniels,,Male,,,,uncertain,
45792,John McDowell,,Male,,,,uncertain,
45801,Ed Clark,American,Male,1926.0,2000.0,Q5334655,matched,Wikidata
45810,Matías Duville,Argentine,Male,1974.0,,Q55218557,matched,Wikidata
45880,Ido Mizrahy,American,Male,1981.0,,Q55219411,matched,Wikidata
45885,Joon-ho Bong,Korean,Male,1969.0,,,not_found,
45886,Kim Jee-Woon,Korean,Male,1964.0,,,not_found,
45929,Hendrik Nicolaas Werkman,Dutch,,1882.0,1945.0,Q559440,matched,Wikidata
45931,O Meul,Korean,Male,1971.0,,,not_found,
45932,Jo Sung-hee,Korean,Male,1979.0,,Q6204424,matched,Wikidata
45951,Rosângela Rennó,Brazilian,Female,1962.0,,Q10364684,matched,Wikidata
45954,Tom Wedell,American,Male,1949.0,,,not_found,
45960,"Department of Publications and Urban Design, Organizing Committee of the XIX Olympiad",,,,,,not_found,
45961,Ken Okiishi,,,1978.0,,Q27970346,matched,Wikidata
45968,Beatrice Trueblood,British,Female,1938.0,,Q117776138,matched,Wikidata
45969,Huberto Batis,Mexican,Male,,,,uncertain,
45970,Miguel Cervantes,Mexican,Male,,,,uncertain,
45971,Ricardo Verdoni,Mexican,Male,,,,not_found,
45973,The Living,,,,,Q79462378,matched,Wikidata
45982,José Carlos Martinat,Peruvian,Male,1974.0,,Q77348406,matched,Wikidata
45998,Relative Wave,,,2009.0,,,not_found,
45999,Kodama Studios,,,2011.0,,,not_found,
46000,"Touch Press, London",,,2010.0,,,not_found,
46026,Pavel Lungin,Russian,Male,1949.0,,Q930903,matched,Wikidata
46028,Lodge Kerrigan,American,Male,1964.0,,Q3257792,matched,Wikidata
46029,Michael Haneke,Austrian,Male,1942.0,,Q84199,matched,Wikidata
46030,Romain Goupil,French,Male,1951.0,,Q653724,matched,Wikidata
46031,Marin Karmitz,French,Male,1938.0,,Q1383621,matched,Wikidata
46033,Simon Denny,New Zealander,Male,1982.0,,Q15847617,matched,Wikidata
46057,Lana Gogoberidze,Georgian,Female,1928.0,,,not_found,
46060,Paul Thomas Anderson,American,Male,1970.0,,Q25132,matched,Wikidata
46065,Denis Villeneuve,Canadian,Male,1967.0,,Q548823,matched,Wikidata
46069,Lisa Crafts,American,Female,1953.0,,Q6557895,matched,Wikidata
46089,Judith Steedman,,,,,,not_found,
46095,Mathias Augustyniak,French,Male,1967.0,,Q25354371,matched,Wikidata
46096,Michael Amzalag,French,Male,1968.0,,Q21287794,matched,Wikidata
46097,Sarah Stocker,American,Female,1965.0,,,uncertain,
46098,Mark Danks,American,Male,1972.0,,,uncertain,
46115,Marco Bellocchio,Italian,Male,1939.0,,Q53010,matched,Wikidata
46116,Todd Solondz,American,Male,1959.0,,Q504656,matched,Wikidata
46117,Jim Mickle,American,Male,1979.0,,Q6196942,matched,Wikidata
46118,Pierre Thoretton,French,Male,1967.0,,Q55219875,matched,Wikidata
46142,Sjón (Sigurjón Birgir Sigurðsson),Icelandic,Male,1962.0,,,not_found,
46143,Nikki Dibben,British,Female,1969.0,,Q55218493,matched,Wikidata
46144,Stephen Malinowski,American,Male,1953.0,,Q16185451,matched,Wikidata
46149,Carlos Sallaberry,Argentine,Male,,,Q28018430,matched,Wikidata
46150,Damián Vinson,Argentine,Male,,,,not_found,
46151,Felipe Tarsitano,Argentine,Male,,,Q23068077,matched,Wikidata
46152,Ignacio Petchersky,Argentine,Male,,,,not_found,
46153,Carlos Libedinsky,,Male,,,,uncertain,
46154,Antonio Diaz,Argentine,Male,,,,uncertain,
46155,Rao,Argentine,,,,,uncertain,
46175,Erin Shirreff,Canadian,Female,1975.0,,Q23409633,matched,Wikidata
46176,Centrala Architects,Polish,,2000.0,,,not_found,
46212,Jay Silver,American,Male,1979.0,,Q19667282,matched,Wikidata
46213,Eric Rosenbaum,American,Male,1979.0,,,not_found,
46261,Nancy Burson,American,Female,1948.0,,Q3335558,matched,Wikidata
46287,A Band,,,,,,uncertain,
46288,John Adams,American,Male,1947.0,,,uncertain,
46289,The Alma Band,,,,,,not_found,
46291,David Bellingham,,,1966.0,,Q21466682,matched,Wikidata
46292,Jonathan Bepler,,,2000.0,,Q1264615,matched,Wikidata
46293,Tim Berrescheim,German,Male,1975.0,,,not_found,
46294,Dike Blair,,Male,1952.0,,Q5276512,matched,Wikidata
46296,Monte Cazazza,American,Male,,,,uncertain,
46313,Technology Will Save Us,,,2012.0,,,uncertain,
46314,"QUAD Electroacoustics, Huntingdon, England",,,,,,not_found,
46315,Keiji Uematsu,Japanese,Male,1947.0,,Q11540621,matched,Wikidata
46325,James Richards,British,Male,1983.0,,,uncertain,
46326,Jerome Kuhl,,Male,,,Q79461348,matched,Wikidata
46345,Kenny Scharf,American,,1958.0,,Q3195237,matched,Wikidata
46350,Edwin Middleton,,,,,,uncertain,
46351,T. Hayes Hunter,,,,,,uncertain,
46358,Jean-Philippe Toussaint,Belgian,Male,1957.0,,Q430204,matched,Wikidata
46372,Yuri Suzuki,Japanese,Male,1980.0,,Q59496945,matched,Wikidata
46373,"Transnatural, Amsterdam",,,2009.0,,,not_found,
46378,Arjen Bangma,Dutch,Male,1976.0,,Q125746325,matched,Wikidata
46382,Miguel Ángel Salgado,Mexican,Male,,,,not_found,
46384,Jorge Castillo,Venezuelan,Male,1933.0,,Q326813,matched,Wikidata
46385,Marjan van Aubel,Dutch,Female,1985.0,,Q33044550,matched,Wikidata
46386,James Shaw,British,Male,,,,uncertain,
46394,Philippe Van Snick,Belgian,Male,1946.0,2019.0,Q2843063,matched,Wikidata
46418,Oscar Tenreiro Degwitz,Venezuelan,Male,1939.0,,Q77352921,matched,Wikidata
46421,Fernando Guerra,Portuguese,Male,1970.0,,Q77352873,matched,Wikidata
46422,Nervous System,,,2007.0,,,uncertain,
46423,Stefan Diez,German,Male,1971.0,,Q95715,matched,Wikidata
46441,W. Craig Carter,American,Male,1961.0,,Q100937543,matched,Wikidata
46442,Joe Hicklin,American,Male,1959.0,,Q55218926,matched,Wikidata
46444,Chris Gabrin,British,Male,,,,not_found,
46454,Jann Haworth,American,Female,1942.0,,Q3162050,matched,Wikidata
46459,The Otolith Group,,,,,,not_found,
46460,Charles E. Murphy,American,Male,,,,not_found,
46461,Donald Smith,American,Male,,,,uncertain,
46463,Peter Gabriel,British,Male,1950.0,,Q175195,matched,Wikidata
46464,Greg Porto,,Male,,,,not_found,
46465,Jean-Paul Goude,French,Male,1940.0,,Q373030,matched,Wikidata
46466,George Hardie,British,Male,1944.0,,,uncertain,
46468,David Inshaw,British,Male,1943.0,,Q5235351,matched,Wikidata
46469,Clive Barker,British,Male,1952.0,,Q298761,matched,Wikidata
46470,Hipgnosis,British,,1968.0,,,uncertain,
46471,David Tindle,British,Male,1932.0,,Q16848057,matched,Wikidata
46472,Tony Wright,British,Male,1949.0,,Q7823703,matched,Wikidata
46473,Karl Klefisch,German,Male,,,Q111395086,matched,Wikidata
46474,Günther Fröhling,German,Male,,,Q111395382,matched,Wikidata
46475,Mark Farrow,British,Male,1960.0,,Q6767576,matched,Wikidata
46477,Pet Shop Boys,British,,1981.0,,,uncertain,
46478,Tony Lane,,Male,1949.0,,Q27919050,matched,Wikidata
46480,Jerry Harrison,American,Male,1949.0,,Q2634067,matched,Wikidata
46481,Jimmy Garcia,,Male,,,,uncertain,
46483,Ben Kelly,British,Male,1949.0,,Q17285422,matched,Wikidata
46484,Robert Freeman,British,Male,1936.0,2019.0,Q4401420,matched,Wikidata
46486,Gerald Scarfe,British,Male,1936.0,,Q463132,matched,Wikidata
46487,Roger Waters,British,Male,1943.0,,Q180861,matched,Wikidata
46488,Bob Dylan,American,Male,1941.0,,Q392,matched,Wikidata
46490,Bob Seidmann,American,Male,,,,not_found,
46491,Mick Milligan,,Male,,,,not_found,
46492,Richard Evans,British,Male,1945.0,,,uncertain,
46493,Michael Hodgson,British,Male,,,,uncertain,
46494,Jeff Ayeroff,,Male,,,,uncertain,
46495,Adelle Lutz,American,Female,1948.0,,Q4682002,matched,Wikidata
46506,E. Earl Curtis,American,Male,,,,uncertain,
46526,Dentaku Ltd.,,,,,,not_found,
46527,Mark McKeague,Irish,Male,1989.0,,,not_found,
46528,Naomi Elliott,British,Female,1987.0,,Q129334047,matched,Wikidata
46529,Joseph Pleass,British,Male,1990.0,,Q55219623,matched,Wikidata
46534,Martyn Atkins,British,Male,1959.0,,Q55217958,matched,Wikidata
46537,Mediated Matter Group,,,2010.0,,,uncertain,
46538,MIT Materials Science and Engineering,,,1974.0,,,not_found,
46539,The Mathworks,,,1984.0,,,not_found,
46540,Turlif Vilbrandt,American,Male,1968.0,,Q55219963,matched,Wikidata
46544,Ulrike Müller,Austrian,Female,1971.0,,Q16213667,matched,Wikidata
46548,Brigitte Hellgoth,German,Female,1932.0,,Q130737810,matched,Wikidata
46569,Plastic Ono Band,,,,,,uncertain,
46575,Arduino SA,,,,,,not_found,
46576,SmartProjects,,,,,,not_found,
46581,Kevin Beasley,American,Male,1985.0,,Q27244476,matched,Wikidata
46582,Julia Murdoch,British,Female,,,Q79461442,matched,Wikidata
46630,Massimo Banzi,Italian,Male,1968.0,,Q16174456,matched,Wikidata
46631,David Cuartielles,Spanish,Male,1974.0,,,not_found,
46632,Tom Igoe,American,Male,1967.0,,,not_found,
46633,Gianluca Martino,Italian,Male,1973.0,,Q55219347,matched,Wikidata
46634,David Mellis,American,Male,1980.0,,Q55219384,matched,Wikidata
46635,Giorgio Olivero,Italian,Male,1975.0,,,uncertain,
46637,Sam Lewitt,American,Male,1981.0,,Q19661357,matched,Wikidata
46661,Ryan Oakes,American,Male,1982.0,,Q28835716,matched,Wikidata
46662,Trevor Oakes,American,Male,1982.0,,Q28835717,matched,Wikidata
46663,Jennie C. Jones,American,Female,1968.0,,Q19879344,matched,Wikidata
46664,Julia Rommel,American,Female,1980.0,,Q28839819,matched,Wikidata
46697,Blue Note Records,,,1939.0,,,not_found,
46698,Prestige Records,,,1949.0,,,not_found,
46701,Sire Records,,,1966.0,,,not_found,
46702,Amazing Musical Instrument Company,Canadian,,1987.0,,,not_found,
46706,"Ove N. Arup Consulting Engineers, London",,,1946.0,,,not_found,
46709,Grupo Sordo Madaleno,,,,,,not_found,
46715,Command Records,,,1959.0,,,uncertain,
46716,"Stiff Records, London",,,1976.0,,,not_found,
46717,F-Beat Records,,,1979.0,,,uncertain,
46718,"Factory Records, Manchester",,,1978.0,,,not_found,
46720,"Folkways Records, New York",,,1948.0,,,not_found,
46725,Carlos Zilio,Brazilian,Male,1944.0,,,not_found,
46741,Jessica Rosenkrantz,American,Female,1983.0,,Q55219709,matched,Wikidata
46742,Jesse Louis-Rosenberg,American,Male,1986.0,,,not_found,
46752,Inaki Bonillas,Mexican,Male,1981.0,,,not_found,
46773,Reaction Records,,,1966.0,,,not_found,
46774,Gavin Cochrane,British,Male,,,,uncertain,
46775,Brian Aris,British,Male,1946.0,,Q40887841,matched,Wikidata
46776,Charisma Records,British,,1969.0,,,not_found,
46777,Pictorial Productions,,,,,,uncertain,
46778,Tony Meeviwiffen,,Male,1938.0,,Q21287814,matched,Wikidata
46779,Parlophone Records,,,1896.0,,,not_found,
46780,Harvest Records,,,1969.0,,,not_found,
46781,Atlantic Records,,,1947.0,,,uncertain,
46782,Tina Weymouth,American,Female,1950.0,,Q438635,matched,Wikidata
46783,Chris Frantz,American,Male,1951.0,,Q2695530,matched,Wikidata
46784,ATCO Records,,,1955.0,,,not_found,
46785,Rolling Stones Records,,,1970.0,,,uncertain,
46786,Billy Name,American,Male,1940.0,2016.0,Q707310,matched,Wikidata
46787,Craig Braun,American,Male,1939.0,,Q55218207,matched,Wikidata
46788,Ernie Cefalu,American,Male,1945.0,,Q5394407,matched,Wikidata
46789,John Pasche,American,Male,1945.0,,Q197621,matched,Wikidata
46790,Richard Polak,,Male,1870.0,1956.0,Q59928912,matched,Wikidata
46793,Steve McGarry,British,,1953.0,,Q7613328,matched,Wikidata
46794,D.B. Glen,,,,,,not_found,
46831,Eric Hurtado,French,Male,1959.0,,,uncertain,
46832,Marc Hurtado,French,Male,1962.0,,Q17639558,matched,Wikidata
46835,"MSGSS (Manteola Sanchez Gomez Santos Solsona), Buenos Aires",Argentine,,,,,not_found,
46836,"MSGSSSV (Manteola Sanchez Gomez Santos Solsona Sallaberry Vinson), Buenos Aires",,,,,,not_found,
46842,Andrew Repasky McElhinney,American,Male,1978.0,,Q4758377,matched,Wikidata
46844,The Command All-Stars,,,,,,uncertain,
46847,Cook Laboratories Records,,,1952.0,,,not_found,
46848,Julián Hernández,Mexican,Male,1972.0,,Q1301836,matched,Wikidata
46849,Rachel Reichman,American,Female,1958.0,,Q77350015,matched,Wikidata
46858,Bob Byington,American,Male,1975.0,,,uncertain,
46859,Scott Cooper,American,Male,1970.0,,Q1750712,matched,Wikidata
46860,Ben Affleck,American,Male,1972.0,,Q483118,matched,Wikidata
46861,Todd Phillips,American,Male,1970.0,,Q362824,matched,Wikidata
46862,Paul McMahon,,Male,,,,uncertain,
46863,Nancy Radloff,,,,,,not_found,
46864,Wharton Tiers,,,,,,uncertain,
46865,Joseph Gone,,,,,,not_found,
46866,David McMahon,,,,,,uncertain,
46867,Art Critics Orchestra,,,,,,not_found,
46868,Byrd Hoffman School of Byrds,,,,,,not_found,
46869,Carl Byron,,,,,,uncertain,
46870,Carole Caroompas,,Female,1946.0,,,not_found,
46872,Billy Childish,,Male,1959.0,,Q863049,matched,Wikidata
46873,Arrigo Lora Totino,Italian,Male,1928.0,2016.0,Q3623783,matched,Wikidata
46874,Joe Colley,American,Male,1972.0,,,not_found,
46875,Augusto Concato,Italian,Male,,,,uncertain,
46876,Cranfield and Slade,,,,,,not_found,
46877,Brady Cranfield,,,,,,not_found,
46878,Kathy Slade,,,1966.0,,Q28974177,matched,Wikidata
46879,The Dogz,,,,,,not_found,
46880,Lee Ranaldo,,Male,1956.0,,Q352087,matched,Wikidata
46881,Dave Dyment,,,,,,uncertain,
46882,Bruce Fier,,,1950.0,,Q79460882,matched,Wikidata
46883,Forcefield,,,,,,uncertain,
46884,Bob George,,,,,,uncertain,
46885,Gobbler,,,,,,uncertain,
46886,Art Byington,,,,,,not_found,
46887,Henrik Håkansson,,,1968.0,,Q5820089,matched,Wikidata
46888,The Haters,,,,,,uncertain,
46889,Fat Les,,,,,,uncertain,
46890,Keith Allen,,,,,,uncertain,
46891,Alex James,,,,,,uncertain,
46895,George Herms,American,Male,1935.0,2026.0,Q3101644,matched,Wikidata
46896,Alex Israel,American,Male,1982.0,,Q21290809,matched,Wikidata
46961,Christian Vetter,Swiss,Male,1970.0,,Q43139566,matched,Wikidata
46962,Lynette Yiadom-Boakye,British,Female,1977.0,,,uncertain,
46965,Smiljan Radić,Chilean,Male,1965.0,,,not_found,
46966,Vit Mach,Czech,,1945.0,,,not_found,
46967,Jan Mach,Czech,,1943.0,,,uncertain,
46968,Jan Trtílek,Czech,Male,1938.0,,,uncertain,
46981,Jochen Krüger,,,,,,not_found,
46990,Natalie Czech,German,Female,1976.0,,Q55236251,matched,Wikidata
46996,Formafantasma,,,2009.0,,,uncertain,
46997,Andrea Trimarchi,Italian,Female,1980.0,,Q21287743,matched,Wikidata
46998,Simone Farresin,Italian,Female,1983.0,,Q55218644,matched,Wikidata
47008,LaToya Ruby Frazier,American,Female,1982.0,,Q19667999,matched,Wikidata
47022,Hélène Binet,Swiss,Female,1959.0,,Q513196,matched,Wikidata
47033,Reese Williams,,,,,,uncertain,
47039,Aktuální umĕni,,,1964.0,,,not_found,
47048,Felix Partz,,,1945.0,1994.0,Q5442293,matched,Wikidata
47049,Jorge Zontal,,,1944.0,1994.0,Q6278784,matched,Wikidata
47063,Orlando Garcia,Colombian,Male,1975.0,,,uncertain,
47064,G Ateliers Architecture,,,2006.0,,,not_found,
47067,John Houck,American,Male,1977.0,,,uncertain,
47069,Wyss Institute for Biologically Inspired Engineering at Harvard University,,,,,,not_found,
47075,Annett Zinsmeister,German,Female,1967.0,,Q566506,matched,Wikidata
47076,Reginald Orton,New Zealander,Male,1981.0,,,uncertain,
47077,Philip Walton,American,Male,1974.0,,,uncertain,
47082,Yuki Kimura,Japanese,Female,1971.0,,Q42322218,matched,Wikidata
47088,Ryan Junell,American,Male,1973.0,,Q55219062,matched,Wikidata
47089,Creative Commons,,,,,,uncertain,
47091,Shure Incorporated,,,1925.0,,,not_found,
47094,Lucas Blalock,American,Male,1978.0,,,not_found,
47097,Steffani Jemison,American,Female,1981.0,,Q23770300,matched,Wikidata
47100,Bouchra Khalili,Moroccan,Female,1975.0,,Q20054849,matched,Wikidata
47102,The Propeller Group,American,,2006.0,,,uncertain,
47104,Wu Tsang,American,Female,1982.0,,Q17581477,matched,Wikidata
47112,Donald Elliot Ingber,American,Male,1956.0,,,not_found,
47113,Dan Dongeun Huh,American,Male,1975.0,,,not_found,
47114,Boston Children's Hospital,,,,,,uncertain,
47132,Christian Richters,German,Male,1958.0,,Q112399308,matched,Wikidata
47134,Igildo Biesele,Swiss,Male,1930.0,2023.0,Q77353637,matched,Wikidata
47140,David Bradshaw,American,Male,1944.0,,Q5231661,matched,Wikidata
47144,John Berg,American,Male,1932.0,,,uncertain,
47147,Nagy Shaker,Egyptian,Male,1930.0,2018.0,Q53112933,matched,Wikidata
47148,Paolo Isaja,Italian,Male,1930.0,,,not_found,
47149,Krzysztof Zanussi,Polish,Male,1939.0,,Q55169,matched,Wikidata
47150,Ruth Krauss,,,,,,uncertain,
47154,Adriana Salazar,Colombian,Female,1983.0,,,uncertain,
47165,Annie Leibovitz,American,Female,1949.0,,Q225283,matched,Wikidata
47166,Peter Corriston,,Male,,,Q7173397,matched,Wikidata
47167,Christian Piper,German,Male,1941.0,2019.0,Q100346793,matched,Wikidata
47168,Hubert Kretzschmar,,Male,,,,not_found,
47171,Eloise Vega Smith,,Female,,,Q79461041,matched,Wikidata
47172,Nick Fasciano,American,Male,1940.0,,,not_found,
47173,Robert Fisher,American,Male,,,,uncertain,
47174,Michael Lavine,,Male,1963.0,,Q6832117,matched,Wikidata
47175,Don Hunstein,American,Male,1928.0,2017.0,Q24206437,matched,Wikidata
47176,Mike Doud,,Male,,,,uncertain,
47179,DIS,American,,2010.0,,Q77350228,matched,Wikidata
47181,Katharina Gaenssler,German,Female,1974.0,,Q17576720,matched,Wikidata
47183,David Hartt,Canadian,Male,1967.0,,Q28871533,matched,Wikidata
47205,"MSGS (Manteola, Sanchez Gomez, Solsona) Buenos Aires",Argentine,,,,,not_found,
47209,Ilit Azoulay,Israeli,Female,1972.0,,Q19665020,matched,Wikidata
47211,Lele Saveri,Italian,Male,1980.0,,,not_found,
47214,Lieko Shiga,Japanese,Female,1980.0,,Q17159330,matched,Wikidata
47229,Rocco Redondo,Spanish,Male,1950.0,,,not_found,
47230,Peter Zumthor,Swiss,Male,1943.0,,Q123179,matched,Wikidata
47235,Ecovative,,,,,,not_found,
47236,Michael Ross,,Male,,,,uncertain,
47237,Brian Griffin,British,Male,1948.0,2024.0,Q2924908,matched,Wikidata
47238,Keith Morris,,Male,1938.0,2005.0,Q6384796,matched,Wikidata
47239,Static Kling,,,,,Q79462276,matched,Wikidata
47241,J. Edith Wise,American,Female,,,,not_found,
47242,Alex Roberts,British,Male,1983.0,,Q4717693,matched,Wikidata
47252,Walter Jule,Canadian,Male,1940.0,,Q77354041,matched,Wikidata
47256,Charles Baldwin,American,Male,,,,uncertain,
47257,Gary Anderson,American,Male,1947.0,,,uncertain,
47258,"Lawrence Berkeley National Laboratory, University of California",,,,,,not_found,
47261,"John ""Teflon"" Sims",British,Male,1950.0,,,error,
47262,Alicja Szubert-Olszewska,Polish,Female,,,Q23068123,matched,Wikidata
47263,W. Pawelec,Polish,Male,,,,not_found,
47265,Andrzej Karpiński,Polish,Male,1963.0,,Q16528694,matched,Wikidata
47267,Piotr Tofil,Polish,Male,,,,not_found,
47268,Mirosław Ryszard Ryszard,Polish,Male,1952.0,,,not_found,
47269,Alek Januszewski,Polish,Male,,,Q79460794,matched,Wikidata
47271,Lisze Bechtold,American,Female,,,,not_found,
47272,Lesley Keene,,Female,,,,not_found,
47282,Janet Perr,,Female,,,,uncertain,
47283,Arnold Rosenberg,American,Male,1931.0,,,uncertain,
47285,Philip Hays,American,Male,1930.0,2005.0,Q7183707,matched,Wikidata
47286,Ben Drury,British,Male,1972.0,,Q4885555,matched,Wikidata
47288,András Wahorn,Hungarian,Male,1953.0,,Q1463549,matched,Wikidata
47289,Free Art and Technology Lab,,,2007.0,,,uncertain,
47290,Shawn Sims,American,Male,1986.0,,Q133864137,matched,Wikidata
47291,Sy-Lab,,,2007.0,,,uncertain,
47303,Tom Hingston,British,Male,1973.0,,Q23415401,matched,Wikidata
47316,Chris D.,,Male,,,,uncertain,
47317,Péter Nagy,Hungarian,Male,,,,uncertain,
47318,Tomasz Lipiński,Polish,Male,1955.0,,Q9359492,matched,Wikidata
47325,Stephen Kroninger,American,Male,1957.0,,,not_found,
47326,Chris Mathan,,Male,,,,not_found,
47328,Simon Posthuma,Dutch,Male,1939.0,2020.0,Q24067663,matched,Wikidata
47329,Marijke Koger-Dunham,Dutch,Female,,,,not_found,
47330,Kain May,Polish,,,,Q79461447,matched,Wikidata
47337,Nelson Pereira dos Santos,Brazilian,Male,1928.0,2018.0,Q737762,matched,Wikidata
47359,Annette Peacock,American,Female,1941.0,,Q510855,matched,Wikidata
47361,Sam Suliman,,Male,,,Q79462238,matched,Wikidata
47362,Andrea Klein,,Female,,,,uncertain,
47364,Dezerter,Polish,,1981.0,,,uncertain,
47366,Kirk Weddle,American,Male,,,,not_found,
47367,Sonja Hennersdorf,German,Female,,,,uncertain,
47368,Jochen Wermann,,Male,,,,uncertain,
47370,Artrouble,American,,1978.0,,Q77353338,matched,Wikidata
47371,Will Bankhead,British,Male,,,,not_found,
47372,Andrzej Zborski,Polish,Male,1929.0,2017.0,Q62083952,matched,Wikidata
47376,Dean Chalkley,British,Male,1968.0,,Q5246064,matched,Wikidata
47377,Jim Houghton,,Male,,,,uncertain,
47378,Gerard Huerta,American,Male,1952.0,,Q22278251,matched,Wikidata
47380,Alex Schweder,American,Male,1970.0,,,not_found,
47415,Rick Mann,British,Male,1954.0,,Q55219326,matched,Wikidata
47456,Sandra Cinto,Brazilian,Female,1968.0,,Q10367555,matched,Wikidata
47462,Etel Adnan,American,Female,1925.0,2021.0,Q440316,matched,Wikidata
47465,Mizu,Japanese,,,,,uncertain,
47466,Toshihiro Katayama,Japanese,Male,1928.0,2013.0,Q11569576,matched,Wikidata
47468,Setsuko Asakura,Japanese,Male,,,,uncertain,
47470,Ishoka,Japanese,,,,,uncertain,
47473,Kenichi Kobori,Japanese,Male,,,,not_found,
47476,Shunichi Nakashima,Japanese,Male,,,Q79462269,matched,Wikidata
47508,Tony Lewis,American,Male,1986.0,,,uncertain,
47510,Eddie Ruscha,,,,,,not_found,
47511,Richie Lee,,,,,,uncertain,
47512,Cindy Bernard,American,Female,1959.0,,Q21067417,matched,Wikidata
47513,Laura Graham,,,,,,uncertain,
47514,Maija Beeton,,,,,,not_found,
47515,Martine Tomczyk,,,,,,not_found,
47528,DJ Sid,,,,,,not_found,
47530,Bill Fontana,,,1947.0,,Q2903211,matched,Wikidata
47539,John Paul Endress,American,Male,,,,not_found,
47554,Rosemberg Sandoval,Colombian,Male,1959.0,,Q77348602,matched,Wikidata
47559,Duncan Campbell,British,Male,1972.0,,,uncertain,
47563,Noah Baumbach,American,Male,1969.0,,Q459349,matched,Wikidata
47566,Marc Singer,American,Male,1970.0,,,uncertain,
47567,Oren Moverman,American,Male,1966.0,,Q736069,matched,Wikidata
47578,Patterson Beckwith,American,Male,1972.0,,Q55218022,matched,Wikidata
47579,Alex Bag,American,Female,1969.0,,Q1727571,matched,Wikidata
47582,John Gerrard,Irish,Male,1974.0,,Q6235193,matched,Wikidata
47583,Gerald Jupitter-Larsen,,,1959.0,,,not_found,
47593,Minutemen,,,,,,uncertain,
47594,Saccharine Trust,,,,,,uncertain,
47595,Kindled Imagination,,,,,,not_found,
47596,Artless Entanglements,,,,,,not_found,
47597,Sharp Corners,,,,,,not_found,
47599,The Nig-Heist,,,,,,uncertain,
47600,Redd Kross,,,,,,uncertain,
47604,Gregg Wager,American,,1958.0,,Q5606599,matched,Wikidata
47606,Crimony,,,,,,uncertain,
47607,Anarchy 6,,,,,,not_found,
47610,Pay The Man,,,,,,not_found,
47615,Super Session,,,,,,uncertain,
47618,Dim Stars,,,,,,uncertain,
47620,DOS,,,,,,uncertain,
47621,Lucky Sperms,,,,,,not_found,
47622,Just Say No,,,,,,uncertain,
47627,Mike Watt,,,,,,uncertain,
47629,Sür Drone,,,,,,not_found,
47632,Annihilation Time,,,,,,uncertain,
47636,Foo Fighters,,,,,,uncertain,
47640,Breakfast,,,,,,uncertain,
47644,Charles Wilp,,,,,,not_found,
47645,Fabrizio Plessi,,,1940.0,,Q1390874,matched,Wikidata
47646,Katalin Ladik,Hungarian,Female,1942.0,,Q1127297,matched,Wikidata
47648,"Richard ""Dickie"" Landry",,,,,,error,
47649,Languis,,,,,,uncertain,
47650,Alejandro Cohen,,,,,,uncertain,
47651,Marcos Chloca,,,,,,not_found,
47653,Lunk,,,,,,uncertain,
47659,Ingram Marshall,,,,,,uncertain,
47667,Nelson Tarpenny,,,,,,not_found,
47676,Pauline Oliveros,,Female,,,,uncertain,
47678,Manuel Rocha,,,,,,uncertain,
47679,Owada,,,,,,uncertain,
47680,Keiko Owada,,,,,,not_found,
47681,Adam McEwen,British,Male,1965.0,,Q43134104,matched,Wikidata
47685,Abby Normal,,,,,,uncertain,
47686,Dave Markey,,,,,,uncertain,
47687,Bidner / Martinek,,,,,,not_found,
47688,The Poetics,,,,,,not_found,
47689,Bill Wintersole,,,,,,not_found,
47690,Zoe Pettijohn,,,,,,not_found,
47691,Linda Post,,,,,,not_found,
47692,Cathy,,,,,,uncertain,
47693,Princess,,,,,,uncertain,
47694,Bad News,,,,,,uncertain,
47719,Cheifs,,,,,,not_found,
47722,Descendents,,,,,,uncertain,
47725,China White,,,,,Q16201043,matched,Wikidata
47727,Throbbing Gristle,,,,,,uncertain,
47732,The Stains,,,,,,uncertain,
47741,Vox Pop,,,,,,uncertain,
47742,Overkill,,,,,,uncertain,
47744,Circle One,,,,,,not_found,
47747,Meat Puppets,,,,,,uncertain,
47749,Hüsker Dü,,,,,,uncertain,
47760,Toshio Sasaki,,,1946.0,2007.0,Q79462444,matched,Wikidata
47761,The Sets,,,,,,uncertain,
47764,Jake Tilson,,Male,1958.0,,Q13404590,matched,Wikidata
47766,Nikolaus Urban,,,1942.0,,Q79461863,matched,Wikidata
47774,Lejaren Hiller,,,1880.0,1969.0,Q6520499,matched,Wikidata
47775,Ben Johnston,,,,,,uncertain,
47778,Henri Pousseur,,,,,,uncertain,
47780,Bags,,,,,,uncertain,
47781,Anti,,,,,,uncertain,
47782,Shattered Faith,,,,,,uncertain,
47783,M.I.A.,,,,,,uncertain,
47784,Ill Will,,,,,,uncertain,
47785,Germs,,,,,,uncertain,
47786,BPeople,,,,,,not_found,
47787,Mood of Defiance,,,,,,uncertain,
47788,Invisible Chains,,,,,,uncertain,
47789,Zurich 1916,,,,,,not_found,
47790,Powertrip,,,,,,uncertain,
47791,Peer Group,,,,,,not_found,
47792,Ken Starkey,,,,,,uncertain,
47793,Slivers,,,,,,uncertain,
47794,Würm,,,,,,uncertain,
47795,Modern Warfare,,,,,,uncertain,
47796,Hari Kari,,,,,,not_found,
47797,Sin 34,,,,,,not_found,
47798,Artistic Decline,,,,,,not_found,
47799,Modern Torture,,,,,,not_found,
47800,Marshall Mellow,,,,,,uncertain,
47801,Carl Stone,,,,,,uncertain,
47802,Doo-Dooettes,,,,,,not_found,
47803,Tone Deaf,,,,,,uncertain,
47804,Debt Of Nature,,,,,,not_found,
47805,David Peel & The Lower East Side,,,,,,not_found,
47806,Motorpsycho,,,,,,uncertain,
47807,Meathead,,,,,,uncertain,
47808,Jesus Fuck & Da Murderers,,,,,,not_found,
47809,Starfuckers,,,,,,uncertain,
47810,Eugene Chadbourne,,,,,,uncertain,
47811,Controlled Bleeding,,,,,,uncertain,
47812,Skullflower,,,,,,uncertain,
47813,Kicking Giant,,,,,,not_found,
47814,Faust,,,,,,uncertain,
47815,Pavement,,,,,,uncertain,
47816,Sun City Girls,,,,,,uncertain,
47817,Television Personalities,,,,,,uncertain,
47821,Basim Magdy,Egyptian,Male,1977.0,,Q3635844,matched,Wikidata
47824,Naoya Hatakeyama,Japanese,Male,1958.0,,Q1964844,matched,Wikidata
47827,Blank,,,,,,uncertain,
47838,Selten Gehörte Musik,,,,,,not_found,
47843,Paul Anka,,,1941.0,,Q216563,matched,Wikidata
47844,Billy Squier,,,1950.0,,Q863226,matched,Wikidata
47845,Diana Ross,,Female,,,,uncertain,
47846,Aretha Franklin,,Female,1942.0,2018.0,Q125121,matched,Wikidata
47849,Love of Life Orchestra,,,,,,uncertain,
47850,Peter Gordon,,Male,,,,uncertain,
47852,Ned Sublette,,Male,1951.0,,,not_found,
47853,The Persuasions,,,,,,uncertain,
47854,Thomas Zipp,,,1963.0,2026.0,Q826614,matched,Wikidata
47861,Ha Chonghyun,Korean,Male,1935.0,,Q23068024,matched,Wikidata
47889,Josh Kline,American,Male,1979.0,,Q21063474,matched,Wikidata
47891,Thea Djordjadze,Georgian,Female,1971.0,,Q2415605,matched,Wikidata
47903,Bob,,,,,,uncertain,
47904,G. Darré,,,,,,uncertain,
47905,Durvis,,,,,,uncertain,
47906,John Kosh,British,Male,2000.0,,Q6243416,matched,Wikidata
47911,Philipp Schaerer,Swiss,Male,1972.0,,Q77352923,matched,Wikidata
47913,Electroninks,,,,,,not_found,
47914,Clifton Roozeboom,,Male,,,Q79460933,matched,Wikidata
47915,PocketLab,,,,,,not_found,
47922,Claude Parent,French,Male,1923.0,2016.0,Q2977923,matched,Wikidata
47923,Terrol Dew Johnson,American,Male,1973.0,,,not_found,
47925,György Soós,Hungarian,Male,1953.0,,Q79461168,matched,Wikidata
47926,György Bp. Szabó,Hungarian,Male,,,,not_found,
47927,Tamás Soós,Hungarian,Male,,,Q79462325,matched,Wikidata
47928,György Szász,Hungarian,Male,1914.0,1973.0,Q56392019,matched,Wikidata
47930,László= Lugo,Hungarian,Male,,,,not_found,
47936,Henri Fille,,,,,,uncertain,
47937,Heidbrinck,,,,,,not_found,
47940,"Mass Studies, Seoul, Korea",Korean,,2003.0,,,not_found,
47962,Kees Wagenaars,Dutch,male,1961.0,,,not_found,
47974,Manu Prakash,American,Male,2000.0,,Q22063727,matched,Wikidata
47975,Jie Qi,American,Female,1987.0,,,uncertain,
47976,"Andrew ""Bunnie"" Huang",American,Male,1975.0,,,error,
47977,Gilbert Baker,American,Male,1951.0,2017.0,Q4081194,matched,Wikidata
47978,Autodesk Inc.,,,1982.0,,,not_found,
47980,V. Ber,,,,,,uncertain,
47983,Mirko Ilić,American,Male,1956.0,,Q6873677,matched,Wikidata
47990,Eleanor Kluck,American,Female,1919.0,,,not_found,
48010,Francisco Blanco,Cuban,Male,1944.0,,Q5578796,matched,Wikidata
48011,Mario Gallardo,Cuban,Male,1937.0,,Q20986593,matched,Wikidata
48012,Rene De La Nuez,Cuban,Male,1937.0,,Q79462073,matched,Wikidata
48013,Carmelo González,Cuban,Male,1920.0,1990.0,Q61951330,matched,Wikidata
48017,Titus Kaphar,,Male,1976.0,,Q28839817,matched,Wikidata
48032,Alberto Carol,Cuban,Male,,,Q79460779,matched,Wikidata
48033,Rene Azcuy Cardenas,Cuban,Male,1939.0,,,not_found,
48035,Dimas,Cuban,,,,,uncertain,
48036,Antonio Fernandez Reboiro,Cuban,Male,1935.0,,Q77353327,matched,Wikidata
48038,Andrew John Hessel,Canadian,Male,1963.0,,,not_found,
48039,Jacqueline Yuan Quinn,American,Female,1990.0,,,not_found,
48040,Paul Richard Ayre Jaschke,Canadian,Male,1979.0,,,not_found,
48041,Unknown Designer,Cuban,,,,,not_found,
48044,Anna Boghiguian,Egyptian,Female,1946.0,,Q20724924,matched,Wikidata
48048,Michael Oblowitz,South African,Male,1943.0,,,uncertain,
48050,Martine Bedin,French,Female,1957.0,,Q18811782,error,Wikidata
48052,Bruce La Bruce,Canadian,Male,1964.0,,,not_found,
48055,Sally Potter,British,Female,1949.0,,Q268840,matched,Wikidata
48056,James Ponsoldt,American,Male,1978.0,,Q1680997,matched,Wikidata
48057,Dayanita Singh,Indian,Female,1961.0,,Q1844647,matched,Wikidata
48066,Michele De Lucchi,Italian,Male,1951.0,,Q463458,matched,Wikidata
48067,Daniele Scandola,Italian,Male,,,,uncertain,
48068,Gloria della Vittoria,Italian,Female,,,,uncertain,
48069,Nathalie du Pasquier,French,Female,1957.0,,Q20644171,matched,Wikidata
48070,Massimo Giacon,Italian,Male,1961.0,,Q3851275,matched,Wikidata
48071,Roland Shakespear,Argentine,Male,1941.0,,Q77353922,matched,Wikidata
48072,Guillermo González Ruiz,Argentine,Male,1937.0,,,not_found,
48073,Castell,,,,,,uncertain,
48077,John Straiton,Canadian,Male,1922.0,,Q55218556,matched,Wikidata
48081,Unknown Designer,Chilean,,,,,not_found,
48084,Unknown Designer,Puerto Rican,,,,,not_found,
48085,J. Rosado Velez,Puerto Rican,Male,,,,uncertain,
48086,David Goitia,Puerto Rican,Male,,2004.0,Q134378123,matched,Wikidata
48087,Velazquez Ribero,Puerto Rican,,,,,uncertain,
48089,F. Palacios,Puerto Rican,,,,,uncertain,
48091,Euzhan Palcy,French,Female,1958.0,,Q440423,matched,Wikidata
48092,Boris Frumin,Russian,Male,1946.0,,,uncertain,
48094,Sou Fujimoto Architects,,,,,,uncertain,
48095,Sou Fujimoto,Japanese,,1971.0,,Q3133614,matched,Wikidata
48096,Akihisa Hirata Architecture Office,,,,,,not_found,
48097,Akihisa Hirata,Japanese,,1971.0,,Q11483331,matched,Wikidata
48098,junya.ishigami+associates,Japanese,,2004.0,,,not_found,
48099,Junya Ishigami,Japanese,,1974.0,,,not_found,
48101,Hiroshi Kawatu,,,,,,uncertain,
48102,Kiichi Kobayashi,,,,,,uncertain,
48104,Alfred Le Petit,,,1841.0,1909.0,Q2645384,matched,Wikidata
48106,Gravelle,,,,,,uncertain,
48107,Martel,,,,,,uncertain,
48108,Office of Ryue Nishizawa,,,,,,not_found,
48109,Unknown Designer,Uruguayan,,,,,not_found,
48110,Unknown Designer,Venezuelan,,,,,not_found,
48117,Tala Madani,Iranian,,1981.0,,Q4703730,matched,Wikidata
48119,Ray Stevenson,,Male,,,Q130233160,matched,Wikidata
48121,Eric Baudelaire,,Male,1973.0,,,not_found,
48122,Tania Bruguera,,Female,1968.0,,Q547372,matched,Wikidata
48124,Robert Wittmann,,Male,1922.0,2003.0,Q95466938,matched,Wikidata
48128,JODI,American,,1995.0,,,uncertain,
48182,Joan Heemskerk,Dutch,Female,1968.0,,Q77610708,matched,Wikidata
48183,Dirk Paesmans,Belgian,Male,1965.0,,Q96949974,matched,Wikidata
48188,Phu Nam,Vietnamese,Male,1974.0,,,not_found,
48189,Matt Lucero,American,Male,1976.0,,,not_found,
48198,Philibert-Paul Charbonnier,French,,1866.0,,Q79462012,matched,Wikidata
48208,Robert Defrin,American,,,,,not_found,
48209,Slobodan Tadić,,,,,,not_found,
48222,"Studio SLS, Zagreb, Croatia",,,,,,not_found,
48225,Radovan Sredić,Croatian,Male,1955.0,,,not_found,
48226,Željko Stojanović,Croatian,,1951.0,,Q126924327,matched,Wikidata
48227,Marko Čolić,,Male,,,,not_found,
48228,Zvonimir Atletić,Croatian,Male,,,,uncertain,
48229,V. Serafimov,,,,,,not_found,
48230,Luka Mjeda,Croatian,Male,,,Q106515279,matched,Wikidata
48231,Dražen Kalenić,,,,,,not_found,
48234,Igor Kordej,,Male,1957.0,,Q3148292,matched,Wikidata
48235,Geschäftsstelle des Bürger-Rates von Groß-Berlin,,,,,Q79461145,matched,Wikidata
48271,Ewa Partum,Polish,Female,1945.0,,Q750914,matched,Wikidata
48274,Silk and Textile Printers Ltd,Australian,,1939.0,,,not_found,
48279,Betty Skowronski,,Female,,,,uncertain,
48280,Hal Missingham,,Male,1906.0,1994.0,Q5640866,matched,Wikidata
48285,Mary Curtis,,Female,,,,uncertain,
48286,Bianchini-Ferier,French,,,,,not_found,
48289,Alice Attie,American,Female,1950.0,,Q19955709,matched,Wikidata
48314,Gillian Ayres,British,Female,1930.0,2018.0,Q11860480,matched,Wikidata
48315,Gordon Cheung,,Male,1975.0,,Q5584969,matched,Wikidata
48316,Ian Davenport,,Male,1966.0,,Q3147251,matched,Wikidata
48317,Marie Harnett,,Female,1983.0,,Q55218884,matched,Wikidata
48318,Ben Johnson,British,Male,1946.0,,,uncertain,
48320,Edmund de Waal,,Male,1964.0,,Q1287015,matched,Wikidata
48321,Ian McKeever,British,Male,1946.0,,Q4275199,matched,Wikidata
48322,Paul Winstanley,British,Male,1954.0,,Q21462987,matched,Wikidata
48323,Richard Woods,British,Male,1966.0,,,uncertain,
48324,Catherine Yass,British,Female,1963.0,,Q5052986,matched,Wikidata
48339,Vincent Kohler,Swiss,Male,1977.0,,Q3559685,matched,Wikidata
48340,David Hominal,Swiss,Male,1976.0,,Q55288460,matched,Wikidata
48350,Unknown Designer,Brazilian,,,,,not_found,
48355,"Brigada Inti Peredo, Juventud Socialista",Chilean,,,,,uncertain,
48356,"Brigadas Ramona Parra, Juventudes Comunistas de Chile",Chilean,,,,,not_found,
48358,Analisa Russo,American,Female,,,Q135908084,matched,Wikidata
48359,S. Brett Walker,American,Male,,,,not_found,
48360,Jennifer A. Lewis,American,Female,,,,uncertain,
48361,Michael Bell,American,Male,,,,uncertain,
48387,Ina Barfuß,,,,,,not_found,
48389,Wilhelm Schürmann,German,,1946.0,,Q27062019,matched,Wikidata
48390,Jiri Georg Dokoupil,Czech,,1954.0,,,not_found,
48391,Ilona Weber,,,1945.0,,Q112226247,matched,Wikidata
48392,Wolfgang Weber,,,1902.0,1985.0,Q107119,matched,Wikidata
48422,Sven-Åke Johansson,Swedish,,1943.0,2025.0,Q2370907,matched,Wikidata
48471,Cameron Rowland,American,,1988.0,,Q68572593,matched,Wikidata
48488,John Ahearn,American,,1951.0,,Q12012352,matched,Wikidata
48501,Grega Košak,Slovenian,Female,,,,not_found,
48522,Vincent Desiderio,American,Male,1955.0,,Q7931757,matched,Wikidata
48525,Tom Finkelpearl,,Male,,,,uncertain,
48527,Robert Atkins,,Male,,,,uncertain,
48529,Perry Bard,,,2000.0,2025.0,Q19894024,matched,Wikidata
48530,Jo Babcock,,,1954.0,,Q21293124,matched,Wikidata
48531,Roger Boyce,,Male,,,,uncertain,
48532,Lee Roy Champagne,,,,,,not_found,
48533,Nancy Evans,,,,,,uncertain,
48534,Jeff Goodman,,,,,,uncertain,
48536,C K Kuebel,,,,,,uncertain,
48538,Dona Ann McAdams,American,Female,1954.0,,,not_found,
48539,Tom Sarrantonio,,,,,,uncertain,
48540,Lori Seid,,,,,,uncertain,
48542,Janice Yudell,,Female,,,,uncertain,
48543,John Zax,,Male,,,,uncertain,
48556,Park McArthur,American,,1984.0,,Q23664327,matched,Wikidata
48559,Hisao Suzuki,,Male,,,,uncertain,
48578,François Blanciak,French,Male,1976.0,,Q77352881,matched,Wikidata
48581,Tabor Robak,American,Male,1986.0,,Q30501966,matched,Wikidata
48589,CCMC,,,,,,uncertain,
48590,Paul Dutton,,,,,,uncertain,
48591,John Oswald,,,1953.0,,Q278207,matched,Wikidata
48593,Ishan Clemenco,,,,,,uncertain,
48594,Coconut,,,,,,uncertain,
48596,The Diodes,,,,,,uncertain,
48598,Amerigo Marras,,,,,,not_found,
48599,Bruce Eves,,,1952.0,,Q78171712,matched,Wikidata
48600,Alison Rossiter,American,Female,1953.0,,Q55217723,matched,Wikidata
48602,John Fekner City Squad,,,,,,not_found,
48603,F. V. Holi,,,,,,not_found,
48621,Park Seo Bo,Korean,Male,1931.0,,,uncertain,
48624,Shigetaka Kurita,Japanese,Male,1972.0,,Q29657254,matched,Wikidata
48625,"Nokia Corporation, Finland",,,,,,not_found,
48628,Evan Holloway,American,Male,1967.0,,Q5415424,matched,Wikidata
48629,Steven Hull,,,1967.0,,Q105661965,matched,Wikidata
48637,Matt Keegan,American,Male,1976.0,,Q24765381,matched,Wikidata
48640,Sean Landers,American,Male,1962.0,,Q7441148,matched,Wikidata
48655,Sharon Lockhart,American,Female,1964.0,,Q3481523,matched,Wikidata
48656,Balam Garcia,,,,,,not_found,
48658,Aaron Curry,American,Male,1972.0,,Q21013130,matched,Wikidata
48659,Roger Herman,German,Male,1947.0,,Q77325153,matched,Wikidata
48660,Shio Kusaka,Japanese,Female,1972.0,,Q72847435,matched,Wikidata
48661,Liza Lou,American,Female,1969.0,,Q6660410,matched,Wikidata
48662,Rita McBride,American,Female,1960.0,,,not_found,
48664,Tom Sachs,American,Male,1966.0,,Q3530873,matched,Wikidata
48665,Juan Uslé,Spanish,Male,1954.0,,Q3187806,matched,Wikidata
48691,Unknown designer,Czechoslovakian,,,,,not_found,
48733,Ugo Gregoretti,Italian,Male,1930.0,2019.0,Q55454,matched,Wikidata
48740,Colin Lowe,,,,,,not_found,
48742,Ralph Lundsten,,,1936.0,2023.0,Q246422,matched,Wikidata
48743,Leo Nilson,,,,,,not_found,
48744,Kim Schoenstadt,,,1973.0,,,not_found,
48745,Jean-Claude Moineau,,,,,,uncertain,
48747,Jennifer Moon,,Female,1973.0,,Q19668540,matched,Wikidata
48748,Julio César Morales,,Male,1966.0,,Q77357984,matched,Wikidata
48751,OJO,,,,,,uncertain,
48752,Kristin Oppenheim,,Female,,,,not_found,
48753,Fuller Fabrics,,,,,Q79461101,matched,Wikidata
48754,The Nichemakers,,,,,,not_found,
48756,Poptastic,,,,,,not_found,
48757,Chris Fitzpatrick,,,,,,uncertain,
48758,Thomas Dimuzio,,,,,,not_found,
48762,Jean-Jacques Palix,,,,,,not_found,
48763,Jeff Rian,,,,,,uncertain,
48766,Stephanie Taylor,,Female,1971.0,,Q7608415,matched,Wikidata
48767,Thomas Cristoffersen,,Male,,,,not_found,
48768,David Zahle,,Male,,,,not_found,
48769,"IDÉE Ltd., Japan",,,,,,not_found,
48774,Luc Delahaye,French,Male,1962.0,,Q1872925,matched,Wikidata
48778,Lita Albuquerque,,Female,1946.0,,Q6647374,matched,Wikidata
48779,Robert Kramer,,Male,,,,uncertain,
48780,Harold Budd,,,,,,uncertain,
48787,Terence Conran,British,Male,1931.0,2020.0,Q704123,matched,Wikidata
48789,John Lacey,British,Male,1916.0,2005.0,Q21462210,matched,Wikidata
48790,Barbara Brown,British,Female,1932.0,,,uncertain,
48792,Edinburgh Weavers,,,,,,uncertain,
48793,David Whitehead Ltd.,,,,,,not_found,
48794,Heal Fabrics,,,,,,not_found,
48795,Hammer Prints Ltd.,,,,,,not_found,
48799,Peter Bankov,Russian,Male,1969.0,,Q125794687,matched,Wikidata
48813,Željko Koprolčec,Croatian,,,,,not_found,
48815,Amy O'Neill,American,Female,1971.0,,Q2844571,matched,Wikidata
48847,Unika-vaev,,,,,,uncertain,
48848,Vuokko Eskolin,Finnish,Female,1930.0,,Q77354031,matched,Wikidata
48849,Printext,,,,,,not_found,
48850,Barbara Degerman,,,,,Q79460842,matched,Wikidata
48851,Helga Nykopp,,,,,Q79461224,matched,Wikidata
48852,A B Norna Hemslojd,,,,,Q79460770,matched,Wikidata
48853,Calvin Marcus,American,Male,1988.0,,,not_found,
48862,László Kistamás,,Male,1958.0,,Q63727502,matched,Wikidata
48877,Yung Chang,Canadian,Male,1977.0,,Q8061252,matched,Wikidata
48878,Lisandro Alonso,Argentine,Male,1975.0,,Q2568123,matched,Wikidata
48879,Jeff Malmberg,American,Male,1970.0,,Q77350274,matched,Wikidata
48880,Tsai Ming-liang,Malaysian,Male,1957.0,,Q698710,matched,Wikidata
48883,Sergei Loznitsa,Ukrainian,Male,1964.0,,Q2096927,matched,Wikidata
48884,Stephanie Spray,American,Female,1980.0,,,uncertain,
48885,Pacho Velez,American,Male,1980.0,,,uncertain,
48886,Lav Diaz,Filipino,Male,1958.0,,Q129619,matched,Wikidata
48888,Joaquim Pinto,Portuguese,Male,1957.0,,Q10307367,matched,Wikidata
48892,Nicholas Macdonald,American,Male,1944.0,,Q15733836,matched,Wikidata
48894,Sheila McLaughlin,American,Female,1950.0,,Q17418814,matched,Wikidata
48905,Franz Sievert,German,Male,,,,not_found,
48907,E. Trautvetter,German,,,,Q79459624,matched,Wikidata
48908,Marcel Jancou,French,,,,,not_found,
48909,Dan Peterman,American,Male,1960.0,,Q3013167,matched,Wikidata
48910,A. Strachov,Russian,,,,Q79459613,matched,Wikidata
48911,"a.r. Group, Łódź",Polish,,,,,not_found,
48914,Sibylle Möllering-Kaldewey,German,Female,,,Q79462270,matched,Wikidata
48915,Bruno Monguzzi,Swiss,Male,1941.0,,Q3645847,matched,Wikidata
48917,Tamar Cohen,,Female,,,Q79462323,matched,Wikidata
48918,Paul Shaw,American,Male,1954.0,,Q28421770,matched,Wikidata
48926,Melchior,,,,,,uncertain,
48928,Ian Murray,,,,,,uncertain,
48932,Burt Payne 3,,,,,,uncertain,
48953,Marcelo Ferraz,Brazilian,Male,1955.0,,Q45257194,matched,Wikidata
49055,Printex,Finnish,,,,,not_found,
49060,David Small,American,Male,1965.0,,,uncertain,
49061,Kim Beom,Korean,male,1963.0,,Q17466325,matched,Wikidata
49077,Andrea Büttner,German,Female,1972.0,,Q493549,matched,Wikidata
49080,Joan Charysyn,American,Female,1946.0,,,uncertain,
49083,"MTA New York City Transit, Bergen Street Sign Shop",,,,,,not_found,
49089,Clare Strand,British,Female,1973.0,,Q23301467,matched,Wikidata
49093,Eric Owen Moss,American,Male,1943.0,,Q354854,matched,Wikidata
49095,Nancy Reddin Kienholz,American,Female,1943.0,2019.0,Q1964499,matched,Wikidata
49100,FZ,Czechoslovakian,,,,,uncertain,
49101,M. Palasek,Czechoslovakian,,,,,uncertain,
49102,Tvar Schlosser,Czechoslovakian,,1919.0,2006.0,Q79462451,matched,Wikidata
49104,Alberto Rodríguez Surribas,Cuban,Male,,,,not_found,
49108,Loretta Lux,German,Female,1969.0,,Q65630,matched,Wikidata
49109,inri,Japanese,Female,1973.0,,,not_found,
49116,Juan Andralis,,Male,,,,not_found,
49121,Tsibi Geva,Israeli,Male,1951.0,,Q12410871,matched,Wikidata
49122,Michael Gitlin,South African,Male,1943.0,,Q2894931,matched,Wikidata
49123,Phillip Rantzer,Israeli,Male,1958.0,,,not_found,
49125,Micha Ullman,Israeli,Male,1939.0,,Q555010,matched,Wikidata
49133,Jared Bark,American,Male,1944.0,,Q19286506,matched,Wikidata
49140,Marco Brambilla,Italian,Male,1960.0,,Q3290067,matched,Wikidata
49169,Jiří Pelcl,Czech,Male,1950.0,,Q15951742,matched,Wikidata
49176,George Stone,,Male,,,,uncertain,
49177,Matt Frewer,Canadian,Male,,,,uncertain,
49193,Helen Mayer Harrison,American,Female,1929.0,,,not_found,
49194,Newton Harrison,American,Male,1932.0,2022.0,Q22671808,matched,Wikidata
49198,Iman Issa,Egyptian,Female,1979.0,,Q17044829,matched,Wikidata
49207,Ronald Beckman,American,Male,,,,not_found,
49209,George Nelson Associates,American,,,,,not_found,
49211,Kenneth Anger,American,Male,1927.0,2023.0,Q505580,matched,Wikidata
49216,Neïl Beloufa,Algerian,,,,,uncertain,
49220,Chto Delat (What is to be done?),Russian,,2003.0,,,not_found,
49222,Jumana Manna,Palestinian,Female,1987.0,,Q50379234,matched,Wikidata
49237,"Better Shelter, Sweden",Swedish,,2010.0,,,not_found,
49244,Moon Hoon,Korean,Male,1968.0,,Q77352919,matched,Wikidata
49245,Johnston Marklee,,,1998.0,,,uncertain,
49255,John Svezia,,Male,,,,not_found,
49256,Ray Wilkes,,Male,,,Q21551116,matched,Wikidata
49259,Donald Wall,,Male,,,,uncertain,
49260,W. Borek,,Male,,,,not_found,
49261,Robert Massin,,Male,1925.0,2020.0,Q3435872,matched,Wikidata
49262,Unknown Designer,Argentine,,,,,not_found,
49271,"Deberny et Peignot, Paris",,,,,,not_found,
49275,Cecily Hoyt,American,Female,1946.0,,,not_found,
49280,Thomas Weir,,Male,,,,uncertain,
49295,George Kastner,,,,,,uncertain,
49296,Eugene Masselink,,,,,,uncertain,
49348,Grainware,,,,,,not_found,
49351,Gottfried Helnwein,Austrian,Male,1948.0,,,not_found,
49354,Unknown Designer,Russian,,,,,not_found,
49355,Ila Bêka,Italian,Male,1967.0,,Q17612118,matched,Wikidata
49356,Louise Lemoine,French,Female,1981.0,,,not_found,
49390,Harry R. Barry,,Male,,,Q79461204,matched,Wikidata
49417,Luigi Scrivo,Italian,Male,,,Q79492482,matched,Wikidata
49437,Marcelo Suzuki,Brazilian,Male,,,,not_found,
49453,Rael San Fratello,American,,2002.0,,,not_found,
49464,Manuel Herz Architects,Swiss,,1999.0,,,not_found,
49473,Mati Diop,French,Female,1982.0,,Q3299073,matched,Wikidata
49474,Margarethe von Trotta,German,Female,1942.0,,Q55418,matched,Wikidata
49475,Gianni Di Gregorio,Italian,Male,1949.0,,Q3105255,matched,Wikidata
49476,Sergei Dvortsevoy,Kazakhstani,Male,1961.0,,,not_found,
49477,Julie Bertuccelli,French,Female,1968.0,,Q3189167,matched,Wikidata
49478,François Ozon,French,Male,1967.0,,Q266535,matched,Wikidata
49480,Atom Egoyan,Canadian,Male,1960.0,,Q212167,matched,Wikidata
49481,Barry Shils,American,Male,1956.0,,Q63379049,matched,Wikidata
49482,Ricardo Nikolayevsky,Mexican,Male,1961.0,,,not_found,
49483,Jeff Scher,American,Male,1954.0,,Q6174906,matched,Wikidata
49485,Ramin Bahrani,American,Male,1975.0,,Q3418487,matched,Wikidata
49487,Gianni Amelio,Italian,Male,1945.0,,Q558109,matched,Wikidata
49491,Gianfranco Rosi,Italian,Male,1964.0,,Q3763144,matched,Wikidata
49492,Alice Rohrwacher,Italian,Female,1982.0,,,uncertain,
49493,Ermanno Olmi,Italian,Male,1931.0,2018.0,Q114063,matched,Wikidata
49494,Emanuele Crialese,Italian,Male,1965.0,,Q82234,matched,Wikidata
49495,Joshua White,American,Male,1942.0,,Q30121905,matched,Wikidata
49504,Louise Despont,American,Female,1983.0,,,not_found,
49535,Byung Hoon Choi,Korean,Male,1952.0,,,uncertain,
49541,Dargoljub Pavlov,Serbian,,1940.0,,,not_found,
49542,Bora Vitorac,Serbian,,1940.0,,,not_found,
49544,"Lobmeyr, Kamenický Šenov, Czechoslovakia",,,,,,not_found,
49558,Ida O'Keeffe,British,Female,1889.0,1961.0,Q62018731,matched,Wikidata
49568,GOLDIN + SENNEBY,Swedish,,2004.0,,,not_found,
49571,John Akomfrah,Ghanaian,Male,1957.0,,Q3809030,matched,Wikidata
49573,Ian Cheng,American,Male,1984.0,,Q28586788,matched,Wikidata
49584,Shaun Gladwell,Australian,Male,1972.0,,Q7490858,matched,Wikidata
49585,Miguel Rio Branco,Brazilian,Male,1946.0,,Q6015029,matched,Wikidata
49586,Jacolby Satterwhite,American,Male,1986.0,,Q20011585,matched,Wikidata
49594,Julio Agostinelli,Brazilian,Male,1919.0,,Q77288163,matched,Wikidata
49596,Lucílio Corrêa Leite Filho,Brazilian,Male,,,Q79492644,matched,Wikidata
49598,German Lorca,Brazilian,Male,1922.0,2021.0,Q20671237,matched,Wikidata
49599,Aldo Augusto de Souza Lima,Brazilian,Male,1920.0,,Q77287938,matched,Wikidata
49600,João Bizarro Da Nave Filho,Portuguese,Male,1908.0,,Q77288131,matched,Wikidata
49601,Thon de Does,Dutch,Male,,,Q79462388,matched,Wikidata
49602,Arata Endo,,,,,,uncertain,
49603,Walter Niedermayr,Italian,Male,1952.0,,Q2545625,matched,Wikidata
49614,Aslı Çavuşoğlu,Turkish,Female,1982.0,,Q77348155,matched,Wikidata
49622,Avery Singer,American,,1987.0,,Q55235616,matched,Wikidata
49636,Lynn Marie Kirby,American,Female,1952.0,,Q16845240,matched,Wikidata
49638,Fatih Akin,German,Male,1973.0,,Q77061,matched,Wikidata
49639,Jasmila Žbanić,Bosnian,Female,1974.0,,Q83487,matched,Wikidata
49658,Suguru Ishizaki,Japanese,Male,1963.0,,Q133859583,matched,Wikidata
49659,Robert Silvers,American,Male,1968.0,,,uncertain,
49660,Earl Rennison,American,Male,1965.0,,,uncertain,
49662,Yin Yin Wong,American,Male,1964.0,,Q133884521,matched,Wikidata
49664,Jeffrey Ventrella,American,,1960.0,,,uncertain,
49682,Fazal Sheikh,American,Male,1965.0,,Q1399127,matched,Wikidata
49696,Roger Higgins,American,,,,,not_found,
49699,Pamela Rosenkranz,Swiss,Female,1979.0,,Q19974293,matched,Wikidata
49703,Bi Gan,Chinese,Male,1989.0,,Q24833063,matched,Wikidata
49705,Pietro Marcello,Italian,Male,1976.0,,Q3904039,matched,Wikidata
49709,Nuno Leonel,Portuguese,Male,1969.0,,,not_found,
49710,Robert Fenz,American,Male,1969.0,2020.0,Q55257814,matched,Wikidata
49713,K8 Hardy,American,Female,1977.0,,Q6324660,matched,Wikidata
49714,Vlada Petric,Bosnian,Male,1928.0,2019.0,Q31181888,matched,Wikidata
49719,Eric Marciano,American,Male,1959.0,,,not_found,
49720,Kęstutis Nakas,American,Male,1953.0,,Q6454614,matched,Wikidata
49721,Sur Rodney (Sur),Canadian,Male,1954.0,,Q77350041,matched,Wikidata
49722,Esther Regelson,American,Female,1959.0,,,not_found,
49723,Stephanie Rothman,American,Female,1936.0,,Q1463322,matched,Wikidata
49733,Sharon Johnston,American,Female,1965.0,,Q60733818,matched,Wikidata
49734,Mark Lee,American,Male,1967.0,,,uncertain,
49799,Mike Topp,,male,,,,not_found,
49819,Christian Hasucha,German,,1955.0,,Q1080158,matched,Wikidata
49820,Milan Kunc,Czech,,1944.0,,Q329041,matched,Wikidata
49821,Hervé Di Rosa,French,,1959.0,,Q3134479,matched,Wikidata
49822,Louis Jammes,French,,1958.0,,Q26956088,matched,Wikidata
49887,Charles Harrison,American,Male,1931.0,2018.0,Q5074768,matched,Wikidata
49888,Ronald Rael,American,,1971.0,,,not_found,
49889,Virginia San Fratello,American,,1971.0,,Q107004446,matched,Wikidata
49913,Robert Alexander,,,,,,uncertain,
49915,Charles Brittin,,Male,1928.0,2011.0,Q84562796,matched,Wikidata
49916,Cameron,,,,,,uncertain,
49917,Marion Grogan,,Female,,,,not_found,
49919,David Meltzer,,Male,,,,uncertain,
49958,Romain Urhausen,Luxembourgish,Male,1930.0,2021.0,Q50936107,matched,Wikidata
50011,Antonieta Sosa,Venezuelan,,1940.0,2024.0,Q27734167,matched,Wikidata
50024,Hugo Maza,Chilean,,,,,uncertain,
50069,Linens by Dewan,,,,,,not_found,
50083,Richard Learoyd,British,,1966.0,,Q42887030,matched,Wikidata
50106,Daniel Askill,Australian,Male,1977.0,,Q5216441,matched,Wikidata
50125,Hans Petter Moland,Norwegian,Male,1955.0,,Q1581762,matched,Wikidata
50127,Adam Guzinski,Polish,Male,1970.0,,,not_found,
50128,Jane Malaquias,Brazilian,Female,,,,uncertain,
50130,Andreas Hykade,German,Male,1968.0,,Q85621,matched,Wikidata
50154,Ann Magnuson,American,Female,1956.0,,Q538546,matched,Wikidata
50155,Steve Brown,,,,,,uncertain,
50159,Andy Rees,,,,,,not_found,
50161,The Velvet Underground,,,,,,uncertain,
50186,Mickey Ortiz,,,,,Q79461754,matched,Wikidata
61403,Yve Laris Cohen,American,,1985.0,,,uncertain,
61404,Cécile B. Evans,American,,1983.0,,Q55235680,matched,Wikidata
67012,Ka Markelius,,Female,,,,uncertain,
67013,Ljungberg's Textile AB,,,1948.0,,,not_found,
67095,Samuel Fosso,French,Male,1962.0,,Q3471115,matched,Wikidata
67099,National Union of Sahrawi Women,Sahrawi,,1979.0,,,not_found,
67111,Vaclav Pozarek,Czech,,1940.0,,Q65796495,matched,Wikidata
67112,Claudia Comte,Swiss,,1983.0,,Q51574564,matched,Wikidata
67113,Nancy Linn,,,,,,not_found,
67114,Max Becher,German,,1964.0,,,not_found,
67115,Jon Buller,American,,1943.0,,,uncertain,
67116,Antonio DiSpigna,Italian,,1943.0,,,not_found,
67122,Giorgia Lupi,Italian,Female,1981.0,,Q50345179,matched,Wikidata
67192,Bob & Bob,,,,,,uncertain,
67195,Steve Lacy,,,1934.0,2004.0,Q504641,matched,Wikidata
67222,"Bossi, Mortara",Italian,,1827.0,,,not_found,
67236,Mastropaul Design,,,,,,not_found,
67237,Jim McWilliams,,,,,,uncertain,
67262,Parallel Design Partnership,,,1993.0,,,uncertain,
67270,Shelby Kennedy,,Male,,,,uncertain,
67272,Toyin Ojih Odutola,American,Female,1985.0,,Q7830609,matched,Wikidata
67275,JR,French,,1983.0,,Q1312565,matched,Wikidata
67283,Polit-Sheer-Form Office (PSFO),,,,,,not_found,
67285,Keiichi Tanaami,Japanese,,1939.0,,,not_found,
67288,Whitfield Lovell,American,Male,1959.0,,Q7996460,matched,Wikidata
67308,Masao Adachi,Japanese,,1939.0,,Q5542100,matched,Wikidata
67310,Adam Khalil,American,,1988.0,,Q111187223,matched,Wikidata
67311,Zack Khalil,American,,1991.0,,Q111187224,matched,Wikidata
67312,Cheryl Dunye,American,,1966.0,,Q1070518,matched,Wikidata
67313,Lixin Fan,Chinese,,1977.0,,Q16243938,matched,Wikidata
67315,Daniel Geller,American,,,,,uncertain,
67316,Dayna Goldfine,American,,,,,uncertain,
67318,Carl Deal,American,,,,,uncertain,
67319,Tia Lessin,American,,,,,uncertain,
67320,Stephane Aubier,French,,1964.0,,,not_found,
67321,Vincent Patar,French,,1961.0,,,uncertain,
67322,Peter Delpeut,Dutch,,1956.0,,Q6691449,matched,Wikidata
67323,Greta Schiller,American,,1954.0,,Q1545951,matched,Wikidata
67325,Carlos Saura,Spanish,,1932.0,2023.0,Q295855,matched,Wikidata
67326,Tessie Chua,American,,1949.0,,Q77350392,matched,Wikidata
67327,Alexa Hunter,American,,1957.0,,,not_found,
67328,Jonathan Quinn,American,,1956.0,,,uncertain,
67329,Rudi Protrudi,American,,1952.0,,Q7376958,matched,Wikidata
67330,Bill Harris,American,,1958.0,,,uncertain,
67331,Anney Bonney,American,,1949.0,,Q77350201,matched,Wikidata
67332,Glenn Andreiev,American,,1961.0,,,not_found,
67333,Manfred Blank,German,,1949.0,,Q77350325,matched,Wikidata
67334,Kevin Asch,American,,1975.0,,Q6395749,matched,Wikidata
67340,M. Henry Jones,American,,1957.0,,,not_found,
67342,Mannie Davis,,,,,,uncertain,
67345,George Haas,American,,1953.0,,,uncertain,
67346,Jimmy Murray,,,,,,uncertain,
67349,Julius Klein,American,,1951.0,,,uncertain,
67352,Neelon Crawford,American,,1946.0,,,not_found,
67353,Michael Mideke,,,,,,not_found,
67379,N. Dash,American,Female,1980.0,,,not_found,
67420,Walter Burley Griffin,,,,,,uncertain,
67437,Sebastian Black,American,Male,1985.0,,Q77353193,matched,Wikidata
67451,Xiao Yu,Chinese,Male,1965.0,,,uncertain,
67452,Liu Jianhua,Chinese,Male,1962.0,,Q43132053,matched,Wikidata
67453,Leng Lin,Chinese,Male,1965.0,,,not_found,
67652,Ellie Nagler,,,,,,not_found,
67694,Glenn Williams,,Male,,,,uncertain,
67695,Ely Ramen,,,,,,not_found,
